{"type":"FeatureCollection","features":[{"type":"Feature","properties":{"source":"OpenStreetMap contributors","license":"ODbL 1.0"},"geometry":{"type":"MultiPolygon","coordinates":[[[[-28.7738143,38.563734],[-28.7739129,38.5637361],[-28.7738626,38.5637744],[-28.7738143,38.563734]]],[[[-28.7739249,38.5637933],[-28.7741905,38.5638064],[-28.7741207,38.563842],[-28.7739249,38.5637933]]],[[[-28.7737908,38.5638048],[-28.7738331,38.5638232],[-28.7738089,38.5638426],[-28.7737908,38.5638048]]],[[[-28.7748201,38.5638221],[-28.7749797,38.5638661],[-28.7748174,38.5638976],[-28.7748201,38.5638221]]],[[[-28.7740872,38.5638515],[-28.7741127,38.5638855],[-28.7739249,38.5638698],[-28.7740872,38.5638515]]],[[[-28.7752788,38.5639647],[-28.7751675,38.5639039],[-28.7752265,38.5638714],[-28.7752788,38.5639647]]],[[[-28.7754826,38.5639605],[-28.7753874,38.5639825],[-28.775374,38.563927],[-28.7754826,38.5639605]]],[[[-28.7811512,38.5642943],[-28.7809674,38.5645816],[-28.7809446,38.5645252],[-28.7811512,38.5642943]]],[[[-28.7816765,38.5643129],[-28.7817154,38.5646154],[-28.7816363,38.5645242],[-28.7816765,38.5643129]]],[[[-28.7815344,38.5644256],[-28.7815981,38.5644392],[-28.7815411,38.5645194],[-28.7815344,38.5644256]]],[[[-28.7815384,38.5645866],[-28.7815116,38.5645955],[-28.7814948,38.5645504],[-28.7815384,38.5645866]]],[[[-28.7764502,38.5650642],[-28.7763952,38.565082],[-28.776404,38.5649625],[-28.7764502,38.5650642]]],[[[-28.7787152,38.5651887],[-28.7786732,38.5651714],[-28.7787819,38.5651034],[-28.7787152,38.5651887]]],[[[-28.7828018,38.5654495],[-28.7827454,38.5653978],[-28.7828394,38.5653612],[-28.7828018,38.5654495]]],[[[-28.7884947,38.5683136],[-28.788473,38.5683039],[-28.7885657,38.5682237],[-28.7884947,38.5683136]]],[[[-28.804087,38.5761209],[-28.8041481,38.5760565],[-28.8038993,38.5762263],[-28.804087,38.5761209]]],[[[-28.8157704,38.5816804],[-28.8158401,38.5816862],[-28.8158254,38.5817062],[-28.8157704,38.5816804]]],[[[-28.8232659,38.5882858],[-28.8233457,38.5883215],[-28.8232497,38.5884551],[-28.8232659,38.5882858]]],[[[-28.8289337,38.5943496],[-28.8289619,38.5943402],[-28.8289163,38.5944334],[-28.8289337,38.5943496]]],[[[-28.8287285,38.5943601],[-28.8287433,38.5943622],[-28.828699,38.5944481],[-28.8287285,38.5943601]]],[[[-28.8289444,38.5944502],[-28.8290235,38.5943485],[-28.829037,38.5943926],[-28.8289444,38.5944502]]],[[[-28.828959,38.5946085],[-28.8290919,38.5943402],[-28.8294802,38.5947624],[-28.828959,38.5946085]]],[[[-28.8345878,38.5992528],[-28.8347286,38.5992455],[-28.8345006,38.5995484],[-28.8345878,38.5992528]]],[[[-28.8343108,38.5996375],[-28.8342237,38.5996522],[-28.834221,38.5995646],[-28.8343108,38.5996375]]],[[[-28.834738,38.5997633],[-28.8345455,38.5997842],[-28.8345408,38.5997591],[-28.834738,38.5997633]]],[[[-31.23835,39.3744347],[-31.2383071,39.3743891],[-31.2383903,39.3743518],[-31.23835,39.3744347]]],[[[-31.2387336,39.3746047],[-31.2386987,39.3746794],[-31.2386853,39.374642],[-31.2387336,39.3746047]]],[[[-31.2499794,39.3749541],[-31.2501162,39.3748173],[-31.2501832,39.3749292],[-31.2499794,39.3749541]]],[[[-31.248531,39.3750453],[-31.2486758,39.3748629],[-31.2487804,39.3750412],[-31.248531,39.3750453]]],[[[-31.2167398,39.375249],[-31.2167125,39.3752202],[-31.2167734,39.375178],[-31.2167398,39.375249]]],[[[-31.2499345,39.3752838],[-31.2499581,39.3753047],[-31.2498804,39.3752721],[-31.2499345,39.3752838]]],[[[-31.2167608,39.3753051],[-31.2167533,39.3752811],[-31.216798,39.3752668],[-31.2167608,39.3753051]]],[[[-31.2499632,39.37534],[-31.24997,39.3754001],[-31.2499159,39.3753727],[-31.2499632,39.37534]]],[[[-31.2495034,39.3758829],[-31.2490979,39.3757863],[-31.2495626,39.3750392],[-31.2495034,39.3758829]]],[[[-31.2461453,39.3758077],[-31.2460862,39.3758056],[-31.2461104,39.3757414],[-31.2461453,39.3758077]]],[[[-31.2515199,39.3756889],[-31.2516674,39.375577],[-31.2516755,39.375805],[-31.2515199,39.3756889]]],[[[-31.2522709,39.3760414],[-31.252161,39.3760829],[-31.25222,39.3759958],[-31.2522709,39.3760414]]],[[[-31.2514179,39.3762758],[-31.2516191,39.3760146],[-31.2516244,39.3760954],[-31.2514179,39.3762758]]],[[[-31.2531319,39.3763254],[-31.2529898,39.3763006],[-31.2532204,39.3763171],[-31.2531319,39.3763254]]],[[[-31.2520161,39.3768521],[-31.251587,39.3765266],[-31.2522119,39.3760642],[-31.2520161,39.3768521]]],[[[-31.251181,39.3768554],[-31.2511435,39.3769818],[-31.2510469,39.3769217],[-31.251181,39.3768554]]],[[[-31.2506792,39.3770828],[-31.2507382,39.3770704],[-31.2506953,39.3771533],[-31.2506792,39.3770828]]],[[[-31.1701939,39.3770454],[-31.1700148,39.3772035],[-31.1700419,39.3770702],[-31.1701939,39.3770454]]],[[[-31.2525343,39.3813594],[-31.2524937,39.3814129],[-31.2524346,39.3813816],[-31.2525343,39.3813594]]],[[[-31.2550449,39.3813548],[-31.255466,39.381359],[-31.2551897,39.3817819],[-31.2550449,39.3813548]]],[[[-31.2580979,39.3829062],[-31.2578806,39.383352],[-31.2571644,39.3829829],[-31.2580979,39.3829062]]],[[[-31.1658633,39.3837971],[-31.1656232,39.3836634],[-31.1658485,39.3837069],[-31.1658633,39.3837971]]],[[[-31.25516,39.3839156],[-31.2551622,39.3838679],[-31.2552196,39.3839238],[-31.25516,39.3839156]]],[[[-31.2552472,39.3839392],[-31.2552912,39.3839419],[-31.2552861,39.3839667],[-31.2552472,39.3839392]]],[[[-31.2553368,39.3839745],[-31.2553604,39.3840137],[-31.255303,39.3840424],[-31.2553368,39.3839745]]],[[[-31.2552286,39.3840986],[-31.255254,39.3841325],[-31.2552168,39.3841469],[-31.2552286,39.3840986]]],[[[-31.2566484,39.3850735],[-31.2565317,39.384973],[-31.2569394,39.3848383],[-31.2566484,39.3850735]]],[[[-31.2545753,39.3864315],[-31.2545545,39.3863962],[-31.2546229,39.3863874],[-31.2545753,39.3864315]]],[[[-31.2552224,39.3866839],[-31.2552983,39.3867063],[-31.2551941,39.3867936],[-31.2552224,39.3866839]]],[[[-31.2550427,39.386802],[-31.254916,39.3868391],[-31.254925,39.3867997],[-31.2550427,39.386802]]],[[[-31.2551181,39.3869523],[-31.2550363,39.3868831],[-31.2550561,39.3868702],[-31.2551181,39.3869523]]],[[[-31.2580919,39.387632],[-31.2578249,39.3872298],[-31.258129,39.3872246],[-31.2580919,39.387632]]],[[[-31.2573928,39.3896578],[-31.2574638,39.3897153],[-31.2573453,39.3897621],[-31.2573928,39.3896578]]],[[[-31.2582058,39.3899875],[-31.2581199,39.389915],[-31.2583613,39.3897056],[-31.2582058,39.3899875]]],[[[-31.2573038,39.3901673],[-31.2572853,39.3901543],[-31.2573275,39.3900955],[-31.2573038,39.3901673]]],[[[-31.2599164,39.3919451],[-31.2592777,39.3915239],[-31.2597654,39.3912344],[-31.2599164,39.3919451]]],[[[-31.2603447,39.3917319],[-31.2604735,39.3917568],[-31.2602696,39.3918563],[-31.2603447,39.3917319]]],[[[-31.2591802,39.3939969],[-31.2592874,39.3941047],[-31.2590729,39.394171],[-31.2591802,39.3939969]]],[[[-31.2618194,39.3956966],[-31.261047,39.3956137],[-31.2621413,39.3944115],[-31.2618194,39.3956966]]],[[[-31.2629245,39.3953898],[-31.2625061,39.395481],[-31.2630318,39.3951743],[-31.2629245,39.3953898]]],[[[-31.2593317,39.3987875],[-31.2594403,39.3988355],[-31.2593084,39.3989014],[-31.2593317,39.3987875]]],[[[-31.2595567,39.3993571],[-31.2598826,39.399567],[-31.2596343,39.399555],[-31.2595567,39.3993571]]],[[[-31.2603559,39.3998908],[-31.2599834,39.3998308],[-31.260418,39.3992012],[-31.2603559,39.3998908]]],[[[-31.2523165,39.4039015],[-31.2522619,39.4038547],[-31.2524728,39.4036413],[-31.2523165,39.4039015]]],[[[-31.2531645,39.4045524],[-31.2528185,39.4047138],[-31.2528715,39.4044998],[-31.2531645,39.4045524]]],[[[-31.2526357,39.4047995],[-31.2530191,39.4047471],[-31.2527856,39.4050454],[-31.2526357,39.4047995]]],[[[-31.2530941,39.4051298],[-31.2528902,39.4050759],[-31.2530988,39.4048246],[-31.2530941,39.4051298]]],[[[-31.1494737,39.4053306],[-31.1495109,39.4054768],[-31.1493251,39.4055003],[-31.1494737,39.4053306]]],[[[-31.2529291,39.4063894],[-31.2529278,39.4063386],[-31.2530344,39.406357],[-31.2529291,39.4063894]]],[[[-31.2533154,39.4070339],[-31.2534508,39.4071157],[-31.2532604,39.4072059],[-31.2533154,39.4070339]]],[[[-31.2575327,39.4079486],[-31.257554,39.4079421],[-31.2576561,39.4080062],[-31.2575327,39.4079486]]],[[[-31.2547463,39.4082126],[-31.2546773,39.4082193],[-31.2547436,39.4081519],[-31.2547463,39.4082126]]],[[[-31.257397,39.4083488],[-31.2574205,39.4083732],[-31.2572656,39.4083659],[-31.257397,39.4083488]]],[[[-31.2577491,39.4090907],[-31.2579656,39.4091545],[-31.2579086,39.4091861],[-31.2577491,39.4090907]]],[[[-31.2589949,39.4093783],[-31.259058,39.4094151],[-31.2589925,39.409452],[-31.2589949,39.4093783]]],[[[-31.2580624,39.4101455],[-31.2579506,39.4101537],[-31.2579851,39.4101044],[-31.2580624,39.4101455]]],[[[-31.2583048,39.410269],[-31.2581359,39.4102528],[-31.2582087,39.4100597],[-31.2583048,39.410269]]],[[[-31.2580886,39.4102226],[-31.2579664,39.4103135],[-31.2579393,39.4102029],[-31.2580886,39.4102226]]],[[[-31.2576371,39.4102875],[-31.2575009,39.4102803],[-31.2575702,39.410251],[-31.2576371,39.4102875]]],[[[-31.258274,39.4103166],[-31.258313,39.4103676],[-31.2581044,39.4104464],[-31.258274,39.4103166]]],[[[-31.2580976,39.4107398],[-31.2579536,39.4106882],[-31.258352,39.4104493],[-31.2580976,39.4107398]]],[[[-31.2585726,39.410854],[-31.2586694,39.4106453],[-31.25883,39.4107189],[-31.2585726,39.410854]]],[[[-31.2585434,39.411792],[-31.2588855,39.4118494],[-31.2587422,39.4119822],[-31.2585434,39.411792]]],[[[-31.2581761,39.412201],[-31.2580541,39.4122303],[-31.2580751,39.4121318],[-31.2581761,39.412201]]],[[[-31.2588225,39.4123451],[-31.258719,39.4122477],[-31.2592247,39.4121909],[-31.2588225,39.4123451]]],[[[-31.2592727,39.4130072],[-31.2592998,39.4132344],[-31.2580646,39.4135997],[-31.2592727,39.4130072]]],[[[-31.2593643,39.4141202],[-31.2586319,39.4141098],[-31.2593733,39.4136194],[-31.2593643,39.4141202]]],[[[-31.2589982,39.4148079],[-31.25895,39.4147209],[-31.2590278,39.4147416],[-31.2589982,39.4148079]]],[[[-31.1477746,39.4155464],[-31.1483998,39.4156965],[-31.1483136,39.4157448],[-31.1477746,39.4155464]]],[[[-31.2625568,39.4159273],[-31.2626984,39.4156441],[-31.2628516,39.4156531],[-31.2625568,39.4159273]]],[[[-31.2632765,39.416218],[-31.2629991,39.4159768],[-31.2635151,39.4160277],[-31.2632765,39.416218]]],[[[-31.2630262,39.4161671],[-31.2631349,39.4162255],[-31.2630883,39.416275],[-31.2630262,39.4161671]]],[[[-31.2636198,39.4164758],[-31.2638022,39.4165058],[-31.2637769,39.4165687],[-31.2636198,39.4164758]]],[[[-31.2647991,39.4166424],[-31.2645343,39.4165068],[-31.2646205,39.4165234],[-31.2647991,39.4166424]]],[[[-31.2629545,39.4167875],[-31.2631349,39.4168535],[-31.2630767,39.416849],[-31.2629545,39.4167875]]],[[[-31.2632881,39.4169059],[-31.2632687,39.4167471],[-31.2635577,39.4170378],[-31.2632881,39.4169059]]],[[[-31.2632571,39.4177635],[-31.2633793,39.4178354],[-31.2633037,39.4178849],[-31.2632571,39.4177635]]],[[[-31.2635712,39.4183941],[-31.2635028,39.4184394],[-31.2634539,39.4183563],[-31.2635712,39.4183941]]],[[[-31.2639329,39.4188245],[-31.2635761,39.4184545],[-31.263884,39.4184356],[-31.2639329,39.4188245]]],[[[-31.2645195,39.4189718],[-31.2647297,39.4190927],[-31.264627,39.4191493],[-31.2645195,39.4189718]]],[[[-31.2634001,39.4190889],[-31.2636152,39.4191946],[-31.2634685,39.4191757],[-31.2634001,39.4190889]]],[[[-31.132198646623237,39.44689769764623],[-31.1444877,39.4333235],[-31.1367953,39.4251053],[-31.1487765,39.4235037],[-31.1506853,39.4181461],[-31.1482343,39.4081376],[-31.1594632,39.3934225],[-31.1603317,39.3855031],[-31.1661427,39.3838965],[-31.1709611,39.3802512],[-31.1656174,39.3791679],[-31.1692195,39.37688],[-31.1704502,39.3774771],[-31.1925352,39.3728084],[-31.220625,39.3757911],[-31.2321437,39.371169],[-31.2392568,39.3750071],[-31.2450112,39.3763373],[-31.2481514,39.3752675],[-31.2508648,39.3810523],[-31.2550759,39.3842149],[-31.2565694,39.3837777],[-31.2540073,39.3857441],[-31.2547242,39.3869126],[-31.2577412,39.3881562],[-31.2567868,39.3912548],[-31.2588866,39.3933135],[-31.2560449,39.3951631],[-31.2594044,39.3991146],[-31.2520456,39.4029776],[-31.2518965,39.4057775],[-31.2531734,39.4073149],[-31.2542965,39.4075434],[-31.2545639,39.4082908],[-31.2568431,39.4084692],[-31.2564045,39.4126117],[-31.2630245,39.4188734],[-31.2647708,39.4281166],[-31.2601629,39.4374316],[-31.2688154,39.4516703],[-31.2648476,39.4554944],[-31.2660229,39.4590122],[-31.2639219,39.4582555],[-31.2636833,39.4602611],[-31.2602316,39.4591374],[-31.2574876,39.4638085],[-31.2577888,39.4890269],[-31.2359478,39.5078388],[-31.2332935,39.5117266],[-31.2327862,39.51462],[-31.23619625027876,39.518309577495714],[-31.205565637621863,39.5222585534501],[-31.2078723,39.5183471],[-31.2073342,39.5160007],[-31.204633793816907,39.51463528709619],[-31.207916,39.508612],[-31.186269,39.496649],[-31.172719,39.495347],[-31.159535,39.501776],[-31.153594863208365,39.495758763714925],[-31.1548772,39.4918586],[-31.1488107,39.4868203],[-31.1505628,39.4850958],[-31.1483772,39.4826959],[-31.1486684,39.4750603],[-31.1468853,39.4724062],[-31.1443344,39.473311],[-31.1362118,39.4631892],[-31.132605877805954,39.46265409833011],[-31.132198646623237,39.44689769764623]]],[[[-31.2665994,39.4548972],[-31.2666294,39.4549325],[-31.2665169,39.4549337],[-31.2665994,39.4548972]]],[[[-31.2654322,39.4560756],[-31.2656435,39.4562293],[-31.2654724,39.4562535],[-31.2654322,39.4560756]]],[[[-31.2646061,39.4590025],[-31.2646551,39.4590957],[-31.2645642,39.4591234],[-31.2646061,39.4590025]]],[[[-31.2590483,39.4675503],[-31.2591301,39.4677204],[-31.2590149,39.4677901],[-31.2590483,39.4675503]]],[[[-31.1362804,39.4681236],[-31.1362436,39.468137],[-31.1362543,39.468095],[-31.1362804,39.4681236]]],[[[-31.1363092,39.4681562],[-31.1362737,39.4681484],[-31.1363125,39.4680975],[-31.1363092,39.4681562]]],[[[-31.1363818,39.4681297],[-31.1364308,39.4681437],[-31.1363754,39.4681873],[-31.1363818,39.4681297]]],[[[-31.1369745,39.4686954],[-31.1367747,39.4685137],[-31.1374728,39.4683082],[-31.1369745,39.4686954]]],[[[-31.1366333,39.468671],[-31.1364427,39.4686258],[-31.1365002,39.4685305],[-31.1366333,39.468671]]],[[[-31.1396722,39.4688711],[-31.1397939,39.4688952],[-31.1398028,39.4689979],[-31.1396722,39.4688711]]],[[[-31.1391924,39.4692537],[-31.1392645,39.4691171],[-31.1394208,39.4691917],[-31.1391924,39.4692537]]],[[[-31.1404424,39.4709605],[-31.1404801,39.4710233],[-31.1404386,39.4710381],[-31.1404424,39.4709605]]],[[[-31.1407172,39.4710553],[-31.1406669,39.4710447],[-31.1406745,39.4710048],[-31.1407172,39.4710553]]],[[[-31.1397954,39.4707216],[-31.1399742,39.4711678],[-31.1387744,39.4718732],[-31.1397954,39.4707216]]],[[[-31.1415945,39.471414],[-31.1414467,39.4715395],[-31.1414382,39.471472],[-31.1415945,39.471414]]],[[[-31.1398786,39.4715823],[-31.1398289,39.4715027],[-31.1398995,39.4715183],[-31.1398786,39.4715823]]],[[[-31.1385795,39.4715267],[-31.1386144,39.4717508],[-31.1385409,39.4717431],[-31.1385795,39.4715267]]],[[[-31.1416868,39.4722031],[-31.1416319,39.4717488],[-31.1422999,39.4719934],[-31.1416868,39.4722031]]],[[[-31.1460176,39.4738096],[-31.1464843,39.4739441],[-31.1462952,39.474057],[-31.1460176,39.4738096]]],[[[-31.1459854,39.474557],[-31.1461517,39.4746139],[-31.1459975,39.4749462],[-31.1459854,39.474557]]],[[[-31.1458091,39.4753955],[-31.1469537,39.4748282],[-31.1464092,39.4754338],[-31.1458091,39.4753955]]],[[[-31.1451593,39.475321],[-31.1457481,39.4753065],[-31.1451446,39.4756305],[-31.1451593,39.475321]]],[[[-31.148136,39.4757042],[-31.1480894,39.4756996],[-31.1481272,39.4756521],[-31.148136,39.4757042]]],[[[-31.1478619,39.4784893],[-31.147637,39.4784218],[-31.1476711,39.4783066],[-31.1478619,39.4784893]]],[[[-31.1483059,39.483631],[-31.1486464,39.4835836],[-31.1483681,39.4838398],[-31.1483059,39.483631]]],[[[-31.146991,39.484171],[-31.1469673,39.4840874],[-31.1470638,39.4840182],[-31.146991,39.484171]]],[[[-31.1457695,39.4850136],[-31.145448,39.4850704],[-31.1453672,39.484869],[-31.1457695,39.4850136]]],[[[-31.1480643,39.4900252],[-31.147235187772925,39.48931654342039],[-31.1500871,39.4882219],[-31.1480643,39.4900252]]],[[[-31.1512688,39.4899313],[-31.1506825,39.4907657],[-31.1504544,39.4900985],[-31.1512688,39.4899313]]],[[[-31.2566517,39.4918591],[-31.2565575,39.4917233],[-31.2567657,39.4918263],[-31.2566517,39.4918591]]],[[[-31.2564918,39.4920395],[-31.2565736,39.4921611],[-31.2565061,39.492173],[-31.2564918,39.4920395]]],[[[-31.2566487,39.4922128],[-31.2566101,39.4921916],[-31.2566228,39.492175],[-31.2566487,39.4922128]]],[[[-31.2551168,39.4939083],[-31.2548482,39.493551],[-31.2551919,39.4935243],[-31.2551168,39.4939083]]],[[[-31.153457,39.4954732],[-31.153376820670776,39.49553789111302],[-31.1533165,39.4954436],[-31.153457,39.4954732]]],[[[-31.2407593,39.5061285],[-31.2407452,39.506192],[-31.2404655,39.5060333],[-31.2407593,39.5061285]]],[[[-31.2437019,39.5090605],[-31.240543,39.5065002],[-31.2444116,39.5061283],[-31.2437019,39.5090605]]],[[[-31.2332982,39.5122704],[-31.2332731,39.5122222],[-31.2333352,39.5122478],[-31.2332982,39.5122704]]],[[[-31.2042899,39.5154305],[-31.204338490919387,39.51517720738788],[-31.20464,39.5151077],[-31.2042899,39.5154305]]],[[[-31.2052666,39.515272],[-31.2053273,39.5152584],[-31.2053447,39.5153133],[-31.2052666,39.515272]]],[[[-31.2358439,39.5168332],[-31.2358487,39.5167979],[-31.2359032,39.5168032],[-31.2358439,39.5168332]]],[[[-31.2061286,39.5171422],[-31.2064303,39.5170936],[-31.206362,39.517525],[-31.2061286,39.5171422]]],[[[-31.2369626,39.5173313],[-31.2369814,39.5173516],[-31.2367986,39.5174221],[-31.2369626,39.5173313]]],[[[-31.2370218,39.5180536],[-31.23689992406002,39.518142106940346],[-31.2367849,39.5181178],[-31.2370218,39.5180536]]],[[[-31.2067281,39.5180061],[-31.2073168,39.5181116],[-31.2069728,39.5182249],[-31.2067281,39.5180061]]],[[[-31.2365824,39.5181908],[-31.2366961,39.5181706],[-31.236626235209236,39.51820724340707],[-31.2365824,39.5181908]]],[[[-31.1197306,39.6691329],[-31.1194088,39.6692372],[-31.1196649,39.6690028],[-31.1197306,39.6691329]]],[[[-31.1183546,39.6691701],[-31.118132,39.6692382],[-31.1184593,39.6690947],[-31.1183546,39.6691701]]],[[[-31.1190413,39.6692795],[-31.119107,39.6692836],[-31.1189742,39.6694116],[-31.1190413,39.6692795]]],[[[-31.1192103,39.6694013],[-31.1195026,39.6693662],[-31.1193658,39.6694374],[-31.1192103,39.6694013]]],[[[-31.1188187,39.6695809],[-31.1187851,39.6695314],[-31.1189005,39.6694963],[-31.1188187,39.6695809]]],[[[-31.1197051,39.6695314],[-31.1198097,39.6695272],[-31.1197601,39.6696057],[-31.1197051,39.6695314]]],[[[-31.1211911,39.6700547],[-31.1210369,39.6698916],[-31.1211884,39.669903],[-31.1211911,39.6700547]]],[[[-31.1210261,39.6700919],[-31.120888,39.6699876],[-31.1209255,39.669968],[-31.1210261,39.6700919]]],[[[-31.1207284,39.6700537],[-31.120892,39.670158],[-31.1207311,39.6702148],[-31.1207284,39.6700537]]],[[[-31.1202872,39.6702849],[-31.1202174,39.6702292],[-31.120259,39.6701766],[-31.1202872,39.6702849]]],[[[-31.123051,39.6706814],[-31.1229469,39.6705885],[-31.1230694,39.6705331],[-31.123051,39.6706814]]],[[[-31.122441,39.6708527],[-31.1222465,39.6704119],[-31.1223337,39.6704408],[-31.122441,39.6708527]]],[[[-31.121782,39.670717],[-31.1219102,39.6706921],[-31.1219261,39.670805],[-31.121782,39.670717]]],[[[-31.1226683,39.6712925],[-31.1226529,39.6715309],[-31.1225952,39.671519],[-31.1226683,39.6712925]]],[[[-31.1227166,39.6719169],[-31.1225495,39.6720201],[-31.1224856,39.6719058],[-31.1227166,39.6719169]]],[[[-31.122844,39.6720414],[-31.1228286,39.6722442],[-31.1227199,39.672109],[-31.122844,39.6720414]]],[[[-31.1224505,39.6723773],[-31.1223928,39.6723836],[-31.1223082,39.6722439],[-31.1224505,39.6723773]]],[[[-31.1227588,39.6723815],[-31.1227588,39.6724032],[-31.1226073,39.6722783],[-31.1227588,39.6723815]]],[[[-31.1227481,39.6725436],[-31.1227468,39.6725198],[-31.1229117,39.6725745],[-31.1227481,39.6725436]]],[[[-31.1242864,39.6734292],[-31.1243078,39.673485],[-31.1242703,39.6734974],[-31.1242864,39.6734292]]],[[[-31.1245573,39.6742581],[-31.1246176,39.6739892],[-31.1246552,39.6740016],[-31.1245573,39.6742581]]],[[[-31.1182112,39.6812542],[-31.1180878,39.6810767],[-31.1184083,39.6808589],[-31.1182112,39.6812542]]],[[[-31.1179698,39.6812738],[-31.117904,39.6812604],[-31.1178906,39.6812098],[-31.1179698,39.6812738]]],[[[-31.1180113,39.6813182],[-31.1181052,39.6812635],[-31.1181347,39.6813595],[-31.1180113,39.6813182]]],[[[-31.1258823,39.6920969],[-31.1259949,39.692102],[-31.1259533,39.6921609],[-31.1258823,39.6920969]]],[[[-31.1269954,39.6932341],[-31.1269458,39.6932217],[-31.1269645,39.693184],[-31.1269954,39.6932341]]],[[[-31.1295233,39.6965221],[-31.1291854,39.6967076],[-31.1290836,39.6964517],[-31.1295233,39.6965221]]],[[[-31.1191016,39.6848439],[-31.1266732,39.693056],[-31.1285144,39.7022102],[-31.1264553,39.7107116],[-31.119331,39.7185393],[-31.1213628,39.7254372],[-31.1044489,39.7257752],[-31.0880081,39.7192174],[-31.0822699,39.706804],[-31.0873395,39.6863361],[-31.1140831,39.6692411],[-31.1223927,39.6710385],[-31.1219327,39.6741501],[-31.1237472,39.6745192],[-31.1174261,39.6802537],[-31.1191016,39.6848439]]],[[[-31.1215244,39.7252234],[-31.1217439,39.7250108],[-31.1217114,39.7252109],[-31.1215244,39.7252234]]],[[[-31.1192657,39.7256254],[-31.1192598,39.7264054],[-31.1186024,39.7259267],[-31.1192657,39.7256254]]],[[[-31.1129132,39.7261239],[-31.1130124,39.727241],[-31.1119817,39.726663],[-31.1129132,39.7261239]]],[[[-25.5806906,37.7400638],[-25.5808171,37.7398355],[-25.5808526,37.7398896],[-25.5806906,37.7400638]]],[[[-25.5817107,37.7402419],[-25.5815715,37.7399176],[-25.5817715,37.7399036],[-25.5817107,37.7402419]]],[[[-25.5841105,37.7401839],[-25.5842017,37.7401378],[-25.5842042,37.7401658],[-25.5841105,37.7401839]]],[[[-25.583103,37.7402779],[-25.5831866,37.740358],[-25.5831537,37.74038],[-25.583103,37.7402779]]],[[[-25.5836397,37.7405142],[-25.5836448,37.7404421],[-25.5836979,37.7404941],[-25.5836397,37.7405142]]],[[[-25.5847637,37.7407964],[-25.5847358,37.7407784],[-25.5848852,37.7406303],[-25.5847637,37.7407964]]],[[[-25.5856471,37.7408204],[-25.5857433,37.7408305],[-25.585518,37.7410146],[-25.5856471,37.7408204]]],[[[-25.5749241,37.7412335],[-25.5749039,37.7412152],[-25.5749229,37.7412108],[-25.5749241,37.7412335]]],[[[-25.5749503,37.7412633],[-25.5749392,37.741242],[-25.5749729,37.7412513],[-25.5749503,37.7412633]]],[[[-25.5748252,37.7413153],[-25.5748256,37.7413058],[-25.5748433,37.7413176],[-25.5748252,37.7413153]]],[[[-25.5749918,37.7413019],[-25.575022,37.7413443],[-25.5749493,37.7413443],[-25.5749918,37.7413019]]],[[[-25.5749637,37.7414495],[-25.5749743,37.7414325],[-25.5750416,37.7414385],[-25.5749637,37.7414495]]],[[[-25.574945,37.7414381],[-25.574958,37.7414564],[-25.5749252,37.7414957],[-25.574945,37.7414381]]],[[[-25.5751195,37.7419128],[-25.5751392,37.7419157],[-25.5751332,37.7419255],[-25.5751195,37.7419128]]],[[[-25.6386838,37.7431939],[-25.6382141,37.7443072],[-25.6381681,37.7438293],[-25.6386838,37.7431939]]],[[[-25.6381298,37.7445668],[-25.6380902,37.7445686],[-25.6380902,37.7445162],[-25.6381298,37.7445668]]],[[[-25.6379657,37.7448667],[-25.6378959,37.7448584],[-25.6379483,37.7447287],[-25.6379657,37.7448667]]],[[[-25.6364133,37.7459869],[-25.6363221,37.7459577],[-25.6365334,37.7458027],[-25.6364133,37.7459869]]],[[[-25.8546482,37.8617881],[-25.8542659,37.8614763],[-25.8546217,37.8614299],[-25.8546482,37.8617881]]],[[[-25.8305814,37.8889347],[-25.8306471,37.8889707],[-25.8305707,37.8890178],[-25.8305814,37.8889347]]],[[[-25.8305023,37.889059],[-25.8305633,37.8890283],[-25.8306525,37.8891273],[-25.8305023,37.889059]]],[[[-25.8356555,37.8893729],[-25.834301,37.8897063],[-25.8337766,37.8885886],[-25.8356555,37.8893729]]],[[[-25.8311257,37.8893997],[-25.8312137,37.8896216],[-25.8307336,37.8890659],[-25.8311257,37.8893997]]],[[[-25.8339536,37.8898777],[-25.8341065,37.8899581],[-25.8340381,37.8900111],[-25.8339536,37.8898777]]],[[[-25.828788,37.8906641],[-25.8290016,37.8908721],[-25.828836,37.8909096],[-25.828788,37.8906641]]],[[[-25.8295209,37.8907027],[-25.8296497,37.8908668],[-25.8294193,37.890917],[-25.8295209,37.8907027]]],[[[-25.8241713,37.8978374],[-25.8240972,37.8978718],[-25.8241233,37.8978168],[-25.8241713,37.8978374]]],[[[-25.8243239,37.8980404],[-25.8243631,37.8980989],[-25.8240797,37.8981986],[-25.8243239,37.8980404]]],[[[-25.8241719,37.8984644],[-25.8245608,37.8983289],[-25.824542,37.8983734],[-25.8241719,37.8984644]]],[[[-25.824943,37.8982296],[-25.8253702,37.8984807],[-25.8250476,37.8986803],[-25.824943,37.8982296]]],[[[-25.824585,37.8984513],[-25.8248007,37.8984581],[-25.824787,37.8986134],[-25.824585,37.8984513]]],[[[-25.8237266,37.8986321],[-25.8237222,37.8985702],[-25.8238138,37.898553],[-25.8237266,37.8986321]]],[[[-28.1020788,38.4015925],[-28.1019293,38.4015762],[-28.101948,38.4015152],[-28.1020788,38.4015925]]],[[[-28.174097,38.4086596],[-28.174074,38.4091518],[-28.1739438,38.4090978],[-28.174097,38.4086596]]],[[[-28.2872336,38.4119826],[-28.2872667,38.4120189],[-28.2872425,38.4121486],[-28.2872336,38.4119826]]],[[[-28.2876882,38.4120967],[-28.2876728,38.4120777],[-28.2877787,38.4121209],[-28.2876882,38.4120967]]],[[[-28.4518285,38.4239397],[-28.4518674,38.4239849],[-28.4517226,38.4240154],[-28.4518285,38.4239397]]],[[[-28.4514503,38.4240101],[-28.4516877,38.4240847],[-28.451626,38.4242276],[-28.4514503,38.4240101]]],[[[-28.4714824,38.4336504],[-28.4716366,38.433497],[-28.4716661,38.4335527],[-28.4714824,38.4336504]]],[[[-28.4886613,38.439618],[-28.4885613,38.4395951],[-28.4885478,38.4394368],[-28.4886613,38.439618]]],[[[-28.5287232,38.534334],[-28.5295646,38.5374291],[-28.5332476,38.5363231],[-28.5294168,38.5379677],[-28.5212862,38.539579],[-28.5206528,38.5441156],[-28.5136837,38.5491712],[-28.48526,38.557807],[-28.41454,38.556464],[-28.374501,38.550482],[-28.301911934879374,38.51516333584404],[-28.3023119,38.5123064],[-28.2942549,38.5059027],[-28.284258549182876,38.5065739704955],[-28.226226,38.484442],[-28.206288,38.470852],[-28.1941378,38.4670807],[-28.1912306,38.4624423],[-28.1816428,38.4631161],[-28.1710905,38.4563641],[-28.1448234,38.456056],[-28.140911,38.4526246],[-28.109486,38.446601],[-28.063832,38.442776],[-28.047109,38.432563],[-28.040598,38.409084],[-28.0533293,38.4079177],[-28.0667156,38.4018749],[-28.0773937,38.4040482],[-28.0814733,38.3996084],[-28.0885902,38.3996236],[-28.1180502,38.4061007],[-28.1774825,38.4095839],[-28.205312,38.400336],[-28.231741792611945,38.38388311232515],[-28.2398831,38.3820698],[-28.2529981,38.3858558],[-28.2502986,38.3913684],[-28.2522839,38.3896793],[-28.2563266,38.3925012],[-28.2579221,38.399422],[-28.2567655,38.3966127],[-28.2533583,38.39821],[-28.2564935,38.4040942],[-28.2725233,38.4124419],[-28.3214978,38.4118788],[-28.351649,38.4158275],[-28.367622082449117,38.41241343630466],[-28.4110253,38.4278684],[-28.4207161,38.426942],[-28.426065,38.4214274],[-28.4446566,38.4202426],[-28.4645132,38.4328053],[-28.4800096,38.4353994],[-28.4819913,38.4373707],[-28.5169024,38.4521516],[-28.5212289,38.4650151],[-28.5292116,38.4702409],[-28.5418397,38.4920633],[-28.539113,38.4955712],[-28.5418993,38.5095581],[-28.5399233,38.5192443],[-28.5354281,38.5355354],[-28.5287232,38.534334]]],[[[-28.5345338,38.47773],[-28.5343225,38.4776437],[-28.5343447,38.4775489],[-28.5345338,38.47773]]],[[[-28.5399885,38.4860821],[-28.5401217,38.4862217],[-28.5399749,38.4862518],[-28.5399885,38.4860821]]],[[[-28.5409799,38.4932917],[-28.5412913,38.4933342],[-28.5410961,38.4934445],[-28.5409799,38.4932917]]],[[[-28.5408688,38.4949498],[-28.5409975,38.4950152],[-28.5408756,38.495077],[-28.5408688,38.4949498]]],[[[-28.6321662,38.5199729],[-28.6321186,38.5199608],[-28.6321223,38.5199368],[-28.6321662,38.5199729]]],[[[-28.6975611,38.5206119],[-28.6975108,38.5204897],[-28.6976248,38.5204708],[-28.6975611,38.5206119]]],[[[-28.6452057,38.5229291],[-28.645141,38.5228969],[-28.6452504,38.5228132],[-28.6452057,38.5229291]]],[[[-28.6452433,38.5230037],[-28.6452456,38.5230276],[-28.645208,38.5230395],[-28.6452433,38.5230037]]],[[[-28.6356157,38.523604],[-28.6354941,38.5235906],[-28.6355125,38.5235617],[-28.6356157,38.523604]]],[[[-28.7535951,38.54469],[-28.7536085,38.5447571],[-28.7535556,38.5447707],[-28.7535951,38.54469]]],[[[-28.6926266,38.5214037],[-28.7199939,38.5173189],[-28.749582,38.523505],[-28.75120696906634,38.52545032694957],[-28.7477346,38.5277533],[-28.75041,38.5294479],[-28.7528453,38.5476861],[-28.7607327,38.5625486],[-28.7676144,38.5665224],[-28.7737754,38.5638735],[-28.7770667,38.5655007],[-28.7808155,38.5650337],[-28.7814875,38.5646225],[-28.7846943,38.5670021],[-28.7892514,38.5688293],[-28.7895431,38.5686132],[-28.7915668,38.5705466],[-28.7964202,38.571905],[-28.8018377,38.5759982],[-28.8156422,38.5814528],[-28.8156239,38.5820072],[-28.8219658,38.5863106],[-28.8246747,38.5908774],[-28.8288108,38.5907633],[-28.8282765,38.5970528],[-28.833977539398838,38.60064149767837],[-28.779897,38.604885],[-28.7550564,38.6107665],[-28.7428926,38.6176841],[-28.7279185,38.6365857],[-28.715634301549432,38.643787825496595],[-28.653108292991877,38.621346629463325],[-28.6479415,38.6169652],[-28.6322661661661,38.613729798004606],[-28.609731,38.597398],[-28.605969745351675,38.585106796432285],[-28.6083851,38.5792586],[-28.6037047,38.5691806],[-28.6117812,38.5611443],[-28.605464937110042,38.55066531942389],[-28.643951,38.535346],[-28.633153268366097,38.52433657732575],[-28.6926266,38.5214037]]],[[[-28.632518856132165,38.51750386639729],[-28.6284105,38.5228191],[-28.623402,38.522366],[-28.632518856132165,38.51750386639729]]],[[[-27.8255984,38.5834671],[-27.8257862,38.5833072],[-27.8259887,38.583651],[-27.8255984,38.5834671]]],[[[-27.8257567,38.5840122],[-27.8257141,38.5839248],[-27.8258798,38.5839587],[-27.8257567,38.5840122]]],[[[-28.0343394,38.6066415],[-28.0344668,38.6067075],[-28.0343409,38.6067682],[-28.0343394,38.6066415]]],[[[-28.077777,38.6269278],[-28.0777528,38.627042],[-28.0775931,38.6270771],[-28.077777,38.6269278]]],[[[-28.0819977,38.6280053],[-28.0817954,38.6279704],[-28.0818231,38.6279455],[-28.0819977,38.6280053]]],[[[-28.0811334,38.6279538],[-28.0811568,38.6279854],[-28.0811099,38.628017],[-28.0811334,38.6279538]]],[[[-28.7338671,38.6295437],[-28.7339444,38.6297137],[-28.7337429,38.629632],[-28.7338671,38.6295437]]],[[[-28.1011688,38.6313849],[-28.1011796,38.6315777],[-28.1010562,38.6314897],[-28.1011688,38.6313849]]],[[[-28.1194884,38.6376509],[-28.1194227,38.6375115],[-28.1195662,38.6374613],[-28.1194884,38.6376509]]],[[[-28.1185545,38.6375416],[-28.118629,38.6374933],[-28.1186397,38.6376131],[-28.1185545,38.6375416]]],[[[-28.1272693,38.6428085],[-28.1271358,38.642761],[-28.1271578,38.6427227],[-28.1272693,38.6428085]]],[[[-27.0923354,38.6438916],[-27.0923048,38.6441232],[-27.0921406,38.6442101],[-27.0923354,38.6438916]]],[[[-28.010296,38.6012599],[-28.0245595,38.601389],[-28.0466902,38.616959],[-28.0687906,38.6276556],[-28.0764793,38.6266195],[-28.0796937,38.6287121],[-28.0917909,38.6313034],[-28.1047511,38.6317495],[-28.1135061,38.637524],[-28.1217403,38.637959],[-28.1281558,38.6445839],[-28.1490557,38.6496117],[-28.1509123,38.6515714],[-28.1683312,38.6600272],[-28.1908351,38.6669508],[-28.2006665,38.6803315],[-28.2045004,38.6798514],[-28.2017158,38.6767814],[-28.2058274,38.6793321],[-28.2099846,38.6767749],[-28.220467870358792,38.68480588916451],[-28.2190106,38.690338],[-28.2247209,38.6917833],[-28.2263397,38.6897433],[-28.2292046,38.6913894],[-28.2259392,38.6953301],[-28.2301148,38.7011887],[-28.2688019,38.7158963],[-28.2942566,38.7345005],[-28.315541,38.755072],[-28.297475,38.749254],[-28.264475,38.731513],[-28.232533,38.725572],[-28.034332,38.666327],[-27.890981,38.604234],[-27.850961109116646,38.59271215169857],[-27.8290143,38.5821205],[-27.8254242,38.582966],[-27.8218786,38.5785164],[-27.79769549253296,38.57492222059694],[-27.7949664,38.5699293],[-27.7781086,38.5651311],[-27.76061,38.549018],[-27.796457,38.541571],[-27.835764,38.542792],[-27.9008454,38.5648953],[-27.9427016,38.5894696],[-27.9552584,38.5899943],[-27.9707095,38.5968197],[-27.9851528,38.5941125],[-28.010296,38.6012599]]],[[[-27.0704432,38.6472954],[-27.0704781,38.647108],[-27.0705963,38.6471322],[-27.0704432,38.6472954]]],[[[-27.0698295,38.6475404],[-27.0698061,38.6474716],[-27.0699947,38.6474204],[-27.0698295,38.6475404]]],[[[-27.0704787,38.6474373],[-27.0705366,38.6474476],[-27.070557,38.6475446],[-27.0704787,38.6474373]]],[[[-27.0700438,38.6475072],[-27.070243,38.6474299],[-27.0701731,38.647724],[-27.0700438,38.6475072]]],[[[-27.070037,38.647932],[-27.0699773,38.6478],[-27.0700819,38.647845],[-27.070037,38.647932]]],[[[-27.0733997,38.6485108],[-27.0724394,38.6485244],[-27.0725276,38.6482009],[-27.0733997,38.6485108]]],[[[-28.1507714,38.6503828],[-28.1507392,38.6503555],[-28.1508063,38.6503055],[-28.1507714,38.6503828]]],[[[-28.1507114,38.6504663],[-28.150498,38.650556],[-28.1504914,38.6505009],[-28.1507114,38.6504663]]],[[[-28.150916,38.6509171],[-28.1509547,38.650909],[-28.1509311,38.6509515],[-28.150916,38.6509171]]],[[[-28.1507951,38.6511565],[-28.1507259,38.6511216],[-28.1508375,38.6510245],[-28.1507951,38.6511565]]],[[[-28.2242732,38.690994],[-28.2237583,38.6911474],[-28.2238005,38.690759],[-28.2242732,38.690994]]],[[[-27.2222908,38.6504047],[-27.2172684,38.6425653],[-27.228383,38.641099],[-27.233788605322914,38.64364493964426],[-27.227726,38.6502557],[-27.229582,38.6558031],[-27.2493283,38.656846],[-27.2551507,38.6542552],[-27.290983809129113,38.658103681447386],[-27.3510179,38.6867335],[-27.3695734,38.7078523],[-27.3741503,38.7258547],[-27.3785193,38.7306027],[-27.3793978,38.7469066],[-27.3713734,38.7597425],[-27.3774928,38.7672206],[-27.3700458,38.765279],[-27.3657915,38.7725567],[-27.3670269,38.7758286],[-27.3647744,38.7754676],[-27.3632566,38.776725],[-27.3621422,38.7812689],[-27.3248173,38.7958829],[-27.271552811713903,38.80224467500388],[-27.2601105,38.799971],[-27.24634933911027,38.80102552449484],[-27.2417006,38.7971837],[-27.2336218,38.7987374],[-27.2274846,38.7910792],[-27.2158726,38.7934278],[-27.2160359,38.7994212],[-27.206439769862172,38.799095005933786],[-27.2021618,38.7956681],[-27.198021193880635,38.79868777986003],[-27.1959645,38.7951425],[-27.1941661,38.7974897],[-27.1887759,38.7939609],[-27.1823909,38.7964379],[-27.1500634,38.7858947],[-27.1455699,38.7858017],[-27.1445617,38.7892477],[-27.1409087,38.7824578],[-27.1360443,38.7876037],[-27.1313477,38.7858764],[-27.1297414,38.7811512],[-27.11298737201732,38.78487058146536],[-27.061132159917086,38.757335707185376],[-27.05923,38.7445887],[-27.0435226,38.7361173],[-27.049794,38.7320723],[-27.0506455,38.7259287],[-27.0512007,38.7308822],[-27.0597982,38.7299616],[-27.0618081,38.7167824],[-27.0555639,38.7142644],[-27.0593813,38.7110288],[-27.0527327,38.710872],[-27.0481707,38.7158221],[-27.0485782,38.7209843],[-27.0477212,38.7145805],[-27.0504703,38.709057],[-27.0424809,38.7033897],[-27.0440636,38.6988389],[-27.0412188,38.6959335],[-27.0481066,38.6876665],[-27.056108,38.6859104],[-27.055676,38.6774165],[-27.066774,38.6759041],[-27.0754943,38.6709312],[-27.0740766,38.6624109],[-27.0775977,38.6532822],[-27.0729667,38.6488197],[-27.0785759,38.6492486],[-27.0770212,38.6435001],[-27.0891249,38.6423694],[-27.0974315,38.6484918],[-27.1043467,38.6439025],[-27.1171103,38.6480908],[-27.1320043,38.6435141],[-27.1421982,38.6441871],[-27.1730477,38.654921],[-27.1948119,38.6513047],[-27.2067723,38.6548098],[-27.2154247,38.6498163],[-27.2133718,38.6522032],[-27.2182355,38.6535917],[-27.215572,38.652056],[-27.2199288,38.6535931],[-27.2222908,38.6504047]]],[[[-27.3776151,38.7272657],[-27.3775071,38.7272423],[-27.3775195,38.7271525],[-27.3776151,38.7272657]]],[[[-27.378377,38.7275103],[-27.3785356,38.7275769],[-27.3783079,38.7276594],[-27.378377,38.7275103]]],[[[-27.3776776,38.7277726],[-27.3769915,38.7280099],[-27.3771977,38.7277963],[-27.3776776,38.7277726]]],[[[-27.3644398,38.7765032],[-27.3643738,38.7764401],[-27.3644568,38.7763837],[-27.3644398,38.7765032]]],[[[-27.1433175,38.7889966],[-27.1433392,38.7887709],[-27.1433702,38.7887845],[-27.1433175,38.7889966]]],[[[-27.1431734,38.7891521],[-27.1432498,38.7889804],[-27.1432652,38.7891884],[-27.1431734,38.7891521]]],[[[-27.1442562,38.7891304],[-27.1444146,38.7891304],[-27.1442237,38.789181],[-27.1442562,38.7891304]]],[[[-27.1441425,38.7892792],[-27.1442156,38.7893092],[-27.1441608,38.7893345],[-27.1441425,38.7892792]]],[[[-27.1432093,38.7893257],[-27.1431799,38.7893831],[-27.1431284,38.7893473],[-27.1432093,38.7893257]]],[[[-27.1444729,38.7894922],[-27.1443093,38.7894442],[-27.1445084,38.7893518],[-27.1444729,38.7894922]]],[[[-27.1572982,38.7895411],[-27.1572675,38.7896912],[-27.1572619,38.7895825],[-27.1572982,38.7895411]]],[[[-27.1443686,38.7898175],[-27.1442761,38.7898933],[-27.1441551,38.7896345],[-27.1443686,38.7898175]]],[[[-27.1439536,38.7897953],[-27.1441812,38.7897824],[-27.1440295,38.7898933],[-27.1439536,38.7897953]]],[[[-27.2231113,38.7934247],[-27.2231368,38.7935044],[-27.2230602,38.7934314],[-27.2231113,38.7934247]]],[[[-27.2231262,38.793599],[-27.2230985,38.7935956],[-27.2231028,38.7935608],[-27.2231262,38.793599]]],[[[-27.2234838,38.7936438],[-27.2234434,38.7935873],[-27.2234902,38.7935873],[-27.2234838,38.7936438]]],[[[-27.2208897,38.7942921],[-27.2211955,38.7937553],[-27.2212505,38.7938097],[-27.2208897,38.7942921]]],[[[-27.2207627,38.7941118],[-27.2207393,38.7941499],[-27.2207052,38.793989],[-27.2207627,38.7941118]]],[[[-27.220569,38.7946261],[-27.2205967,38.7947589],[-27.2205051,38.7947555],[-27.220569,38.7946261]]],[[[-27.1957775,38.7963047],[-27.1958589,38.7962825],[-27.195805,38.7966731],[-27.1957775,38.7963047]]],[[[-27.2009399,38.7980297],[-27.2013007,38.7977053],[-27.2011099,38.7979134],[-27.2009399,38.7980297]]],[[[-27.2602199,38.8003154],[-27.2602106,38.8002681],[-27.2602706,38.8002942],[-27.2602199,38.8003154]]],[[[-27.2604855,38.8004776],[-27.260494,38.8004985],[-27.2603083,38.8003795],[-27.2604855,38.8004776]]],[[[-27.2606075,38.800624],[-27.2606443,38.8006275],[-27.2606491,38.8006668],[-27.2606075,38.800624]]],[[[-28.0352255,39.0230205],[-28.0352624,39.0227235],[-28.0353972,39.0227334],[-28.0352255,39.0230205]]],[[[-28.0351238,39.0230119],[-28.0351451,39.0231574],[-28.0350218,39.0230438],[-28.0351238,39.0230119]]],[[[-27.9706245,39.0579741],[-27.9655832,39.0527925],[-27.969314,39.0535637],[-27.9707574,39.0505608],[-27.9563851,39.0400855],[-27.953558,39.0262575],[-27.948699578453308,39.02368286324836],[-27.966217,39.01732],[-27.998983314599872,39.01574123332278],[-28.006736,39.0193994],[-28.0082767,39.0243137],[-28.034935,39.0231116],[-28.0466326,39.0335205],[-28.0555962,39.052471],[-28.066666,39.0613194],[-28.0669342,39.0661031],[-28.071570308308132,39.067139658403335],[-28.054025,39.0824961],[-28.0550021,39.0880992],[-28.0499649,39.0946614],[-28.0442326,39.0937721],[-28.0444854,39.0955639],[-28.0386713,39.0950459],[-28.0356779,39.0971567],[-28.0351488,39.0963843],[-28.030546,39.0961953],[-28.0287774,39.0970977],[-28.0282144,39.0953418],[-28.0196361,39.0945859],[-28.0182849,39.0927338],[-28.0158054,39.0917461],[-28.0128716,39.0921191],[-28.0051685,39.0863356],[-28.0024597,39.0886615],[-27.9937447,39.0863317],[-27.9979078,39.0840283],[-27.9903089,39.0818958],[-27.9759482,39.0586361],[-27.9706245,39.0579741]]],[[[-27.957543,39.0579469],[-27.9537138,39.0590862],[-27.9542645,39.0538111],[-27.957543,39.0579469]]],[[[-27.9519963,39.0588194],[-27.9520066,39.058986],[-27.9519653,39.0588756],[-27.9519963,39.0588194]]],[[[-27.9518283,39.0594354],[-27.9518051,39.059325],[-27.9518516,39.059319],[-27.9518283,39.0594354]]],[[[-28.0672833,39.0649031],[-28.0673046,39.0650683],[-28.0671088,39.0650155],[-28.0672833,39.0649031]]],[[[-27.9771455,39.0654121],[-27.9770746,39.0654026],[-27.9771209,39.0653547],[-27.9771455,39.0654121]]],[[[-27.9960991,39.0883109],[-27.9965034,39.0882084],[-27.9964565,39.0884171],[-27.9960991,39.0883109]]],[[[-28.0161855,39.0923283],[-28.0161351,39.0923246],[-28.0161508,39.092307],[-28.0161855,39.0923283]]],[[[-28.0165279,39.0925887],[-28.01656,39.0926017],[-28.0165545,39.0926147],[-28.0165279,39.0925887]]],[[[-28.0166441,39.0927463],[-28.0166822,39.0927265],[-28.0166887,39.0927828],[-28.0166441,39.0927463]]],[[[-28.017971,39.0932709],[-28.0180436,39.0932591],[-28.0180218,39.0933173],[-28.017971,39.0932709]]],[[[-28.0179468,39.0934394],[-28.0179426,39.0934275],[-28.0179636,39.0934234],[-28.0179468,39.0934394]]],[[[-28.0183721,39.0934157],[-28.0184365,39.0935016],[-28.0183762,39.0935133],[-28.0183721,39.0934157]]],[[[-28.0178798,39.093428],[-28.0178963,39.0934654],[-28.0178716,39.0934753],[-28.0178798,39.093428]]],[[[-28.0184336,39.0936735],[-28.0184514,39.0936339],[-28.0185225,39.0936947],[-28.0184336,39.0936735]]],[[[-28.0452982,39.0954711],[-28.0446678,39.095404],[-28.0451044,39.0948659],[-28.0452982,39.0954711]]],[[[-28.0251474,39.095443],[-28.0250042,39.0953339],[-28.0252037,39.0953116],[-28.0251474,39.095443]]],[[[-28.0257465,39.0955229],[-28.0256869,39.0954311],[-28.0258883,39.0954791],[-28.0257465,39.0955229]]],[[[-28.0435855,39.0956025],[-28.0438054,39.0956108],[-28.0438484,39.0958606],[-28.0435855,39.0956025]]],[[[-28.0398607,39.0957113],[-28.0398377,39.0957686],[-28.0397651,39.0957457],[-28.0398607,39.0957113]]],[[[-28.0493657,39.0967956],[-28.047397,39.0951396],[-28.0478025,39.0952015],[-28.0493657,39.0967956]]],[[[-28.0430997,39.0965231],[-28.0428883,39.0960199],[-28.0431282,39.0960577],[-28.0430997,39.0965231]]],[[[-28.0304726,39.0963024],[-28.0304665,39.0962888],[-28.0304917,39.0962892],[-28.0304726,39.0963024]]],[[[-28.0315357,39.096539],[-28.0314669,39.0964297],[-28.03153,39.0964443],[-28.0315357,39.096539]]],[[[-28.0424827,39.0961976],[-28.0421877,39.0971896],[-28.0415191,39.0968201],[-28.0424827,39.0961976]]],[[[-28.0321143,39.0965985],[-28.032126,39.0965938],[-28.0321364,39.0966028],[-28.0321143,39.0965985]]],[[[-28.0473352,39.0966016],[-28.0474409,39.0966458],[-28.0473921,39.0967562],[-28.0473352,39.0966016]]],[[[-28.0278658,39.0967508],[-28.0277454,39.096628],[-28.0279081,39.096634],[-28.0278658,39.0967508]]],[[[-28.0263829,39.0967481],[-28.0264168,39.0967686],[-28.0263988,39.0967924],[-28.0263829,39.0967481]]],[[[-28.0264274,39.0968261],[-28.0264094,39.096845],[-28.0263935,39.0968088],[-28.0264274,39.0968261]]],[[[-28.0262581,39.0969],[-28.0263459,39.0967998],[-28.0263523,39.0969131],[-28.0262581,39.0969]]],[[[-28.0273,39.0968615],[-28.0272978,39.0968985],[-28.027275,39.0968959],[-28.0273,39.0968615]]],[[[-28.0346357,39.0968762],[-28.0344563,39.0969015],[-28.0344889,39.0968632],[-28.0346357,39.0968762]]],[[[-28.0329908,39.0968593],[-28.0330748,39.0968709],[-28.0329727,39.0969299],[-28.0329908,39.0968593]]],[[[-28.0263639,39.0969107],[-28.026457,39.0968195],[-28.0264644,39.0968606],[-28.0263639,39.0969107]]],[[[-28.0336851,39.0969042],[-28.0337197,39.0969153],[-28.0337067,39.0969356],[-28.0336851,39.0969042]]],[[[-28.0265891,39.0966561],[-28.0272735,39.0970473],[-28.0266809,39.0972132],[-28.0265891,39.0966561]]],[[[-28.0337479,39.0970037],[-28.0337365,39.0969793],[-28.0337761,39.0969647],[-28.0337479,39.0970037]]],[[[-28.0335776,39.0969769],[-28.0335796,39.0970004],[-28.0335159,39.0970209],[-28.0335776,39.0969769]]],[[[-28.0423614,39.0970248],[-28.0423544,39.0969451],[-28.0424452,39.0969644],[-28.0423614,39.0970248]]],[[[-28.0264792,39.0970469],[-28.0264803,39.0970691],[-28.0264337,39.0970592],[-28.0264792,39.0970469]]],[[[-28.0338096,39.097094],[-28.0337144,39.0970698],[-28.033772,39.0970555],[-28.0338096,39.097094]]],[[[-28.0285511,39.0972596],[-28.0282297,39.0973679],[-28.0278146,39.0970672],[-28.0274271,39.0969988],[-28.0275667,39.0969418],[-28.0285511,39.0972596]]],[[[-28.0280359,39.0973066],[-28.0279507,39.0972564],[-28.0279742,39.0972338],[-28.0280359,39.0973066]]],[[[-28.0277329,39.09727],[-28.0276635,39.0972512],[-28.0278365,39.0972931],[-28.0277329,39.09727]]],[[[-28.0406533,39.0973087],[-28.040593,39.0973223],[-28.0405541,39.0972423],[-28.0406533,39.0973087]]],[[[-28.0278972,39.097288],[-28.0278957,39.0972995],[-28.0278403,39.0972683],[-28.0278972,39.097288]]],[[[-28.0279164,39.0972855],[-28.0280468,39.0973483],[-28.0279406,39.097313],[-28.0279164,39.0972855]]],[[[-28.0281414,39.0973354],[-28.0281427,39.0973517],[-28.0280871,39.0973258],[-28.0281414,39.0973354]]],[[[-28.0280661,39.0973406],[-28.0280828,39.0973517],[-28.0280803,39.0973555],[-28.0280661,39.0973406]]],[[[-18.0176227,27.6586309],[-18.0176146,27.658562],[-18.0176978,27.6586071],[-18.0176227,27.6586309]]],[[[-18.0231977,27.6682177],[-18.0230917,27.668277],[-18.0231306,27.6681476],[-18.0231977,27.6682177]]],[[[-18.0239819,27.6684171],[-18.0240957,27.6684643],[-18.0239871,27.6686056],[-18.0239819,27.6684171]]],[[[-18.0267315,27.6698342],[-18.0268374,27.6698425],[-18.0268227,27.6699791],[-18.0267315,27.6698342]]],[[[-18.0289711,27.6735422],[-18.0289376,27.6735933],[-18.0288705,27.6735315],[-18.0289711,27.6735422]]],[[[-18.0292018,27.6737584],[-18.0292286,27.6738213],[-18.029128,27.673889],[-18.0292018,27.6737584]]],[[[-18.0288501,27.6742877],[-18.0288367,27.6741689],[-18.028934,27.6742056],[-18.0288501,27.6742877]]],[[[-18.0281104,27.6772238],[-18.0281342,27.6772414],[-18.0280462,27.677283],[-18.0281104,27.6772238]]],[[[-18.0331111,27.6813712],[-18.0331071,27.681313],[-18.0333069,27.6812869],[-18.0331111,27.6813712]]],[[[-18.0344282,27.682358],[-18.0344426,27.6824406],[-18.0342426,27.6824991],[-18.0344282,27.682358]]],[[[-18.0342561,27.6829138],[-18.0342059,27.682859],[-18.0343858,27.6827675],[-18.0342561,27.6829138]]],[[[-18.0436297,27.6882303],[-18.043679,27.6882563],[-18.0435896,27.6883214],[-18.0436297,27.6882303]]],[[[-18.0486464,27.6906988],[-18.0486831,27.6907801],[-18.0485464,27.6908192],[-18.0486464,27.6906988]]],[[[-18.1093972,27.7013711],[-18.1094454,27.7013651],[-18.1094267,27.7014708],[-18.1093972,27.7013711]]],[[[-18.1099872,27.7015943],[-18.1099028,27.7016596],[-18.1098733,27.7016133],[-18.1099872,27.7015943]]],[[[-18.1128331,27.7024445],[-18.1127982,27.7024112],[-18.1128693,27.7023257],[-18.1128331,27.7024445]]],[[[-18.1134708,27.7024516],[-18.1135063,27.7025228],[-18.113391,27.7025656],[-18.1134708,27.7024516]]],[[[-18.157995,27.7294852],[-18.157998,27.729413],[-18.1582429,27.7294354],[-18.157995,27.7294852]]],[[[-18.1585258,27.7296646],[-18.1584137,27.729667],[-18.1584332,27.7295549],[-18.1585258,27.7296646]]],[[[-18.1590653,27.7299388],[-18.1591208,27.7298952],[-18.1591691,27.7299166],[-18.1590653,27.7299388]]],[[[-18.1582736,27.7301112],[-18.158093,27.7299295],[-18.1583627,27.7299314],[-18.1582736,27.7301112]]],[[[-18.158331,27.7306249],[-18.158158,27.7306712],[-18.1581927,27.73061],[-18.158331,27.7306249]]],[[[-17.991682,27.7962274],[-17.9926756,27.7976075],[-17.9915013,27.797082],[-17.9897373,27.7986297],[-17.9901585,27.7993661],[-17.9892437,27.7994282],[-17.9861944,27.8077433],[-17.9873744,27.8125932],[-17.9892432,27.8154405],[-17.9896271,27.81845],[-17.991943848465713,27.821292787071098],[-17.991276285909784,27.822068641024792],[-17.9750833,27.826005],[-17.952609307465192,27.84137089140619],[-17.9502124,27.8405057],[-17.9459374,27.8403957],[-17.9345997,27.8488537],[-17.9301208,27.8470677],[-17.9172415,27.8481024],[-17.9167752,27.8454038],[-17.9146085,27.8433829],[-17.9017469,27.8417137],[-17.9038577,27.8406042],[-17.9031724,27.8377381],[-17.8939914,27.8323807],[-17.8924736,27.8259893],[-17.8958104,27.8239116],[-17.8868266,27.81837],[-17.8831989,27.8115721],[-17.8845411,27.8012933],[-17.8887039,27.8000195],[-17.8967379,27.7885685],[-17.8957722,27.7876013],[-17.8998409,27.7870858],[-17.9010226,27.7805474],[-17.9016872,27.7859886],[-17.9091243,27.773664],[-17.9143852,27.7706013],[-17.909552,27.7654535],[-17.926422,27.742825],[-17.9273768,27.7319308],[-17.931682,27.7285314],[-17.9424632,27.7305578],[-17.9491486,27.7286281],[-17.9572724,27.719364],[-17.9582165,27.6955848],[-17.9644114,27.6898803],[-17.9721154,27.6727058],[-17.971303,27.654364],[-17.979482,27.642524],[-17.99413,27.642239],[-17.9982496,27.6465972],[-18.009943581887995,27.65044274761409],[-18.0104658,27.6518761],[-18.0193085,27.6604739],[-18.0206434,27.6672204],[-18.0287364,27.6718735],[-18.0277535,27.6769808],[-18.0286267,27.6786819],[-18.0384089,27.6866814],[-18.050274,27.6926682],[-18.1247771,27.7052939],[-18.13562702456946,27.703923307096122],[-18.146637,27.708564],[-18.159766764725703,27.72173195207312],[-18.1590389,27.7292943],[-18.1534918,27.7295306],[-18.1517972,27.732298],[-18.1516665,27.7480929],[-18.1553962,27.750368],[-18.1535396,27.756922],[-18.1504124,27.758331],[-18.151598,27.7605616],[-18.1471499,27.7595308],[-18.1409821,27.7625003],[-18.1396191,27.7640955],[-18.140511,27.7660673],[-18.1365399,27.766479],[-18.135679408629162,27.768399983678833],[-18.121476792039722,27.76726374775751],[-18.1213664,27.7656582],[-18.1187407,27.7620251],[-18.105635,27.7566055],[-18.0824361,27.753145],[-18.0701281,27.7531531],[-18.0363751,27.7621223],[-18.0180675,27.7755582],[-18.0108749,27.785968],[-17.9977085,27.790831],[-17.991682,27.7962274]]],[[[-18.0748763,27.7533738],[-18.0749766,27.7532976],[-18.0750159,27.7533607],[-18.0748763,27.7533738]]],[[[-18.073111,27.7536972],[-18.0730626,27.7537758],[-18.0727696,27.753454],[-18.073111,27.7536972]]],[[[-18.0650815,27.754884],[-18.0651867,27.754768],[-18.0652675,27.7549367],[-18.0650815,27.754884]]],[[[-18.0663284,27.754767],[-18.0664767,27.7549198],[-18.0663676,27.7550088],[-18.0663284,27.754767]]],[[[-18.0963459,27.7558385],[-18.0962797,27.7558273],[-18.0962959,27.7556132],[-18.0963459,27.7558385]]],[[[-18.0972174,27.7560697],[-18.0973223,27.756052],[-18.0973966,27.7562416],[-18.0972174,27.7560697]]],[[[-18.1555453,27.7564888],[-18.1556512,27.7565405],[-18.1555701,27.7566109],[-18.1555453,27.7564888]]],[[[-18.1537979,27.7567885],[-18.1537577,27.7567308],[-18.1540048,27.7566854],[-18.1537979,27.7567885]]],[[[-18.1553622,27.7570667],[-18.1553339,27.757033],[-18.1555342,27.7570871],[-18.1553622,27.7570667]]],[[[-18.1560939,27.7573341],[-18.1560105,27.7573261],[-18.1559978,27.7572722],[-18.1560939,27.7573341]]],[[[-18.153443,27.7573161],[-18.1535355,27.7574665],[-18.1529815,27.7574151],[-18.153443,27.7573161]]],[[[-18.1526028,27.757679],[-18.1526768,27.7575735],[-18.153106,27.757902],[-18.1526028,27.757679]]],[[[-18.1515601,27.7584767],[-18.1517193,27.7586498],[-18.1511833,27.7586278],[-18.1515601,27.7584767]]],[[[-18.0483415,27.7602056],[-18.0483415,27.7601325],[-18.0484199,27.7601443],[-18.0483415,27.7602056]]],[[[-18.1486467,27.7602411],[-18.1489965,27.7603465],[-18.1489406,27.7604769],[-18.1486467,27.7602411]]],[[[-18.0498367,27.7603719],[-18.0498405,27.7602528],[-18.0501226,27.7604071],[-18.0498367,27.7603719]]],[[[-18.0491237,27.7603291],[-18.0491537,27.7604592],[-18.0490014,27.7604517],[-18.0491237,27.7603291]]],[[[-18.0489907,27.7606134],[-18.0489699,27.760705],[-18.0487329,27.7606408],[-18.0489907,27.7606134]]],[[[-18.0484047,27.7606534],[-18.0485073,27.7608063],[-18.0482948,27.7607839],[-18.0484047,27.7606534]]],[[[-18.04870760280662,27.761249739704272],[-18.048619982341467,27.761301255402774],[-18.0483872,27.7608992],[-18.04870760280662,27.761249739704272]]],[[[-18.142799,27.7635307],[-18.1420057,27.7626703],[-18.1424087,27.7627197],[-18.142799,27.7635307]]],[[[-18.140341,27.7640196],[-18.1403332,27.7641019],[-18.1399848,27.76408],[-18.140341,27.7640196]]],[[[-18.1199429,27.7640705],[-18.1199241,27.7640168],[-18.1199803,27.7639975],[-18.1199429,27.7640705]]],[[[-18.1201723,27.7642917],[-18.1200898,27.7643504],[-18.1200752,27.764266],[-18.1201723,27.7642917]]],[[[-18.1202673,27.7645304],[-18.1204703,27.7644663],[-18.1204392,27.76455],[-18.1202673,27.7645304]]],[[[-18.1205037,27.76482],[-18.1205826,27.7647425],[-18.1206193,27.7647823],[-18.1205037,27.76482]]],[[[-18.120587,27.7651104],[-18.1205623,27.7650965],[-18.1207838,27.7648976],[-18.120587,27.7651104]]],[[[-18.1403283,27.7663847],[-18.1404397,27.7665074],[-18.1403283,27.766509],[-18.1403283,27.7663847]]],[[[-18.1392465,27.7668298],[-18.1390602,27.7665562],[-18.1397416,27.7671911],[-18.1392465,27.7668298]]],[[[-18.1384171,27.7671139],[-18.1384099,27.7672177],[-18.1381253,27.7669816],[-18.1384171,27.7671139]]],[[[-18.0272894,27.7706469],[-18.0272707,27.7709455],[-18.026937,27.7707199],[-18.0272894,27.7706469]]],[[[-18.0168429,27.7785248],[-18.0169192,27.778645],[-18.0168501,27.7787141],[-18.0168429,27.7785248]]],[[[-25.0157887,36.9456711],[-25.01569168672769,36.94570931327231],[-25.015772862528813,36.94562813747119],[-25.0157887,36.9456711]]],[[[-25.0874063,36.9459465],[-25.0873567,36.9457815],[-25.0874627,36.9458072],[-25.0874063,36.9459465]]],[[[-25.0872307,36.9459626],[-25.0872964,36.9460848],[-25.0870053,36.9459851],[-25.0872307,36.9459626]]],[[[-25.1078126,36.9510806],[-25.1080902,36.9510187],[-25.1078863,36.951276],[-25.1078126,36.9510806]]],[[[-25.110071,37.0070701],[-25.1090992,37.013583],[-25.1026022,37.0107956],[-25.0978474,37.0146558],[-25.0963441,37.0133069],[-25.0951562,37.0129971],[-25.0894607,37.0145437],[-25.0901161,37.01578],[-25.089316,37.015526],[-25.0890023,37.0169967],[-25.089139,37.0175961],[-25.081512,37.0108259],[-25.0755558,37.0097167],[-25.0652442,37.0112096],[-25.0629691,37.016444],[-25.0621051,37.0145079],[-25.0523856,37.0116915],[-25.0538177,37.0027094],[-25.0507687,36.9982046],[-25.0546751,36.9951909],[-25.0550774,36.9886608],[-25.0522362,36.9855836],[-25.0464064,36.9860579],[-25.0460903,36.9840022],[-25.0390865,36.9815005],[-25.0396848,36.977912],[-25.0274109,36.972373],[-25.0312102,36.9705072],[-25.0293385,36.9656506],[-25.0200561,36.9656281],[-25.0192996,36.9610911],[-25.015108,36.9595069],[-25.0217074,36.9544436],[-25.0177173,36.9527677],[-25.0195438,36.9501219],[-25.015991826973227,36.94540917302677],[-25.027089,36.934312],[-25.060658,36.937242],[-25.1029591,36.9519528],[-25.119008,36.952623],[-25.151723,36.945868],[-25.16751839081645,36.945978915027034],[-25.1723939,36.95144],[-25.1743076,36.9686214],[-25.1855606,36.984948],[-25.1830942,36.9889166],[-25.1813527,36.9974073],[-25.1737864,36.9980347],[-25.1705796,37.003998],[-25.1664988,37.0038663],[-25.1641795,37.0065256],[-25.1588081,37.0046961],[-25.1570832,37.0049395],[-25.1484961,37.0086751],[-25.1455368,37.0124374],[-25.1459741,37.0073916],[-25.1354931,37.0020967],[-25.1321209,37.0039358],[-25.1288339,37.0084092],[-25.1276948,37.0075058],[-25.1258159,37.0074535],[-25.125588,37.0080402],[-25.1246293,37.0073165],[-25.1237318,37.007432],[-25.1225185,37.0053656],[-25.1206207,37.0042121],[-25.1185326,37.0036428],[-25.1124532,37.0051123],[-25.110071,37.0070701]]],[[[-25.1839922,36.9819839],[-25.1839402,36.9817991],[-25.1840787,36.9818091],[-25.1839922,36.9819839]]],[[[-25.0449939,36.9851606],[-25.0449087,36.9851954],[-25.0449114,36.9850524],[-25.0449939,36.9851606]]],[[[-25.0426859,36.9867471],[-25.0439633,36.9853496],[-25.04435,36.9865863],[-25.0426859,36.9867471]]],[[[-25.0461224,36.9866429],[-25.0460628,36.9864592],[-25.0463741,36.9864457],[-25.0461224,36.9866429]]],[[[-25.1826442,36.99262],[-25.1826226,36.9926716],[-25.1826011,36.9926637],[-25.1826442,36.99262]]],[[[-25.1828548,36.9930489],[-25.1828621,36.9931925],[-25.1826409,36.9931764],[-25.1828548,36.9930489]]],[[[-25.1830752,36.9947965],[-25.1830144,36.9946759],[-25.1830639,36.9946669],[-25.1830752,36.9947965]]],[[[-25.1857138,36.9952888],[-25.1857279,36.9951342],[-25.1861796,36.9954188],[-25.1857138,36.9952888]]],[[[-25.1820296,36.9970343],[-25.1821568,36.997592],[-25.1818341,36.997597],[-25.1820296,36.9970343]]],[[[-25.1796864,36.9979366],[-25.179674,36.9981249],[-25.1794568,36.997996],[-25.1796864,36.9979366]]],[[[-25.1815299,36.9978919],[-25.1816199,36.9980828],[-25.181384,36.9981076],[-25.1815299,36.9978919]]],[[[-25.0506421,37.0002772],[-25.0503417,37.0003287],[-25.0502666,37.0001873],[-25.0506421,37.0002772]]],[[[-25.119735,37.0042363],[-25.1197035,37.0041908],[-25.1197799,37.0041694],[-25.119735,37.0042363]]],[[[-25.1195657,37.004243],[-25.1195751,37.004205],[-25.1196162,37.004207],[-25.1195657,37.004243]]],[[[-25.1197873,37.0043865],[-25.1197377,37.0043354],[-25.1197897,37.0043113],[-25.1197873,37.0043865]]],[[[-25.1189699,37.004477],[-25.1189039,37.0044853],[-25.11893,37.0044451],[-25.1189699,37.004477]]],[[[-25.166036,37.004813],[-25.1659736,37.004832],[-25.1659532,37.0047782],[-25.166036,37.004813]]],[[[-25.1166236,37.0047525],[-25.1167792,37.0046813],[-25.1169911,37.0051316],[-25.1166236,37.0047525]]],[[[-25.1313228,37.0052784],[-25.1313423,37.0052548],[-25.1313818,37.0052655],[-25.1313228,37.0052784]]],[[[-25.1595313,37.0052007],[-25.159657,37.0052778],[-25.1595288,37.0053652],[-25.1595313,37.0052007]]],[[[-25.1738519,37.0053988],[-25.1738562,37.0054541],[-25.1737206,37.0053684],[-25.1738519,37.0053988]]],[[[-25.1103406,37.0072339],[-25.1104103,37.0072265],[-25.1104224,37.0072779],[-25.1103406,37.0072339]]],[[[-25.1242974,37.0074414],[-25.1242368,37.0074356],[-25.1242347,37.0074082],[-25.1242974,37.0074414]]],[[[-25.1242337,37.007506],[-25.1242297,37.0074781],[-25.1243142,37.0074733],[-25.1242337,37.007506]]],[[[-25.1263735,37.0077223],[-25.1263044,37.0077496],[-25.1262977,37.0076602],[-25.1263735,37.0077223]]],[[[-25.1240078,37.0077475],[-25.1240185,37.0077062],[-25.1240684,37.007712],[-25.1240078,37.0077475]]],[[[-25.1273015,37.0078492],[-25.127278,37.0078283],[-25.1273246,37.0077871],[-25.1273015,37.0078492]]],[[[-25.1274249,37.0078273],[-25.1275275,37.0078588],[-25.127492,37.0078845],[-25.1274249,37.0078273]]],[[[-25.1494128,37.008709],[-25.1493395,37.0086883],[-25.1495306,37.008598],[-25.1494128,37.008709]]],[[[-25.1495781,37.0087977],[-25.1495592,37.008743],[-25.1496065,37.0087336],[-25.1495781,37.0087977]]],[[[-25.0710281,37.0109436],[-25.0708638,37.0109543],[-25.0708786,37.0107434],[-25.0710281,37.0109436]]],[[[-25.0700203,37.0110561],[-25.070141,37.0110314],[-25.0701584,37.0112799],[-25.0700203,37.0110561]]],[[[-25.0806472,37.0120488],[-25.0808296,37.0117275],[-25.0809462,37.0121023],[-25.0806472,37.0120488]]],[[[-25.0537916,37.0122362],[-25.0538288,37.012312],[-25.0536675,37.0123353],[-25.0537916,37.0122362]]],[[[-25.0820268,37.0125285],[-25.0822424,37.0131518],[-25.082174,37.0131063],[-25.0820268,37.0125285]]],[[[-25.0567224,37.0133663],[-25.0567368,37.0133259],[-25.0567875,37.0133771],[-25.0567224,37.0133663]]],[[[-25.0564109,37.0133731],[-25.0564311,37.0134],[-25.056256,37.0134323],[-25.0564109,37.0133731]]],[[[-25.0954168,37.0135378],[-25.0952987,37.0133874],[-25.0956508,37.0133006],[-25.0954168,37.0135378]]],[[[-25.0955962,37.0139201],[-25.0954608,37.0137724],[-25.095604,37.0138223],[-25.0955962,37.0139201]]],[[[-25.0951733,37.0139818],[-25.0951396,37.0138846],[-25.0952907,37.0140217],[-25.0951733,37.0139818]]],[[[-25.0598817,37.0147326],[-25.0598555,37.0146871],[-25.0599481,37.0146834],[-25.0598817,37.0147326]]],[[[-25.0583151,37.0149899],[-25.0581843,37.0149712],[-25.0582024,37.0148946],[-25.0583151,37.0149899]]],[[[-25.0928861,37.0150981],[-25.0929853,37.014727],[-25.0931717,37.0150349],[-25.0928861,37.0150981]]],[[[-25.0929064,37.0155895],[-25.0928575,37.0155803],[-25.0928891,37.0154445],[-25.0929064,37.0155895]]],[[[-25.0931254,37.0157874],[-25.0930361,37.0157321],[-25.0930995,37.0156884],[-25.0931254,37.0157874]]],[[[-25.0635052,37.0160334],[-25.0636607,37.0160281],[-25.0636232,37.016087],[-25.0635052,37.0160334]]],[[[-25.0646808,37.0164445],[-25.0645111,37.0164165],[-25.0646134,37.0162939],[-25.0646808,37.0164445]]],[[[-25.0626449,37.0163884],[-25.0626502,37.0164923],[-25.0624283,37.0164307],[-25.0626449,37.0163884]]],[[[-25.0866821,37.0165667],[-25.086548,37.0166117],[-25.0865433,37.0162867],[-25.0866821,37.0165667]]],[[[-25.0893878,37.0165153],[-25.0893771,37.0165367],[-25.0892953,37.0164944],[-25.0893878,37.0165153]]],[[[-25.0891531,37.0166058],[-25.0893013,37.0165619],[-25.0893221,37.0166106],[-25.0891531,37.0166058]]],[[[-25.0876585,37.0173768],[-25.0874325,37.0167295],[-25.0881614,37.0172692],[-25.0876585,37.0173768]]],[[[-25.0879212,37.0182048],[-25.088032,37.0174587],[-25.0885496,37.0185729],[-25.0879212,37.0182048]]],[[[-25.0886406,37.018323],[-25.0886801,37.0182993],[-25.088848,37.0184263],[-25.0886406,37.018323]]],[[[-25.0896824,37.0215236],[-25.0896956,37.0216016],[-25.0895745,37.0216244],[-25.0896824,37.0215236]]],[[[-25.0899161,37.0224259],[-25.0895597,37.0224547],[-25.0897501,37.0221202],[-25.0899161,37.0224259]]],[[[-25.0908548,37.0225508],[-25.0908431,37.0230917],[-25.0897975,37.0220381],[-25.0913593,37.0221893],[-25.0908548,37.0225508]]],[[[-25.0911109,37.0231794],[-25.0909633,37.0228689],[-25.0911547,37.0229193],[-25.0911109,37.0231794]]],[[[-25.5064063,37.707762],[-25.5064083,37.707788],[-25.5063862,37.7077806],[-25.5064063,37.707762]]],[[[-25.5035772,37.7082745],[-25.503592,37.7083153],[-25.5035491,37.708328],[-25.5035772,37.7082745]]],[[[-25.5047044,37.7084384],[-25.5047312,37.7082092],[-25.5047701,37.7082219],[-25.5047044,37.7084384]]],[[[-25.5044577,37.708553],[-25.5044442,37.7084172],[-25.5045354,37.7085328],[-25.5044577,37.708553]]],[[[-25.5048573,37.7085975],[-25.5048922,37.7084883],[-25.5049244,37.7084914],[-25.5048573,37.7085975]]],[[[-25.501935,37.7086792],[-25.5019364,37.7086198],[-25.5020356,37.7086983],[-25.501935,37.7086792]]],[[[-25.5035866,37.7088447],[-25.5035745,37.7088935],[-25.503541,37.7088681],[-25.5035866,37.7088447]]],[[[-25.502729,37.70885],[-25.5027732,37.7088182],[-25.5028108,37.7089646],[-25.502729,37.70885]]],[[[-25.4976341,37.7099535],[-25.497630661295567,37.70995043506778],[-25.497640331168107,37.709946571560856],[-25.4976341,37.7099535]]],[[[-25.4971473,37.7102431],[-25.4971245,37.7102484],[-25.4971044,37.7102123],[-25.4971473,37.7102431]]],[[[-25.51419,37.7109508],[-25.514190948860826,37.710946385052516],[-25.514280622088386,37.71099082006512],[-25.51419,37.7109508]]],[[[-25.5140318,37.7109868],[-25.5139996,37.7109656],[-25.5140077,37.7109476],[-25.5140318,37.7109868]]],[[[-25.4964995,37.7112648],[-25.4964197,37.7112134],[-25.4965445,37.7112266],[-25.4964995,37.7112648]]],[[[-25.5149062,37.711511],[-25.5147171,37.7114812],[-25.5147131,37.7112807],[-25.5149062,37.711511]]],[[[-25.5151436,37.7114377],[-25.515135313033774,37.71141433780799],[-25.51516243992732,37.71142777976708],[-25.5151436,37.7114377]]],[[[-25.51498,37.7117571],[-25.514937,37.7116383],[-25.5151315,37.7116033],[-25.51498,37.7117571]]],[[[-25.5152924,37.7126058],[-25.5151503,37.7122632],[-25.5159093,37.7120743],[-25.5152924,37.7126058]]],[[[-25.4961361,37.7125008],[-25.4962809,37.7128074],[-25.4960892,37.7128117],[-25.4961361,37.7125008]]],[[[-25.5165524,37.7133087],[-25.5166302,37.7133029],[-25.5166255,37.7133071],[-25.5165524,37.7133087]]],[[[-25.5165765,37.713366],[-25.5164371,37.7134747],[-25.5165195,37.7133379],[-25.5165765,37.713366]]],[[[-25.5166926,37.7141452],[-25.516647,37.7141124],[-25.5167247,37.7140975],[-25.5166926,37.7141452]]],[[[-25.4892035,37.7148213],[-25.4893918,37.7150018],[-25.4892192,37.7151042],[-25.4892035,37.7148213]]],[[[-25.3893501,37.7161702],[-25.3892897,37.7161447],[-25.389408666252624,37.71606310323786],[-25.3893501,37.7161702]]],[[[-25.3893924,37.7162451],[-25.3894944,37.7162312],[-25.389474,37.7163346],[-25.3893924,37.7162451]]],[[[-25.4269948,37.7164893],[-25.426865,37.7165808],[-25.4268085,37.7163018],[-25.4269948,37.7164893]]],[[[-25.5184722,37.7165492],[-25.5185138,37.716406],[-25.5185714,37.7164644],[-25.5184722,37.7165492]]],[[[-25.5178633,37.716511],[-25.5178835,37.7165726],[-25.5177507,37.7165864],[-25.5178633,37.716511]]],[[[-25.5183488,37.7168187],[-25.5181584,37.7168781],[-25.5182174,37.7165651],[-25.5183488,37.7168187]]],[[[-25.4848269,37.7168398],[-25.4848878,37.716792],[-25.484919,37.7168304],[-25.4848269,37.7168398]]],[[[-25.484051,37.7174762],[-25.4839745,37.7174417],[-25.484007,37.717403],[-25.484051,37.7174762]]],[[[-25.57466,37.74103],[-25.5746594,37.7410378],[-25.5746033,37.7410315],[-25.57466,37.74103]]],[[[-25.5744448,37.7410284],[-25.5745218,37.7410692],[-25.5744877,37.7410893],[-25.5744448,37.7410284]]],[[[-25.5743825,37.7410566],[-25.5743802,37.7410796],[-25.574347,37.7410782],[-25.5743825,37.7410566]]],[[[-25.5742732,37.7410395],[-25.5742954,37.7410797],[-25.5742723,37.7410991],[-25.5742732,37.7410395]]],[[[-25.5744636,37.7411106],[-25.5744801,37.7410977],[-25.5745057,37.7411175],[-25.5744636,37.7411106]]],[[[-25.5745028,37.7411342],[-25.5746189,37.7411981],[-25.5745724,37.741203],[-25.5745028,37.7411342]]],[[[-25.5747424,37.7411655],[-25.5747719,37.7411785],[-25.5747197,37.7411943],[-25.5747424,37.7411655]]],[[[-25.5739109,37.7412186],[-25.5739284,37.7412249],[-25.5739263,37.7412364],[-25.5739109,37.7412186]]],[[[-25.5738604,37.7412367],[-25.5738715,37.7412512],[-25.5738341,37.7412682],[-25.5738604,37.7412367]]],[[[-25.5738805,37.741259],[-25.5739746,37.7413353],[-25.5739472,37.7413535],[-25.5738805,37.741259]]],[[[-25.5737492,37.7414819],[-25.5738853,37.7414594],[-25.5738517,37.7414969],[-25.5737492,37.7414819]]],[[[-25.6263093,37.7508094],[-25.64892776747445,37.74209091526405],[-25.704254,37.744045],[-25.77852876525819,37.7879247131939],[-25.7881937,37.7990797],[-25.7978162,37.8006817],[-25.8175484,37.8112],[-25.842228105135558,37.83461061964335],[-25.8531801,37.8527676],[-25.8522622,37.858526],[-25.8560805,37.8612893],[-25.8556433,37.8619297],[-25.8542876,37.8610618],[-25.8524871,37.861682],[-25.8520986,37.8627468],[-25.8482574,37.8628667],[-25.8439817,37.8702168],[-25.8451297,37.8740213],[-25.8387601,37.8734566],[-25.8396629,37.8779649],[-25.8325909,37.8776296],[-25.8275194,37.8817957],[-25.8239675,37.8869297],[-25.8257964,37.8916403],[-25.8211227,37.8921944],[-25.8233241,37.8946751],[-25.8212151,37.900434],[-25.8033554,37.896525],[-25.7897718,37.9043457],[-25.7867626,37.9093459],[-25.78015008326447,37.91043575593113],[-25.7494787,37.9005637],[-25.7487199,37.8973975],[-25.7339507,37.8904135],[-25.7187926,37.8873163],[-25.7089295,37.8777628],[-25.7043646,37.8655136],[-25.6987017,37.8639561],[-25.6929758,37.8446955],[-25.6887001,37.8416461],[-25.686896595910913,37.84524893410933],[-25.680381343302617,37.84329091350841],[-25.6794697,37.8369303],[-25.6403847,37.8284622],[-25.6291893,37.8338789],[-25.6276634,37.8307088],[-25.6187305,37.8294056],[-25.6118282,37.8235771],[-25.6047452,37.8246237],[-25.604681,37.8211699],[-25.5860573,37.8137698],[-25.5817876,37.8186838],[-25.5747736,37.8156365],[-25.5652663,37.8177015],[-25.5609464,37.8145083],[-25.5577126,37.8178877],[-25.5532061,37.815481],[-25.5249766,37.8238681],[-25.5196543,37.829727],[-25.5019373,37.8385829],[-25.5019632,37.8442586],[-25.4944308,37.8399638],[-25.4902405,37.8424796],[-25.4892963,37.8475384],[-25.4822516,37.8391994],[-25.4847816,37.8350755],[-25.4788484,37.8338778],[-25.4786147,37.830432],[-25.4706551,37.8248802],[-25.4643577,37.8264923],[-25.4540926,37.8229508],[-25.4533659,37.8276258],[-25.4500488,37.8282901],[-25.4472144,37.8245536],[-25.440699,37.8228105],[-25.4330312,37.8326049],[-25.4275594,37.8307552],[-25.4291427,37.8250366],[-25.426808,37.8228619],[-25.4185496,37.8275068],[-25.4045049,37.826903],[-25.3920143,37.835227],[-25.3937598,37.8364708],[-25.3847072,37.8329748],[-25.3603786,37.8406792],[-25.3524682,37.8465552],[-25.3373516,37.849156],[-25.3269942,37.8548689],[-25.32444584055638,37.86208293699825],[-25.315085040837122,37.862254749854635],[-25.2968939,37.8550221],[-25.277561,37.8603902],[-25.2694587,37.8591354],[-25.2625621,37.8628363],[-25.2578942,37.8583533],[-25.2403781,37.8536483],[-25.19785,37.8596183],[-25.17686399502126,37.85769943502724],[-25.159169,37.852037],[-25.13589608091112,37.823241282558584],[-25.1377122,37.8194044],[-25.1341969,37.8074562],[-25.141688,37.8002114],[-25.1437041,37.7933081],[-25.138974,37.7810423],[-25.140696496970936,37.77538467938503],[-25.15685,37.754543],[-25.19484611012815,37.740697427719304],[-25.219897598318965,37.73815687450206],[-25.2426288,37.7458693],[-25.2674099,37.7458037],[-25.2878392,37.7385298],[-25.2891086,37.7337963],[-25.2915725,37.7361032],[-25.3036189,37.7333202],[-25.306699540870895,37.72935400607629],[-25.3515167,37.7244464],[-25.372426,37.717434],[-25.4105221,37.7165436],[-25.41760524789826,37.713786982285676],[-25.4252889,37.7168451],[-25.4284015,37.7164032],[-25.4282408,37.7145268],[-25.428879075486947,37.71391537571671],[-25.4295792,37.7159435],[-25.47102897198192,37.71498081066598],[-25.4823645,37.7185929],[-25.4955125,37.7141972],[-25.498369891745106,37.70965508247129],[-25.5035471,37.7092079],[-25.5040258,37.7083697],[-25.5049054,37.7088588],[-25.5064316,37.7078007],[-25.5149473,37.7131075],[-25.5165652,37.7128098],[-25.5161977,37.7136833],[-25.5174839,37.7134532],[-25.5159203,37.7144893],[-25.516676,37.7164862],[-25.5197259,37.7175374],[-25.525424507494208,37.71651285492385],[-25.534356154043607,37.720680868921164],[-25.5621902,37.737829],[-25.5661602,37.74336],[-25.5726867,37.7425469],[-25.5747726,37.7414667],[-25.5742325,37.7411025],[-25.5749052,37.7413876],[-25.5749775,37.7420404],[-25.5755555,37.7423338],[-25.5766989,37.7410326],[-25.5795256,37.7417104],[-25.5800479,37.7404871],[-25.5835438,37.7411356],[-25.5845278,37.7401811],[-25.584281,37.740865],[-25.5864374,37.7420661],[-25.5922904,37.7425225],[-25.5963895,37.7457589],[-25.6078105,37.743801],[-25.6177675,37.7502679],[-25.6263093,37.7508094]]],[[[-25.4451725,37.8265662],[-25.4450035,37.8268204],[-25.4451939,37.8263649],[-25.4451725,37.8265662]]],[[[-25.4479596,37.8270291],[-25.4481554,37.826794],[-25.4484826,37.827313],[-25.4479596,37.8270291]]],[[[-25.4821417,37.8351535],[-25.4825413,37.8350009],[-25.4825494,37.8352721],[-25.4821417,37.8351535]]],[[[-25.48352,37.8360514],[-25.484264,37.8358928],[-25.4842532,37.8359354],[-25.48352,37.8360514]]],[[[-25.4991992,37.8428191],[-25.4991579,37.8428361],[-25.4991529,37.8427858],[-25.4991992,37.8428191]]],[[[-25.499231,37.8430092],[-25.4991975,37.8430475],[-25.499172,37.843019],[-25.499231,37.8430092]]],[[[-17.9976376,27.6456743],[-17.9977287,27.6456353],[-17.9977095,27.6457476],[-17.9976376,27.6456743]]],[[[-17.9980072,27.6459421],[-17.9979279,27.6459799],[-17.99793,27.6459331],[-17.9980072,27.6459421]]],[[[-18.0016071,27.6470704],[-18.0015757,27.647146],[-18.0015124,27.6471266],[-18.0016071,27.6470704]]],[[[-18.0020076,27.647087],[-18.0019641,27.647198],[-18.0019368,27.6472004],[-18.0020076,27.647087]]],[[[-18.0045588,27.6476965],[-18.0043128,27.6477785],[-18.004503454777105,27.647620526176695],[-18.0045588,27.6476965]]],[[[-18.0044842,27.6478226],[-18.004690228288048,27.647717420274162],[-18.00475145479207,27.647749183273202],[-18.0044842,27.6478226]]],[[[-18.0104507,27.6512986],[-18.0106243,27.6513111],[-18.0105795,27.6513779],[-18.0104507,27.6512986]]],[[[-17.9709254,27.6691138],[-17.9709952,27.6692991],[-17.9708227,27.6691765],[-17.9709254,27.6691138]]],[[[-17.9712277,27.669239],[-17.9712021,27.6695319],[-17.9711638,27.6693117],[-17.9712277,27.669239]]],[[[-17.941365,27.729136],[-17.9414344,27.7295086],[-17.9413102,27.7294204],[-17.941365,27.729136]]],[[[-17.9095784,27.7728294],[-17.9096764,27.773006],[-17.9096479,27.7730418],[-17.9095784,27.7728294]]],[[[-18.0152848,27.7817097],[-18.0154724,27.781748],[-18.0153957,27.7818345],[-18.0152848,27.7817097]]],[[[-18.0154139,27.7819432],[-18.0154898,27.7821924],[-18.0153543,27.7822097],[-18.0154139,27.7819432]]],[[[-17.8977347,27.7858747],[-17.8977434,27.7860108],[-17.8976188,27.7859015],[-17.8977347,27.7858747]]],[[[-18.0083653,27.7871449],[-18.0083267,27.786996],[-18.0084635,27.7870282],[-18.0083653,27.7871449]]],[[[-17.8961309,27.7872823],[-17.8961077,27.7872864],[-17.8960671,27.7872502],[-17.8961309,27.7872823]]],[[[-17.8959979,27.7875061],[-17.8958428,27.7875111],[-17.895862,27.7874711],[-17.8959979,27.7875061]]],[[[-17.8962135,27.7886391],[-17.8963091,27.7886867],[-17.8963069,27.7887174],[-17.8962135,27.7886391]]],[[[-17.8956998,27.7891939],[-17.8952979,27.7892239],[-17.8953048,27.7891778],[-17.8956998,27.7891939]]],[[[-17.892916,27.7918223],[-17.8928436,27.7916542],[-17.8930873,27.7916627],[-17.892916,27.7918223]]],[[[-17.9967547,27.7926825],[-17.9970308,27.7929868],[-17.9969439,27.7930365],[-17.9967547,27.7926825]]],[[[-17.9945657,27.7942626],[-17.9945292,27.7943056],[-17.994483,27.7942798],[-17.9945657,27.7942626]]],[[[-17.9933681,27.7950434],[-17.9936361,27.795236],[-17.9935189,27.7952891],[-17.9933681,27.7950434]]],[[[-17.9930257,27.7967205],[-17.9928605,27.7966519],[-17.9929349,27.7965908],[-17.9930257,27.7967205]]],[[[-17.9906423,27.7981976],[-17.9906031,27.7982111],[-17.9905437,27.7981538],[-17.9906423,27.7981976]]],[[[-17.9907645,27.7982157],[-17.9907503,27.7982539],[-17.9906786,27.7982275],[-17.9907645,27.7982157]]],[[[-17.9906816,27.7983393],[-17.9907594,27.7984008],[-17.9906861,27.7984655],[-17.9906816,27.7983393]]],[[[-17.9909254,27.7990169],[-17.9909887,27.7989596],[-17.9910643,27.7990499],[-17.9909254,27.7990169]]],[[[-17.9891816,27.8001642],[-17.9890921,27.8000795],[-17.9892386,27.8000583],[-17.9891816,27.8001642]]],[[[-17.987578,27.811766],[-17.9875052,27.8118145],[-17.9874153,27.8117172],[-17.987578,27.811766]]],[[[-17.8844976,27.815003],[-17.8844527,27.8149931],[-17.8845161,27.814861],[-17.8844976,27.815003]]],[[[-17.8875923,27.8188823],[-17.8876186,27.8189945],[-17.8874927,27.8190269],[-17.8875923,27.8188823]]],[[[-17.9803853,27.8253252],[-17.9802692,27.8254585],[-17.9802483,27.8253625],[-17.9803853,27.8253252]]],[[[-17.9808046,27.8256716],[-17.980832,27.8254464],[-17.9810038,27.8256835],[-17.9808046,27.8256716]]],[[[-17.8922268,27.8257557],[-17.8924128,27.8258421],[-17.892358,27.8259199],[-17.8922268,27.8257557]]],[[[-17.9754235,27.8266222],[-17.9754555,27.8267153],[-17.975402,27.8267264],[-17.9754235,27.8266222]]],[[[-17.9732756,27.8275218],[-17.9732224,27.827467],[-17.9732914,27.8273943],[-17.9732756,27.8275218]]],[[[-17.9731473,27.8276157],[-17.9732573,27.8276693],[-17.9731583,27.8277192],[-17.9731473,27.8276157]]],[[[-17.9744151,27.8279294],[-17.9745639,27.827918],[-17.9745464,27.8279815],[-17.9744151,27.8279294]]],[[[-17.971079,27.8301337],[-17.9709531,27.8302041],[-17.9708732,27.8299514],[-17.971079,27.8301337]]],[[[-17.8949629,27.8337848],[-17.8946572,27.8338431],[-17.8950706,27.8332936],[-17.8949629,27.8337848]]],[[[-17.8991997,27.8371589],[-17.8995101,27.8369242],[-17.899571,27.8370032],[-17.8991997,27.8371589]]],[[[-17.9030064,27.8388803],[-17.9030123,27.8389496],[-17.9028892,27.8389378],[-17.9030064,27.8388803]]],[[[-17.948979,27.8410549],[-17.9492789,27.8408491],[-17.9493702,27.8409239],[-17.948979,27.8410549]]],[[[-17.9488048,27.8411046],[-17.9485974,27.8414275],[-17.9485374,27.8410472],[-17.9488048,27.8411046]]],[[[-17.9495458,27.8420107],[-17.9494984,27.8419089],[-17.9496327,27.8419232],[-17.9495458,27.8420107]]],[[[-17.9090964,27.8427221],[-17.9089092,27.8427792],[-17.9089326,27.8427066],[-17.9090964,27.8427221]]],[[[-17.9450149,27.8427354],[-17.9450018,27.8426996],[-17.9450626,27.8426974],[-17.9450149,27.8427354]]],[[[-17.908857,27.843143],[-17.9086518,27.8433665],[-17.9086458,27.8432909],[-17.908857,27.843143]]],[[[-17.9070502,27.8434734],[-17.9069799,27.8434613],[-17.9070288,27.8433547],[-17.9070502,27.8434734]]],[[[-17.9446032,27.8434983],[-17.944744,27.8436018],[-17.9445988,27.8436355],[-17.9446032,27.8434983]]],[[[-17.9441849,27.8436778],[-17.94429,27.8437765],[-17.944206,27.8438216],[-17.9441849,27.8436778]]],[[[-17.9098759,27.8439424],[-17.9098225,27.8439561],[-17.9097618,27.8438483],[-17.9098759,27.8439424]]],[[[-17.9100198,27.8438979],[-17.9100983,27.8438736],[-17.9100868,27.8440489],[-17.9100198,27.8438979]]],[[[-17.9148646,27.8443106],[-17.9149723,27.8442371],[-17.9149808,27.8443271],[-17.9148646,27.8443106]]],[[[-17.9151521,27.8446248],[-17.9149962,27.844942],[-17.9149492,27.8448158],[-17.9151521,27.8446248]]],[[[-17.9436753,27.8454017],[-17.9432873,27.8447884],[-17.9436293,27.8444122],[-17.9436753,27.8454017]]],[[[-17.9429146,27.8459041],[-17.942724,27.8458008],[-17.9428023,27.8457676],[-17.9429146,27.8459041]]],[[[-17.9429793,27.846085],[-17.9429759,27.8459596],[-17.9430419,27.845997],[-17.9429793,27.846085]]],[[[-17.9162839,27.8459585],[-17.9163867,27.845968],[-17.9163242,27.8462147],[-17.9162839,27.8459585]]],[[[-17.9415234,27.8467024],[-17.9413534,27.8468323],[-17.9413448,27.8464744],[-17.9415234,27.8467024]]],[[[-17.9396,27.8468417],[-17.9396328,27.8467418],[-17.9397351,27.8468461],[-17.9396,27.8468417]]],[[[-17.9309988,27.8480063],[-17.9309695,27.8477462],[-17.9310424,27.8477799],[-17.9309988,27.8480063]]],[[[-17.9308569,27.8485776],[-17.9308425,27.8487223],[-17.9307053,27.8487153],[-17.9308569,27.8485776]]],[[[-17.9348403,27.8492164],[-17.9348783,27.849083],[-17.9349742,27.8491774],[-17.9348403,27.8492164]]],[[[-17.9270789,27.8495789],[-17.9271939,27.8494773],[-17.9272042,27.8497098],[-17.9270789,27.8495789]]],[[[-17.9283184,27.8496627],[-17.9285294,27.8498106],[-17.928436,27.8498478],[-17.9283184,27.8496627]]],[[[-17.159992,28.0481132],[-17.1600017,28.047853],[-17.160079,28.0479383],[-17.159992,28.0481132]]],[[[-17.3196304,28.068004],[-17.3196845,28.0680978],[-17.3195362,28.0681314],[-17.3196304,28.068004]]],[[[-17.3195194,28.0725005],[-17.3194862,28.0724805],[-17.3195403,28.0723866],[-17.3195194,28.0725005]]],[[[-17.2503481,28.2032102],[-17.2456795,28.2046881],[-17.2437497,28.2007349],[-17.2355466,28.2039258],[-17.2335946,28.2006061],[-17.2295592,28.2028743],[-17.2157122,28.1996817],[-17.211281,28.2021979],[-17.2062674,28.1969041],[-17.201903105774292,28.19922451233926],[-17.1856496,28.1880075],[-17.1833112,28.1800024],[-17.1759695,28.1773964],[-17.168867444933927,28.180113433388033],[-17.1661802,28.1776437],[-17.165061890590952,28.177668613081696],[-17.1665146,28.1737224],[-17.1649974,28.1718329],[-17.15741011172453,28.172752844532297],[-17.1530571,28.1645222],[-17.137864034773095,28.160195765711894],[-17.1323911,28.1550008],[-17.118058571588133,28.147472048164573],[-17.11226333847763,28.13867391838131],[-17.1134298,28.1342808],[-17.104924918685985,28.124300160493814],[-17.1060712,28.122613],[-17.103746,28.1141977],[-17.10177400087522,28.113513096004795],[-17.1058669,28.1110588],[-17.100777477593052,28.09775626758332],[-17.1083782,28.0881467],[-17.1121269,28.0884412],[-17.11374630728061,28.081210290827205],[-17.1378972,28.067249],[-17.1389686,28.0653156],[-17.1418801,28.0643187],[-17.144567067612588,28.060559904712235],[-17.1525955,28.0550062],[-17.154728055456175,28.052076428751526],[-17.1607615,28.0479486],[-17.163187,28.045014],[-17.1803644,28.0377865],[-17.184975,28.031619],[-17.209594347865348,28.02595687340284],[-17.227647,28.0266581],[-17.240210149893173,28.02073425331651],[-17.259241985349792,28.025319939495073],[-17.273564504540715,28.033252833903322],[-17.2731806,28.0360051],[-17.290889463496725,28.04284870654229],[-17.2914759,28.0469145],[-17.310073,28.053474],[-17.31998544545003,28.066687204858667],[-17.3184699,28.0695426],[-17.3206498,28.0762105],[-17.33171055737933,28.082316678603934],[-17.343221,28.09766],[-17.34057804343412,28.15649097191328],[-17.3345456,28.1628752],[-17.3347036,28.1642966],[-17.337279,28.166098],[-17.335465,28.169854],[-17.3359538,28.1724519],[-17.337126865599434,28.173138790688594],[-17.3322125,28.1778998],[-17.31301213023366,28.202984333669775],[-17.3058035,28.2035079],[-17.300027969955593,28.209141501355855],[-17.2984771,28.2073235],[-17.2935057,28.2071795],[-17.2898648,28.2094333],[-17.28906903592358,28.211441792459606],[-17.2857187,28.2103476],[-17.2837543,28.2111091],[-17.2835668,28.2123229],[-17.2817085,28.2111604],[-17.26064430342991,28.217408171953327],[-17.2602453,28.2131625],[-17.2561973,28.2105187],[-17.2540268,28.2109087],[-17.2526052,28.2090752],[-17.2540122,28.2075472],[-17.2521907,28.2033645],[-17.2503481,28.2032102]]],[[[-17.1050303,28.1207665],[-17.1049054,28.1207643],[-17.1049504,28.1206211],[-17.1050303,28.1207665]]],[[[-17.105305,28.1219141],[-17.1056821,28.1219119],[-17.1056172,28.1219691],[-17.105305,28.1219141]]],[[[-17.105757,28.1224251],[-17.1055847,28.1223127],[-17.105757,28.1223392],[-17.105757,28.1224251]]],[[[-17.1057071,28.1224757],[-17.105762,28.1225154],[-17.1057246,28.122555],[-17.1057071,28.1224757]]],[[[-17.1053325,28.1225088],[-17.1055173,28.122555],[-17.1054199,28.1225969],[-17.1053325,28.1225088]]],[[[-17.1097049,28.1313652],[-17.1097924,28.1314016],[-17.1096768,28.1315385],[-17.1097049,28.1313652]]],[[[-17.1333526,28.1572237],[-17.133335641065727,28.157286568288054],[-17.13327983979181,28.15725071961128],[-17.1333526,28.1572237]]],[[[-17.3369202,28.1616817],[-17.3371798,28.1617955],[-17.3365697,28.1618174],[-17.3369202,28.1616817]]],[[[-17.1432224,28.1621609],[-17.1429258,28.1622689],[-17.1429139,28.1619552],[-17.1432224,28.1621609]]],[[[-17.1431393,28.1625618],[-17.14308,28.1627012],[-17.1430326,28.1623596],[-17.1431393,28.1625618]]],[[[-17.3367153,28.1649083],[-17.3367872,28.1650414],[-17.3363164,28.1650143],[-17.3367153,28.1649083]]],[[[-17.1511639,28.166587],[-17.1507884,28.167041],[-17.1509493,28.1668046],[-17.1511639,28.166587]]],[[[-17.3360665,28.1712937],[-17.3360347,28.1712256],[-17.336255,28.1712216],[-17.3360665,28.1712937]]],[[[-17.3360234,28.1714518],[-17.3360234,28.1714258],[-17.3361369,28.1713998],[-17.3360234,28.1714518]]],[[[-17.1637719,28.1735342],[-17.1637705,28.173506],[-17.1638273,28.173479],[-17.1637719,28.1735342]]],[[[-17.1660005,28.1739517],[-17.1660722,28.1739158],[-17.1660722,28.173979],[-17.1660005,28.1739517]]],[[[-17.1662368,28.1740307],[-17.1661406,28.1739761],[-17.1661781,28.1739732],[-17.1662368,28.1740307]]],[[[-17.3332469,28.1778754],[-17.333276977603113,28.177903595108965],[-17.33327212404821,28.17790960209927],[-17.3332469,28.1778754]]],[[[-17.1668584,28.178497],[-17.1669925,28.1787077],[-17.1666835,28.1786204],[-17.1668584,28.178497]]],[[[-17.206793,28.1984696],[-17.2068896,28.1982615],[-17.2072114,28.198219],[-17.206793,28.1984696]]],[[[-17.2093759,28.2012014],[-17.2094244,28.2011721],[-17.2095165,28.2013772],[-17.2093759,28.2012014]]],[[[-17.2117463,28.2024197],[-17.212117,28.2027153],[-17.2112969,28.202818],[-17.2117463,28.2024197]]],[[[-17.242036,28.2027955],[-17.2418074,28.2028585],[-17.2418395,28.202742],[-17.242036,28.2027955]]],[[[-17.2416558,28.2026262],[-17.2414967,28.2031669],[-17.241361,28.2029277],[-17.2416558,28.2026262]]],[[[-17.2419395,28.2029403],[-17.2420253,28.2028522],[-17.2420324,28.2030347],[-17.2419395,28.2029403]]],[[[-17.2367058,28.2037534],[-17.2366852,28.2037988],[-17.2366158,28.2037149],[-17.2367058,28.2037534]]],[[[-17.2366338,28.2038509],[-17.2363919,28.2039416],[-17.2364177,28.2038623],[-17.2366338,28.2038509]]],[[[-17.2366261,28.2040596],[-17.2366286,28.2039416],[-17.2366647,28.2039938],[-17.2366261,28.2040596]]],[[[-17.2478339,28.2041197],[-17.2478558,28.2041431],[-17.2478542,28.2041899],[-17.2478339,28.2041197]]],[[[-17.2537769,28.2073401],[-17.253647,28.2073901],[-17.2536376,28.2073235],[-17.2537769,28.2073401]]],[[[-17.2537958,28.2074858],[-17.2536848,28.2074858],[-17.2537131,28.2074442],[-17.2537958,28.2074858]]],[[[-17.2974907,28.20762],[-17.2974752,28.2075872],[-17.2976427,28.2075353],[-17.2974907,28.20762]]],[[[-17.2978836,28.2075057],[-17.29805,28.2075411],[-17.2979017,28.2076824],[-17.2978836,28.2075057]]],[[[-17.2926436,28.208706],[-17.2928064,28.2088246],[-17.2927144,28.2089275],[-17.2926436,28.208706]]],[[[-17.2924631,28.2091583],[-17.2925781,28.2092986],[-17.2924861,28.2093485],[-17.2924631,28.2091583]]],[[[-17.2918579,28.2095559],[-17.2919888,28.2093407],[-17.2920136,28.20957],[-17.2918579,28.2095559]]],[[[-17.2922614,28.209821],[-17.2923498,28.2097384],[-17.292387,28.2097618],[-17.2922614,28.209821]]],[[[-17.2919676,28.2099317],[-17.2918915,28.2098943],[-17.2919481,28.2097165],[-17.2919676,28.2099317]]],[[[-17.2895723,28.2102195],[-17.2903391,28.2105505],[-17.2901152,28.2106117],[-17.2895723,28.2102195]]],[[[-17.284663,28.2112707],[-17.28491,28.210985],[-17.2850386,28.211171],[-17.284663,28.2112707]]],[[[-17.2560272,28.2115851],[-17.2560238,28.2116432],[-17.2559556,28.2116322],[-17.2560272,28.2115851]]],[[[-17.2570073,28.212421],[-17.2570121,28.2122687],[-17.2570769,28.2123744],[-17.2570073,28.212421]]],[[[-17.2576698,28.2124189],[-17.2575426,28.2123977],[-17.2576915,28.2123215],[-17.2576698,28.2124189]]],[[[-17.2832542,28.2123235],[-17.2835349,28.2124224],[-17.2832161,28.2125426],[-17.2832542,28.2123235]]],[[[-17.2575786,28.2127637],[-17.2576843,28.2126346],[-17.2578163,28.2127256],[-17.2575786,28.2127637]]],[[[-17.2577203,28.2130154],[-17.2576819,28.21299],[-17.2578835,28.2128589],[-17.2577203,28.2130154]]],[[[-17.2583315,28.2131476],[-17.2590944,28.2132058],[-17.2588096,28.2133358],[-17.2583315,28.2131476]]],[[[-17.2586517,28.2134956],[-17.2582436,28.2135548],[-17.2584645,28.2135125],[-17.2586517,28.2134956]]],[[[-17.259879,28.2143197],[-17.25993,28.2145085],[-17.2598877,28.2144738],[-17.259879,28.2143197]]],[[[-17.2597697,28.2142927],[-17.2597872,28.2142478],[-17.2599198,28.2146369],[-17.2597697,28.2142927]]],[[[-17.259657,28.214691],[-17.2594739,28.2146507],[-17.2597587,28.2145834],[-17.259657,28.214691]]],[[[-17.7568416,28.6416619],[-17.7569725,28.6419022],[-17.7566731,28.6418284],[-17.7568416,28.6416619]]],[[[-17.755651,28.6477752],[-17.7560355,28.6477089],[-17.7561593,28.6479647],[-17.755651,28.6477752]]],[[[-17.7559548,28.6486654],[-17.7560519,28.6487659],[-17.7560095,28.6488357],[-17.7559548,28.6486654]]],[[[-17.757069,28.6513484],[-17.7570717,28.6513142],[-17.7571495,28.6512636],[-17.757069,28.6513484]]],[[[-17.7585965,28.6523628],[-17.7586864,28.6522593],[-17.7587092,28.6523075],[-17.7585965,28.6523628]]],[[[-17.7582618,28.6529948],[-17.7579683,28.6529213],[-17.7581672,28.6526725],[-17.7582618,28.6529948]]],[[[-17.7595982,28.6536794],[-17.7596457,28.653793],[-17.7590629,28.6536025],[-17.7595982,28.6536794]]],[[[-17.786669,28.5437631],[-17.8086807,28.5020358],[-17.8171088,28.4947478],[-17.8333378,28.4567355],[-17.837066,28.45539],[-17.842885,28.465033],[-17.865122,28.475381],[-17.872153,28.494426],[-17.879688,28.543713],[-17.919289,28.596303],[-17.924838,28.618339],[-17.9385744,28.6403603],[-17.962794259714382,28.67106705028279],[-17.976145,28.728176],[-17.991416056145503,28.73802362856678],[-18.0015027,28.7505842],[-17.996816,28.780097],[-17.970693,28.813218],[-17.93635,28.840318],[-17.911145,28.855619],[-17.8959816,28.8424968],[-17.8870102,28.8399369],[-17.884978524160314,28.84320321698625],[-17.8811503,28.8381515],[-17.8620502,28.8360877],[-17.8582827,28.8328696],[-17.8371894,28.8350236],[-17.8220784,28.8400661],[-17.8145133,28.839155],[-17.8087266,28.8423502],[-17.8092411,28.845382],[-17.7958635,28.8412553],[-17.7887415,28.8440097],[-17.7874463,28.84016],[-17.77838958477608,28.839856680160853],[-17.7764241,28.8327023],[-17.7730384,28.8320928],[-17.7745588,28.8259361],[-17.7694027,28.8247328],[-17.7702743,28.8184997],[-17.7652697,28.8150147],[-17.7652454,28.8110937],[-17.7622171,28.8114851],[-17.7591096,28.8041365],[-17.7580966,28.7873816],[-17.7544535,28.7862093],[-17.7513231,28.7743854],[-17.741438,28.757912],[-17.7306836,28.7501489],[-17.7298414,28.7441031],[-17.7244486,28.7430893],[-17.7259811,28.7341783],[-17.7330398,28.7248552],[-17.7325327,28.7202311],[-17.7460023,28.7120069],[-17.7592425,28.6971499],[-17.758907663046298,28.687608352095257],[-17.7655692,28.680249],[-17.7639021,28.671187],[-17.7663608,28.6793386],[-17.7687458,28.6773291],[-17.7681983,28.6679551],[-17.7612245,28.661892],[-17.7620363,28.6549159],[-17.7560245,28.649494],[-17.7579018,28.6393],[-17.7544569,28.6375116],[-17.749954,28.6206378],[-17.7568951,28.6117379],[-17.754871696964205,28.59790131973095],[-17.760728802290178,28.575771994522214],[-17.786669,28.5437631]]],[[[-17.943109772697127,28.64372176839656],[-17.9426781,28.6435088],[-17.942849312765006,28.6433599428505],[-17.943109772697127,28.64372176839656]]],[[[-17.8534972,28.8337111],[-17.8534244,28.8336832],[-17.8535108,28.8335239],[-17.8534972,28.8337111]]],[[[-17.8534087,28.8338475],[-17.8538358,28.8344503],[-17.8535194,28.834471],[-17.8534087,28.8338475]]],[[[-17.8501108,28.835538],[-17.8500634,28.8358428],[-17.8499289,28.8358289],[-17.8501108,28.835538]]],[[[-17.8463561,28.8357335],[-17.8466008,28.8359178],[-17.8465419,28.835937],[-17.8463561,28.8357335]]],[[[-17.8470476,28.836069],[-17.8470659,28.8361766],[-17.8469901,28.8361469],[-17.8470476,28.836069]]],[[[-17.8478653,28.8367098],[-17.847912094264487,28.83678155866875],[-17.84785403754235,28.836769046568396],[-17.8478653,28.8367098]]],[[[-16.974507,32.6478316],[-17.142974,32.705552],[-17.180653,32.725979],[-17.214467,32.750637],[-17.2412,32.77912],[-17.250314449185723,32.799863259264995],[-17.252105,32.814521],[-17.247004542630005,32.82721623317799],[-17.224965,32.839301],[-17.2004217,32.8681753],[-17.1949348,32.8706178],[-17.1778965,32.866598],[-17.166001903918747,32.86838867628021],[-17.1639906,32.8622436],[-17.1516296,32.8551359],[-17.1499612,32.8479369],[-17.125031,32.8275483],[-17.1164655,32.8257674],[-17.1113307,32.8281231],[-17.1087183,32.8259103],[-17.1059219,32.8268075],[-17.1029605,32.8228762],[-17.1020658,32.8243278],[-17.1029146,32.8205847],[-17.0932626,32.8154409],[-17.0824839,32.8161847],[-17.0512271,32.8084864],[-17.0437932,32.8120691],[-17.0160298,32.8155097],[-16.988414799769398,32.82998973693294],[-16.9825132,32.8265057],[-16.9636595,32.8266499],[-16.904554691635113,32.83676572985999],[-16.8975621,32.8300436],[-16.879780288539887,32.82176871779389],[-16.8634579,32.8072393],[-16.8544929,32.8078041],[-16.8594791,32.8037321],[-16.8588755,32.7985355],[-16.8544003,32.7940318],[-16.8487916,32.7947334],[-16.8450295,32.7882504],[-16.8357105,32.7870184],[-16.8308305,32.7764785],[-16.8259311,32.776407],[-16.8274309,32.7728692],[-16.8220889,32.7679926],[-16.8161519,32.7691441],[-16.7980438,32.7624615],[-16.7892349,32.7661938],[-16.7829275,32.7593938],[-16.7780593,32.7577107],[-16.7658227,32.7592211],[-16.7449261,32.7556599],[-16.7404106,32.751321],[-16.7373363,32.7517579],[-16.7361722,32.7480694],[-16.7276354,32.7515932],[-16.7249671,32.7474898],[-16.7156623,32.7474075],[-16.7101589,32.7492693],[-16.7084358,32.7519957],[-16.704339051194207,32.74921162507358],[-16.7459096,32.7346439],[-16.7922713,32.6860747],[-16.8015394,32.6738422],[-16.8034416,32.6629024],[-16.812528207857536,32.65491137903057],[-16.847808,32.644029],[-16.86863543524245,32.64297195223248],[-16.8847655,32.6461604],[-16.8958318,32.6470789],[-16.9111062,32.6459498],[-16.914825543223003,32.6429014112792],[-16.974507,32.6478316]]],[[[-17.2498659,32.7972607],[-17.2496633,32.7972587],[-17.2496961,32.7972083],[-17.2498659,32.7972607]]],[[[-17.0954567,32.8182796],[-17.0957851,32.8180274],[-17.0958791,32.818146],[-17.0954567,32.8182796]]],[[[-17.0952795,32.818313],[-17.095395,32.8182665],[-17.095501,32.8184678],[-17.0952795,32.818313]]],[[[-17.0953086,32.8186596],[-17.0953424,32.8185696],[-17.0954351,32.8186341],[-17.0953086,32.8186596]]],[[[-17.011191524338642,32.81872026964789],[-17.0111458,32.8186255],[-17.0111933,32.8186126],[-17.011191524338642,32.81872026964789]]],[[[-17.1006227,32.8198727],[-17.1006348,32.8198924],[-17.1005785,32.8199465],[-17.1006227,32.8198727]]],[[[-17.1026391,32.8211569],[-17.10269,32.8211085],[-17.1027209,32.8211603],[-17.1026391,32.8211569]]],[[[-17.1036736,32.8243376],[-17.103773,32.824387],[-17.1037212,32.8244822],[-17.1036736,32.8243376]]],[[[-17.101843,32.8247354],[-17.1020317,32.8241648],[-17.1020676,32.8241807],[-17.101843,32.8247354]]],[[[-17.1082006,32.8268203],[-17.1081575,32.8270876],[-17.1079801,32.8270248],[-17.1082006,32.8268203]]],[[[-17.1073011,32.8279053],[-17.1064217,32.827119],[-17.1071038,32.8266676],[-17.1073011,32.8279053]]],[[[-17.1098377,32.8272096],[-17.1099997,32.8272795],[-17.1099303,32.8274508],[-17.1098377,32.8272096]]],[[[-17.1095033,32.8272964],[-17.109383,32.8274709],[-17.1093059,32.8272508],[-17.1095033,32.8272964]]],[[[-17.1140981,32.8274879],[-17.1141048,32.8275617],[-17.1140331,32.8275521],[-17.1140981,32.8274879]]],[[[-17.1132241,32.8276808],[-17.11306,32.827596],[-17.1131292,32.8275061],[-17.1132241,32.8276808]]],[[[-17.1088135,32.8275978],[-17.1088431,32.8275874],[-17.1088495,32.8277398],[-17.1088135,32.8275978]]],[[[-17.1083392,32.8278121],[-17.1080337,32.8279017],[-17.1082258,32.827509],[-17.1083392,32.8278121]]],[[[-16.9679465,32.828782],[-16.967244,32.8287846],[-16.9672719,32.8280122],[-16.9679465,32.828782]]],[[[-17.111052,32.8283775],[-17.1110208,32.8285315],[-17.1109732,32.8285186],[-17.111052,32.8283775]]],[[[-16.9672806,32.8289881],[-16.9672133,32.8288719],[-16.9675407,32.8288191],[-16.9672806,32.8289881]]],[[[-16.9607614,32.8291534],[-16.9607712,32.829282],[-16.9606206,32.8291952],[-16.9607614,32.8291534]]],[[[-16.9607072,32.8292765],[-16.9607046,32.829321],[-16.9605966,32.8293039],[-16.9607072,32.8292765]]],[[[-16.9606242,32.8293501],[-16.960666,32.8294272],[-16.9606,32.8294474],[-16.9606242,32.8293501]]],[[[-16.9716744,32.8300406],[-16.9713648,32.8298386],[-16.9714158,32.8295065],[-16.9716744,32.8300406]]],[[[-17.1530944,32.8562395],[-17.1531786,32.8561966],[-17.1531846,32.8562383],[-17.1530944,32.8562395]]],[[[-17.1527485,32.8563899],[-17.1525276,32.8564427],[-17.1525505,32.8563616],[-17.1527485,32.8563899]]],[[[-17.15081942951613,32.856638708828335],[-17.15074704061666,32.856571270740844],[-17.1509398,32.8565012],[-17.15081942951613,32.856638708828335]]],[[[-17.1520789,32.8570921],[-17.1524784,32.8565153],[-17.1525645,32.8566847],[-17.1520789,32.8570921]]],[[[-17.1682534,32.8685099],[-17.1681205,32.8684159],[-17.1683531,32.868363],[-17.1682534,32.8685099]]],[[[-17.1688923,32.8687247],[-17.1687287,32.868612],[-17.1693644,32.8685602],[-17.1688923,32.8687247]]],[[[-16.8295612,28.1996724],[-16.8298676,28.1998455],[-16.8289996,28.2001154],[-16.8295612,28.1996724]]],[[[-16.836414638753634,28.20803172899362],[-16.842986298851983,28.246641375667377],[-16.8400191,28.2478439],[-16.8378461,28.2566654],[-16.8407927,28.2640476],[-16.8507133,28.2686515],[-16.8501106,28.2727967],[-16.85487797681508,28.273120297144917],[-16.873402,28.305243],[-16.89455302626797,28.32429382949633],[-16.8967303,28.3319834],[-16.908644724885804,28.339425024041116],[-16.916058,28.35497],[-16.899985956447424,28.36408835128552],[-16.890677,28.3634847],[-16.8852776,28.3689459],[-16.8821469,28.3673075],[-16.8719665,28.3707325],[-16.8700596,28.3756243],[-16.8601989,28.375589],[-16.8600983,28.3794334],[-16.8557243,28.380423],[-16.85440462987754,28.3841013364664],[-16.8417399,28.3870817],[-16.83744,28.391083],[-16.817766,28.383563],[-16.794179,28.369127],[-16.770131,28.366278],[-16.73080788565702,28.378275737442532],[-16.7306938,28.3770145],[-16.7267106,28.3762221],[-16.7230541542912,28.381731143242106],[-16.714144259468494,28.384868851286775],[-16.7012932,28.383749],[-16.6946427,28.3872985],[-16.694385077896563,28.39066822500171],[-16.68734184738122,28.39273543237921],[-16.680774,28.390603],[-16.6755672,28.3942768],[-16.676891506245006,28.396336807034807],[-16.66640596146274,28.399958216177993],[-16.6374947,28.3941875],[-16.6274121,28.3963783],[-16.617187,28.3941537],[-16.6140899,28.3947996],[-16.6087199,28.3938035],[-16.6042369,28.3941491],[-16.597480620955263,28.400168925357633],[-16.5878997,28.3982766],[-16.5781926,28.4050696],[-16.5756707,28.4054648],[-16.5746339,28.4039236],[-16.57276,28.4042396],[-16.5663633,28.4125992],[-16.5624992,28.4113486],[-16.558541655424843,28.415924807058268],[-16.5121546,28.4198145],[-16.483895,28.4402246],[-16.4769753,28.4409174],[-16.4699524,28.448596],[-16.470993640927624,28.45079689178089],[-16.4557572,28.4601191],[-16.4204,28.490627],[-16.414296,28.499213],[-16.408274,28.519843],[-16.363352,28.543036],[-16.341054,28.546576],[-16.322743,28.553453],[-16.316396,28.572089],[-16.30016,28.566636],[-16.202707,28.564032],[-16.141347,28.583441],[-16.1343615062733,28.58008085911926],[-16.1340738,28.5739169],[-16.1282362,28.5726911],[-16.125116,28.5675284],[-16.1267154,28.5637373],[-16.121996815475306,28.559202345115644],[-16.12707,28.543819],[-16.157398,28.524483],[-16.2368867,28.4856103],[-16.2445611,28.474843],[-16.2463336,28.4695026],[-16.240545389831496,28.47338647872527],[-16.248015,28.461123],[-16.259163523249903,28.451512613520304],[-16.2697768,28.447232],[-16.300446919391334,28.41461064959624],[-16.320425260774467,28.400006165385584],[-16.3337131,28.4006267],[-16.34657686670685,28.387707975690976],[-16.3604441,28.3794068],[-16.361290998830125,28.37062153508197],[-16.3695444,28.3543929],[-16.35929813362814,28.319431376203962],[-16.3616491,28.3044785],[-16.3835425,28.2848526],[-16.3872988,28.2645578],[-16.3945805,28.2581076],[-16.4017096,28.2410913],[-16.424679,28.2045502],[-16.421684470365392,28.199116665343343],[-16.4274123,28.1885206],[-16.4255974,28.1825685],[-16.4303074,28.173702],[-16.427362887430135,28.17070377281179],[-16.427917044073812,28.1644314244788],[-16.4312221,28.1647365],[-16.4343898,28.1568292],[-16.427695,28.14967],[-16.434623246758747,28.140882651178647],[-16.4379626,28.1427393],[-16.4415594,28.1405528],[-16.4417378,28.1350525],[-16.4488965,28.1346206],[-16.448782,28.1293966],[-16.4528819,28.1255197],[-16.4630222,28.1205558],[-16.4640152,28.1114718],[-16.4722145,28.1083019],[-16.4727258,28.1042636],[-16.4899357,28.0902028],[-16.489647376265577,28.086084726192794],[-16.504088,28.0757514],[-16.526833796789013,28.05002590084903],[-16.5316583,28.0496153],[-16.5341406,28.0427116],[-16.5412884,28.0421616],[-16.5428771,28.0361641],[-16.5395393,28.0330858],[-16.5464431,28.0248741],[-16.5575902,28.0313055],[-16.5955347,28.0291962],[-16.61306339304164,28.018947393057235],[-16.6109414,28.0220957],[-16.6254895,28.0185766],[-16.631807702056758,28.01254934562966],[-16.648538516101603,28.006748907274257],[-16.656385,28.0051687],[-16.6643935,28.0085894],[-16.666756,28.0033404],[-16.6718398,28.0047362],[-16.6788383,27.9980751],[-16.692683,27.999847],[-16.703552,28.013683],[-16.704091,28.03498],[-16.709744775357315,28.03701486507945],[-16.7111389,28.0469003],[-16.7182632,28.0499761],[-16.7173034,28.0458341],[-16.722757944090773,28.049055462051278],[-16.727895,28.078599],[-16.780629,28.127875],[-16.7954,28.165269],[-16.836414638753634,28.20803172899362]]],[[[-16.8420349,28.2489024],[-16.84317356103032,28.24784967692897],[-16.84320816809848,28.24807297756817],[-16.8420349,28.2489024]]],[[[-16.3658995,28.3596777],[-16.36581421653224,28.35980480993132],[-16.36581676890459,28.35964458189994],[-16.3658995,28.3596777]]],[[[-16.7307556,28.3780209],[-16.7304256,28.3782759],[-16.7303792,28.3781857],[-16.7307556,28.3780209]]],[[[-16.71345363070901,28.385071552712436],[-16.7133447,28.3848927],[-16.7134438,28.3848099],[-16.71345363070901,28.385071552712436]]],[[[-16.7129262,28.385126],[-16.7129879,28.3849786],[-16.71305304541026,28.385189125590834],[-16.7129262,28.385126]]],[[[-16.6095042,28.3941917],[-16.6096035,28.3941021],[-16.6097134,28.3942696],[-16.6095042,28.3941917]]],[[[-16.6098288,28.3946235],[-16.6097537,28.3945622],[-16.6098368,28.3945008],[-16.6098288,28.3946235]]],[[[-16.61062,28.3948854],[-16.6106683,28.3952299],[-16.6105664,28.3951898],[-16.61062,28.3948854]]],[[[-16.6147104,28.3952582],[-16.6147748,28.3952276],[-16.6148914,28.3955095],[-16.6147104,28.3952582]]],[[[-16.6381653,28.3956306],[-16.6381698,28.3954837],[-16.6383501,28.3955955],[-16.6381653,28.3956306]]],[[[-16.6147372,28.3955579],[-16.6147774,28.3956216],[-16.6147131,28.3956381],[-16.6147372,28.3955579]]],[[[-16.6160408,28.3962186],[-16.6161749,28.3957844],[-16.6164538,28.3960558],[-16.6160408,28.3962186]]],[[[-16.616655,28.3963719],[-16.6165826,28.3964168],[-16.6165397,28.3962705],[-16.616655,28.3963719]]],[[[-16.6492426,28.3966102],[-16.649171,28.3967827],[-16.6489111,28.3966759],[-16.6492426,28.3966102]]],[[[-16.6487124,28.3967788],[-16.6487375,28.3971101],[-16.6481489,28.3968966],[-16.6487124,28.3967788]]],[[[-16.6218505,28.3971577],[-16.6218397,28.3969004],[-16.6219363,28.396924],[-16.6218505,28.3971577]]],[[[-16.6214682,28.3971446],[-16.6215138,28.3972331],[-16.6214374,28.3972697],[-16.6214682,28.3971446]]],[[[-16.5746071,28.4042687],[-16.574776,28.4042562],[-16.574716,28.4045536],[-16.5746071,28.4042687]]],[[[-16.5739861,28.4044248],[-16.5736542,28.4046799],[-16.5736118,28.4044327],[-16.5739861,28.4044248]]],[[[-16.456530335551758,28.462180821407625],[-16.4563228,28.4621122],[-16.456547525429198,28.46216729141915],[-16.456530335551758,28.462180821407625]]],[[[-16.4555483,28.4627279],[-16.4555198,28.4629201],[-16.4552107,28.4628221],[-16.4555483,28.4627279]]],[[[-16.537111937052938,32.55890221694628],[-16.5408658,32.5728775],[-16.5358932,32.5708901],[-16.5316923,32.5615791],[-16.5220294,32.5540292],[-16.5218236,32.5502187],[-16.5168655,32.5404594],[-16.5147477,32.5398365],[-16.5083861,32.5285585],[-16.500114,32.5200339],[-16.497300793744856,32.505772401544554],[-16.537111937052938,32.55890221694628]]],[[[-16.496866932041055,32.505176156591396],[-16.4936376,32.5027811],[-16.493793413095567,32.500952298749986],[-16.496866932041055,32.505176156591396]]],[[[-16.5086948,32.5308237],[-16.5086234,32.5307298],[-16.5089112,32.5306278],[-16.5086948,32.5308237]]],[[[-16.5179736,32.5438225],[-16.5178314,32.5438774],[-16.5176801,32.5436779],[-16.5179736,32.5438225]]],[[[-16.5210675,32.5497537],[-16.5210586,32.549862],[-16.5208669,32.5498496],[-16.5210675,32.5497537]]],[[[-16.5215588,32.5509745],[-16.521404,32.5508044],[-16.5215797,32.5506684],[-16.5215588,32.5509745]]],[[[-16.5332447,32.567089],[-16.5332803,32.5668792],[-16.5335158,32.5668713],[-16.5332447,32.567089]]],[[[-16.5338509,32.5679364],[-16.5336611,32.5678657],[-16.5338539,32.5676436],[-16.5338509,32.5679364]]],[[[-16.5406029,32.568609],[-16.54077490672019,32.568613189835666],[-16.54079353718639,32.568754109883685],[-16.5406029,32.568609]]],[[[-16.5403077,32.5754659],[-16.540516,32.5755993],[-16.5404396,32.5757642],[-16.5403077,32.5754659]]],[[[-16.5409292,32.5762375],[-16.5410325,32.5764079],[-16.5408163,32.576471],[-16.5409292,32.5762375]]],[[[-16.5407184,32.57696],[-16.5407341,32.5767403],[-16.5410325,32.5767903],[-16.5407184,32.57696]]],[[[-16.54233476196951,32.580411868104605],[-16.5407907,32.5779902],[-16.5411878,32.5768747],[-16.54233476196951,32.580411868104605]]],[[[-16.9057323,32.6454473],[-16.9057792,32.6455846],[-16.9056496,32.6456161],[-16.9057323,32.6454473]]],[[[-16.9053377,32.6455466],[-16.9054649,32.6455132],[-16.9055135,32.6456445],[-16.9053377,32.6455466]]],[[[-16.8991778,32.6460433],[-16.8993045,32.6461565],[-16.8992578,32.6461821],[-16.8991778,32.6460433]]],[[[-16.8983971,32.6461539],[-16.8983864,32.6461442],[-16.8984814,32.6461129],[-16.8983971,32.6461539]]],[[[-16.8898094,32.6461913],[-16.8897114,32.6462159],[-16.8897023,32.6461737],[-16.8898094,32.6461913]]],[[[-16.890216,32.6461416],[-16.8900009,32.6462576],[-16.890004,32.6462288],[-16.890216,32.6461416]]],[[[-16.8991614,32.6462389],[-16.899108,32.6462155],[-16.8991667,32.6461971],[-16.8991614,32.6462389]]],[[[-16.8992487,32.6463192],[-16.8991787,32.6463209],[-16.8992013,32.6462941],[-16.8992487,32.6463192]]],[[[-16.8928167,32.6466385],[-16.8928524,32.6465175],[-16.8928562,32.6465303],[-16.8928167,32.6466385]]],[[[-16.7232731,32.7487665],[-16.7233888,32.7490623],[-16.7232452,32.7491312],[-16.7232731,32.7487665]]],[[[-16.7123391,32.7496849],[-16.7122153,32.7496012],[-16.7122509,32.7494197],[-16.7123391,32.7496849]]],[[[-16.713186,32.7495401],[-16.7132437,32.7495762],[-16.7129434,32.7497525],[-16.713186,32.7495401]]],[[[-16.7108043,32.7499294],[-16.7106824,32.7498003],[-16.7107715,32.7497716],[-16.7108043,32.7499294]]],[[[-16.7201157,32.7499217],[-16.7202508,32.7499154],[-16.7201504,32.7500464],[-16.7201157,32.7499217]]],[[[-16.720379,32.7499872],[-16.7202227,32.7500964],[-16.7202649,32.7499354],[-16.720379,32.7499872]]],[[[-16.7200067,32.7501741],[-16.7204403,32.7504602],[-16.7203295,32.7505753],[-16.7200067,32.7501741]]],[[[-16.7057741,32.7502887],[-16.706267,32.7510136],[-16.7060836,32.7507604],[-16.7057741,32.7502887]]],[[[-16.7325491,32.7508342],[-16.7324099,32.7512674],[-16.732307,32.750738],[-16.7325491,32.7508342]]],[[[-16.7301114,32.7506966],[-16.7296713,32.7519147],[-16.7293058,32.7511696],[-16.7301114,32.7506966]]],[[[-16.7323956,32.7513086],[-16.7325287,32.7512836],[-16.7325114,32.7514359],[-16.7323956,32.7513086]]],[[[-16.73136,32.7516484],[-16.7312786,32.7526485],[-16.7321159,32.7510064],[-16.73136,32.7516484]]],[[[-16.6970743,32.7522003],[-16.6972633,32.752401],[-16.696807,32.7523065],[-16.6970743,32.7522003]]],[[[-16.7090704,32.7522236],[-16.7092722,32.7525617],[-16.7089874,32.7525349],[-16.7090704,32.7522236]]],[[[-16.6976269,32.7527041],[-16.697711,32.7527844],[-16.6976233,32.7527977],[-16.6976269,32.7527041]]],[[[-16.7082976,32.75276],[-16.7088082,32.7530194],[-16.7082783,32.7531182],[-16.7082976,32.75276]]],[[[-16.7395603,32.7528096],[-16.7402331,32.7529532],[-16.7398652,32.7532787],[-16.7395603,32.7528096]]],[[[-16.7280291,32.7529212],[-16.7277777,32.7536458],[-16.7276681,32.7531312],[-16.7280291,32.7529212]]],[[[-16.6964592,32.7532199],[-16.6964161,32.7531918],[-16.6965861,32.7531696],[-16.6964592,32.7532199]]],[[[-16.7298575,32.7530318],[-16.730027,32.7531082],[-16.7296768,32.7534275],[-16.7298575,32.7530318]]],[[[-16.7397639,32.753482],[-16.739752,32.7533929],[-16.7398739,32.7533836],[-16.7397639,32.753482]]],[[[-16.6931383,32.7536935],[-16.6943983,32.7542202],[-16.6936947,32.7545365],[-16.6931383,32.7536935]]],[[[-16.6946379,32.7543115],[-16.6944918,32.7542902],[-16.6946379,32.7541875],[-16.6946379,32.7543115]]],[[[-16.7446963,32.7561199],[-16.7446402,32.7558855],[-16.7450446,32.7560379],[-16.7446963,32.7561199]]],[[[-16.7793216,32.758806],[-16.7791234,32.7587818],[-16.7791455,32.7587425],[-16.7793216,32.758806]]],[[[-16.7715216,32.7588544],[-16.7717367,32.7588597],[-16.7717019,32.7589286],[-16.7715216,32.7588544]]],[[[-16.7763988,32.7590898],[-16.7765147,32.7591602],[-16.7763252,32.7591917],[-16.7763988,32.7590898]]],[[[-16.7682819,32.7591208],[-16.7682895,32.759244],[-16.7681702,32.7591767],[-16.7682819,32.7591208]]],[[[-16.7788558,32.7591381],[-16.7791099,32.7591691],[-16.7790712,32.7592097],[-16.7788558,32.7591381]]],[[[-16.7787361,32.7591554],[-16.778763,32.7591717],[-16.7782982,32.7592319],[-16.7787361,32.7591554]]],[[[-16.7754754,32.7593823],[-16.7751695,32.7593252],[-16.7753823,32.7592755],[-16.7754754,32.7593823]]],[[[-16.7751999,32.7593786],[-16.7748651,32.7593891],[-16.7749345,32.7593195],[-16.7751999,32.7593786]]],[[[-16.7680763,32.7593549],[-16.7682178,32.7594378],[-16.7679622,32.7595344],[-16.7680763,32.7593549]]],[[[-16.7749804,32.759472],[-16.7749383,32.7594461],[-16.7750535,32.759416],[-16.7749804,32.759472]]],[[[-16.7810436,32.7599544],[-16.780962,32.7598803],[-16.7811774,32.759875],[-16.7810436,32.7599544]]],[[[-16.7725197,32.759836],[-16.7731164,32.7599665],[-16.7727958,32.760067],[-16.7725197,32.759836]]],[[[-16.794526,32.7648706],[-16.7937931,32.7650882],[-16.7932985,32.7647242],[-16.794526,32.7648706]]],[[[-16.8248452,32.7770376],[-16.8245989,32.7774496],[-16.8244549,32.7772694],[-16.8248452,32.7770376]]],[[[-16.8237721,32.7789589],[-16.8234056,32.778703],[-16.8235304,32.7781962],[-16.8237721,32.7789589]]],[[[-16.8227292,32.7804516],[-16.8226288,32.7805014],[-16.8227361,32.7802177],[-16.8227292,32.7804516]]],[[[-16.8646147,32.8100949],[-16.8631777,32.8111648],[-16.8631531,32.8107665],[-16.8646147,32.8100949]]],[[[-16.3891772,33.0428412],[-16.3892717,33.0428783],[-16.3892062,33.0429444],[-16.3891772,33.0428412]]],[[[-16.3891323,33.0433274],[-16.3888567,33.0432565],[-16.3888736,33.0431452],[-16.3891323,33.0433274]]],[[[-16.3893631,33.0433227],[-16.3892402,33.0433304],[-16.3892644,33.0432735],[-16.3893631,33.0433227]]],[[[-16.3871079,33.0477385],[-16.38710297339991,33.04779348538721],[-16.387076363525637,33.04780652546814],[-16.3871079,33.0477385]]],[[[-16.3641367,33.0834448],[-16.3641781,33.0834595],[-16.3640914,33.083614],[-16.3641367,33.0834448]]],[[[-16.1227809,28.560435],[-16.1226502,28.5604016],[-16.1227334,28.5603181],[-16.1227809,28.560435]]],[[[-16.1230079,28.5606802],[-16.1231505,28.5607836],[-16.1229235,28.5609057],[-16.1230079,28.5606802]]],[[[-16.1226549,28.5612168],[-16.1226026,28.5612021],[-16.1226419,28.5611332],[-16.1226549,28.5612168]]],[[[-16.0231388,30.0318997],[-16.0230968,30.0318729],[-16.0231398,30.0318019],[-16.0231388,30.0318997]]],[[[-16.0267751,30.0319893],[-16.0267101,30.0319568],[-16.0267606,30.0318737],[-16.0267751,30.0319893]]],[[[-16.026374,30.0323643],[-16.027984,30.033596],[-16.025311447842085,30.032883392400244],[-16.026374,30.0323643]]],[[[-16.02311,30.0321279],[-16.023627572872435,30.03243440505425],[-16.02313543776437,30.032303182463487],[-16.02311,30.0321279]]],[[[-16.378285,33.03205],[-16.3978856,33.039917],[-16.3952531,33.0429179],[-16.3883597,33.0413938],[-16.3886311,33.0431953],[-16.3895059,33.0449518],[-16.374135,33.058173],[-16.36460512719963,33.08277646648204],[-16.3601471,33.0830705],[-16.3580727,33.0848886],[-16.3539221,33.0928365],[-16.3495172,33.092174],[-16.3441449,33.0948166],[-16.3424165,33.0976894],[-16.3386872,33.0967226],[-16.3394024,33.0991409],[-16.3348395,33.0977723],[-16.3346441,33.1008663],[-16.3294279,33.1008963],[-16.3238745,33.1038509],[-16.3223479,33.107321],[-16.318664,33.1028654],[-16.3168469,33.102062],[-16.3120817,33.1026569],[-16.3088776,33.0971098],[-16.3006907,33.0964646],[-16.2944934,33.0996123],[-16.2939517,33.0910435],[-16.2993992,33.0843149],[-16.2942876,33.0827874],[-16.2892753,33.07597],[-16.2899333,33.075376],[-16.2919818,33.0760967],[-16.2939988,33.075658],[-16.2980838,33.0697412],[-16.295156313909946,33.06349880143056],[-16.325673,33.065823],[-16.339955,33.057196],[-16.364329,33.034369],[-16.378285,33.03205]]],[[[-16.2959554,33.0721289],[-16.295592,33.0721425],[-16.2958699,33.0718917],[-16.2959554,33.0721289]]],[[[-16.2954073,33.0722435],[-16.2955153,33.0723055],[-16.2952295,33.0725387],[-16.2954073,33.0722435]]],[[[-16.2940742,33.0743332],[-16.2940155,33.0744043],[-16.2940918,33.0742147],[-16.2940742,33.0743332]]],[[[-16.2920929,33.0753208],[-16.292508,33.0756127],[-16.2919886,33.0752683],[-16.2920929,33.0753208]]],[[[-16.2927523,33.0757982],[-16.2927638,33.0758702],[-16.2926294,33.075749],[-16.2927523,33.0757982]]],[[[-16.360466,33.0834535],[-16.3604253,33.0834963],[-16.3603566,33.0834027],[-16.360466,33.0834535]]],[[[-16.3599016,33.0851492],[-16.3598306,33.0851352],[-16.3598753,33.0845845],[-16.3599016,33.0851492]]],[[[-16.3445623,33.0950582],[-16.3446549,33.0953322],[-16.3444546,33.0953071],[-16.3445623,33.0950582]]],[[[-16.3453202,33.095736],[-16.3449452,33.095827],[-16.3447641,33.0951482],[-16.3453202,33.095736]]],[[[-16.3009818,33.0969081],[-16.3009496,33.0969],[-16.3009524,33.0968015],[-16.3009818,33.0969081]]],[[[-16.3044884,33.097925],[-16.3046134,33.0980014],[-16.3046003,33.0980424],[-16.3044884,33.097925]]],[[[-16.3168392,33.1027255],[-16.3167439,33.1027585],[-16.3167551,33.1026886],[-16.3168392,33.1027255]]],[[[-16.3285589,33.1026407],[-16.3287936,33.1026755],[-16.328638,33.102871],[-16.3285589,33.1026407]]],[[[-16.2912381,33.1019591],[-16.289239438080322,33.10391995938674],[-16.28928039715407,33.10207667523384],[-16.2912381,33.1019591]]],[[[-16.3152243,33.1031404],[-16.3155272,33.103215],[-16.3154298,33.1033359],[-16.3152243,33.1031404]]],[[[-16.3128704,33.1030215],[-16.3134836,33.1033064],[-16.3131846,33.1035104],[-16.3128704,33.1030215]]],[[[-16.3171937,33.1032978],[-16.31711,33.1032918],[-16.3171562,33.1032439],[-16.3171937,33.1032978]]],[[[-16.3139307,33.1033593],[-16.3137576,33.1035104],[-16.3136209,33.1034157],[-16.3139307,33.1033593]]],[[[-16.3174328,33.1034652],[-16.3177249,33.1032756],[-16.3181539,33.103326],[-16.3174328,33.1034652]]],[[[-16.3141886,33.1035183],[-16.3141601,33.1034048],[-16.3143192,33.1033405],[-16.3141886,33.1035183]]],[[[-16.3149506,33.1033112],[-16.3152452,33.1034666],[-16.3149556,33.1036043],[-16.3149506,33.1033112]]],[[[-16.3258788,33.1040491],[-16.3260394,33.1042403],[-16.3252907,33.1040097],[-16.3258788,33.1040491]]],[[[-16.3260397,33.1043027],[-16.3262337,33.1043541],[-16.3262329,33.104373],[-16.3260397,33.1043027]]],[[[-16.3208524,33.106339],[-16.3210532,33.106429],[-16.3208815,33.1064832],[-16.3208524,33.106339]]],[[[-16.3222792,33.1081654],[-16.3229869,33.1089937],[-16.3225619,33.1091498],[-16.3222792,33.1081654]]],[[[-15.3913635,27.8550394],[-15.3917283,27.8551169],[-15.3916434,27.855128],[-15.3913635,27.8550394]]],[[[-15.3812561,27.8618382],[-15.3809986,27.8609352],[-15.3821144,27.8613146],[-15.3812561,27.8618382]]],[[[-15.3836207,27.8625291],[-15.3835153,27.8625116],[-15.3835247,27.8624544],[-15.3836207,27.8625291]]],[[[-15.4874952,27.7927718],[-15.5083263,27.7805769],[-15.5168569,27.781837],[-15.5342686,27.7699997],[-15.5604384,27.7627069],[-15.5667458,27.7553838],[-15.5700655,27.737808],[-15.580915750304877,27.73567300797934],[-15.607249,27.750312],[-15.649577465470394,27.753059000267623],[-15.68553747492145,27.76327016571216],[-15.6898465,27.7711305],[-15.696386303983603,27.771456371424176],[-15.739654,27.804348],[-15.751861,27.821357],[-15.772817,27.831977],[-15.786,27.844224],[-15.815053,27.901272],[-15.821197,27.92178],[-15.81607,27.941474],[-15.821767,27.968329],[-15.820627,27.984076],[-15.81607,27.996039],[-15.806996,28.005032],[-15.76769,28.023993],[-15.725209,28.056871],[-15.708363,28.081936],[-15.7073087,28.0943395],[-15.7087514,28.100107],[-15.712921506381097,28.102429184004755],[-15.702138,28.115058],[-15.69811,28.133043],[-15.699571455560239,28.147901505685663],[-15.6962759,28.1515317],[-15.700870107578478,28.154801955791314],[-15.705613285678707,28.165985171605104],[-15.698244,28.1632727],[-15.691342469925857,28.168000345826634],[-15.684397,28.167629],[-15.680352052095714,28.166671423808396],[-15.680944,28.1622941],[-15.6778849,28.1599962],[-15.6739539,28.1620014],[-15.6665802,28.1581064],[-15.650787,28.163886],[-15.61688277786638,28.15356814641945],[-15.612542,28.1473084],[-15.6074779,28.1492609],[-15.601178,28.1448033],[-15.5979679,28.1442735],[-15.586178989429541,28.147528],[-15.5750511,28.1436908],[-15.5660561,28.146544],[-15.521311,28.147528],[-15.488555120651323,28.14056395380812],[-15.4856413,28.1352594],[-15.4781826,28.1364174],[-15.4671193,28.1260923],[-15.4458769,28.1315165],[-15.4319799,28.1451439],[-15.4329072,28.157176],[-15.437048317732307,28.15947353256304],[-15.4360577,28.1709603],[-15.4303046,28.1724613],[-15.4290182,28.1760361],[-15.411890755539277,28.17932348953743],[-15.403716420064631,28.17420973178434],[-15.4053687,28.1662534],[-15.399966933404668,28.165204960153943],[-15.4003838,28.1595993],[-15.4033954,28.1613564],[-15.403569279729268,28.155803084936064],[-15.407097455312321,28.15435419981891],[-15.4080448,28.1581864],[-15.4103592,28.1508196],[-15.4156034,28.1475817],[-15.413310889105754,28.14553350031536],[-15.415299357687562,28.1282452254372],[-15.417707,28.1283325],[-15.4172672,28.1462687],[-15.4201886,28.1466607],[-15.4212749,28.1417061],[-15.4211896,28.1466909],[-15.4229924,28.1437782],[-15.4241519,28.1467297],[-15.4242205,28.1428631],[-15.4277079,28.1467854],[-15.4272785,28.1427515],[-15.4237651,28.1415161],[-15.4203788,28.1367875],[-15.4276267,28.1408093],[-15.4286876,28.136331],[-15.4253699,28.1389944],[-15.4248225,28.1345322],[-15.4273095,28.1328191],[-15.4246865,28.1342007],[-15.4286038,28.1295387],[-15.4242273,28.1295731],[-15.4231218,28.1281805],[-15.4280565,28.1288545],[-15.4280055,28.1273597],[-15.4245908,28.1234619],[-15.4240037,28.1281946],[-15.4239761,28.1216708],[-15.4144098,28.1105881],[-15.411778932017915,28.09485321924253],[-15.4163291,28.0842547],[-15.4132649,28.0755233],[-15.4194533,28.060005],[-15.4132593,28.0535438],[-15.4146069,28.0452375],[-15.4088213,28.0441894],[-15.4056616,28.037392],[-15.386151742768583,28.026275571926103],[-15.3848266,28.0164034],[-15.3775788,28.0096679],[-15.3731911,28.009428],[-15.3767697,28.0065566],[-15.3735167,28.0026001],[-15.3750948,27.9975524],[-15.3700212,27.9968059],[-15.367183755099841,27.99141079364948],[-15.3777855,27.9838557],[-15.3755401,27.9774961],[-15.3812632,27.9759211],[-15.3843085,27.9674238],[-15.3780475,27.9628869],[-15.3817736,27.9577008],[-15.3769731,27.9539488],[-15.3808338,27.9514787],[-15.3795051,27.9480805],[-15.3675146,27.9445624],[-15.36942,27.9401645],[-15.363637,27.938501414271503],[-15.363637,27.934638],[-15.368636595431072,27.932471326611385],[-15.3736003,27.9357297],[-15.3844854,27.9264752],[-15.385833883343233,27.91254766191882],[-15.391591,27.899848],[-15.389388445026084,27.896281201843816],[-15.3939725,27.8903298],[-15.3900618,27.879891],[-15.3855792,27.8757409],[-15.3807282,27.8759027],[-15.3827626,27.8710964],[-15.3865742,27.8703261],[-15.3838366,27.8638618],[-15.3867282,27.8606062],[-15.3853434,27.8574611],[-15.3899868,27.8550087],[-15.3985915,27.8562832],[-15.4033377,27.8492961],[-15.3966082,27.8455265],[-15.398386717536567,27.843611818615486],[-15.4042992,27.8486235],[-15.4126962,27.8478062],[-15.4161144,27.8443905],[-15.418072,27.8348959],[-15.4225862,27.8303958],[-15.422653861521022,27.82097886650359],[-15.442685499778177,27.79979773961231],[-15.4874952,27.7927718]]],[[[-15.7117357,28.099857],[-15.71226367464245,28.099471841020627],[-15.712434912992299,28.10024165874572],[-15.7117357,28.099857]]],[[[-15.7115598,28.0977749],[-15.712077083882482,28.09863300512616],[-15.712170408792788,28.09905255582967],[-15.7115598,28.0977749]]],[[[-15.3687721,27.9885456],[-15.368027267921184,27.98947897420572],[-15.368157911935416,27.989179772296136],[-15.3687721,27.9885456]]],[[[-15.3778536,28.0107594],[-15.3778424,28.0107028],[-15.3779873,28.0106389],[-15.3778536,28.0107594]]],[[[-15.4656458,28.127468],[-15.4655744,28.1274025],[-15.4657068,28.1273384],[-15.4656458,28.127468]]],[[[-15.4602038,28.1284298],[-15.4599981,28.1285126],[-15.4599829,28.1284122],[-15.4602038,28.1284298]]],[[[-15.4646643,28.1284926],[-15.4643896,28.1286364],[-15.4644154,28.1284548],[-15.4646643,28.1284926]]],[[[-15.463497,28.1289922],[-15.4636257,28.1289165],[-15.4636343,28.1289998],[-15.463497,28.1289922]]],[[[-15.4642094,28.1291057],[-15.464072,28.1290452],[-15.4641922,28.1289165],[-15.4642094,28.1291057]]],[[[-15.463866,28.129136],[-15.4635828,28.1292193],[-15.4637201,28.1289998],[-15.463866,28.129136]]],[[[-15.4581325,28.129189],[-15.458081,28.1290679],[-15.4581926,28.1291057],[-15.4581325,28.129189]]],[[[-15.4627502,28.1291739],[-15.4628961,28.1290906],[-15.4629047,28.1292874],[-15.4627502,28.1291739]]],[[[-15.4566992,28.1300595],[-15.4575231,28.129522],[-15.4571455,28.1298702],[-15.4566992,28.1300595]]],[[[-15.4496569,28.1321788],[-15.4497469,28.1322924],[-15.449395,28.132527],[-15.4496569,28.1321788]]],[[[-15.4418287,28.1370144],[-15.4423007,28.1367874],[-15.4423351,28.1368933],[-15.4418287,28.1370144]]],[[[-15.4414081,28.1373172],[-15.4414939,28.1373777],[-15.4413308,28.1374837],[-15.4414081,28.1373172]]],[[[-15.4413823,28.1377183],[-15.4414939,28.1378016],[-15.4413223,28.1379],[-15.4413823,28.1377183]]],[[[-15.440825,28.1380093],[-15.4410567,28.1379791],[-15.4409967,28.1381229],[-15.440825,28.1380093]]],[[[-15.4397116,28.1391469],[-15.4395284,28.1391307],[-15.4395785,28.1390021],[-15.4397116,28.1391469]]],[[[-15.4337494,28.1451074],[-15.4343243,28.1446956],[-15.4341461,28.1449857],[-15.4337494,28.1451074]]],[[[-15.6057356,28.1484738],[-15.6057184,28.1483754],[-15.6058472,28.148383],[-15.6057356,28.1484738]]],[[[-15.6095808,28.1484965],[-15.6096409,28.1485571],[-15.6094006,28.1486176],[-15.6095808,28.1484965]]],[[[-15.6059759,28.1486782],[-15.6061304,28.1486555],[-15.6061991,28.1487841],[-15.6059759,28.1486782]]],[[[-15.4342004,28.1541499],[-15.4339922,28.153911],[-15.4340409,28.1538826],[-15.4342004,28.1541499]]],[[[-15.6979865,28.1639915],[-15.6983727,28.1639159],[-15.698244,28.1642942],[-15.6979865,28.1639915]]],[[[-15.4038532,28.1706304],[-15.4037416,28.1707061],[-15.403673,28.1706077],[-15.4038532,28.1706304]]],[[[-15.4034326,28.1704261],[-15.4024542,28.1710542],[-15.4023683,28.1707969],[-15.4034326,28.1704261]]],[[[-13.860681,28.387078],[-13.860733086629224,28.38691052249353],[-13.8615134,28.3864766],[-13.860681,28.387078]]],[[[-13.8616062,28.3869462],[-13.8616983,28.387005],[-13.8616287,28.3870887],[-13.8616062,28.3869462]]],[[[-13.8617707,28.3872518],[-13.8616906,28.3872195],[-13.8617434,28.3871508],[-13.8617707,28.3872518]]],[[[-13.8601342,28.3883077],[-13.8603735,28.3879581],[-13.8604593,28.3880157],[-13.8601342,28.3883077]]],[[[-13.8605361,28.3885282],[-13.860448,28.3884547],[-13.8605293,28.3883991],[-13.8605361,28.3885282]]],[[[-13.8606173,28.388711],[-13.8605474,28.388703],[-13.8605745,28.3886355],[-13.8606173,28.388711]]],[[[-14.3279791,28.1371915],[-14.2471701,28.1931815],[-14.2228919,28.2147982],[-14.2225171,28.2192419],[-14.2152856,28.2253371],[-14.207387,28.254381],[-14.201894,28.3039],[-14.1622212,28.3687117],[-14.16328586484795,28.375184963776658],[-14.140859,28.434882],[-14.127919,28.44359],[-14.1099029,28.4691234],[-14.1004878,28.4752081],[-14.0897171,28.4942743],[-14.087289,28.5056878],[-14.0738049,28.5239256],[-14.0693332,28.5409082],[-14.0637637,28.5432099],[-14.06550141571313,28.549186339694224],[-14.036122,28.587388],[-14.024566,28.637112],[-14.010121,28.667467],[-14.005279,28.703599],[-13.999908,28.716742],[-13.9847604,28.7286808],[-13.9808917,28.7270258],[-13.9822947,28.7301495],[-13.9769171,28.7309632],[-13.975425954873533,28.734416270859448],[-13.9715221,28.7309189],[-13.9689499,28.7351245],[-13.9647643,28.7333865],[-13.9587409,28.7376245],[-13.9568104,28.7351599],[-13.941984,28.7461248],[-13.9378029,28.7390249],[-13.9331736,28.7482869],[-13.928058692607264,28.750377602119688],[-13.9079919,28.7471072],[-13.9016076,28.7531975],[-13.89556656023333,28.75301032381077],[-13.873187490503229,28.7466545577463],[-13.8741467,28.7428066],[-13.864573,28.744208],[-13.860755169320623,28.740433008710752],[-13.8661111,28.740855],[-13.8664261,28.7335874],[-13.84766740413906,28.727492099669664],[-13.841676068442904,28.72156799198566],[-13.8308948,28.6939102],[-13.8340207,28.6750501],[-13.8304285,28.6638947],[-13.8299575,28.6356795],[-13.823648,28.6113646],[-13.8271011,28.6037041],[-13.825526018913612,28.587273149943297],[-13.8283456,28.5860886],[-13.8301673,28.5756319],[-13.827145729305801,28.568966850886632],[-13.828684,28.551581],[-13.8317343,28.545181],[-13.8369212,28.5433732],[-13.8387686,28.5389015],[-13.834665798893582,28.53243832467742],[-13.849724910706332,28.499619694865334],[-13.8548172,28.4991866],[-13.8534222,28.4918485],[-13.8577559,28.4985877],[-13.8581154,28.4925549],[-13.8616279,28.4943174],[-13.8676918,28.4809214],[-13.85722,28.4616187],[-13.85748516253837,28.44323546284534],[-13.8628119,28.4366606],[-13.8580167,28.4252569],[-13.8500265,28.4213935],[-13.8487229,28.4101383],[-13.8529569,28.4029118],[-13.8498651,28.4006936],[-13.8534837,28.398393],[-13.854646680584509,28.39183758079745],[-13.8561701,28.3945472],[-13.859768,28.3929379],[-13.8596197,28.3889057],[-13.8604807,28.3892672],[-13.861725,28.3881871],[-13.869618,28.376899],[-13.870507177622983,28.365456437982196],[-13.8782708,28.3552186],[-13.876454610761163,28.34745964937505],[-13.8953262,28.3239599],[-13.911285,28.277248],[-13.933705,28.244208],[-13.966262359337817,28.22822998455762],[-13.9848406,28.2284953],[-13.990731877583404,28.22454685746982],[-14.072581,28.212836],[-14.11856,28.200507],[-14.156805718860088,28.178890725974863],[-14.177861645918282,28.174026802574133],[-14.1983393,28.1739222],[-14.2124712,28.1644844],[-14.2190225,28.1651238],[-14.259063387194045,28.111323849384988],[-14.2659106,28.1085292],[-14.2862484,28.0843256],[-14.301949,28.073588],[-14.30891335372452,28.064748177222],[-14.34317,28.050686],[-14.364244283235184,28.050752066140646],[-14.408315,28.066962],[-14.428619,28.071194],[-14.444193721010237,28.07039978162866],[-14.4773654,28.0777943],[-14.506369183063235,28.071000342130546],[-14.5021533,28.0745466],[-14.5014583,28.0801153],[-14.4924023,28.0844049],[-14.4922927,28.0940484],[-14.496897,28.102525],[-14.489735,28.104315],[-14.482683,28.1030388],[-14.4810177,28.099955],[-14.476455546666585,28.102291553060052],[-14.455556,28.099107],[-14.436025,28.100531],[-14.3791177,28.1146563],[-14.3585579,28.123215],[-14.3578299,28.1270819],[-14.3279791,28.1371915]]],[[[-13.8346863,28.970761],[-13.8340775,28.9702029],[-13.8348017,28.9703484],[-13.8346863,28.970761]]],[[[-13.538559736609047,28.963904256708055],[-13.5337961,28.9680769],[-13.5325099,28.967289],[-13.538559736609047,28.963904256708055]]],[[[-13.542329238949655,28.962080819440903],[-13.5969839,28.9486872],[-13.6067648,28.9408051],[-13.6096879,28.9342704],[-13.625809055690109,28.927933845063603],[-13.6907211,28.9199644],[-13.6999782,28.9165827],[-13.7070086,28.9153181],[-13.7001107,28.916703],[-13.7007518,28.9180667],[-13.7226355,28.910569],[-13.7279307,28.9061189],[-13.7360213,28.9068212],[-13.7435056,28.8981548],[-13.74959769241049,28.87971510973362],[-13.7717463,28.8566827],[-13.7785901,28.8437572],[-13.783430213303058,28.84292699195668],[-13.791493,28.853461],[-13.8008495,28.8586491],[-13.805006935200508,28.857139174801304],[-13.8290772,28.8627477],[-13.835040867712676,28.85925233947028],[-13.86182040138138,28.86096875499181],[-13.867299,28.864895],[-13.873647,28.876858],[-13.876332,28.888821],[-13.873163378076924,28.89402288508063],[-13.8581591,28.8974238],[-13.846565940841156,28.91579385289861],[-13.8402127,28.9177884],[-13.828984,28.9304052],[-13.8345637,28.9404284],[-13.8324429,28.9446619],[-13.8342009,28.9550723],[-13.8305147,28.9600387],[-13.8349195,28.9696964],[-13.8337648,28.9699809],[-13.8335296,28.9733613],[-13.8287245,28.9771185],[-13.8340784,28.9894892],[-13.82988178949059,29.00354324156451],[-13.7935777,29.0520137],[-13.7834733,29.0563793],[-13.7792392,29.0621151],[-13.7607664,29.0672794],[-13.7558182,29.0777753],[-13.7272628,29.0812765],[-13.722916328665578,29.08516950013761],[-13.7072758,29.0798234],[-13.70347446309913,29.08741835858775],[-13.690175,29.090888],[-13.641875568278056,29.12413947206308],[-13.6395393,29.1169551],[-13.6331013,29.1158429],[-13.6218756,29.1271863],[-13.6119224,29.1286146],[-13.607389518746892,29.1336722392473],[-13.584109,29.1335703],[-13.5594496,29.1155617],[-13.545239,29.1196956],[-13.5242684,29.1417028],[-13.522583315164583,29.157412029909285],[-13.505081564380172,29.20223557721282],[-13.5021425,29.2069359],[-13.4976244,29.2073177],[-13.4970709,29.2182234],[-13.4776328,29.2283661],[-13.4701168,29.2410023],[-13.4659728,29.2265692],[-13.4545919,29.2261215],[-13.4511963,29.2217189],[-13.449771,29.2245608],[-13.4524181,29.2268275],[-13.4496027,29.2247773],[-13.4500253,29.2225693],[-13.4483261,29.2226348],[-13.4489095,29.2206673],[-13.445703,29.2206369],[-13.4458411,29.218056],[-13.4379719,29.2172343],[-13.4329283,29.2095741],[-13.4235647,29.2085346],[-13.420990621873628,29.202340312924402],[-13.438791,29.159003],[-13.45873,29.147406],[-13.46177096800696,29.129562751611157],[-13.4646825,29.1277837],[-13.4639614,29.1154381],[-13.453944640053358,29.10351296937805],[-13.451894,29.086005],[-13.4665686,29.0551104],[-13.465581948134599,29.04289315621006],[-13.4691902,29.0340274],[-13.465566,29.023912],[-13.471444993755085,29.015187514759354],[-13.476251,29.0138853],[-13.476229713812687,29.00808694257605],[-13.481677406524748,29.000002512375588],[-13.4885597,28.9981718],[-13.487584340022886,28.995177556981826],[-13.49105123891401,28.992499188043823],[-13.5084314,28.9862104],[-13.5201049,28.9745847],[-13.5235567,28.9770433],[-13.52666103798274,28.9696600643838],[-13.5287726,28.9713463],[-13.53062287103737,28.967743590169093],[-13.5293491,28.9732913],[-13.5317136,28.9732977],[-13.542329238949655,28.962080819440903]]],[[[-13.8327399,28.8598968],[-13.832235,28.8594353],[-13.833571016498293,28.859241029832415],[-13.8327399,28.8598968]]],[[[-13.7596086,29.0718541],[-13.7600834,29.0720083],[-13.7600673,29.0721209],[-13.7596086,29.0718541]]],[[[-13.7592438,29.0721401],[-13.7597964,29.0724589],[-13.7597186,29.0725194],[-13.7592438,29.0721401]]],[[[-13.5376969,29.1374214],[-13.5377873,29.1374176],[-13.5376495,29.1375832],[-13.5376969,29.1374214]]],[[[-13.538202,29.2362361],[-13.5261493,29.2423192],[-13.5278256,29.2487135],[-13.5204685,29.2585424],[-13.522123619852497,29.26154645628892],[-13.517934,29.273505],[-13.508168,29.289455],[-13.4946214,29.2788143],[-13.484049780650366,29.279112879476035],[-13.477895,29.266262],[-13.4888526,29.2534118],[-13.492671756561633,29.242231683139927],[-13.517079,29.226264],[-13.541249,29.229397],[-13.538202,29.2362361]]],[[[-13.4987319,29.2844911],[-13.4987667,29.2843695],[-13.4988834,29.2844268],[-13.4987319,29.2844911]]],[[[-15.8680013,30.136593],[-15.8678724,30.1365137],[-15.8680567,30.1364949],[-15.8680013,30.136593]]],[[[-15.8602149,30.1372281],[-15.8602987,30.1372947],[-15.8602278,30.1373429],[-15.8602149,30.1372281]]],[[[-15.8610058,30.1373275],[-15.861065,30.1374807],[-15.8609927,30.1375264],[-15.8610058,30.1373275]]],[[[-15.8682217,30.1374818],[-15.8682326,30.137565],[-15.8681404,30.1375775],[-15.8682217,30.1374818]]],[[[-15.8597443,30.1377604],[-15.8594929,30.1375349],[-15.8598847,30.1375117],[-15.8597443,30.1377604]]],[[[-15.8680831,30.1377038],[-15.868045,30.1376339],[-15.8681717,30.1376068],[-15.8680831,30.1377038]]],[[[-15.858019,30.1376129],[-15.8582112,30.1376865],[-15.8580755,30.137792],[-15.858019,30.1376129]]],[[[-15.8603024,30.1377271],[-15.8603163,30.1377838],[-15.8601916,30.1377949],[-15.8603024,30.1377271]]],[[[-15.8642281,30.1378818],[-15.8640191,30.1377029],[-15.8640839,30.1376424],[-15.8642281,30.1378818]]],[[[-15.8570531,30.1378748],[-15.857051,30.1378038],[-15.8572286,30.1377381],[-15.8570531,30.1378748]]],[[[-15.8584807,30.1377713],[-15.8586045,30.1378298],[-15.8584777,30.13793],[-15.8584807,30.1377713]]],[[[-15.8604428,30.1378242],[-15.8604441,30.137801],[-15.8606106,30.1378141],[-15.8604428,30.1378242]]],[[[-15.858692,30.137815],[-15.858949,30.1378314],[-15.8589292,30.1379413],[-15.858692,30.137815]]],[[[-15.859171,30.1380907],[-15.8594214,30.1381936],[-15.8593645,30.1383114],[-15.859171,30.1380907]]],[[[-15.866835,30.1384745],[-15.8667191,30.1384113],[-15.8668483,30.1383453],[-15.866835,30.1384745]]],[[[-15.8671763,30.1385988],[-15.8671692,30.1386139],[-15.8669916,30.1385787],[-15.8671763,30.1385988]]],[[[-15.8701561,30.1388628],[-15.8704393,30.1386079],[-15.8705695,30.13882],[-15.8701561,30.1388628]]],[[[-15.8663142,30.1391664],[-15.8662644,30.1390771],[-15.8664256,30.1390466],[-15.8663142,30.1391664]]],[[[-15.8698756,30.1404948],[-15.8696923,30.1402968],[-15.8699496,30.1402136],[-15.8698756,30.1404948]]],[[[-15.871835,30.141082],[-15.8720466,30.1411877],[-15.8718528,30.1412961],[-15.871835,30.141082]]],[[[-15.8576795,30.1424824],[-15.8576359,30.142422],[-15.8577278,30.1424021],[-15.8576795,30.1424824]]],[[[-15.8551518,30.1405483],[-15.856186977242924,30.13799527567775],[-15.8658784,30.1397443],[-15.869452,30.1378515],[-15.8695499,30.1405796],[-15.871796,30.1414192],[-15.874115333666103,30.14073221097316],[-15.874135,30.141669],[-15.86441,30.152533],[-15.857693386234784,30.14832011055723],[-15.8588601,30.1479249],[-15.8603317,30.1452268],[-15.8589696,30.1425118],[-15.8551518,30.1405483]]],[[[-15.8585257,30.1474293],[-15.8584569,30.1473755],[-15.8585248,30.1473235],[-15.8585257,30.1474293]]],[[[-9.4771374,38.7258471],[-9.4771252,38.7259174],[-9.4770944,38.7258856],[-9.4771374,38.7258471]]],[[[-9.4771054,38.72601],[-9.477143,38.7259359],[-9.4771637,38.7260228],[-9.4771054,38.72601]]],[[[-9.4773662,38.7260304],[-9.4771848,38.7260407],[-9.4772877,38.7259641],[-9.4773662,38.7260304]]],[[[-9.4756954,38.7293172],[-9.4755333,38.7292717],[-9.476254,38.7291681],[-9.4756954,38.7293172]]],[[[-9.476251,38.729471],[-9.4759467,38.7295292],[-9.4760013,38.7294692],[-9.476251,38.729471]]],[[[-9.4738469,38.7403607],[-9.4739769,38.7403838],[-9.473962,38.7404735],[-9.4738469,38.7403607]]],[[[-9.4740523,38.7404154],[-9.4741618,38.7404859],[-9.4740733,38.7405619],[-9.4740523,38.7404154]]],[[[-9.4735928,38.7411208],[-9.4736694,38.7412207],[-9.4735663,38.7412476],[-9.4735928,38.7411208]]],[[[-9.4737748,38.7516528],[-9.473621,38.7514989],[-9.4737256,38.7514794],[-9.4737748,38.7516528]]],[[[-9.4734915,38.7518478],[-9.4732722,38.7517204],[-9.4735778,38.7517566],[-9.4734915,38.7518478]]],[[[-9.4735124,38.7520538],[-9.4734746,38.7520117],[-9.4735203,38.7519958],[-9.4735124,38.7520538]]],[[[-9.4752188,38.7528305],[-9.4752223,38.7529512],[-9.4750513,38.7529089],[-9.4752188,38.7528305]]],[[[-9.4755913,38.753184],[-9.475195,38.7534096],[-9.4751894,38.753357],[-9.4755913,38.753184]]],[[[-9.4757255,38.7532437],[-9.4757026,38.7533205],[-9.4756024,38.7532893],[-9.4757255,38.7532437]]],[[[-9.4773341,38.7541599],[-9.4773734,38.7541931],[-9.4773205,38.7542061],[-9.4773341,38.7541599]]],[[[-9.4775554,38.7543684],[-9.477224,38.7544697],[-9.4775653,38.7541235],[-9.4775554,38.7543684]]],[[[-9.4770832,38.7543064],[-9.4772412,38.7542248],[-9.4770052,38.7545219],[-9.4770832,38.7543064]]],[[[-9.4784583,38.7543437],[-9.4777129,38.7546538],[-9.4778774,38.7544072],[-9.4784583,38.7543437]]],[[[-9.4776654,38.7545692],[-9.4776946,38.7545778],[-9.4776176,38.7547223],[-9.4776654,38.7545692]]],[[[-9.4792074,38.7547332],[-9.4791277,38.754727],[-9.4791785,38.754662],[-9.4792074,38.7547332]]],[[[-9.4796754,38.7555264],[-9.4797713,38.7554478],[-9.479823,38.7555175],[-9.4796754,38.7555264]]],[[[-9.479331,38.7555148],[-9.4793771,38.7555536],[-9.4793166,38.7556224],[-9.479331,38.7555148]]],[[[-9.479069,38.7555774],[-9.479258,38.7555264],[-9.4790968,38.7557548],[-9.479069,38.7555774]]],[[[-9.4795824,38.7556812],[-9.4796447,38.7556221],[-9.4796916,38.7557003],[-9.4795824,38.7556812]]],[[[-9.4790035,38.7556319],[-9.4789765,38.7559231],[-9.4788331,38.755895],[-9.4790035,38.7556319]]],[[[-9.4801823,38.7555372],[-9.4803542,38.755527],[-9.4798961,38.7563835],[-9.4801823,38.7555372]]],[[[-9.4830013,38.7566826],[-9.483415,38.7566542],[-9.4831597,38.7570803],[-9.4830013,38.7566826]]],[[[-9.4817538,38.7572699],[-9.4818851,38.7569089],[-9.4819694,38.7572109],[-9.4817538,38.7572699]]],[[[-9.4827668,38.7572687],[-9.4827238,38.7571961],[-9.4828024,38.7571127],[-9.4827668,38.7572687]]],[[[-9.4825012,38.7573131],[-9.4825304,38.7572455],[-9.4826611,38.7572853],[-9.4825012,38.7573131]]],[[[-9.4827111,38.757722],[-9.4827568,38.7577603],[-9.4825592,38.7578404],[-9.4827111,38.757722]]],[[[-9.1806221,38.4211023],[-9.180952,38.4209148],[-9.1808172,38.4210125],[-9.1806221,38.4211023]]],[[[-9.1800763,38.4214838],[-9.1803619,38.4211938],[-9.1804042,38.4212584],[-9.1800763,38.4214838]]],[[[-9.1708924,38.4276322],[-9.1709568,38.427648],[-9.1709547,38.4276637],[-9.1708924,38.4276322]]],[[[-9.1706208,38.427804],[-9.1705383,38.4277283],[-9.1706671,38.4277252],[-9.1706208,38.427804]]],[[[-9.1705343,38.4278985],[-9.170478,38.4278639],[-9.1705243,38.4277945],[-9.1705343,38.4278985]]],[[[-9.1705813,38.4279734],[-9.1704575,38.4279789],[-9.1704968,38.4279245],[-9.1705813,38.4279734]]],[[[-9.1704746,38.4280656],[-9.1704545,38.4280199],[-9.1705008,38.4280215],[-9.1704746,38.4280656]]],[[[-9.1703757,38.4280514],[-9.1703415,38.4280719],[-9.1703375,38.4280317],[-9.1703757,38.4280514]]],[[[-9.170357,38.4280947],[-9.1703761,38.4281058],[-9.1703489,38.4281302],[-9.170357,38.4280947]]],[[[-9.1702131,38.4282153],[-9.170195,38.4282106],[-9.1702795,38.4280987],[-9.1702131,38.4282153]]],[[[-9.1701628,38.4285646],[-9.170185,38.4285804],[-9.1701246,38.4286308],[-9.1701628,38.4285646]]],[[[-9.1529831,38.4292329],[-9.1536499,38.4293453],[-9.1534031,38.4296353],[-9.1529831,38.4292329]]],[[[-9.1677823,38.4296338],[-9.1678478,38.4296655],[-9.1677938,38.4296813],[-9.1677823,38.4296338]]],[[[-9.1677399,38.4297123],[-9.1677717,38.4297334],[-9.167683,38.4297372],[-9.1677399,38.4297123]]],[[[-9.1508295,38.4298621],[-9.1510226,38.4299251],[-9.1508979,38.4299314],[-9.1508295,38.4298621]]],[[[-9.1511107,38.4300044],[-9.1511627,38.4300195],[-9.1511415,38.4300708],[-9.1511107,38.4300044]]],[[[-9.1639029,38.4301448],[-9.163926,38.4301689],[-9.1638778,38.4301961],[-9.1639029,38.4301448]]],[[[-9.1566174,38.4301397],[-9.1568198,38.4302016],[-9.1567986,38.4302363],[-9.1566174,38.4301397]]],[[[-9.153998,38.4301795],[-9.15405,38.4302036],[-9.154025,38.4302323],[-9.153998,38.4301795]]],[[[-9.1551208,38.430264],[-9.1550264,38.4302836],[-9.1550649,38.430264],[-9.1551208,38.430264]]],[[[-9.1564832,38.4303056],[-9.1564345,38.4302985],[-9.1564456,38.4302902],[-9.1564832,38.4303056]]],[[[-9.1537953,38.4302931],[-9.1538174,38.4303018],[-9.1537953,38.430327],[-9.1537953,38.4302931]]],[[[-9.1549628,38.4303848],[-9.1548992,38.430344],[-9.1549165,38.4303259],[-9.1549628,38.4303848]]],[[[-9.1570767,38.4304786],[-9.1570709,38.4304975],[-9.1570295,38.4304945],[-9.1570767,38.4304786]]],[[[-9.1571699,38.4306235],[-9.157141,38.4305868],[-9.1572484,38.43054],[-9.1571699,38.4306235]]],[[[-9.1574862,38.4305956],[-9.1574737,38.4306666],[-9.157412,38.4306447],[-9.1574862,38.4305956]]],[[[-9.1610868,38.4308082],[-9.1610839,38.4308218],[-9.160924,38.4308241],[-9.1610868,38.4308082]]],[[[-9.1582162,38.4308393],[-9.1582345,38.4308672],[-9.1582037,38.4308649],[-9.1582162,38.4308393]]],[[[-9.1606301,38.4308268],[-9.1607149,38.4308336],[-9.1606051,38.4308925],[-9.1606301,38.4308268]]],[[[-9.1584147,38.4309056],[-9.1584051,38.4308859],[-9.1584205,38.4308814],[-9.1584147,38.4309056]]],[[[-9.1220782,38.433686],[-9.1220743,38.4337099],[-9.1220247,38.4336944],[-9.1220782,38.433686]]],[[[-9.2084715,38.4443151],[-9.2082804,38.4441377],[-9.2083795,38.4440545],[-9.2084715,38.4443151]]],[[[-9.1302907,38.6407809],[-9.1349473,38.640991],[-9.1312461,38.6416507],[-9.1302907,38.6407809]]],[[[-9.1423721,38.6427287],[-9.1427658,38.6428187],[-9.1419496,38.6434038],[-9.1423721,38.6427287]]],[[[-9.121948,38.6435285],[-9.1191054,38.6440702],[-9.1181389,38.6426759],[-9.121948,38.6435285]]],[[[-9.1412678,38.6436153],[-9.1409855,38.6436318],[-9.1413619,38.6431473],[-9.1412678,38.6436153]]],[[[-9.1412236,38.6437143],[-9.1415405,38.6435553],[-9.1415482,38.6438358],[-9.1412236,38.6437143]]],[[[-9.1339704,38.6448542],[-9.1331618,38.6444457],[-9.1333388,38.6441818],[-9.1339704,38.6448542]]],[[[-9.14116,38.6449073],[-9.1411627,38.6450477],[-9.140755,38.6448717],[-9.14116,38.6449073]]],[[[-9.1415033,38.6452216],[-9.1414175,38.6451462],[-9.141852,38.6453535],[-9.1415033,38.6452216]]],[[[-9.1283052,38.6457702],[-9.1297742,38.6477543],[-9.1249004,38.6437046],[-9.1283052,38.6457702]]],[[[-9.1260853,38.6472038],[-9.1300843,38.6484584],[-9.1322277,38.6479732],[-9.1295558,38.6454139],[-9.1335854,38.647146],[-9.1316265,38.6498549],[-9.1260853,38.6472038]]],[[[-9.131889,38.6529565],[-9.1301147,38.6522475],[-9.1331295,38.6533576],[-9.131889,38.6529565]]],[[[-9.1284929,38.6576355],[-9.1293459,38.6564682],[-9.1286692,38.6575868],[-9.1284929,38.6576355]]],[[[-9.4727587,38.7412254],[-9.4728669,38.7413589],[-9.4726685,38.7413296],[-9.4727587,38.7412254]]],[[[-9.4731577,38.7445176],[-9.4730411,38.7444572],[-9.4732317,38.7444362],[-9.4731577,38.7445176]]],[[[-9.4728683,38.7448957],[-9.4729028,38.744841],[-9.4729389,38.7448646],[-9.4728683,38.7448957]]],[[[-9.4730584,38.7449249],[-9.4731105,38.7449661],[-9.4730543,38.7450117],[-9.4730584,38.7449249]]],[[[-9.4731975,38.7458188],[-9.4731195,38.7457248],[-9.473327,38.7456686],[-9.4731975,38.7458188]]],[[[-9.4729754,38.7458129],[-9.473073,38.7458125],[-9.4730108,38.7459557],[-9.4729754,38.7458129]]],[[[-9.4728864,38.7459522],[-9.4729272,38.7459701],[-9.4728591,38.7459936],[-9.4728864,38.7459522]]],[[[-9.3795133,39.3525186],[-9.3794784,39.3525451],[-9.3794463,39.3524709],[-9.3795133,39.3525186]]],[[[-9.3794248,39.3526239],[-9.3793792,39.3525721],[-9.3794463,39.3525409],[-9.3794248,39.3526239]]],[[[-9.3792961,39.3525829],[-9.3793068,39.3525658],[-9.3793363,39.3525928],[-9.3792961,39.3525829]]],[[[-9.3819202,39.3526631],[-9.3819524,39.3526673],[-9.3819148,39.3526838],[-9.3819202,39.3526631]]],[[[-9.3808008,39.3528023],[-9.3807953,39.3528364],[-9.3807855,39.3528213],[-9.3808008,39.3528023]]],[[[-9.3806748,39.352904],[-9.380664,39.3529164],[-9.380656,39.3528749],[-9.3806748,39.352904]]],[[[-9.3801651,39.3530118],[-9.3801786,39.3529911],[-9.3801866,39.3530077],[-9.3801651,39.3530118]]],[[[-9.3716316,39.3707928],[-9.3720598,39.3711715],[-9.3718072,39.3712739],[-9.3716316,39.3707928]]],[[[-9.3714929,39.3716288],[-9.3710739,39.3714978],[-9.371878,39.371593],[-9.3714929,39.3716288]]],[[[-9.3729071,39.372279],[-9.3728301,39.3722004],[-9.3729626,39.3720456],[-9.3729071,39.372279]]],[[[-9.3406279,39.3724831],[-9.3404622,39.372256],[-9.3408475,39.3720627],[-9.3406279,39.3724831]]],[[[-9.1469549,42.877521],[-9.1469689,42.8776578],[-9.1467725,42.8776743],[-9.1469549,42.877521]]],[[[-9.1463972,42.8777273],[-9.1464616,42.8780182],[-9.1458796,42.8782521],[-9.1463972,42.8777273]]],[[[-9.1473229,42.8786641],[-9.14752242693242,42.87858254815432],[-9.147556037123989,42.87873066773185],[-9.1473229,42.8786641]]],[[[-9.147951,42.8812523],[-9.1478937,42.8811255],[-9.148001,42.8811373],[-9.147951,42.8812523]]],[[[-9.1474646,42.8817387],[-9.1475128,42.8818213],[-9.1474463,42.8818285],[-9.1474646,42.8817387]]],[[[-9.1471835,42.8838214],[-9.1474377,42.883539],[-9.1475236,42.8836805],[-9.1471835,42.8838214]]],[[[-9.2803499,42.913421],[-9.2803593,42.9136096],[-9.2797573,42.913631],[-9.2803499,42.913421]]],[[[-9.2611588,42.979056],[-9.2611439,42.9789964],[-9.2611921,42.9789964],[-9.2611588,42.979056]]],[[[-9.2614515,42.9791947],[-9.261492,42.979127],[-9.2615701,42.9791841],[-9.2614515,42.9791947]]],[[[-9.2624911,42.9800885],[-9.2623308,42.9798567],[-9.2623995,42.9795746],[-9.2624911,42.9800885]]],[[[-9.2626425,42.9807499],[-9.2627228,42.9808766],[-9.2626425,42.9808896],[-9.2626425,42.9807499]]],[[[-9.2626511,42.9817627],[-9.2626993,42.9816151],[-9.2628967,42.9816728],[-9.2626511,42.9817627]]],[[[-9.2625906,42.9840694],[-9.2625182,42.9839849],[-9.2625321,42.9839623],[-9.2625906,42.9840694]]],[[[-9.2622332,42.98411],[-9.2622517,42.9841933],[-9.2622163,42.9842339],[-9.2622332,42.98411]]],[[[-9.2619128,42.984448],[-9.261882,42.9845371],[-9.2618281,42.9845168],[-9.2619128,42.984448]]],[[[-9.2616708,42.9847458],[-9.2616941,42.9847133],[-9.2617501,42.9848158],[-9.2616708,42.9847458]]],[[[-9.2610259,42.9866937],[-9.2609993,42.9866393],[-9.261063,42.9866191],[-9.2610259,42.9866937]]],[[[-9.2627289,42.9887179],[-9.2627536,42.988799],[-9.2624639,42.9886593],[-9.2627289,42.9887179]]],[[[-9.2606829,42.9917562],[-9.2606635,42.9917306],[-9.2607225,42.9917216],[-9.2606829,42.9917562]]],[[[-9.259917,42.9919266],[-9.2600003,42.9919429],[-9.2599902,42.9919786],[-9.259917,42.9919266]]],[[[-9.2600776,42.9923648],[-9.2600896,42.9923466],[-9.2601031,42.9923648],[-9.2600776,42.9923648]]],[[[-9.2602009,42.9926191],[-9.2602253,42.9926087],[-9.2602456,42.9926652],[-9.2602009,42.9926191]]],[[[-9.2593593,42.9930836],[-9.2595846,42.9931405],[-9.2595336,42.9931562],[-9.2593593,42.9930836]]],[[[-9.2607689,42.9950436],[-9.2605736,42.9953278],[-9.2598869,42.9942292],[-9.2607689,42.9950436]]],[[[-9.2659402,43.051244],[-9.2660051,43.0511388],[-9.2660888,43.0512086],[-9.2659402,43.051244]]],[[[-9.2668254,43.0525895],[-9.2674374,43.0530561],[-9.2670119,43.0533897],[-9.2668254,43.0525895]]],[[[-9.2261886,43.0998436],[-9.225699468862038,43.10092092462533],[-9.2250702,43.099823],[-9.2261886,43.0998436]]],[[[-9.2138005,43.1100925],[-9.2135427,43.1099273],[-9.2139786,43.1096322],[-9.2138005,43.1100925]]],[[[-9.2140343,43.1100442],[-9.2141557,43.1100101],[-9.2141312,43.1102984],[-9.2140343,43.1100442]]],[[[-9.214902,43.1103283],[-9.2152111,43.1107465],[-9.2150243,43.1107533],[-9.214902,43.1103283]]],[[[-9.1292752,43.1341833],[-9.1283101,43.1336696],[-9.1322216,43.1330756],[-9.1292752,43.1341833]]],[[[-9.2136818,43.1488999],[-9.213859,43.1492658],[-9.2136901,43.1494779],[-9.2136818,43.1488999]]],[[[-9.2092895,43.1598678],[-9.2095039,43.159968],[-9.2091842,43.1601436],[-9.2092895,43.1598678]]],[[[-9.1987345,43.1606978],[-9.1990761,43.1611316],[-9.1982857,43.1611627],[-9.1987345,43.1606978]]],[[[-9.1980932,43.1613435],[-9.1980911,43.1614125],[-9.1979104,43.1614447],[-9.1980932,43.1613435]]],[[[-9.1912478,43.1612768],[-9.1917203,43.161592],[-9.1914169,43.1615823],[-9.1912478,43.1612768]]],[[[-9.1991478,43.1615351],[-9.1989194,43.1614473],[-9.1991019,43.1613885],[-9.1991478,43.1615351]]],[[[-9.1966422,43.1615502],[-9.1963489,43.1617016],[-9.1964023,43.1613097],[-9.1966422,43.1615502]]],[[[-9.1870226,43.1701944],[-9.1857232,43.1685508],[-9.1869619,43.1689602],[-9.1870226,43.1701944]]],[[[-9.1805371,43.1763275],[-9.1805146,43.1765088],[-9.1803443,43.1764379],[-9.1805371,43.1763275]]],[[[-9.117341,43.1945813],[-9.1173457,43.1946699],[-9.116866748600605,43.19478526976365],[-9.117341,43.1945813]]],[[[-9.1522773,43.1950206],[-9.1523564,43.1949423],[-9.15238,43.1949827],[-9.1522773,43.1950206]]],[[[-9.1530668,43.1951161],[-9.1531088,43.1952174],[-9.152805,43.1951757],[-9.1530668,43.1951161]]],[[[-9.151267,43.1957816],[-9.1518758,43.1955991],[-9.1518813,43.1958802],[-9.151267,43.1957816]]],[[[-9.152191,43.1954613],[-9.152647467705505,43.195673700983875],[-9.152301798460712,43.19581109765337],[-9.152191,43.1954613]]],[[[-9.1311614,43.1974007],[-9.131259,43.1973493],[-9.1312102,43.1975074],[-9.1311614,43.1974007]]],[[[-9.1329831,43.1975659],[-9.1329181,43.1973722],[-9.1331241,43.1973663],[-9.1329831,43.1975659]]],[[[-9.1373725,43.1974754],[-9.1365816,43.1981414],[-9.1360767,43.197352],[-9.1373725,43.1974754]]],[[[-9.02478,38.4495425],[-9.0247754,38.4496066],[-9.0246104,38.4495695],[-9.02478,38.4495425]]],[[[-9.0512099,38.6035014],[-9.0513655,38.6023569],[-9.0523096,38.6027594],[-9.0512099,38.6035014]]],[[[-9.0524491,38.6064862],[-9.0516122,38.6034511],[-9.0549757,38.6083055],[-9.0524491,38.6064862]]],[[[-9.0512796,38.6096343],[-9.0515693,38.6092487],[-9.0518268,38.6099697],[-9.0512796,38.6096343]]],[[[-9.0587021,38.6138361],[-9.0583158,38.6133206],[-9.0595282,38.6132074],[-9.0587021,38.6138361]]],[[[-9.0590829,38.6151816],[-9.0602953,38.6146849],[-9.0606976,38.6156427],[-9.0590829,38.6151816]]],[[[-9.0577806,38.621881],[-9.0584672,38.6217804],[-9.058478,38.6219565],[-9.0577806,38.621881]]],[[[-9.0609134,38.6233982],[-9.0604413,38.623834],[-9.0603233,38.6227947],[-9.0609134,38.6233982]]],[[[-9.0572093,38.62493],[-9.0573461,38.6247477],[-9.0577082,38.6252234],[-9.0572093,38.62493]]],[[[-9.0572656,38.6252736],[-9.0571395,38.6251081],[-9.0572361,38.6250641],[-9.0572656,38.6252736]]],[[[-9.0552378,38.6241945],[-9.0564931,38.6256445],[-9.0552915,38.6262732],[-9.0552378,38.6241945]]],[[[-9.0574078,38.6260469],[-9.0564556,38.6249803],[-9.0567748,38.6247603],[-9.0570135,38.6252695],[-9.0578745,38.6255712],[-9.0574078,38.6260469]]],[[[-9.0802357,38.6433433],[-9.0803356,38.643481],[-9.0800359,38.6435109],[-9.0802357,38.6433433]]],[[[-9.0807959,38.6442817],[-9.0805411,38.6443487],[-9.0805062,38.6440513],[-9.0807959,38.6442817]]],[[[-9.1082407,38.6465354],[-9.1082326,38.6464395],[-9.1082749,38.6464584],[-9.1082407,38.6465354]]],[[[-9.1081674,38.6462658],[-9.1079953,38.6462205],[-9.1088524,38.6463489],[-9.1081674,38.6462658]]],[[[-9.1080885,38.646809],[-9.1077808,38.6465864],[-9.1080849,38.6466575],[-9.1080885,38.646809]]],[[[-9.0997292,38.6482372],[-9.0996998,38.6482029],[-9.0997437,38.6481799],[-9.0997292,38.6482372]]],[[[-9.1029491,38.6487173],[-9.1030128,38.6483473],[-9.1032592,38.6486422],[-9.1029491,38.6487173]]],[[[-9.0140337,38.6624558],[-9.0160058,38.6621593],[-9.015922,38.6635616],[-9.0140337,38.6624558]]],[[[-9.0200598,38.6641717],[-9.0201293,38.6638805],[-9.0205076,38.6638021],[-9.0200598,38.6641717]]],[[[-9.0143019,38.6649774],[-9.0134479,38.6634154],[-9.0157181,38.6637208],[-9.0165228,38.6631176],[-9.0171586,38.6634725],[-9.0163968,38.6636705],[-9.0143019,38.6649774]]],[[[-9.0193549,38.6639093],[-9.0194089,38.6644328],[-9.0183252,38.6661502],[-9.0167817,38.6636276],[-9.0193549,38.6639093]]],[[[-9.0226114,38.6659868],[-9.0224839,38.6676181],[-9.0211064,38.6667134],[-9.0193928,38.6671387],[-9.0226114,38.6659868]]],[[[-9.0184116,38.670347],[-9.0180093,38.6700391],[-9.0186584,38.6700433],[-9.0184116,38.670347]]],[[[-9.0238609,38.675617],[-9.0227748,38.6736142],[-9.0246967,38.6719239],[-9.0238609,38.675617]]],[[[-9.0386903,38.6847011],[-9.0371419,38.6870427],[-9.0336514,38.686252],[-9.0371731,38.6854721],[-9.0351812,38.6844931],[-9.0386903,38.6847011]]],[[[-9.03494120807078,38.867553203516344],[-9.041693868384094,38.84884167758652],[-9.05360032900738,38.83417035979042],[-9.0648186,38.8252903],[-9.0690667,38.8260965],[-9.075623188686604,38.818924842651654],[-9.079661,38.820136],[-9.061108795801015,38.8524773860359],[-9.03494120807078,38.867553203516344]]],[[[-9.0872409,39.6036341],[-9.0872302,39.6036155],[-9.0872597,39.6035907],[-9.0872409,39.6036341]]],[[[-9.086981,39.6037333],[-9.0867933,39.6037788],[-9.0868201,39.603754],[-9.086981,39.6037333]]],[[[-9.0867206,39.6040371],[-9.0867045,39.6040329],[-9.0867367,39.6040123],[-9.0867206,39.6040371]]],[[[-9.0857889,39.604198],[-9.0858063,39.6041168],[-9.0860842,39.6040172],[-9.0857889,39.604198]]],[[[-9.0858008,39.6044759],[-9.0859607,39.6045002],[-9.0858847,39.60456],[-9.0858008,39.6044759]]],[[[-9.0239385,42.7090289],[-9.0248827,42.709155],[-9.0249256,42.7093237],[-9.0239385,42.7090289]]],[[[-9.0885886,43.1841672],[-9.0886407,43.1840689],[-9.088693,43.1841465],[-9.0885886,43.1841672]]],[[[-9.081488,43.1844982],[-9.0813769,43.1846346],[-9.0811906,43.1843961],[-9.081488,43.1844982]]],[[[-9.0810711,43.1848849],[-9.080819,43.1847723],[-9.0810548,43.1846517],[-9.0810711,43.1848849]]],[[[-9.0824653,43.1849834],[-9.0825434,43.1850413],[-9.0823001,43.185025],[-9.0824653,43.1849834]]],[[[-9.0835673,43.1858497],[-9.0835923,43.1862474],[-9.0834672,43.1862018],[-9.0835673,43.1858497]]],[[[-9.0860745,43.1861945],[-9.0856866,43.1861576],[-9.0857325,43.1860571],[-9.0860745,43.1861945]]],[[[-9.0864427,43.186163],[-9.0866248,43.1861667],[-9.0865553,43.1862184],[-9.0864427,43.186163]]],[[[-9.0832612,43.1862105],[-9.0833042,43.1862675],[-9.0829092,43.1862447],[-9.0832612,43.1862105]]],[[[-9.0864234,43.1864659],[-9.0862525,43.1864366],[-9.0862939,43.1863147],[-9.0864234,43.1864659]]],[[[-9.0892477,43.1873643],[-9.0889805,43.1873158],[-9.0890177,43.1871742],[-9.0892477,43.1873643]]],[[[-9.059115,43.1873538],[-9.0565624,43.1882261],[-9.0577258,43.187488],[-9.059115,43.1873538]]],[[[-9.1122985,43.1880175],[-9.112124,43.1879526],[-9.1121342,43.187874],[-9.1122985,43.1880175]]],[[[-9.1118027,43.1879863],[-9.1118805,43.1879719],[-9.1118654,43.1879911],[-9.1118027,43.1879863]]],[[[-9.0877305,43.188036],[-9.0877755,43.1880191],[-9.0877821,43.188034],[-9.0877305,43.188036]]],[[[-9.111677,43.1879763],[-9.1117695,43.1879893],[-9.1116165,43.1881139],[-9.111677,43.1879763]]],[[[-9.1002401,43.1885335],[-9.1001565,43.1882367],[-9.1003879,43.1881737],[-9.1002401,43.1885335]]],[[[-9.0879917,43.1884398],[-9.0877322,43.1884417],[-9.0877245,43.1883499],[-9.0879917,43.1884398]]],[[[-9.0883858,43.1891723],[-9.0881074,43.1892299],[-9.0881018,43.1890187],[-9.0883858,43.1891723]]],[[[-9.1006424,43.1892429],[-9.1004573,43.189274],[-9.1005499,43.1891287],[-9.1006424,43.1892429]]],[[[-9.0868199,43.1892925],[-9.0869401,43.1893494],[-9.0869416,43.1893746],[-9.0868199,43.1892925]]],[[[-9.1008644,43.1894114],[-9.100581,43.1894706],[-9.1005718,43.1893958],[-9.1008644,43.1894114]]],[[[-9.0883177,43.1896354],[-9.088257,43.1894622],[-9.088361,43.1894668],[-9.0883177,43.1896354]]],[[[-9.092794057133634,43.1896287506555],[-9.092676381527975,43.18963041487899],[-9.0925622,43.1893694],[-9.092794057133634,43.1896287506555]]],[[[-9.0890131,43.1896569],[-9.0890291,43.1896076],[-9.0891412,43.1896582],[-9.0890131,43.1896569]]],[[[-9.1011367,43.1897058],[-9.1011782,43.1896948],[-9.1011819,43.1897649],[-9.1011367,43.1897058]]],[[[-9.101710207254285,43.1899360330172],[-9.101631829730596,43.18991095663867],[-9.1018217,43.1898592],[-9.101710207254285,43.1899360330172]]],[[[-9.1113122,43.1922165],[-9.1116942,43.1920952],[-9.1117066,43.1922704],[-9.1113122,43.1922165]]],[[[-9.1140827,43.1937228],[-9.1142418,43.193698],[-9.1142365,43.1937893],[-9.1140827,43.1937228]]],[[[-9.036379,43.2059287],[-9.036782462693969,43.20584994358847],[-9.036389668716893,43.20602202271628],[-9.036379,43.2059287]]],[[[-9.0123097,43.2340593],[-9.0121676,43.2339216],[-9.0122932,43.2339308],[-9.0123097,43.2340593]]],[[[-8.9974916,37.0221456],[-8.9974809,37.0224625],[-8.9973307,37.0224968],[-8.9974916,37.0221456]]],[[[-8.9912546,37.0296131],[-8.993413,37.0296331],[-8.9920257,37.030731],[-8.9912546,37.0296131]]],[[[-8.973551,37.0616638],[-8.9734844,37.0614475],[-8.9738105,37.0614833],[-8.973551,37.0616638]]],[[[-8.9832973,37.0616727],[-8.9832884,37.0614275],[-8.983456,37.0614679],[-8.9832973,37.0616727]]],[[[-8.9526079,38.6879752],[-8.9529099,38.6883589],[-8.952336,38.687638],[-8.9526079,38.6879752]]],[[[-8.9521245,38.6884884],[-8.9526678,38.6889683],[-8.9513986,38.6885516],[-8.9521245,38.6884884]]],[[[-8.9523195,38.6884537],[-8.9523441,38.6883373],[-8.9527118,38.6884237],[-8.9523195,38.6884537]]],[[[-8.9845909,38.6891813],[-8.9824881,38.6890473],[-8.9805998,38.6896001],[-8.9811791,38.6886789],[-8.9845909,38.6891813]]],[[[-8.9525317,38.6893196],[-8.952653,38.6890905],[-8.9536652,38.6901944],[-8.9525317,38.6893196]]],[[[-8.9530051,38.6900014],[-8.9531271,38.6898662],[-8.9531498,38.6899392],[-8.9530051,38.6900014]]],[[[-8.9528512,38.6899417],[-8.9530271,38.6898998],[-8.9530239,38.689935],[-8.9528512,38.6899417]]],[[[-8.9532814,38.6900252],[-8.9533071,38.6900667],[-8.953232,38.6900361],[-8.9532814,38.6900252]]],[[[-8.9529921,38.6900357],[-8.9530888,38.6900293],[-8.9529945,38.6901658],[-8.9529921,38.6900357]]],[[[-8.9529368,38.6900909],[-8.9529035,38.6901198],[-8.9529029,38.6900981],[-8.9529368,38.6900909]]],[[[-8.9531062,38.6901515],[-8.9530994,38.6902501],[-8.9530606,38.6902405],[-8.9531062,38.6901515]]],[[[-8.9531888,38.6903352],[-8.9531272,38.6903232],[-8.9532141,38.6901227],[-8.9531888,38.6903352]]],[[[-8.9533665,38.6903334],[-8.9533236,38.6904398],[-8.9533075,38.6901743],[-8.9533665,38.6903334]]],[[[-8.9535403,38.6903619],[-8.9536466,38.6904766],[-8.95352,38.6904255],[-8.9535403,38.6903619]]],[[[-8.9850415,38.6896168],[-8.9857282,38.6894996],[-8.9866508,38.6915764],[-8.9850415,38.6896168]]],[[[-8.9774736,38.6912787],[-8.9763809,38.6916823],[-8.9759068,38.6908231],[-8.9774736,38.6912787]]],[[[-8.9903541,38.6922072],[-8.9895601,38.6907334],[-8.9929504,38.6917383],[-8.9903541,38.6922072]]],[[[-8.9767801,38.6917595],[-8.9803156,38.6923179],[-8.9743061,38.6949343],[-8.9764157,38.6938814],[-8.9767801,38.6917595]]],[[[-8.977288,38.6951637],[-8.9776106,38.6961605],[-8.9769918,38.6956988],[-8.9763781,38.6957951],[-8.977288,38.6951637]]],[[[-8.9751467,38.6955639],[-8.9757067,38.695977],[-8.9744544,38.6958641],[-8.9751467,38.6955639]]],[[[-8.9773932,38.696235],[-8.9770331,38.6978789],[-8.9747767,38.6966086],[-8.9763084,38.6957142],[-8.9764287,38.6959163],[-8.9771598,38.6958454],[-8.9773932,38.696235]]],[[[-8.9818139,38.6997937],[-8.9805197,38.6950586],[-8.9859281,38.6969052],[-8.9818139,38.6997937]]],[[[-8.938301,38.781374],[-8.9423886,38.7793834],[-8.9420882,38.7801822],[-8.938301,38.781374]]],[[[-8.9349613,38.7812012],[-8.9348324,38.7811906],[-8.9349068,38.7811149],[-8.9349613,38.7812012]]],[[[-8.9351547,38.7814451],[-8.9349187,38.7814116],[-8.9349804,38.781351],[-8.9351547,38.7814451]]],[[[-8.9344788,38.7820326],[-8.9343983,38.7818842],[-8.9345727,38.7818361],[-8.9344788,38.7820326]]],[[[-8.935796,38.7894662],[-8.9355386,38.7890063],[-8.9358926,38.7887888],[-8.935796,38.7894662]]],[[[-8.9497061,38.8171358],[-8.9498241,38.8181452],[-8.9491321,38.8181619],[-8.9497061,38.8171358]]],[[[-8.9489336,38.8187826],[-8.9484427,38.8188202],[-8.9485903,38.8184984],[-8.9489336,38.8187826]]],[[[-8.9646688,38.8241025],[-8.9634349,38.8237765],[-8.9647868,38.8229741],[-8.9646688,38.8241025]]],[[[-8.9624077,38.8243094],[-8.9623299,38.8242363],[-8.962759,38.8242446],[-8.9624077,38.8243094]]],[[[-8.9597067,38.8245288],[-8.958666,38.824721],[-8.9590576,38.8244619],[-8.9597067,38.8245288]]],[[[-8.9635047,38.8241945],[-8.965055,38.8244578],[-8.964245,38.8246876],[-8.9635047,38.8241945]]],[[[-8.9614877,38.8252309],[-8.9610371,38.8254984],[-8.9608815,38.8248966],[-8.9614877,38.8252309]]],[[[-8.9628824,38.8256279],[-8.9625552,38.8256656],[-8.962523,38.8253897],[-8.9628824,38.8256279]]],[[[-8.963907,38.8258912],[-8.9638534,38.8252476],[-8.9643791,38.8255193],[-8.963907,38.8258912]]],[[[-8.9615359,38.8257094],[-8.9615547,38.8256447],[-8.9616808,38.8256802],[-8.9615359,38.8257094]]],[[[-8.9637783,38.8259915],[-8.9631506,38.8261712],[-8.9630594,38.8258494],[-8.9637783,38.8259915]]],[[[-8.9628824,38.8260041],[-8.9626625,38.8260166],[-8.9626732,38.8259205],[-8.9628824,38.8260041]]],[[[-8.9612838,38.8258662],[-8.9607152,38.8269235],[-8.9590361,38.8266602],[-8.9612838,38.8258662]]],[[[-8.961493,38.8264512],[-8.9616271,38.82605],[-8.9621582,38.8263384],[-8.961493,38.8264512]]],[[[-8.9612463,38.8265056],[-8.961198,38.8264491],[-8.9612785,38.826399],[-8.9612463,38.8265056]]],[[[-8.9573892,38.8281751],[-8.9574214,38.8255987],[-8.9598327,38.8253521],[-8.9573892,38.8281751]]],[[[-8.9625284,38.8264471],[-8.9638051,38.8265432],[-8.9617666,38.8270781],[-8.9625284,38.8264471]]],[[[-8.9612168,38.8271826],[-8.9608439,38.8272724],[-8.9611068,38.8266142],[-8.9612168,38.8271826]]],[[[-8.9631758,38.827083],[-8.962693,38.8271123],[-8.9635459,38.8269367],[-8.9631758,38.827083]]],[[[-8.9614501,38.826959],[-8.9615494,38.8269632],[-8.9615359,38.8270739],[-8.9614501,38.826959]]],[[[-8.9607608,38.8272035],[-8.9606454,38.8271847],[-8.960683,38.8271074],[-8.9607608,38.8272035]]],[[[-8.9576843,38.8284029],[-8.9603558,38.8272453],[-8.9586445,38.8289796],[-8.9576843,38.8284029]]],[[[-8.99285784420891,38.8594707700265],[-8.996816,38.865546],[-8.9992953,38.884737],[-8.9949559,38.8767723],[-8.9818927,38.8673829],[-8.9842576,38.8625707],[-8.99285784420891,38.8594707700265]]],[[[-9.003076557640382,38.89110814389536],[-9.0078142,38.9126354],[-8.9987955,38.9229642],[-8.9961755,38.9158977],[-9.003076557640382,38.89110814389536]]],[[[-8.9395129,42.4683139],[-8.9393895,42.4683377],[-8.939427,42.4682823],[-8.9395129,42.4683139]]],[[[-8.9402102,42.4690855],[-8.9402263,42.4689985],[-8.9404194,42.4689629],[-8.9402102,42.4690855]]],[[[-8.9452666,43.2200103],[-8.9463695,43.2224095],[-8.9413417,43.2199276],[-8.9452666,43.2200103]]],[[[-8.9851795,43.2221163],[-8.9851417,43.2220948],[-8.9851653,43.222063],[-8.9851795,43.2221163]]],[[[-8.9855166,43.2221151],[-8.9854849,43.2221067],[-8.9854934,43.2220965],[-8.9855166,43.2221151]]],[[[-8.9868065,43.2235189],[-8.9869178,43.2236669],[-8.9867355,43.2237418],[-8.9868065,43.2235189]]],[[[-8.9732212,43.2252493],[-8.9731749,43.2252478],[-8.973229,43.2252212],[-8.9732212,43.2252493]]],[[[-8.9733059,43.2252278],[-8.9735011,43.2253066],[-8.9734535,43.2253614],[-8.9733059,43.2252278]]],[[[-8.9690124,43.2254184],[-8.9688355,43.2253436],[-8.9691823,43.2254261],[-8.9690124,43.2254184]]],[[[-8.9751456,43.2257229],[-8.9750308,43.2256543],[-8.9751307,43.2255832],[-8.9751456,43.2257229]]],[[[-8.984139685828579,43.226910642699806],[-8.983958917659848,43.22691476119473],[-8.9840616,43.2265775],[-8.984139685828579,43.226910642699806]]],[[[-8.9548162,43.2283581],[-8.9549495,43.2284371],[-8.9546345,43.2285858],[-8.9548162,43.2283581]]],[[[-8.954455,43.2286079],[-8.9544766,43.2286298],[-8.9544669,43.228632],[-8.954455,43.2286079]]],[[[-8.9546063,43.2286894],[-8.9545678,43.2286773],[-8.9545783,43.2286611],[-8.9546063,43.2286894]]],[[[-8.9544824,43.2287436],[-8.9543971,43.2287221],[-8.9544283,43.2286474],[-8.9544824,43.2287436]]],[[[-8.9544633,43.2287584],[-8.9544399,43.22878],[-8.9544358,43.2287609],[-8.9544633,43.2287584]]],[[[-8.9542048,43.228832],[-8.9542204,43.2288687],[-8.9541941,43.2288747],[-8.9542048,43.228832]]],[[[-8.954064031682943,43.228934398217746],[-8.95406230677525,43.22893490775322],[-8.9540623,43.2289338],[-8.954064031682943,43.228934398217746]]],[[[-8.9540217,43.2289171],[-8.953980939156063,43.22895894364149],[-8.9539749,43.2289517],[-8.9540217,43.2289171]]],[[[-8.9423008,43.2321958],[-8.942699195289034,43.23229155602128],[-8.942308935264117,43.232406838322106],[-8.9423008,43.2321958]]],[[[-8.9840054,43.2830204],[-8.9837411,43.2831459],[-8.9837456,43.2830269],[-8.9840054,43.2830204]]],[[[-8.9796785,43.2838013],[-8.9797937,43.2838963],[-8.9795225,43.2839466],[-8.9796785,43.2838013]]],[[[-8.9621519,43.2893476],[-8.96221289923514,43.28938874939263],[-8.96214022479352,43.289412486877474],[-8.9621519,43.2893476]]],[[[-8.8920609,37.9524208],[-8.8917039,37.9521351],[-8.893482723314376,37.95186683098277],[-8.8920609,37.9524208]]],[[[-8.8916006,37.9519646],[-8.8916063,37.9519827],[-8.891551,37.9520774],[-8.8916006,37.9519646]]],[[[-8.8926673,37.9525191],[-8.8932853,37.9522183],[-8.8937802,37.952288],[-8.8926673,37.9525191]]],[[[-8.8925872,37.9523546],[-8.892654,37.9524539],[-8.8925167,37.952472],[-8.8925872,37.9523546]]],[[[-8.8923094,37.952472],[-8.8923285,37.9524464],[-8.8924296,37.9525471],[-8.8923094,37.952472]]],[[[-8.8934207,37.9525584],[-8.8934493,37.9525644],[-8.8933272,37.952593],[-8.8934207,37.9525584]]],[[[-8.8925281,37.9526311],[-8.8925443,37.9526334],[-8.89249,37.9526815],[-8.8925281,37.9526311]]],[[[-8.8884972,37.9555106],[-8.8882443,37.9554836],[-8.8883603,37.9552925],[-8.8884972,37.9555106]]],[[[-8.8889875,37.9571449],[-8.8889384,37.9571291],[-8.8889719,37.9570523],[-8.8889875,37.9571449]]],[[[-8.8888019,37.9572181],[-8.8887873,37.9572869],[-8.8887265,37.9572726],[-8.8888019,37.9572181]]],[[[-8.8892254,37.9574763],[-8.8887615,37.9576743],[-8.8887864,37.9575414],[-8.8892254,37.9574763]]],[[[-8.8902947,37.9578241],[-8.8892284,37.957856],[-8.8893542,37.957565],[-8.8902947,37.9578241]]],[[[-8.8894451,37.9581555],[-8.8894919,37.9580957],[-8.889555,37.9581214],[-8.8894451,37.9581555]]],[[[-8.8887905,37.9584094],[-8.888829,37.9583563],[-8.888905,37.9583765],[-8.8887905,37.9584094]]],[[[-8.8886609,37.9585675],[-8.8885911,37.9585137],[-8.8886289,37.9584869],[-8.8886609,37.9585675]]],[[[-8.888251,37.9591474],[-8.8880474,37.9590458],[-8.8881281,37.9589918],[-8.888251,37.9591474]]],[[[-8.8878426,37.9592874],[-8.8878666,37.9592299],[-8.8879444,37.9592497],[-8.8878426,37.9592874]]],[[[-8.889524856401712,37.96119477418669],[-8.88930396451154,37.961309765166305],[-8.8891765,37.9610418],[-8.889524856401712,37.96119477418669]]],[[[-8.8884158,37.9609062],[-8.888971333461063,37.96148292485232],[-8.8882684,37.9616529],[-8.8884158,37.9609062]]],[[[-8.8858045,37.9623589],[-8.8865119,37.9622408],[-8.8850758,37.9628341],[-8.8858045,37.9623589]]],[[[-8.8846782,37.9630421],[-8.8847388,37.9630611],[-8.8847324,37.9631391],[-8.8846782,37.9630421]]],[[[-8.9336554,38.7826515],[-8.9345888,38.7824341],[-8.9345137,38.7825637],[-8.9336554,38.7826515]]],[[[-8.9322972,38.782918],[-8.9321866,38.7827841],[-8.9326293,38.7824764],[-8.9322972,38.782918]]],[[[-8.9333845,38.784274],[-8.9323518,38.7836175],[-8.9333147,38.7827749],[-8.9333845,38.784274]]],[[[-8.9344013,38.7871581],[-8.9339748,38.7873421],[-8.9338005,38.7870473],[-8.9344013,38.7871581]]],[[[-8.9333821,38.7874801],[-8.933197,38.7873818],[-8.9336691,38.7871664],[-8.9333821,38.7874801]]],[[[-8.9322126,38.7891568],[-8.9328885,38.7892822],[-8.9329207,38.7895331],[-8.9322126,38.7891568]]],[[[-8.9336288,38.7901269],[-8.9334357,38.7898676],[-8.9337576,38.7896418],[-8.9336288,38.7901269]]],[[[-8.9315689,38.7901101],[-8.9313221,38.7899763],[-8.9315474,38.7898425],[-8.9315689,38.7901101]]],[[[-8.854891,42.45653],[-8.853852,42.456145],[-8.854548,42.454862],[-8.854891,42.45653]]],[[[-8.8523774,42.4571557],[-8.8536863,42.4561742],[-8.854094,42.4573378],[-8.8523774,42.4571557]]],[[[-8.8552527,42.4564987],[-8.855236,42.45743],[-8.85437,42.457172],[-8.8552527,42.4564987]]],[[[-8.8510899,42.4575436],[-8.8521842,42.4568153],[-8.8524395,42.4578529],[-8.8510899,42.4575436]]],[[[-8.8558012,42.4620428],[-8.8570887,42.4616787],[-8.857017584113915,42.46242914141135],[-8.8558012,42.4620428]]],[[[-8.8900774,42.7804332],[-8.8885511,42.7809832],[-8.8889604,42.7801774],[-8.8900774,42.7804332]]],[[[-8.8921835,42.780625],[-8.8922517,42.7810386],[-8.8915142,42.7803777],[-8.8921835,42.780625]]],[[[-8.8913916,42.7813998],[-8.8913074,42.7823825],[-8.8901965,42.7814107],[-8.8913916,42.7813998]]],[[[-8.9147056,43.2932914],[-8.9144179,43.2932729],[-8.9144393,43.2932107],[-8.9147056,43.2932914]]],[[[-8.9149983,43.2932144],[-8.9151985,43.2932344],[-8.9150806,43.2933439],[-8.9149983,43.2932144]]],[[[-8.9287694,43.2935705],[-8.9287287,43.2935439],[-8.9288669,43.2934492],[-8.9287694,43.2935705]]],[[[-8.925786,43.2937294],[-8.9254358,43.2939197],[-8.9254124,43.2938279],[-8.925786,43.2937294]]],[[[-8.9088235,43.2977081],[-8.909034,43.2977641],[-8.9086227,43.297953],[-8.9088235,43.2977081]]],[[[-8.9090329,43.2979484],[-8.9089004,43.2979787],[-8.9090735,43.2978053],[-8.9090329,43.2979484]]],[[[-8.9104616,43.3044252],[-8.909246,43.3054133],[-8.9095265,43.3048512],[-8.9104616,43.3044252]]],[[[-8.9097117,43.3056972],[-8.9080495,43.3060077],[-8.9091318,43.3051156],[-8.9091306,43.3055085],[-8.9097117,43.3056972]]],[[[-8.9137974,43.3065527],[-8.9138257,43.3064496],[-8.9141821,43.3066363],[-8.9137974,43.3065527]]],[[[-8.9158057,43.3066222],[-8.9158484,43.3066887],[-8.9157569,43.3067257],[-8.9158057,43.3066222]]],[[[-8.9154195,43.3066887],[-8.9153382,43.3067686],[-8.9152304,43.3066887],[-8.9154195,43.3066887]]],[[[-8.9156126,43.306739],[-8.9156492,43.3067834],[-8.9154845,43.3067952],[-8.9156126,43.306739]]],[[[-8.8766206,43.3198451],[-8.8767995,43.3205076],[-8.8748074,43.3192417],[-8.8766206,43.3198451]]],[[[-8.8783989,43.3205538],[-8.8781898,43.3206204],[-8.8781414,43.3203274],[-8.8783989,43.3205538]]],[[[-8.876285,43.3207088],[-8.8764575,43.3205877],[-8.876704,43.3206819],[-8.876285,43.3207088]]],[[[-8.8775835,43.321225],[-8.8777337,43.3208348],[-8.8784096,43.3213655],[-8.8775835,43.321225]]],[[[-8.8558915,43.3218964],[-8.8557492,43.321929],[-8.8557695,43.3218476],[-8.8558915,43.3218964]]],[[[-8.8504465,43.3253559],[-8.8505563,43.3253219],[-8.8505664,43.3254801],[-8.8504465,43.3253559]]],[[[-8.8513654,43.3254938],[-8.8516515,43.325369],[-8.8514512,43.3255718],[-8.8513654,43.3254938]]],[[[-8.8495007,43.3285798],[-8.8495352,43.3286449],[-8.8494092,43.3286553],[-8.8495007,43.3285798]]],[[[-8.8495066,43.3290202],[-8.8494533,43.3290359],[-8.8494482,43.3289252],[-8.8495066,43.3290202]]],[[[-8.8002755,37.4405613],[-8.8003398,37.4406124],[-8.8002835,37.4405874],[-8.8002755,37.4405613]]],[[[-8.8002124,37.4405432],[-8.8002373,37.440606],[-8.8002044,37.4405916],[-8.8002124,37.4405432]]],[[[-8.8006487,37.4433683],[-8.801103,37.4435389],[-8.8008015,37.4435807],[-8.8006487,37.4433683]]],[[[-8.7976383,37.7317502],[-8.7976245,37.7318734],[-8.7974153,37.731859],[-8.7976383,37.7317502]]],[[[-8.79714,37.7318171],[-8.7971656,37.7317529],[-8.7972633,37.7317922],[-8.79714,37.7318171]]],[[[-8.8022083,37.7823751],[-8.8021545,37.7822749],[-8.802353,37.7822139],[-8.8022083,37.7823751]]],[[[-8.8021876,37.7825734],[-8.8021297,37.7824688],[-8.8022138,37.7824547],[-8.8021876,37.7825734]]],[[[-8.7963407,37.8336111],[-8.799626872224401,37.834296561624086],[-8.7974283,37.8353807],[-8.7963407,37.8336111]]],[[[-8.794149,37.8680934],[-8.7938516,37.8679668],[-8.7939426,37.8678458],[-8.794149,37.8680934]]],[[[-8.7938848,37.868108],[-8.7941174,37.8681968],[-8.794054,37.8682704],[-8.7938848,37.868108]]],[[[-8.7943535,37.8700336],[-8.7941697,37.8698548],[-8.7942078,37.8698291],[-8.7943535,37.8700336]]],[[[-8.7944337,37.8707859],[-8.7940721,37.8707488],[-8.7941933,37.8705072],[-8.7944337,37.8707859]]],[[[-8.8006543,37.8958293],[-8.8012978,37.8960852],[-8.8004757,37.8965954],[-8.8006543,37.8958293]]],[[[-8.800141,37.8968779],[-8.800875,37.8969069],[-8.8007037,37.8971675],[-8.800141,37.8968779]]],[[[-8.8010713,37.8975574],[-8.8015911,37.8978723],[-8.8015671,37.8979385],[-8.8010713,37.8975574]]],[[[-8.8015358,37.9009848],[-8.8009308,37.9009422],[-8.8010087,37.9003655],[-8.8015358,37.9009848]]],[[[-8.822313564067176,38.44867972697648],[-8.820837010200503,38.44811395279845],[-8.8198428,38.4466317],[-8.822313564067176,38.44867972697648]]],[[[-8.7339928,38.4759227],[-8.7305511,38.4787402],[-8.7335106,38.4736101],[-8.7339928,38.4759227]]],[[[-8.727225246313141,41.234762298456594],[-8.727241605135202,41.23478680144673],[-8.7267557,41.2348082],[-8.727225246313141,41.234762298456594]]],[[[-8.8080673,42.111912],[-8.8087956,42.1141467],[-8.8055095,42.1129817],[-8.8080673,42.111912]]],[[[-8.819045,42.1186099],[-8.8187275,42.1183107],[-8.8205814,42.1183107],[-8.819045,42.1186099]]],[[[-8.7427713,42.2341775],[-8.7428345,42.2342625],[-8.7427196,42.2343093],[-8.7427713,42.2341775]]],[[[-8.7422145,42.2344037],[-8.7423294,42.2343568],[-8.7423926,42.2344418],[-8.7422145,42.2344037]]],[[[-8.7413681,42.2345591],[-8.7412977,42.2345157],[-8.7413036,42.2344726],[-8.7413681,42.2345591]]],[[[-8.7420277,42.23448],[-8.7420908,42.2345649],[-8.7419759,42.2346118],[-8.7420277,42.23448]]],[[[-8.8205078,42.2907068],[-8.820658,42.290679],[-8.8206188,42.2907369],[-8.8205078,42.2907068]]],[[[-8.8246552,42.3002739],[-8.8244299,42.3000001],[-8.824725,42.2999604],[-8.8246552,42.3002739]]],[[[-8.8232608,42.3010871],[-8.8231749,42.3011149],[-8.8230934,42.3010215],[-8.8232608,42.3010871]]],[[[-8.8230298,42.3023933],[-8.8228821,42.3026409],[-8.8225178,42.3022904],[-8.8230298,42.3023933]]],[[[-8.8265104,42.3240475],[-8.8261134,42.3241506],[-8.8261523,42.3239285],[-8.8265104,42.3240475]]],[[[-8.7681195,42.3361932],[-8.7685182,42.3358673],[-8.7686944,42.33631],[-8.7681195,42.3361932]]],[[[-8.7679598,42.3370955],[-8.7673319,42.3371283],[-8.7674123,42.3363956],[-8.7679598,42.3370955]]],[[[-8.8264306,42.3411509],[-8.826412,42.3412738],[-8.8261666,42.3412181],[-8.8264306,42.3411509]]],[[[-8.8263102,42.3413397],[-8.8265582,42.3414938],[-8.8264227,42.3415616],[-8.8263102,42.3413397]]],[[[-8.6142553,42.3465967],[-8.6138915,42.3463805],[-8.6147219,42.3459187],[-8.6142553,42.3465967]]],[[[-8.7530806,42.3504087],[-8.7543778,42.3489582],[-8.754783,42.3497065],[-8.7530806,42.3504087]]],[[[-8.814908,42.497925],[-8.8147548,42.4964574],[-8.816298,42.497157],[-8.814908,42.497925]]],[[[-8.8193038,42.4969609],[-8.8189396,42.4984041],[-8.8186301,42.4980474],[-8.8193038,42.4969609]]],[[[-8.8232808,42.5542732],[-8.8245103,42.5557714],[-8.8230938,42.555331],[-8.8232808,42.5542732]]],[[[-8.8236748,42.557486],[-8.8229758,42.5591653],[-8.8226149,42.5579102],[-8.8236748,42.557486]]],[[[-8.8123227,42.5771889],[-8.8118399,42.5772521],[-8.8118774,42.5770032],[-8.8123227,42.5771889]]],[[[-8.8137871,42.5772995],[-8.8131005,42.5769874],[-8.8134385,42.5769835],[-8.8137871,42.5772995]]],[[[-8.8138047,42.5787057],[-8.8137743,42.5788934],[-8.8135558,42.5788174],[-8.8138047,42.5787057]]],[[[-8.8082177,42.583845],[-8.8079466,42.5836998],[-8.808304,42.5831644],[-8.8082177,42.583845]]],[[[-8.7472153,42.6503246],[-8.747395,42.6503344],[-8.7476364,42.6505712],[-8.7472153,42.6503246]]],[[[-8.7368076,42.6645148],[-8.7358414,42.6642676],[-8.7388922,42.6628753],[-8.7368076,42.6645148]]],[[[-8.7264929,42.6786052],[-8.7265758,42.6788498],[-8.7262971,42.6788713],[-8.7264929,42.6786052]]],[[[-8.7274645,43.2977109],[-8.726781,43.2976152],[-8.7267625,43.2974529],[-8.7274645,43.2977109]]],[[[-8.7587154,43.301172],[-8.7580218,43.3013658],[-8.7582509,43.300825],[-8.7587154,43.301172]]],[[[-8.758554,43.3015625],[-8.7584243,43.3013568],[-8.7586538,43.3013325],[-8.758554,43.3015625]]],[[[-8.5559872,43.3123595],[-8.5557914,43.3123302],[-8.5558262,43.3119692],[-8.5559872,43.3123595]]],[[[-8.55657,43.3121739],[-8.556368,43.3122257],[-8.5564278,43.3120215],[-8.55657,43.3121739]]],[[[-8.5567942,43.3122582],[-8.5567556,43.3122331],[-8.5567915,43.3121955],[-8.5567942,43.3122582]]],[[[-8.6213547,43.3173156],[-8.6212582,43.3175428],[-8.6206654,43.3173527],[-8.6213547,43.3173156]]],[[[-8.5302837,43.3193588],[-8.5301332,43.3194131],[-8.5301736,43.3192125],[-8.5302837,43.3193588]]],[[[-8.5296784,43.3196585],[-8.5295963,43.3196196],[-8.5298376,43.319456],[-8.5296784,43.3196585]]],[[[-8.5261555,43.3210513],[-8.5258495,43.3209233],[-8.5258973,43.3208635],[-8.5261555,43.3210513]]],[[[-8.5289378,43.3210497],[-8.52905,43.3211611],[-8.5289844,43.3212334],[-8.5289378,43.3210497]]],[[[-8.5288244,43.3213006],[-8.5287284,43.3212521],[-8.5288264,43.321225],[-8.5288244,43.3213006]]],[[[-8.5279241,43.3218182],[-8.5273785,43.3215545],[-8.5281185,43.3208949],[-8.5279241,43.3218182]]],[[[-8.5286984,43.3218498],[-8.5283476,43.3217818],[-8.5286522,43.3213248],[-8.5286984,43.3218498]]],[[[-8.5212967,43.3253809],[-8.5219165,43.3251496],[-8.5215818,43.3255652],[-8.5212967,43.3253809]]],[[[-8.5193208,43.3263311],[-8.5191785,43.325982],[-8.5194535,43.3259],[-8.5193208,43.3263311]]],[[[-8.5134359,43.3279235],[-8.5130954,43.3283718],[-8.5127681,43.3280694],[-8.5134359,43.3279235]]],[[[-8.849578,43.3287612],[-8.8493259,43.3287544],[-8.8493809,43.328689],[-8.849578,43.3287612]]],[[[-8.513168062423071,43.329016360864294],[-8.51310863228565,43.32903710911967],[-8.5132295,43.328561],[-8.513168062423071,43.329016360864294]]],[[[-8.8494352,43.3288703],[-8.8493734,43.3289094],[-8.849343,43.3288635],[-8.8494352,43.3288703]]],[[[-8.8490738,43.3299437],[-8.8491717,43.329931],[-8.8491395,43.3300266],[-8.8490738,43.3299437]]],[[[-8.8277904,43.336474],[-8.8279514,43.3365364],[-8.8277851,43.3367393],[-8.8277904,43.336474]]],[[[-8.4777465,43.3538017],[-8.4776085,43.353801],[-8.4777929,43.3534049],[-8.4777465,43.3538017]]],[[[-8.4785139,43.3537241],[-8.4782486,43.3539251],[-8.4782708,43.353744],[-8.4785139,43.3537241]]],[[[-8.4693562,43.3580047],[-8.4693066,43.3581011],[-8.4691774,43.3579242],[-8.4693562,43.3580047]]],[[[-8.4677413,43.3579843],[-8.4677923,43.3579857],[-8.4677996,43.35801],[-8.4677413,43.3579843]]],[[[-8.4687496,43.3581513],[-8.4686714,43.3581435],[-8.4686864,43.3580725],[-8.4687496,43.3581513]]],[[[-8.467685,43.3581753],[-8.4677772,43.3580754],[-8.4677316,43.3581516],[-8.467685,43.3581753]]],[[[-8.4691245,43.3581933],[-8.4690876,43.3581661],[-8.4691163,43.3581576],[-8.4691245,43.3581933]]],[[[-8.4692848,43.3583165],[-8.4691823,43.3582653],[-8.4692012,43.3581485],[-8.4692848,43.3583165]]],[[[-8.4687151,43.3582173],[-8.4687908,43.3581679],[-8.4687996,43.3582463],[-8.4687151,43.3582173]]],[[[-8.4688822,43.3582774],[-8.4689123,43.3582209],[-8.4689531,43.358223],[-8.4688822,43.3582774]]],[[[-8.4698351,43.3583296],[-8.4697879,43.3582661],[-8.4699448,43.3582106],[-8.4698351,43.3583296]]],[[[-8.4675567,43.3582791],[-8.4676184,43.3582925],[-8.4675708,43.3583557],[-8.4675567,43.3582791]]],[[[-8.4694426,43.3583197],[-8.4694329,43.3582964],[-8.4695155,43.3582887],[-8.4694426,43.3583197]]],[[[-8.4673741,43.358336],[-8.4674212,43.3583427],[-8.4674188,43.3583642],[-8.4673741,43.358336]]],[[[-8.4671245,43.3585041],[-8.4670545,43.3585433],[-8.4670497,43.3585281],[-8.4671245,43.3585041]]],[[[-8.467786,43.3585546],[-8.4677748,43.3585083],[-8.4678297,43.3585041],[-8.467786,43.3585546]]],[[[-8.4683557,43.3586291],[-8.4682022,43.3586156],[-8.4683634,43.3584228],[-8.4683557,43.3586291]]],[[[-8.4669763,43.3586587],[-8.4670366,43.3587152],[-8.4669982,43.3587294],[-8.4669763,43.3586587]]],[[[-8.4650181,43.3591425],[-8.4650545,43.3591489],[-8.4650472,43.3591605],[-8.4650181,43.3591425]]],[[[-8.4649195,43.3591404],[-8.4650025,43.3591718],[-8.4649491,43.3591859],[-8.4649195,43.3591404]]],[[[-8.4651079,43.3591919],[-8.4651458,43.3592075],[-8.4651371,43.3592205],[-8.4651079,43.3591919]]],[[[-8.4652871,43.3592527],[-8.4652799,43.3592767],[-8.4652459,43.3592604],[-8.4652871,43.3592527]]],[[[-8.4654421,43.3592823],[-8.4654027,43.3592732],[-8.4654159,43.359258],[-8.4654421,43.3592823]]],[[[-8.4664941,43.3593279],[-8.4663658,43.3592594],[-8.4664659,43.3592742],[-8.4664941,43.3593279]]],[[[-8.4653751,43.3593169],[-8.4653275,43.3592838],[-8.4653406,43.3592774],[-8.4653751,43.3593169]]],[[[-8.4661429,43.3592703],[-8.4662095,43.3593177],[-8.4661531,43.3593406],[-8.4661429,43.3592703]]],[[[-8.465512,43.3593134],[-8.4655101,43.3592989],[-8.4655436,43.3593039],[-8.465512,43.3593134]]],[[[-8.4653891,43.3593279],[-8.4654256,43.3593162],[-8.4654324,43.3593286],[-8.4653891,43.3593279]]],[[[-8.4656475,43.359341],[-8.4657719,43.3594388],[-8.4655382,43.3593858],[-8.4656475,43.359341]]],[[[-8.4656364,43.3594924],[-8.4656466,43.359503],[-8.4656378,43.3595203],[-8.4656364,43.3594924]]],[[[-8.4658454,43.3595735],[-8.465818,43.3595514],[-8.4658532,43.3595459],[-8.4658454,43.3595735]]],[[[-8.4658853,43.3596512],[-8.4659061,43.359607],[-8.4659435,43.3596206],[-8.4658853,43.3596512]]],[[[-8.4651312,43.3597382],[-8.4651662,43.359752],[-8.465157,43.3597661],[-8.4651312,43.3597382]]],[[[-8.4656101,43.3598254],[-8.4655863,43.3597972],[-8.4657116,43.359746],[-8.4656101,43.3598254]]],[[[-8.4657782,43.359859],[-8.4656776,43.3598021],[-8.4658967,43.3597894],[-8.4657782,43.359859]]],[[[-8.4651589,43.3598523],[-8.4651322,43.3598307],[-8.4651852,43.3598233],[-8.4651589,43.3598523]]],[[[-8.4652536,43.3598657],[-8.4652318,43.3598141],[-8.4652876,43.3598268],[-8.4652536,43.3598657]]],[[[-8.4654372,43.3598819],[-8.4653105,43.3598293],[-8.4653289,43.3598085],[-8.4654372,43.3598819]]],[[[-8.4654853,43.3598657],[-8.4655786,43.3598187],[-8.4655543,43.3598738],[-8.4654853,43.3598657]]],[[[-8.4651206,43.3598763],[-8.4651346,43.359918],[-8.4650628,43.3598982],[-8.4651206,43.3598763]]],[[[-8.4656116,43.3599603],[-8.4655863,43.3599511],[-8.4656519,43.3598565],[-8.4656116,43.3599603]]],[[[-8.4654431,43.3599406],[-8.4654445,43.359919],[-8.4654829,43.3599095],[-8.4654431,43.3599406]]],[[[-8.4650433,43.3599692],[-8.4650895,43.359996],[-8.4649287,43.3600133],[-8.4650433,43.3599692]]],[[[-8.4651259,43.3599893],[-8.4651764,43.3600027],[-8.4651167,43.3600596],[-8.4651259,43.3599893]]],[[[-8.4606769,43.3600447],[-8.4606169,43.3600662],[-8.4606053,43.3600152],[-8.4606769,43.3600447]]],[[[-8.4607794,43.3600437],[-8.4609936,43.3601393],[-8.4609675,43.3601952],[-8.4607794,43.3600437]]],[[[-8.4608931,43.3602001],[-8.460688,43.3601741],[-8.4607756,43.3601495],[-8.4608931,43.3602001]]],[[[-8.462036,43.360174],[-8.4620797,43.3601697],[-8.4620569,43.3602132],[-8.462036,43.360174]]],[[[-8.460689,43.3602226],[-8.4606614,43.360229],[-8.4606503,43.3602068],[-8.460689,43.3602226]]],[[[-8.4644156,43.3602188],[-8.4644802,43.360231],[-8.4644212,43.3602587],[-8.4644156,43.3602188]]],[[[-8.4651754,43.3602771],[-8.4650866,43.3602202],[-8.4651798,43.3602361],[-8.4651754,43.3602771]]],[[[-8.4612292,43.3602863],[-8.461191,43.3602659],[-8.4612616,43.3602279],[-8.4612292,43.3602863]]],[[[-8.4607074,43.3603454],[-8.4605468,43.3602325],[-8.4606145,43.360275],[-8.4607074,43.3603454]]],[[[-8.4610478,43.3602951],[-8.4607659,43.3603752],[-8.4608017,43.3603028],[-8.4610478,43.3602951]]],[[[-8.4611784,43.3603141],[-8.4612601,43.3603077],[-8.4612364,43.3603665],[-8.4611784,43.3603141]]],[[[-8.4620219,43.3603908],[-8.4619704,43.3602672],[-8.4621633,43.3602467],[-8.4620219,43.3603908]]],[[[-8.464019,43.3603336],[-8.4640846,43.3603692],[-8.4640239,43.3603869],[-8.464019,43.3603336]]],[[[-8.4625945,43.3604194],[-8.4625557,43.3603816],[-8.4625741,43.3603269],[-8.4625945,43.3604194]]],[[[-8.4614695,43.3604181],[-8.46147,43.3604311],[-8.4612896,43.3603872],[-8.4614695,43.3604181]]],[[[-8.4646038,43.3606959],[-8.464308,43.3603678],[-8.4647505,43.3603632],[-8.4646038,43.3606959]]],[[[-8.4639428,43.3605437],[-8.4637475,43.3605285],[-8.4637675,43.3604557],[-8.4639428,43.3605437]]],[[[-8.4623148,43.3605433],[-8.4622657,43.3605303],[-8.4623056,43.3604533],[-8.4623148,43.3605433]]],[[[-8.4624469,43.3604836],[-8.4625071,43.3605133],[-8.4625018,43.3605511],[-8.4624469,43.3604836]]],[[[-8.431394,37.0857994],[-8.4314023,37.0856131],[-8.4314837,37.0856846],[-8.431394,37.0857994]]],[[[-8.3776385,37.0988655],[-8.3777007,37.098838],[-8.3776804,37.0989073],[-8.3776385,37.0988655]]],[[[-8.3737412,43.3421959],[-8.3736983,43.342112],[-8.374849,43.3425782],[-8.3737412,43.3421959]]],[[[-8.3724128,43.3432755],[-8.3737624,43.343154],[-8.3736615,43.3439278],[-8.3724128,43.3432755]]],[[[-8.3495119,43.3489425],[-8.3502031,43.347433],[-8.3512352,43.3485384],[-8.3495119,43.3489425]]],[[[-8.3514103,43.3492498],[-8.3513566,43.3489323],[-8.3516765,43.3488661],[-8.3514103,43.3492498]]],[[[-8.4602474,43.359927],[-8.4602724,43.3599859],[-8.4602359,43.3599719],[-8.4602474,43.359927]]],[[[-8.4601122,43.3599674],[-8.4601942,43.3599548],[-8.4601698,43.3600152],[-8.4601122,43.3599674]]],[[[-8.4603213,43.3600713],[-8.4602585,43.3600382],[-8.4603064,43.3600207],[-8.4603213,43.3600713]]],[[[-8.4606179,43.3602142],[-8.4606203,43.3602269],[-8.4605833,43.3602225],[-8.4606179,43.3602142]]],[[[-8.4601223,43.3603623],[-8.4601573,43.360407],[-8.4601353,43.3604547],[-8.4601223,43.3603623]]],[[[-8.459716,43.3606467],[-8.4596909,43.36064],[-8.4598142,43.3606207],[-8.459716,43.3606467]]],[[[-8.4576757,43.3617365],[-8.4578069,43.3618448],[-8.4577724,43.3618511],[-8.4576757,43.3617365]]],[[[-8.4578845,43.3621077],[-8.4579449,43.3621067],[-8.4578998,43.3621638],[-8.4578845,43.3621077]]],[[[-8.4580196,43.3621387],[-8.4581781,43.3621331],[-8.4581599,43.362146],[-8.4580196,43.3621387]]],[[[-8.4586212,43.3623167],[-8.4586322,43.3623508],[-8.4583841,43.3622853],[-8.4586212,43.3623167]]],[[[-8.3863123,43.3690997],[-8.3860058,43.3689876],[-8.3860995,43.3688522],[-8.3863123,43.3690997]]],[[[-8.4094555,43.3692141],[-8.4095326,43.3692161],[-8.4092121,43.3693467],[-8.4094555,43.3692141]]],[[[-8.4106243,43.3692678],[-8.4112606,43.3692263],[-8.4111614,43.3694471],[-8.4106243,43.3692678]]],[[[-8.4093509,43.3694481],[-8.4093663,43.3695056],[-8.409206,43.369492],[-8.4093509,43.3694481]]],[[[-8.412854,43.3693325],[-8.4135652,43.3692892],[-8.4135248,43.3698121],[-8.412854,43.3693325]]],[[[-8.4080547,43.3698625],[-8.4085281,43.3697825],[-8.4085134,43.3698288],[-8.4080547,43.3698625]]],[[[-8.4141372,43.3697225],[-8.4142076,43.3698586],[-8.4139726,43.3698951],[-8.4141372,43.3697225]]],[[[-8.4080788,43.3699872],[-8.4080728,43.3699341],[-8.4081613,43.3699434],[-8.4080788,43.3699872]]],[[[-8.4081908,43.3702938],[-8.4082445,43.3703192],[-8.4081975,43.370327],[-8.4081908,43.3702938]]],[[[-8.4081198,43.3703879],[-8.4081154,43.3703677],[-8.4081716,43.370361],[-8.4081198,43.3703879]]],[[[-8.4082686,43.3703679],[-8.4082907,43.3704255],[-8.4082545,43.3704337],[-8.4082686,43.3703679]]],[[[-8.4081995,43.3704401],[-8.4082787,43.3704805],[-8.4081633,43.3705088],[-8.4081995,43.3704401]]],[[[-8.4119674,43.3705668],[-8.4120358,43.370617],[-8.411846,43.3706399],[-8.4119674,43.3705668]]],[[[-8.4117099,43.3705936],[-8.4118004,43.3706799],[-8.4116039,43.3706355],[-8.4117099,43.3705936]]],[[[-8.411842,43.3710082],[-8.4115005,43.3709079],[-8.4120668,43.37083],[-8.411842,43.3710082]]],[[[-8.4135476,43.3707837],[-8.4139473,43.3710593],[-8.4136968,43.3710473],[-8.4135476,43.3707837]]],[[[-8.4162391,43.371572],[-8.4163838,43.3716024],[-8.4163058,43.3717038],[-8.4162391,43.371572]]],[[[-8.4468932,43.3729638],[-8.4468292,43.3729104],[-8.4469282,43.372905],[-8.4468932,43.3729638]]],[[[-8.4470353,43.3729321],[-8.447141412756254,43.37299872893997],[-8.4469602,43.373077],[-8.4470353,43.3729321]]],[[[-8.4197216,43.3752628],[-8.4196677,43.3753219],[-8.4195651,43.3753042],[-8.4197216,43.3752628]]],[[[-8.4199537,43.3754086],[-8.4199312,43.3754137],[-8.4199478,43.3753391],[-8.4199537,43.3754086]]],[[[-8.4197808,43.375418],[-8.4197936,43.3754245],[-8.419768,43.3754636],[-8.4197808,43.375418]]],[[[-8.4197791,43.3754764],[-8.4198054,43.3754777],[-8.4197243,43.3755089],[-8.4197791,43.3754764]]],[[[-8.419874,43.3755525],[-8.4198269,43.3755613],[-8.4198383,43.3755253],[-8.419874,43.3755525]]],[[[-8.4199163,43.3755444],[-8.4199676,43.3755882],[-8.4198893,43.3756172],[-8.4199163,43.3755444]]],[[[-8.4199527,43.3756514],[-8.4200192,43.3757215],[-8.4199631,43.3757429],[-8.4199527,43.3756514]]],[[[-8.420549,43.3759277],[-8.4205057,43.3759154],[-8.4205112,43.3759051],[-8.420549,43.3759277]]],[[[-8.4213671,43.3772653],[-8.4214433,43.3771903],[-8.4214682,43.377224],[-8.4213671,43.3772653]]],[[[-8.4264096,43.3773202],[-8.4264834,43.3773298],[-8.4264741,43.3773487],[-8.4264096,43.3773202]]],[[[-8.4271889,43.3774169],[-8.4272232,43.3774411],[-8.4271272,43.3774341],[-8.4271889,43.3774169]]],[[[-8.4271951,43.3773253],[-8.4278098,43.3776194],[-8.4277447,43.3776451],[-8.4271951,43.3773253]]],[[[-8.4269131,43.3774492],[-8.4273795,43.3775831],[-8.4272145,43.3775695],[-8.4269131,43.3774492]]],[[[-8.4271265,43.3775539],[-8.4271944,43.3776068],[-8.4269796,43.3775318],[-8.4271265,43.3775539]]],[[[-8.429166,43.3776788],[-8.4290295,43.3775973],[-8.4290842,43.3775826],[-8.429166,43.3776788]]],[[[-8.4261563,43.3775479],[-8.4261245,43.3774431],[-8.427261,43.3778713],[-8.4261563,43.3775479]]],[[[-8.4263746,43.3776834],[-8.4260545,43.3775821],[-8.426559,43.3777635],[-8.4263746,43.3776834]]],[[[-8.4292617,43.3776897],[-8.4292409,43.3776513],[-8.4292924,43.3776624],[-8.4292617,43.3776897]]],[[[-8.4273226,43.3776632],[-8.4274273,43.3777121],[-8.4273718,43.3777327],[-8.4273226,43.3776632]]],[[[-8.4294374,43.3777363],[-8.4293543,43.3777165],[-8.4293553,43.3776991],[-8.4294374,43.3777363]]],[[[-8.4279914,43.3777242],[-8.4279935,43.3777746],[-8.4278167,43.3776723],[-8.4279914,43.3777242]]],[[[-8.4296903,43.3778169],[-8.4296528,43.377803],[-8.429666,43.3777863],[-8.4296903,43.3778169]]],[[[-8.4223178,43.3778894],[-8.4222084,43.3777665],[-8.4228466,43.377774],[-8.4223178,43.3778894]]],[[[-8.4297168,43.377847],[-8.4297171,43.3778321],[-8.4297377,43.3778291],[-8.4297168,43.377847]]],[[[-8.4296288,43.3778999],[-8.4295995,43.3778048],[-8.429710991870943,43.37788523004673],[-8.4296288,43.3778999]]],[[[-8.4238951,43.3781191],[-8.4239776,43.3781115],[-8.4239083,43.3781503],[-8.4238951,43.3781191]]],[[[-8.4241924,43.3782611],[-8.4241314,43.3782556],[-8.4241314,43.3781463],[-8.4241924,43.3782611]]],[[[-8.4105793,43.378846],[-8.4108041,43.3790903],[-8.410636,43.3791521],[-8.4105793,43.378846]]],[[[-8.4101416,43.3791293],[-8.41016,43.3791976],[-8.4100368,43.3792301],[-8.4101416,43.3791293]]],[[[-8.2871582,43.3839991],[-8.2876193,43.3838649],[-8.2875304,43.3840256],[-8.2871582,43.3839991]]],[[[-8.2932616,43.3846611],[-8.2933528,43.3847683],[-8.2931624,43.3847586],[-8.2932616,43.3846611]]],[[[-8.2831174,43.386739],[-8.283037,43.3867078],[-8.2831145,43.3864836],[-8.2831174,43.386739]]],[[[-8.2834822,43.3868754],[-8.2832405,43.386817],[-8.2833076,43.3865616],[-8.2834822,43.3868754]]],[[[-8.2836509,43.3867916],[-8.2836753,43.3865733],[-8.2840479,43.3867195],[-8.2836509,43.3867916]]],[[[-8.2974509,43.3891424],[-8.2974243,43.3889552],[-8.2975397,43.3889533],[-8.2974509,43.3891424]]],[[[-8.3268979,43.4049198],[-8.3264337,43.4048858],[-8.3270166,43.4042114],[-8.3268979,43.4049198]]],[[[-8.2838638,43.5606286],[-8.2839325,43.5597827],[-8.284765,43.5602243],[-8.2838638,43.5606286]]],[[[-7.8825849,36.9706504],[-7.882050911151845,36.970155610596386],[-7.882424654189583,36.970082540078884],[-7.8825849,36.9706504]]],[[[-7.8803071,36.9721808],[-7.8802496,36.9719899],[-7.8819237,36.9719696],[-7.8803071,36.9721808]]],[[[-7.8811318,36.9718195],[-7.8805313,36.9716881],[-7.8806034,36.9716457],[-7.8811318,36.9718195]]],[[[-7.891953,36.9713911],[-7.8949047,36.9709844],[-7.8922471,36.9731921],[-7.891953,36.9713911]]],[[[-7.9418918,36.9754751],[-7.9322679,36.9776677],[-7.9204529,36.9709416],[-7.900865734888728,36.966477123592455],[-7.916082767768419,36.96615863286941],[-7.9433746,36.9752166],[-7.951830089304965,36.980108022966135],[-7.9418918,36.9754751]]],[[[-7.8996485,36.971401],[-7.9025801,36.9711807],[-7.8981303,36.9739699],[-7.8996485,36.971401]]],[[[-7.8899013,36.9736274],[-7.8904431,36.9738417],[-7.888535,36.9742189],[-7.8899013,36.9736274]]],[[[-7.902807,36.9746209],[-7.9035581,36.9747674],[-7.902142,36.9753393],[-7.902807,36.9746209]]],[[[-7.91257663199783,36.97578815564472],[-7.9126523,36.9749458],[-7.9142628,36.9757338],[-7.91257663199783,36.97578815564472]]],[[[-7.917704,36.9752954],[-7.9186300702315116,36.976454340276646],[-7.917932312470735,36.976377551602326],[-7.917704,36.9752954]]],[[[-7.9157022405185895,36.97613213080092],[-7.9168334,36.9752663],[-7.917887206100515,36.976372587618314],[-7.9157022405185895,36.97613213080092]]],[[[-7.9419115,36.97642],[-7.9441437,36.9774667],[-7.9436051,36.9777399],[-7.9419115,36.97642]]],[[[-7.9303576,36.9771011],[-7.9309303,36.9774003],[-7.9299662,36.9776485],[-7.9303576,36.9771011]]],[[[-7.866801,36.9770405],[-7.8621603,36.9798534],[-7.859316387389033,36.98281232070486],[-7.860097,36.980536],[-7.866801,36.9770405]]],[[[-7.8540075,36.9883359],[-7.853261,36.986762],[-7.85832624812488,36.98384250129413],[-7.8540075,36.9883359]]],[[[-7.820424277305485,36.99873698545444],[-7.8216705,37.0028263],[-7.815684398015134,37.00154967220393],[-7.820424277305485,36.99873698545444]]],[[[-7.8494166,37.0108055],[-7.8485676,37.0071406],[-7.8520562,37.0056931],[-7.852339,37.0067326],[-7.8494166,37.0108055]]],[[[-7.8410912,37.0137751],[-7.8360906,37.0156217],[-7.8331052,37.0145723],[-7.8386025,37.0116281],[-7.8410912,37.0137751]]],[[[-7.8249137,37.0185649],[-7.8248865,37.0176342],[-7.8259209,37.0180253],[-7.8249137,37.0185649]]],[[[-7.8284756,37.0185643],[-7.8278953,37.01855],[-7.8280172,37.0181298],[-7.8284756,37.0185643]]],[[[-7.8265151,37.0197018],[-7.8286372,37.0211559],[-7.8263506,37.0227173],[-7.8265151,37.0197018]]],[[[-7.8030127,37.013237],[-7.80686,37.0230492],[-7.8015101,37.0243384],[-7.8023872,37.0210504],[-7.7973844,37.0195379],[-7.7956977,37.0249155],[-7.7901331,37.0222215],[-7.7874843,37.0270803],[-7.7782509,37.0279741],[-7.7565751223015065,37.03909646714287],[-7.8030127,37.013237]]],[[[-7.73859,37.0546462],[-7.7392781,37.0543123],[-7.7392986,37.0545128],[-7.73859,37.0546462]]],[[[-7.7385631,37.0554096],[-7.7386362,37.0554768],[-7.7380987,37.0556313],[-7.7385631,37.0554096]]],[[[-7.7158039,37.061389],[-7.715724820266818,37.0614094691978],[-7.715795370325855,37.061370933776175],[-7.7158039,37.061389]]],[[[-7.7126209,37.0642992],[-7.7085381177963805,37.065334945852904],[-7.713444787482231,37.06265485475614],[-7.7126209,37.0642992]]],[[[-7.705683828256578,37.06689399842277],[-7.6699764,37.0889822],[-7.6731882,37.091592],[-7.6685185,37.0894231],[-7.645225665287013,37.09991708631651],[-7.705683828256578,37.06689399842277]]],[[[-7.6272019,37.1145934],[-7.624808844264853,37.115285780687586],[-7.635294598984761,37.10534157259379],[-7.6272019,37.1145934]]],[[[-7.619805307064345,37.117899241128384],[-7.6208384,37.1179773],[-7.619221003135195,37.118204436261955],[-7.619805307064345,37.117899241128384]]],[[[-7.5424451,37.1558079],[-7.561183715797878,37.14667435254724],[-7.5567241,37.1513207],[-7.5424451,37.1558079]]],[[[-7.569131521471179,37.144367303366344],[-7.614683345808024,37.12057455712709],[-7.6156444,37.1212115],[-7.6017183,37.1296446],[-7.6034201,37.131858],[-7.5980973,37.1315478],[-7.594066,37.1341288],[-7.5960776,37.1351017],[-7.569131521471179,37.144367303366344]]],[[[-7.6157338,37.120241],[-7.614982786783891,37.12041815234515],[-7.61595746468547,37.119909056072615],[-7.6157338,37.120241]]],[[[-8.2641731,43.378332],[-8.2641359,43.3783148],[-8.2641687,43.3783036],[-8.2641731,43.378332]]],[[[-8.2640156,43.3783773],[-8.2640011,43.3783703],[-8.2640243,43.3783471],[-8.2640156,43.3783773]]],[[[-8.2650671,43.3795127],[-8.2650661,43.3795639],[-8.2650434,43.3795565],[-8.2650671,43.3795127]]],[[[-8.2646358,43.3803352],[-8.2647063,43.3803401],[-8.2646522,43.3803766],[-8.2646358,43.3803352]]],[[[-8.2639055,43.3803889],[-8.2638939,43.3803812],[-8.2639026,43.3803464],[-8.2639055,43.3803889]]],[[[-8.2647126,43.3803938],[-8.264671,43.3803942],[-8.2647024,43.3803777],[-8.2647126,43.3803938]]],[[[-8.2646232,43.380411],[-8.2646551,43.3804261],[-8.2646092,43.380424],[-8.2646232,43.380411]]],[[[-8.2643498,43.3804805],[-8.2643711,43.380438],[-8.2643735,43.3805198],[-8.2643498,43.3804805]]],[[[-8.2643291,43.3805574],[-8.2642933,43.3805946],[-8.2642774,43.3804795],[-8.2643291,43.3805574]]],[[[-8.2638919,43.38045],[-8.2641479,43.3805384],[-8.2640533,43.3807758],[-8.2638919,43.38045]]],[[[-8.2642774,43.3808776],[-8.2643914,43.3808558],[-8.2643054,43.3809281],[-8.2642774,43.3808776]]],[[[-8.2640146,43.3809169],[-8.2640059,43.3808951],[-8.26406,43.3809007],[-8.2640146,43.3809169]]],[[[-8.264700186998027,43.38244346764862],[-8.2646783,43.3822663],[-8.2648299,43.3822789],[-8.264700186998027,43.38244346764862]]],[[[-8.2659148,43.3826489],[-8.2658916,43.3826539],[-8.2659698,43.3824369],[-8.2659148,43.3826489]]],[[[-8.2656897,43.3827613],[-8.2656076,43.3828041],[-8.2658037,43.3825535],[-8.2656897,43.3827613]]],[[[-8.2652849,43.3828139],[-8.265225,43.3828547],[-8.2652366,43.3827655],[-8.2652849,43.3828139]]],[[[-8.2659911,43.3827529],[-8.2660462,43.3827493],[-8.2660114,43.3828462],[-8.2659911,43.3827529]]],[[[-8.2672846,43.3843687],[-8.267273,43.3844178],[-8.2672575,43.3844164],[-8.2672846,43.3843687]]],[[[-8.2681443,43.3845621],[-8.2681221,43.3845452],[-8.2681733,43.3845445],[-8.2681443,43.3845621]]],[[[-8.2679415,43.3845614],[-8.2680178,43.3845291],[-8.2680265,43.3846183],[-8.2679415,43.3845614]]],[[[-8.2681018,43.3846779],[-8.2681385,43.3846646],[-8.2681134,43.3847081],[-8.2681018,43.3846779]]],[[[-8.2678439,43.3847285],[-8.2678371,43.3846997],[-8.2678613,43.3846962],[-8.2678439,43.3847285]]],[[[-8.2683742,43.3848324],[-8.2683578,43.3848289],[-8.2683742,43.3847938],[-8.2683742,43.3848324]]],[[[-8.2714399,43.3860382],[-8.2714727,43.3859592],[-8.2715346,43.3859985],[-8.2714399,43.3860382]]],[[[-8.276397,43.386598],[-8.2763294,43.3866324],[-8.2763101,43.3865341],[-8.276397,43.386598]]],[[[-6.9970858,43.5537042],[-6.9974181,43.5538902],[-6.9973181,43.554026],[-6.9970858,43.5537042]]],[[[-7.1579158,43.5542586],[-7.1574174,43.5542305],[-7.1575005,43.5540769],[-7.1579158,43.5542586]]],[[[-7.1586092,43.5541209],[-7.1586476,43.5541487],[-7.1585283,43.5542629],[-7.1586092,43.5541209]]],[[[-7.1542984,43.5542844],[-7.1542013,43.5543003],[-7.1542344,43.5541476],[-7.1542984,43.5542844]]],[[[-7.1590847,43.5544353],[-7.1588817,43.5542398],[-7.1595857,43.5543819],[-7.1590847,43.5544353]]],[[[-7.157589,43.5545395],[-7.157471,43.5545065],[-7.1576856,43.5543451],[-7.157589,43.5545395]]],[[[-7.1610046,43.5546622],[-7.1606223,43.5547337],[-7.1605872,43.5545316],[-7.1610046,43.5546622]]],[[[-7.1555006,43.5547628],[-7.1557966,43.5543272],[-7.1560038,43.5544657],[-7.1555006,43.5547628]]],[[[-7.1654785,43.5547697],[-7.1658379,43.5548115],[-7.1657681,43.5550545],[-7.1654785,43.5547697]]],[[[-7.1484111,43.5550539],[-7.1487666,43.5549522],[-7.1487499,43.5552092],[-7.1484111,43.5550539]]],[[[-7.1652317,43.555381],[-7.1653229,43.5550428],[-7.16563,43.5551711],[-7.1652317,43.555381]]],[[[-7.0441573,43.5558525],[-7.0444114,43.5558061],[-7.0443296,43.5561464],[-7.0441573,43.5558525]]],[[[-7.1433611,43.5558539],[-7.1433745,43.5558928],[-7.1433048,43.5560056],[-7.1433611,43.5558539]]],[[[-7.1434952,43.5561183],[-7.1433986,43.556095],[-7.1434791,43.5559745],[-7.1434952,43.5561183]]],[[[-7.1455444,43.5563185],[-7.1455807,43.5564316],[-7.1451367,43.5564539],[-7.1455444,43.5563185]]],[[[-7.0413674,43.5557418],[-7.0429188,43.5571632],[-7.0411412,43.5567862],[-7.0413674,43.5557418]]],[[[-7.0484647,43.5553083],[-7.0493186,43.5558739],[-7.0498249,43.5576688],[-7.0484647,43.5553083]]],[[[-7.138174,43.5568102],[-7.1380131,43.556573],[-7.1383484,43.5566488],[-7.138174,43.5568102]]],[[[-7.138512,43.5567946],[-7.1387158,43.5569501],[-7.1383256,43.5572793],[-7.138512,43.5567946]]],[[[-7.1375732,43.5568588],[-7.1378951,43.557195],[-7.1375759,43.557267],[-7.1375732,43.5568588]]],[[[-7.1391289,43.5573078],[-7.1385629,43.5575449],[-7.1390806,43.5571154],[-7.1391289,43.5573078]]],[[[-7.1390216,43.5579706],[-7.1387292,43.5580892],[-7.1385522,43.5577529],[-7.1390216,43.5579706]]],[[[-6.9880793,43.5577733],[-6.9895229,43.5584522],[-6.9865123,43.5588324],[-6.9880793,43.5577733]]],[[[-8.2815807,43.5590985],[-8.2810228,43.5589057],[-8.2813747,43.558377],[-8.2815807,43.5590985]]],[[[-8.2821043,43.5587565],[-8.2837093,43.5595899],[-8.282367,43.5601198],[-8.2821043,43.5587565]]],[[[-7.1945643,43.5613512],[-7.1942975,43.5613181],[-7.1944584,43.5612355],[-7.1945643,43.5613512]]],[[[-7.1945107,43.561597],[-7.1942814,43.5617768],[-7.1941955,43.5616515],[-7.1945107,43.561597]]],[[[-7.1926573,43.5622151],[-7.1922323,43.5618048],[-7.192818,43.5617655],[-7.1926573,43.5622151]]],[[[-6.9606064,43.5628973],[-6.9600163,43.5628817],[-6.9601655,43.5626096],[-6.9606064,43.5628973]]],[[[-6.9598339,43.5630139],[-6.959812607004546,43.56341204026773],[-6.9596086,43.5632316],[-6.9598339,43.5630139]]],[[[-8.1538618,43.6177026],[-8.1541326,43.6178017],[-8.1538886,43.6182133],[-8.1538618,43.6177026]]],[[[-7.6114049,43.6730354],[-7.6114188,43.6729088],[-7.6114734,43.672752],[-7.6114049,43.6730354]]],[[[-7.6100602,43.6748868],[-7.6097847,43.6755623],[-7.6105583,43.6743077],[-7.6100602,43.6748868]]],[[[-7.612071,43.6780683],[-7.6121213,43.678434],[-7.6110519,43.6785129],[-7.612071,43.6780683]]],[[[-7.6141018,43.6814281],[-7.6139486,43.681379],[-7.6139641,43.6813163],[-7.6141018,43.6814281]]],[[[-7.5851074,43.6988082],[-7.5830634,43.6986668],[-7.5836271,43.6981599],[-7.5851074,43.6988082]]],[[[-7.4409107,43.7006247],[-7.4409016,43.7005521],[-7.4439607,43.7005328],[-7.4409107,43.7006247]]],[[[-8.0554933,43.70901],[-8.0552068,43.7091085],[-8.0550331,43.7089625],[-8.0554933,43.70901]]],[[[-8.0540171,43.7099193],[-8.0543137,43.7102919],[-8.0527277,43.7100263],[-8.0540171,43.7099193]]],[[[-8.0515149,43.7098467],[-8.0519755,43.7102577],[-8.0518172,43.7104138],[-8.0515149,43.7098467]]],[[[-7.6935481,43.7141079],[-7.6914507,43.7134012],[-7.6926876,43.7092211],[-7.6941433,43.7105639],[-7.6935481,43.7141079]]],[[[-7.9755685,43.7191794],[-7.9760818,43.7194957],[-7.9757903,43.7198404],[-7.9755685,43.7191794]]],[[[-7.976715529256634,43.71978846926217],[-7.9765558408629325,43.71985795653091],[-7.9766389,43.7196798],[-7.976715529256634,43.71978846926217]]],[[[-7.6264702,43.7213272],[-7.6271354,43.7210481],[-7.6268886,43.7215835],[-7.6264702,43.7213272]]],[[[-7.627605,43.7224853],[-7.6281522,43.7218882],[-7.6282166,43.7219697],[-7.627605,43.7224853]]],[[[-7.9540021,43.7280844],[-7.9539351,43.7276974],[-7.9543619,43.7278879],[-7.9540021,43.7280844]]],[[[-7.7746618,43.7388221],[-7.7742769,43.7391195],[-7.7739993,43.7385585],[-7.7746618,43.7388221]]],[[[-7.755642,43.742675],[-7.754591,43.74215],[-7.755297,43.742286],[-7.755642,43.742675]]],[[[-7.651453,43.748421],[-7.6508461,43.7482188],[-7.6512409,43.7478236],[-7.651453,43.748421]]],[[[-5.3286944,35.8779206],[-5.3286413,35.8778755],[-5.328808,35.8778011],[-5.3286944,35.8779206]]],[[[-5.3287258,35.8783024],[-5.328692,35.8782123],[-5.3290352,35.8781928],[-5.3287258,35.8783024]]],[[[-5.3278293,35.8784199],[-5.3279138,35.878461],[-5.3277882,35.8785511],[-5.3278293,35.8784199]]],[[[-5.3281652,35.8785217],[-5.3280588,35.8785589],[-5.3280564,35.8784747],[-5.3281652,35.8785217]]],[[[-5.3274402,35.8787626],[-5.3277737,35.8787332],[-5.3276891,35.8789192],[-5.3274402,35.8787626]]],[[[-5.3273822,35.8791581],[-5.3272372,35.8791855],[-5.3271937,35.8790563],[-5.3273822,35.8791581]]],[[[-5.29186,35.89053],[-5.3071676,35.8843519],[-5.3175115,35.8865507],[-5.3187757,35.8896863],[-5.3132643,35.8892228],[-5.3150962,35.8909927],[-5.3026308,35.8928081],[-5.3079012,35.8956383],[-5.3012641,35.8950539],[-5.2992108,35.9001642],[-5.2884212,35.9071963],[-5.286243075848098,35.904050875782715],[-5.29186,35.89053]]],[[[-5.2880362,35.9070402],[-5.2879893,35.9070381],[-5.2880499,35.9068111],[-5.2880362,35.9070402]]],[[[-5.2890089,35.9068566],[-5.2892304,35.9071043],[-5.2888461,35.9072374],[-5.2890089,35.9068566]]],[[[-5.420524952907852,35.91285022012909],[-5.418774,35.915597],[-5.416247897981944,35.91314602870801],[-5.41673262222891,35.9124745415734],[-5.420524952907852,35.91285022012909]]],[[[-5.9589068,36.1809345],[-5.9587224,36.181031],[-5.9586922,36.1808647],[-5.9589068,36.1809345]]],[[[-5.2807646,36.2871886],[-5.281344,36.2870048],[-5.2816873,36.2875453],[-5.2807646,36.2871886]]],[[[-5.2789725,36.2871649],[-5.2793146,36.2877129],[-5.2780307,36.2874672],[-5.2789725,36.2871649]]],[[[-5.2804328,36.2879667],[-5.2796174,36.2872705],[-5.280255,36.2871972],[-5.2804328,36.2879667]]],[[[-5.2762845,36.2877379],[-5.2767444,36.287818],[-5.2762183,36.2883474],[-5.2762845,36.2877379]]],[[[-5.2806982,36.2880422],[-5.28135,36.2881655],[-5.2812085,36.2886491],[-5.2806982,36.2880422]]],[[[-5.2817632,36.2888357],[-5.2817059,36.288099],[-5.2824713,36.2882757],[-5.2817632,36.2888357]]],[[[-5.2739922,36.2917872],[-5.2733437,36.2908805],[-5.2750623,36.2893257],[-5.2739922,36.2917872]]],[[[-5.2647442,36.3015845],[-5.2647163,36.3015875],[-5.2647393,36.3015573],[-5.2647442,36.3015845]]],[[[-5.2647951,36.3016057],[-5.2647672,36.3015962],[-5.2647871,36.3015802],[-5.2647951,36.3016057]]],[[[-5.2645317,36.3015698],[-5.2646154,36.3015858],[-5.2646031,36.3016636],[-5.2645317,36.3015698]]],[[[-5.2644604,36.3016347],[-5.2644497,36.3016204],[-5.2644625,36.3016079],[-5.2644604,36.3016347]]],[[[-5.2646852,36.301719],[-5.2647023,36.3016835],[-5.2647168,36.3017069],[-5.2646852,36.301719]]],[[[-5.2647372,36.3017043],[-5.2647367,36.3017112],[-5.2647243,36.3017146],[-5.2647372,36.3017043]]],[[[-5.2646219,36.3017306],[-5.2645207,36.3017877],[-5.2645022,36.3016995],[-5.2646219,36.3017306]]],[[[-5.2646826,36.3017328],[-5.2647001,36.3017345],[-5.2647042,36.3017457],[-5.2646826,36.3017328]]],[[[-5.264521,36.3018119],[-5.2645253,36.3018232],[-5.2645156,36.3018283],[-5.264521,36.3018119]]],[[[-5.2645173,36.3018348],[-5.2645242,36.3018603],[-5.2645103,36.3018625],[-5.2645173,36.3018348]]],[[[-5.2645527,36.301885],[-5.2645371,36.3018845],[-5.2645532,36.3018487],[-5.2645527,36.301885]]],[[[-5.2646047,36.3018858],[-5.2646031,36.3019135],[-5.2645747,36.3019127],[-5.2646047,36.3018858]]],[[[-5.2643357,36.3020899],[-5.2643405,36.3020769],[-5.2643571,36.3020787],[-5.2643357,36.3020899]]],[[[-5.2468493,36.3108823],[-5.2469257,36.3108835],[-5.2468834,36.3109458],[-5.2468493,36.3108823]]],[[[-6.2048781,36.439],[-6.2050678,36.438777],[-6.2052117,36.4388562],[-6.2048781,36.439]]],[[[-6.1837637,36.4932034],[-6.180378,36.482312],[-6.1888273,36.4852172],[-6.1837637,36.4932034]]],[[[-6.1734808,36.4985348],[-6.1739958,36.4991074],[-6.1723392,36.4982105],[-6.1734808,36.4985348]]],[[[-4.8261574,43.4389636],[-4.8269089,43.4376435],[-4.827224,43.4382948],[-4.8261574,43.4389636]]],[[[-4.8304428,43.4401509],[-4.8308649,43.4404988],[-4.8307612,43.4406235],[-4.8304428,43.4401509]]],[[[-4.8250432,43.4408222],[-4.824602,43.4405535],[-4.8254509,43.4403155],[-4.8250432,43.4408222]]],[[[-4.876287,43.4440498],[-4.8761199,43.4440345],[-4.8762576,43.4438734],[-4.876287,43.4440498]]],[[[-4.8545998,43.4442886],[-4.8546696,43.4440754],[-4.8550684,43.4442089],[-4.8545998,43.4442886]]],[[[-4.8338099,43.444695],[-4.834974,43.4448041],[-4.8342606,43.4455402],[-4.8338099,43.444695]]],[[[-4.8612844,43.4457353],[-4.8615376,43.4458995],[-4.8612716,43.4460772],[-4.8612844,43.4457353]]],[[[-4.8466727,43.4461507],[-4.845963,43.4458513],[-4.8463818,43.4457231],[-4.8466727,43.4461507]]],[[[-4.8485801,43.4456947],[-4.8487178,43.4461582],[-4.847718,43.4460806],[-4.8485801,43.4456947]]],[[[-4.8592948,43.446449],[-4.8588442,43.4460037],[-4.8596578,43.4458037],[-4.8592948,43.446449]]],[[[-4.8450756,43.4466505],[-4.8449627,43.4462763],[-4.8454258,43.4461582],[-4.8450756,43.4466505]]],[[[-4.8343106,43.4479939],[-4.8343106,43.4482029],[-4.8339601,43.4481665],[-4.8343106,43.4479939]]],[[[-4.8942426,43.4492105],[-4.8941576,43.4492068],[-4.894138,43.4491426],[-4.8942426,43.4492105]]],[[[-4.8939226,43.4491798],[-4.8932698,43.4496548],[-4.8931725,43.4493202],[-4.8939226,43.4491798]]],[[[-4.8963843,43.4512303],[-4.8961012,43.4511392],[-4.8963477,43.4508832],[-4.8963843,43.4512303]]],[[[-4.8999496,43.4519072],[-4.8992145,43.4519232],[-4.8997166,43.451803],[-4.8999496,43.4519072]]],[[[-4.9003427,43.4518925],[-4.9007749,43.4518275],[-4.9008895,43.4518944],[-4.9003427,43.4518925]]],[[[-4.9131645,43.454413],[-4.9130619,43.4543066],[-4.9132329,43.4543066],[-4.9131645,43.454413]]],[[[-4.9135591,43.454703],[-4.9133248,43.4546539],[-4.9133964,43.4544392],[-4.9135591,43.454703]]],[[[-5.0129236,43.4598604],[-5.0127078,43.4597672],[-5.0131224,43.4596027],[-5.0129236,43.4598604]]],[[[-5.0131586,43.4602007],[-5.0130942,43.4601092],[-5.0132364,43.4600995],[-5.0131586,43.4602007]]],[[[-5.0128931,43.4603876],[-5.0131398,43.4604655],[-5.0130326,43.4606602],[-5.0128931,43.4603876]]],[[[-4.9493926,43.4620545],[-4.9488704,43.4619633],[-4.949482,43.4612063],[-4.9493926,43.4620545]]],[[[-5.2217562,43.4808411],[-5.2217243,43.4799301],[-5.2226568,43.4806145],[-5.2217562,43.4808411]]],[[[-5.5978296,43.5481242],[-5.5981613,43.5481771],[-5.5981796,43.548579],[-5.5978296,43.5481242]]],[[[-6.5195428,43.5496769],[-6.5197232,43.5497935],[-6.5196341,43.5499289],[-6.5195428,43.5496769]]],[[[-5.605398,43.5497972],[-5.6055412,43.5498303],[-5.6054072,43.5500556],[-5.605398,43.5497972]]],[[[-5.498342,43.5500771],[-5.4984413,43.5501171],[-5.4981711,43.5499832],[-5.498342,43.5500771]]],[[[-6.1183309,43.5558113],[-6.1183748,43.5558691],[-6.1182935,43.5558679],[-6.1183309,43.5558113]]],[[[-6.3871543,43.5577951],[-6.3870562,43.5579276],[-6.3869244,43.5578402],[-6.3871543,43.5577951]]],[[[-6.3795181,43.5592447],[-6.379022,43.5597254],[-6.3792063,43.5593166],[-6.3795181,43.5592447]]],[[[-6.095843,43.5598798],[-6.0957411,43.559841],[-6.0961998,43.5593414],[-6.095843,43.5598798]]],[[[-6.0963821,43.559701],[-6.0962735,43.5596689],[-6.0963164,43.5596077],[-6.0963821,43.559701]]],[[[-6.0962507,43.5598244],[-6.0960442,43.5598089],[-6.0961448,43.5597282],[-6.0962507,43.5598244]]],[[[-6.3962498,43.5600578],[-6.3966072,43.559822],[-6.3966691,43.5600155],[-6.3962498,43.5600578]]],[[[-6.1000688,43.5598798],[-6.1003813,43.5599168],[-6.100266,43.5602394],[-6.1000688,43.5598798]]],[[[-6.0956056,43.5602656],[-6.0963459,43.5601801],[-6.0956244,43.5605815],[-6.0956056,43.5602656]]],[[[-6.1025444,43.5612344],[-6.1026089,43.5610769],[-6.1028182,43.5614098],[-6.1025444,43.5612344]]],[[[-6.0897691,43.5628511],[-6.0897547,43.5629791],[-6.0895562,43.5630268],[-6.0897691,43.5628511]]],[[[-6.1068949,43.5634495],[-6.1069492,43.5630271],[-6.1070541,43.5630408],[-6.1068949,43.5634495]]],[[[-6.0898661,43.5634727],[-6.0896351,43.5634469],[-6.089647,43.5632792],[-6.0898661,43.5634727]]],[[[-6.8764329,43.564044],[-6.8759501,43.564079],[-6.8766072,43.5639293],[-6.8764329,43.564044]]],[[[-6.8164924,43.5643146],[-6.8161708,43.5644238],[-6.8161955,43.5643896],[-6.8164924,43.5643146]]],[[[-6.8261464,43.5653795],[-6.8260956,43.5642779],[-6.8270418,43.5644342],[-6.8261464,43.5653795]]],[[[-6.1377388,43.5648541],[-6.1381242,43.5647897],[-6.138181,43.5651163],[-6.1377388,43.5648541]]],[[[-6.3148778,43.5655966],[-6.3143371,43.565267],[-6.3149334,43.5648898],[-6.3148778,43.5655966]]],[[[-6.1490168,43.5654985],[-6.1491614,43.5656568],[-6.148986,43.5657616],[-6.1490168,43.5654985]]],[[[-6.309416,43.5657148],[-6.3099107,43.5655059],[-6.3098922,43.5655577],[-6.309416,43.5657148]]],[[[-6.873445,43.565841],[-6.872708,43.566726],[-6.872382,43.56595],[-6.873445,43.565841]]],[[[-6.8740751,43.5666976],[-6.8735651,43.5661746],[-6.8744551,43.5659346],[-6.8740751,43.5666976]]],[[[-6.3096015,43.5672315],[-6.3092593,43.5675577],[-6.3095398,43.5671103],[-6.3096015,43.5672315]]],[[[-6.0606292,43.5676841],[-6.0604294,43.5676415],[-6.0606536,43.5675403],[-6.0606292,43.5676841]]],[[[-6.659207,43.567918],[-6.6597436,43.5677872],[-6.660721,43.5686124],[-6.659207,43.567918]]],[[[-6.1544712,43.5692969],[-6.1552258,43.5691991],[-6.1547689,43.5698917],[-6.1544712,43.5692969]]],[[[-6.4621894,43.5697495],[-6.4623751,43.569615],[-6.4625183,43.5697217],[-6.4621894,43.5697495]]],[[[-6.2963229,43.5705213],[-6.2968358,43.5693999],[-6.2987828,43.5692785],[-6.2963229,43.5705213]]],[[[-6.4614629,43.5698955],[-6.4623955,43.570168],[-6.4621088,43.5704176],[-6.4614629,43.5698955]]],[[[-6.2939267,43.5703214],[-6.2931867,43.5700919],[-6.2933151,43.5700454],[-6.2939267,43.5703214]]],[[[-6.1500718,43.570317],[-6.1502757,43.5703869],[-6.1500745,43.5705521],[-6.1500718,43.570317]]],[[[-6.2980535,43.5701501],[-6.2982466,43.570325],[-6.2975707,43.5707719],[-6.2980535,43.5701501]]],[[[-6.1497532,43.5708302],[-6.150291,43.5706184],[-6.150177,43.5709759],[-6.1497532,43.5708302]]],[[[-6.2888475,43.5710322],[-6.289114,43.5711931],[-6.2891633,43.5713647],[-6.2888475,43.5710322]]],[[[-6.2892132,43.5712017],[-6.289413,43.5712969],[-6.2892963,43.5713378],[-6.2892132,43.5712017]]],[[[-6.291371,43.571174],[-6.2914273,43.571209],[-6.2913951,43.5714655],[-6.291371,43.571174]]],[[[-6.1497042,43.5715124],[-6.1495843,43.5716059],[-6.1494767,43.5715413],[-6.1497042,43.5715124]]],[[[-6.2930948,43.5715061],[-6.2932832,43.5715845],[-6.2930774,43.5717993],[-6.2930948,43.5715061]]],[[[-6.2935344,43.5716578],[-6.2937298,43.5717083],[-6.2931821,43.5719788],[-6.2935344,43.5716578]]],[[[-6.2830654,43.5717784],[-6.283335,43.5718283],[-6.283311,43.571946],[-6.2830654,43.5717784]]],[[[-6.2934035,43.57264],[-6.2931173,43.5721753],[-6.2946074,43.5721252],[-6.2934035,43.57264]]],[[[-6.6249393,43.5723195],[-6.6266344,43.5723428],[-6.6265808,43.5725216],[-6.6249393,43.5723195]]],[[[-6.2876756,43.572744],[-6.2878335,43.572365],[-6.2880407,43.5728012],[-6.2876756,43.572744]]],[[[-6.1664075,43.572904],[-6.1663558,43.5728967],[-6.1663713,43.5728105],[-6.1664075,43.572904]]],[[[-6.2812671,43.5741626],[-6.2807824,43.5733304],[-6.2816309,43.5730558],[-6.2812671,43.5741626]]],[[[-6.050899,43.5747752],[-6.0509853,43.5746564],[-6.0510987,43.5747934],[-6.050899,43.5747752]]],[[[-5.6981321,43.5755188],[-5.697826,43.5754278],[-5.6981334,43.5752127],[-5.6981321,43.5755188]]],[[[-5.9933853,43.5768672],[-5.9933845,43.5770082],[-5.993187,43.5771183],[-5.9933853,43.5768672]]],[[[-5.9664508,43.5812462],[-5.9665318,43.5807347],[-5.9667601,43.5807682],[-5.9664508,43.5812462]]],[[[-5.7433548,43.5817135],[-5.7428912,43.5814833],[-5.743497,43.5810134],[-5.7433548,43.5817135]]],[[[-6.2226342,43.5825279],[-6.2227758,43.5825442],[-6.2221958,43.5829248],[-6.2226342,43.5825279]]],[[[-5.7522821,43.5827793],[-5.752421,43.5833851],[-5.7521104,43.5832456],[-5.7522821,43.5827793]]],[[[-5.7528397,43.5833785],[-5.752818,43.5832378],[-5.7533539,43.5832425],[-5.7528397,43.5833785]]],[[[-6.249034,43.5833339],[-6.2492943,43.5832669],[-6.2491115,43.5835159],[-6.249034,43.5833339]]],[[[-6.2086878,43.5852482],[-6.2086387,43.5849893],[-6.2087267,43.5856587],[-6.2086878,43.5852482]]],[[[-6.2256073,43.5862094],[-6.2257318,43.586189],[-6.2257215,43.586463],[-6.2256073,43.5862094]]],[[[-6.2253259,43.5867097],[-6.2256419,43.5865898],[-6.2255733,43.5866674],[-6.2253259,43.5867097]]],[[[-6.246214207918757,43.58729858096583],[-6.246047429563553,43.58744202182876],[-6.246066,43.5872626],[-6.246214207918757,43.58729858096583]]],[[[-6.0209447,43.5876362],[-6.020494,43.5878927],[-6.0207301,43.5876012],[-6.0209447,43.5876362]]],[[[-6.0202427,43.58796],[-6.0202884,43.5879777],[-6.0200568,43.588269],[-6.0202427,43.58796]]],[[[-6.2269617,43.5913662],[-6.2265904,43.5907119],[-6.2267564,43.5901335],[-6.2269617,43.5913662]]],[[[-6.2326562,43.5912275],[-6.2328074,43.5910493],[-6.2328532,43.591303],[-6.2326562,43.5912275]]],[[[-6.2339928,43.5911158],[-6.2341913,43.5911858],[-6.2341012,43.5915931],[-6.2339928,43.5911158]]],[[[-6.2315177,43.5917445],[-6.2323011,43.5915018],[-6.2321185,43.5924516],[-6.2315177,43.5917445]]],[[[-6.2364728,43.5936127],[-6.2371488,43.593214],[-6.2370432,43.5935863],[-6.2364728,43.5936127]]],[[[-6.2373393,43.5932595],[-6.238014692252616,43.59322592256921],[-6.237725996037383,43.59341891369479],[-6.2373393,43.5932595]]],[[[-5.7667165,43.6056578],[-5.767328,43.6065745],[-5.765423,43.6055609],[-5.7667165,43.6056578]]],[[[-5.7674651,43.6070691],[-5.767302,43.6068513],[-5.7675707,43.6069062],[-5.7674651,43.6070691]]],[[[-5.7802499,43.6114432],[-5.7799898,43.6114177],[-5.7805751,43.6111861],[-5.7802499,43.6114432]]],[[[-5.7816724,43.6109944],[-5.7809769,43.611985],[-5.7806712,43.6112859],[-5.7816724,43.6109944]]],[[[-5.7807673,43.6122597],[-5.781589,43.6121638],[-5.7822345,43.6127909],[-5.7807673,43.6122597]]],[[[-5.7891813,43.61344],[-5.7892312,43.6134911],[-5.7891623,43.6136095],[-5.7891813,43.61344]]],[[[-5.9005549,43.6281952],[-5.9005952,43.6279733],[-5.9008429,43.6280652],[-5.9005549,43.6281952]]],[[[-5.8902799,43.6289685],[-5.8901534,43.629004],[-5.8902314,43.6287477],[-5.8902799,43.6289685]]],[[[-5.8777898,43.6287371],[-5.8779908,43.628785],[-5.8778305,43.6290576],[-5.8777898,43.6287371]]],[[[-5.8896033,43.6289274],[-5.890144,43.6287317],[-5.8899548,43.6290962],[-5.8896033,43.6289274]]],[[[-5.8769647,43.6290275],[-5.8775187,43.6288459],[-5.8772242,43.6290038],[-5.8769647,43.6290275]]],[[[-5.8801898,43.6309786],[-5.8798699,43.6308827],[-5.8803771,43.6305343],[-5.8801898,43.6309786]]],[[[-5.8806538,43.6313562],[-5.8805472,43.6312852],[-5.8808959,43.6311455],[-5.8806538,43.6313562]]],[[[-5.8607585,43.6432435],[-5.8609246,43.6434013],[-5.860787,43.6435127],[-5.8607585,43.6432435]]],[[[-5.8598442,43.6435645],[-5.8604298,43.6433411],[-5.8604422,43.6435517],[-5.8598442,43.6435645]]],[[[-5.8354412,43.6519843],[-5.8359611,43.6521644],[-5.8340488,43.6544325],[-5.8354412,43.6519843]]],[[[-5.8559638,43.6570102],[-5.855734958955601,43.65813566507486],[-5.8554717,43.6567995],[-5.8559638,43.6570102]]],[[[-5.8401972,43.6603186],[-5.8418272,43.6592817],[-5.8417404,43.660131],[-5.8401972,43.6603186]]],[[[-5.8395522,43.6621417],[-5.839271115112315,43.66235348227754],[-5.839217581144563,43.66235101288032],[-5.8395522,43.6621417]]],[[[-5.392706491752962,35.90938892750206],[-5.3785104,35.9165865],[-5.3669071,35.9179997],[-5.3479064,35.9076195],[-5.3454327,35.9017139],[-5.3361167,35.8943539],[-5.3249869,35.9008562],[-5.3113205,35.8962215],[-5.3247258,35.8968195],[-5.3193261,35.8917446],[-5.3142635,35.8932218],[-5.3190468,35.8899123],[-5.3187761,35.8867697],[-5.3280634,35.8787668],[-5.3354951,35.8794535],[-5.3403264,35.8762718],[-5.348365934013045,35.85302429880535],[-5.362898,35.863807],[-5.378401,35.881687],[-5.392706491752962,35.90938892750206]]],[[[-4.300935,35.172071],[-4.2982274,35.1722795],[-4.298249779282023,35.171574216446785],[-4.300935,35.172071]]],[[[-4.297546914875953,35.17169405615461],[-4.29773,35.171537],[-4.298147974801535,35.171566927196984],[-4.297546914875953,35.17169405615461]]],[[[-2.9554439,35.3233087],[-2.9446609,35.3150829],[-2.9474125,35.3092849],[-2.9375254,35.3023132],[-2.9356345,35.2947868],[-2.93353,35.2960237],[-2.9333024,35.2945723],[-2.9319698,35.2944765],[-2.9320863,35.2935817],[-2.924907118852383,35.2926562611289],[-2.9235063025479606,35.29038719718095],[-2.9358057,35.292081],[-2.9327697,35.289668],[-2.9374027,35.2848643],[-2.9348195,35.27759],[-2.9274875,35.2744044],[-2.925015,35.2783712],[-2.9279235,35.2730332],[-2.929364320735095,35.271982635571234],[-2.943046,35.267874],[-2.963768,35.286219],[-2.96692,35.313866],[-2.9554439,35.3233087]]],[[[-2.9266039,35.2736916],[-2.9275799136638803,35.2725184965737],[-2.927914289807228,35.272418082750946],[-2.9266039,35.2736916]]],[[[-2.9207630469263473,35.27456561525117],[-2.9216475,35.2767663],[-2.9197268530170835,35.2748767863488],[-2.9207630469263473,35.27456561525117]]],[[[-2.9206354,35.2786821],[-2.9177963,35.2793189],[-2.914969596522416,35.27630539996245],[-2.917634194512914,35.27550521587139],[-2.9206354,35.2786821]]],[[[-2.9140766,35.276828],[-2.9160776372414725,35.280752720938295],[-2.914363889243487,35.27866769322115],[-2.9140766,35.276828]]],[[[-3.902370814183002,35.21586569598912],[-3.902533,35.214787],[-3.903132,35.215039],[-3.902370814183002,35.21586569598912]]],[[[-3.9002880826683133,35.21784637508251],[-3.9011931096901002,35.217280577666855],[-3.901274,35.217624],[-3.9002880826683133,35.21784637508251]]],[[[-2.9332567,35.2947197],[-2.9332026,35.2948774],[-2.9330962,35.2948199],[-2.9332567,35.2947197]]],[[[-4.5145806,36.5960905],[-4.5133303,36.596726],[-4.5139575,36.5961379],[-4.5145806,36.5960905]]],[[[-4.5134735,36.5972028],[-4.5124579,36.5974765],[-4.512679414153745,36.59713133227384],[-4.5134735,36.5972028]]],[[[-3.4113487,36.7031239],[-3.4113542,36.7029836],[-3.4114106,36.7029969],[-3.4113487,36.7031239]]],[[[-3.6942484,36.7275604],[-3.694006,36.7275306],[-3.694258250748927,36.72748638128844],[-3.6942484,36.7275604]]],[[[-3.788067,36.7426352],[-3.7878893,36.7428411],[-3.7876037,36.7427573],[-3.788067,36.7426352]]],[[[-2.9620759,43.2684043],[-2.9675632,43.2752221],[-2.9677733,43.2823907],[-2.9622058,43.2718242],[-2.9578394,43.2685065],[-2.9512575,43.2663484],[-2.9620759,43.2684043]]],[[[-3.1131609,43.3521243],[-3.112916,43.3519411],[-3.1130385,43.3518765],[-3.1131609,43.3521243]]],[[[-3.1489735,43.3521175],[-3.149087,43.3524536],[-3.1489714,43.3525421],[-3.1489735,43.3521175]]],[[[-3.0793474,43.3541277],[-3.0794591,43.3545865],[-3.0780889,43.3547289],[-3.0793474,43.3541277]]],[[[-3.1683203,43.3560032],[-3.1684033,43.3560578],[-3.1682274,43.3561355],[-3.1683203,43.3560032]]],[[[-3.1772831,43.3570534],[-3.1773009,43.3571007],[-3.1772348,43.3571155],[-3.1772831,43.3570534]]],[[[-3.1772387,43.3571395],[-3.1772277,43.3571781],[-3.1771426,43.3571814],[-3.1772387,43.3571395]]],[[[-3.1779142,43.3573002],[-3.1780597,43.3572822],[-3.1780363,43.3573768],[-3.1779142,43.3573002]]],[[[-3.1782837,43.3578699],[-3.1783095,43.3578401],[-3.1782938,43.3579469],[-3.1782837,43.3578699]]],[[[-3.1788315,43.3579147],[-3.1788409,43.3579274],[-3.178802,43.3579601],[-3.1788315,43.3579147]]],[[[-3.1787394,43.3579137],[-3.1786961,43.3580005],[-3.1786783,43.3579678],[-3.1787394,43.3579137]]],[[[-3.1789547,43.3579968],[-3.1789343,43.3580236],[-3.1789095,43.3580048],[-3.1789547,43.3579968]]],[[[-3.1794857,43.3581557],[-3.1794703,43.3581129],[-3.1796242,43.3581348],[-3.1794857,43.3581557]]],[[[-2.4969112,43.3669664],[-2.4940262,43.3666895],[-2.4962111,43.3651333],[-2.4969112,43.3669664]]],[[[-3.1950321,43.3682185],[-3.1950992,43.368235],[-3.1950844,43.368277],[-3.1950321,43.3682185]]],[[[-3.195063,43.3684827],[-3.195075,43.3685305],[-3.1950375,43.3684905],[-3.195063,43.3684827]]],[[[-3.194835,43.3688366],[-3.1948484,43.3688882],[-3.1948229,43.3688921],[-3.194835,43.3688366]]],[[[-3.1950214,43.368935],[-3.1949959,43.3689077],[-3.1950214,43.3689077],[-3.1950214,43.368935]]],[[[-3.1960515,43.3712154],[-3.1961119,43.3711739],[-3.1959489,43.3713285],[-3.1960515,43.3712154]]],[[[-3.1958936,43.3713672],[-3.1958547,43.3713653],[-3.1958681,43.3713341],[-3.1958936,43.3713672]]],[[[-3.1961967,43.3713994],[-3.1961176,43.3713965],[-3.1961753,43.3713292],[-3.1961967,43.3713994]]],[[[-3.1957407,43.371375],[-3.1958121,43.3713514],[-3.1958188,43.3713689],[-3.1957407,43.371375]]],[[[-3.1968292,43.3717494],[-3.1968627,43.3718898],[-3.1967777,43.3718432],[-3.1968292,43.3717494]]],[[[-3.221756,43.3854599],[-3.2217954,43.3853102],[-3.2220282,43.3853193],[-3.221756,43.3854599]]],[[[-3.2217757,43.3858022],[-3.2217166,43.3857814],[-3.2218491,43.3854924],[-3.2217757,43.3858022]]],[[[-3.2179045,43.3867779],[-3.2175735,43.3867382],[-3.2186568,43.3865199],[-3.2179045,43.3867779]]],[[[-4.5098152,43.3931848],[-4.5098414,43.3932063],[-4.5097508,43.3932277],[-4.5098152,43.3931848]]],[[[-4.5117435,43.3933426],[-4.5117919,43.3933271],[-4.5118,43.3933407],[-4.5117435,43.3933426]]],[[[-4.4648096,43.3938436],[-4.4646255,43.3938217],[-4.4646522,43.3936392],[-4.4648096,43.3938436]]],[[[-4.464967,43.3938071],[-4.4650239,43.3937243],[-4.4650741,43.3938314],[-4.464967,43.3938071]]],[[[-4.4643784,43.3938458],[-4.4642304,43.3939725],[-4.4641186,43.3937676],[-4.4643784,43.3938458]]],[[[-4.5082058,43.394019],[-4.5081386,43.393976],[-4.5082327,43.3939703],[-4.5082058,43.394019]]],[[[-4.5076422,43.3941145],[-4.5076318,43.394095],[-4.5077472,43.3940892],[-4.5076422,43.3941145]]],[[[-4.4528479,43.3947821],[-4.4528653,43.394709],[-4.4529807,43.3947431],[-4.4528479,43.3947821]]],[[[-4.5061726,43.3949505],[-4.5061459,43.3948785],[-4.5062764,43.3949406],[-4.5061726,43.3949505]]],[[[-4.5013262,43.3952138],[-4.501251,43.3952157],[-4.5011947,43.395167],[-4.5013262,43.3952138]]],[[[-4.5003007,43.3957502],[-4.500298,43.3957658],[-4.500263,43.395762],[-4.5003007,43.3957502]]],[[[-4.4999922,43.3958223],[-4.4999796,43.3958395],[-4.4999447,43.395818],[-4.4999922,43.3958223]]],[[[-4.4990972,43.3959973],[-4.499076989130509,43.39598612190791],[-4.4991106,43.3959856],[-4.4990972,43.3959973]]],[[[-4.4996427,43.3961069],[-4.4998529,43.3961193],[-4.4996282,43.3961454],[-4.4996427,43.3961069]]],[[[-4.4375312,43.3960561],[-4.4380394,43.396309],[-4.437401,43.3962369],[-4.4375312,43.3960561]]],[[[-4.6177811,43.3963602],[-4.6177017,43.3964802],[-4.6174502,43.3963812],[-4.6177811,43.3963602]]],[[[-4.5004974,43.3961026],[-4.5014568,43.3968889],[-4.499678831736794,43.39641417561709],[-4.5004974,43.3961026]]],[[[-4.5745897,43.3997896],[-4.5740307,43.3977469],[-4.5761765,43.3979611],[-4.5749802,43.3986014],[-4.5759645,43.3991362],[-4.5745897,43.3997896]]],[[[-4.5760158,43.398746],[-4.5762821,43.3988556],[-4.5762393,43.3989912],[-4.5760158,43.398746]]],[[[-4.6284524,43.3994337],[-4.6288465,43.3995769],[-4.6283757,43.3998871],[-4.6284524,43.3994337]]],[[[-4.6232524,43.4021023],[-4.6248945,43.4024005],[-4.6242596,43.4024085],[-4.6232524,43.4021023]]],[[[-4.6406057,43.4045754],[-4.6406057,43.4044418],[-4.6409735,43.4044481],[-4.6406057,43.4045754]]],[[[-4.6420365,43.4047217],[-4.641927,43.4044831],[-4.6426523,43.4046124],[-4.6420365,43.4047217]]],[[[-4.640378,43.405148],[-4.640448,43.4049381],[-4.6405882,43.4049635],[-4.640378,43.405148]]],[[[-4.6426112,43.4053835],[-4.6424098,43.4051735],[-4.6425324,43.405148],[-4.6426112,43.4053835]]],[[[-3.3155557,43.4063268],[-3.315371,43.4067128],[-3.3150177,43.4064392],[-3.3155557,43.4063268]]],[[[-3.3148929,43.4068458],[-3.3148841,43.4070166],[-3.3147156,43.4069288],[-3.3148929,43.4068458]]],[[[-4.6805577,43.4091015],[-4.6805304,43.4089822],[-4.6811188,43.4090916],[-4.6805577,43.4091015]]],[[[-4.696199,43.4102988],[-4.6960459,43.410028],[-4.6966291,43.4101201],[-4.696199,43.4102988]]],[[[-4.7091831929669885,43.415438579251195],[-4.708815164743085,43.41541483437491],[-4.7101529,43.4149447],[-4.7091831929669885,43.415438579251195]]],[[[-3.7970367,43.4164964],[-3.7970075,43.416365],[-3.7972632,43.4164678],[-3.7970367,43.4164964]]],[[[-4.7392823,43.4167637],[-4.7392206,43.4168231],[-4.7391361,43.4166701],[-4.7392823,43.4167637]]],[[[-4.729468398942603,43.41674736394514],[-4.729299529120408,43.416736468604036],[-4.7296524,43.4166817],[-4.729468398942603,43.41674736394514]]],[[[-3.4086806,43.4172009],[-3.4086275,43.4168793],[-3.4088721,43.4169056],[-3.4086806,43.4172009]]],[[[-4.737966248761861,43.41778898254519],[-4.7373004,43.4168426],[-4.7374637,43.4167019],[-4.737966248761861,43.41778898254519]]],[[[-3.7944128,43.4177061],[-3.7942175,43.4173714],[-3.794548,43.4172623],[-3.7944128,43.4177061]]],[[[-3.7936165,43.41837],[-3.7932684,43.4182354],[-3.7933911,43.4180062],[-3.7936165,43.41837]]],[[[-3.4103295,43.4182168],[-3.410089,43.4180315],[-3.4105092,43.4181937],[-3.4103295,43.4182168]]],[[[-3.7947681,43.4185949],[-3.7940006,43.4182753],[-3.7954367,43.4182121],[-3.7947681,43.4185949]]],[[[-4.7476714,43.4188981],[-4.7476604,43.4188518],[-4.7478016,43.4188823],[-4.7476714,43.4188981]]],[[[-4.747947,43.419533],[-4.7480926,43.4195183],[-4.7477018,43.4196339],[-4.747947,43.419533]]],[[[-3.7916596,43.4301196],[-3.7913846,43.4299641],[-3.7924185,43.4302409],[-3.7916596,43.4301196]]],[[[-4.8072324,43.4324772],[-4.807281,43.4323489],[-4.8073742,43.4325018],[-4.8072324,43.4324772]]],[[[-4.7978386,43.434018],[-4.7964341,43.4342776],[-4.7963702,43.4333504],[-4.7978386,43.434018]]],[[[-4.7913028,43.433666],[-4.791319083417957,43.434182877002065],[-4.7892517,43.4329896],[-4.7913028,43.433666]]],[[[-4.8040187,43.4361413],[-4.8029972,43.4353995],[-4.8030993,43.4352512],[-4.8040187,43.4361413]]],[[[-4.8142174,43.4358127],[-4.814537,43.4358022],[-4.814496,43.4358908],[-4.8142174,43.4358127]]],[[[-4.8124666,43.436067],[-4.8134363,43.4360846],[-4.8131332,43.4362958],[-4.8124666,43.436067]]],[[[-4.8117515,43.4365015],[-4.8117609,43.4363856],[-4.8119031,43.4363671],[-4.8117515,43.4365015]]],[[[-4.8117714,43.4369908],[-4.8115862,43.4368825],[-4.8117448,43.4367425],[-4.8117714,43.4369908]]],[[[-4.8115334,43.4376184],[-4.8091839,43.4374622],[-4.8081077,43.4380012],[-4.8091857,43.4370068],[-4.8115334,43.4376184]]],[[[-4.8219421,43.4380481],[-4.8237333,43.4383916],[-4.8224243,43.4387172],[-4.8219421,43.4380481]]],[[[-4.81746,43.4380084],[-4.8175478,43.4380216],[-4.8175673,43.4381744],[-4.81746,43.4380084]]],[[[-4.8194657,43.4393076],[-4.8194772,43.4398965],[-4.8189841,43.4398942],[-4.8194657,43.4393076]]],[[[-4.8243879,43.4400373],[-4.8251274,43.4402286],[-4.8247393,43.4403365],[-4.8243879,43.4400373]]],[[[-2.7903181,43.4438154],[-2.7900258,43.443683],[-2.7901492,43.4436031],[-2.7903181,43.4438154]]],[[[-2.7885935,43.4442195],[-2.7886766,43.4441124],[-2.7891433,43.4443217],[-2.7885935,43.4442195]]],[[[-2.7847687,43.4455184],[-2.7846855,43.4456567],[-2.7846051,43.4455769],[-2.7847687,43.4455184]]],[[[-4.0140867,43.4500722],[-4.0137348,43.4500055],[-4.0138825,43.4499833],[-4.0140867,43.4500722]]],[[[-4.0133375,43.4500881],[-4.0133924,43.450111],[-4.0133337,43.4501767],[-4.0133375,43.4500881]]],[[[-4.0136648,43.450157],[-4.0136537,43.4501078],[-4.0138415,43.4501626],[-4.0136648,43.450157]]],[[[-2.7745530381207626,43.450914512816304],[-2.77486,43.4504892],[-2.775346272844098,43.45070222391117],[-2.7745530381207626,43.450914512816304]]],[[[-4.013301053325036,43.45236187824579],[-4.013108956558642,43.452411826237636],[-4.0131508,43.4522848],[-4.013301053325036,43.45236187824579]]],[[[-3.9427033,43.4709294],[-3.941977,43.470475],[-3.9425926,43.4703338],[-3.9427033,43.4709294]]],[[[-3.9385344,43.4713922],[-3.9387302,43.4715519],[-3.9384298,43.4715927],[-3.9385344,43.4713922]]],[[[-3.9395724,43.4722779],[-3.9394785,43.4723694],[-3.9392961,43.4720988],[-3.9395724,43.4722779]]],[[[-3.9329113,43.4727505],[-3.9339988,43.47329],[-3.933565,43.473366],[-3.9329113,43.4727505]]],[[[-3.9318688,43.4733098],[-3.9319591,43.4730608],[-3.932522,43.4729438],[-3.9318688,43.4733098]]],[[[-3.8912948,43.4738225],[-3.8910893,43.4738158],[-3.8915376,43.4735921],[-3.8912948,43.4738225]]],[[[-3.9199855,43.4738132],[-3.9199221,43.4736456],[-3.920107,43.4736058],[-3.9199855,43.4738132]]],[[[-3.9184205,43.47431],[-3.9182596,43.4742477],[-3.9196758,43.4737416],[-3.9184205,43.47431]]],[[[-3.8920776,43.4742226],[-3.8917292,43.474195],[-3.8917396,43.4741167],[-3.8920776,43.4742226]]],[[[-3.9265671,43.4740975],[-3.9256395,43.4740693],[-3.9259125,43.4739784],[-3.9265671,43.4740975]]],[[[-3.891465,43.4742589],[-3.8916634,43.4742638],[-3.8915644,43.474352],[-3.891465,43.4742589]]],[[[-3.9140002,43.4760773],[-3.9142792,43.4763109],[-3.9138393,43.4764666],[-3.9140002,43.4760773]]],[[[-3.9090005,43.4773074],[-3.9062603,43.4777441],[-3.9099548,43.4754967],[-3.9090005,43.4773074]]],[[[-3.9172511,43.476887],[-3.9177446,43.4768636],[-3.9176051,43.4770583],[-3.9172511,43.476887]]],[[[-3.8770661,43.4774825],[-3.8799439,43.4797993],[-3.8752231,43.4804118],[-3.8770661,43.4774825]]],[[[-3.8317108,43.4867755],[-3.8315232,43.4868114],[-3.831649,43.4867217],[-3.8317108,43.4867755]]],[[[-3.8297049,43.4878683],[-3.8298983,43.487785],[-3.8298378,43.4879933],[-3.8297049,43.4878683]]],[[[-3.5309464,43.492756],[-3.5311905,43.4931374],[-3.5309572,43.4931491],[-3.5309464,43.492756]]],[[[-3.5401458,43.4940511],[-3.5406757,43.4942519],[-3.5400086,43.494814],[-3.5401458,43.4940511]]],[[[-3.8129761,43.494704],[-3.8129237,43.4947094],[-3.8132806,43.4943709],[-3.8129761,43.494704]]],[[[-3.5406099,43.4951505],[-3.5401643,43.4949439],[-3.540553,43.4946182],[-3.5406099,43.4951505]]],[[[-2.4319798,35.1840665],[-2.427000409705404,35.1827902654509],[-2.4267527431313574,35.18245421993342],[-2.4296279702261203,35.17998335091266],[-2.4319798,35.1840665]]],[[[-1.9542771,36.9207194],[-1.954479,36.9208704],[-1.9543943,36.9209043],[-1.9542771,36.9207194]]],[[[-1.9513102,36.925549],[-1.9510985,36.9256324],[-1.9510757,36.9255699],[-1.9513102,36.925549]]],[[[-1.9398627,36.9365693],[-1.9399169,36.9365535],[-1.9399366,36.9365876],[-1.9398627,36.9365693]]],[[[-1.9272193,36.9375595],[-1.9271801,36.9374721],[-1.9273334,36.9374186],[-1.9272193,36.9375595]]],[[[-1.9273826,36.9375438],[-1.9274301,36.937588],[-1.9273787,36.937637],[-1.9273826,36.9375438]]],[[[-1.9264751,36.9376212],[-1.9263624,36.9376102],[-1.9264237,36.9375596],[-1.9264751,36.9376212]]],[[[-1.502122,37.4297216],[-1.5019666,37.4297033],[-1.5020069,37.4295204],[-1.502122,37.4297216]]],[[[-1.2670569,37.5578826],[-1.2669595309751491,37.557803216391605],[-1.2672479566320802,37.55781097258257],[-1.2670569,37.5578826]]],[[[-1.2700824,37.557906],[-1.2701588898947187,37.557889251867834],[-1.2701548,37.5579762],[-1.2700824,37.557906]]],[[[-1.2793711980193294,37.558136984409444],[-1.2788639,37.558206],[-1.2788639121180554,37.55812334274397],[-1.2793711980193294,37.558136984409444]]],[[[-1.2757712,37.5584675],[-1.275908,37.5586227],[-1.2757471,37.5586929],[-1.2757712,37.5584675]]],[[[-1.2806153,37.5588906],[-1.2806797,37.5588821],[-1.2806555,37.5589863],[-1.2806153,37.5588906]]],[[[-1.267301,37.5590414],[-1.2672985,37.5590839],[-1.267242,37.5590903],[-1.267301,37.5590414]]],[[[-1.2724968,37.5590308],[-1.2726076,37.5591025],[-1.2724643,37.5591823],[-1.2724968,37.5590308]]],[[[-1.2670917,37.5591839],[-1.2668557,37.5591307],[-1.2672446,37.5591329],[-1.2670917,37.5591839]]],[[[-1.1190171,37.5618866],[-1.1186094,37.5619716],[-1.1185675,37.5617505],[-1.1190171,37.5618866]]],[[[-1.2087879,37.570943],[-1.2079253,37.5723501],[-1.2072791,37.5718418],[-1.2087879,37.570943]]],[[[-0.9750909,37.5809324],[-0.9750533,37.5810703],[-0.9749762,37.5809687],[-0.9750909,37.5809324]]],[[[-0.710728,37.6183924],[-0.710435,37.6183675],[-0.7104817,37.6180493],[-0.710728,37.6183924]]],[[[-0.7086089,37.6182207],[-0.7085273,37.618527],[-0.7083255,37.6184111],[-0.7086089,37.6182207]]],[[[-0.7084934,37.6189834],[-0.7092829,37.6194373],[-0.7091011,37.6196747],[-0.7084934,37.6189834]]],[[[-0.7222488,37.6479152],[-0.7226679377109512,37.64976536441994],[-0.7224193053931484,37.64965091334109],[-0.7222488,37.6479152]]],[[[-0.7843522,37.6529466],[-0.7818737996273831,37.65226897917083],[-0.7829539,37.6505591],[-0.7847499,37.6515984],[-0.7821993,37.6522441],[-0.7843522,37.6529466]]],[[[-0.7388606,37.6874871],[-0.7427081,37.6900775],[-0.740219,37.6918904],[-0.7425821,37.705392],[-0.7457641,37.706151],[-0.7415756936595419,37.72181444494984],[-0.740142,37.70246],[-0.726471,37.665188],[-0.7332776596422302,37.67138450621988],[-0.7388606,37.6874871]]],[[[-0.7402197503811441,37.72950746179308],[-0.739284,37.7374902],[-0.7437166,37.7426534],[-0.7454961,37.7483617],[-0.741682,37.7431722],[-0.7392059,37.7439869],[-0.7417615,37.7474763],[-0.7331959502980152,37.74662922681907],[-0.7402197503811441,37.72950746179308]]],[[[-0.748199,37.773179],[-0.7447524,37.7583927],[-0.7329651171403998,37.747191923797644],[-0.7441505,37.7509402],[-0.7454976,37.7489259],[-0.7437429,37.7517982],[-0.7421148,37.7528155],[-0.7421931,37.7533103],[-0.7473381,37.758597],[-0.7528449363515194,37.774559378501856],[-0.748199,37.773179]]],[[[-0.062537,38.5510602],[-0.0622253905660969,38.550911382753235],[-0.0625988,38.5509821],[-0.062537,38.5510602]]],[[[-0.0597676,38.5701439],[-0.0596389,38.5700633],[-0.0598191,38.5700096],[-0.0597676,38.5701439]]],[[[0.0582938,38.6398358],[0.0580527,38.6398921],[0.0581358,38.6400052],[0.0582938,38.6398358]]],[[[3.1605035,42.4280969],[3.1703405,42.4245807],[3.1688121,42.4233181],[3.1686537,42.4214937],[3.169005,42.4181984],[3.1709509,42.4164185],[3.1666706,42.4147621],[3.1645384,42.4132623],[3.1655497,42.4113912],[3.1619122,42.4112667],[3.1560746,42.4073052],[3.1573271,42.4035537],[3.1625178,42.4045536],[3.1648708,42.4010675],[3.153222,42.3944973],[3.1526739,42.393184],[3.1540811,42.3909811],[3.1597192,42.3889363],[3.1632618,42.391768],[3.1645222,42.3900593],[3.1669918,42.3896744],[3.166967,42.3887105],[3.1650648,42.3886367],[3.1625729,42.3862752],[3.1627943,42.3846902],[3.1597237,42.3851647],[3.1558093,42.3812462],[3.155067,42.3784329],[3.1594265,42.371716],[3.1650452,42.3742972],[3.1647896,42.3712908],[3.1660757,42.3710728],[3.1656448,42.3692476],[3.1661543,42.3686776],[3.1671307,42.36887],[3.1675124,42.3679804],[3.1667555,42.3682551],[3.1660655,42.3666605],[3.1664148,42.366045],[3.1634186,42.3650475],[3.1631035,42.3634042],[3.164635,42.3622205],[3.1631013,42.3614583],[3.1630191,42.3603181],[3.1779492,42.3529346],[3.1783902,42.3528383],[3.1789741,42.3530273],[3.1796945,42.3535133],[3.1822773,42.3528318],[3.1815531,42.3518075],[3.1823271,42.3511393],[3.1828377,42.3512217],[3.1830597,42.3515728],[3.1836324,42.3516401],[3.1842112,42.3504093],[3.1851121,42.3505455],[3.1854331402251974,42.35164092699516],[3.1872867380377636,42.34958204661259],[3.1864061,42.3493145],[3.1860922,42.3490627],[3.1865479,42.3474636],[3.1860341,42.3473616],[3.1852428,42.3462199],[3.1854318,42.343844],[3.1898938,42.3415767],[3.190266,42.3390805],[3.1944485,42.3358755],[3.2000221,42.3350769],[3.203802483416233,42.33981673588054],[3.2371000053772314,42.342829297813026],[3.2379566,42.34104],[3.2399481,42.3398991],[3.2395437,42.3374714],[3.2412289,42.3351735],[3.2466975,42.3362869],[3.2499009,42.3296501],[3.2513366,42.3302452],[3.2505496,42.3358144],[3.253527,42.3331104],[3.2573711215604075,42.335219354359324],[3.263031,42.32921],[3.269867,42.32921],[3.2803046,42.3362214],[3.2774582,42.3325685],[3.2857088,42.3315097],[3.2861385,42.3254196],[3.2892585,42.3294421],[3.2930523,42.326759],[3.2942801,42.3299076],[3.3007727,42.3257374],[3.3080011,42.3267817],[3.3069376,42.322536],[3.3109909,42.3200245],[3.3117314,42.3247586],[3.3174614201007535,42.322603829819336],[3.311066,42.3170858],[3.311015490397299,42.31309008178603],[3.307604,42.314048],[3.3078335,42.3107489],[3.3062752,42.313311],[3.2980258,42.3067381],[3.3003514,42.304396],[3.2909012,42.3073909],[3.2865511,42.3035876],[3.2929998,42.3016981],[3.2885924,42.2978146],[3.2921129,42.2949905],[3.2862134,42.2932478],[3.2907285,42.2895148],[3.2904504,42.2922358],[3.2954325535729914,42.29009074090181],[3.2923084024294496,42.28332526838317],[3.287606,42.2825158],[3.2877699,42.2848842],[3.2790633,42.2888299],[3.2758122,42.2835922],[3.2807712,42.280414],[3.2772322,42.2812747],[3.2767233,42.2798765],[3.2829208,42.2701837],[3.2872672,42.2709742],[3.2875118,42.2692058],[3.2864144,42.2682044],[3.2863015,42.2675944],[3.2876476944663358,42.26568775043239],[3.275148423965066,42.253044042756855],[3.2536144,42.2525096],[3.2563374,42.2488683],[3.2526528,42.2463777],[3.2539552,42.2442567],[3.2655620460566572,42.243397118944024],[3.263031,42.239854],[3.2462991641343613,42.24557460591584],[3.2439458,42.2496227],[3.2390963,42.2509912],[3.2376288,42.2474898],[3.229629,42.251566],[3.2272944,42.2507016],[3.2267587,42.2491294],[3.2292898,42.2438191],[3.2258408,42.2435387],[3.2262452031982156,42.24233481996143],[3.210134,42.239732],[3.198352482847806,42.24347101516905],[3.1970077,42.2467903],[3.1813569504660366,42.24886476476519],[3.177243031056491,42.25142643492075],[3.1810589,42.2520994],[3.1810741,42.2558155],[3.1789176,42.2525027],[3.1766417,42.2554164],[3.1806293,42.2578542],[3.17622,42.257081],[3.1756469,42.2540554],[3.1757887,42.2569805],[3.1790911,42.2587378],[3.171477,42.2599104],[3.1745014,42.2612298],[3.1726903,42.2639092],[3.1633642,42.2643948],[3.1511317,42.2598126],[3.1515375,42.2581317],[3.1507351,42.2572656],[3.1511615,42.2588477],[3.1494205,42.2595509],[3.1352255,42.2478549],[3.1364123,42.2456745],[3.1221148,42.2314535],[3.114513,42.214906],[3.1111586,42.1957224],[3.1128837,42.1647447],[3.1236751,42.1284409],[3.1260561,42.1269938],[3.1367043,42.1265104],[3.1363846,42.1254852],[3.1365503,42.1243885],[3.1384183,42.1207827],[3.1369099,42.1169141],[3.1382365,42.1156201],[3.1489886,42.1169868],[3.144961,42.1189583],[3.1497684,42.1211604],[3.1648119,42.1130674],[3.1735303316928074,42.1115840560435],[3.1747328,42.10727],[3.1718803,42.1082476],[3.1698475,42.1082016],[3.1694167,42.1054518],[3.1716852,42.1032233],[3.17461,42.1025023],[3.1808616337507796,42.104294007599975],[3.1914583,42.0904272],[3.1926663,42.0910221],[3.1950425,42.0831967],[3.2020488594004854,42.082121351710605],[3.1986064,42.077603],[3.2120626,42.0686813],[3.2089358,42.0656899],[3.2097323,42.0615948],[3.213664087171726,42.061425822727955],[3.2120786,42.0594323],[3.211176056632041,42.05462045788786],[3.2004977,42.0532446],[3.2055707,42.0515639],[3.2012312,42.0516797],[3.1976447,42.0468622],[3.1941398,42.0269466],[3.1958304,42.0110692],[3.203049,41.988643],[3.2113955,41.9767898],[3.2104362,41.9736147],[3.2245892,41.97294],[3.2267973,41.9701739],[3.2313272,41.9690413],[3.230232,41.9679857],[3.2317925,41.9658939],[3.2269507,41.9642387],[3.2301106,41.9601221],[3.2317413,41.9594702],[3.2324116,41.9596018],[3.2335718,41.9619921],[3.2336666,41.9585726],[3.2320958,41.9584728],[3.2317859,41.9570705],[3.2304077,41.9563764],[3.2305331,41.9561855],[3.2296429,41.9554141],[3.2297412,41.9551853],[3.2293985,41.9550901],[3.2292917,41.9547091],[3.2293467,41.954572],[3.2294747,41.9544712],[3.231217,41.9537953],[3.2329080529575185,41.95004087205571],[3.2282122,41.9486423],[3.227241,41.9478246],[3.2278843,41.9473497],[3.2268578,41.9473094],[3.226031,41.9461257],[3.225996,41.945538],[3.2251986,41.9455735],[3.2180152,41.9426448],[3.2167741,41.9394433],[3.2176635,41.9391198],[3.2172371,41.9386403],[3.2173813,41.9376606],[3.2164479,41.9386972],[3.2142768,41.9365666],[3.2164757,41.9340181],[3.2205222,41.9348526],[3.2178879,41.9333205],[3.2200068,41.9324693],[3.2158064,41.9305005],[3.2152062,41.9297114],[3.21784015446977,41.92741110506697],[3.210201839111562,41.91749849281202],[3.2072952,41.9173309],[3.196854112870915,41.89225606170374],[3.1943994,41.8936012],[3.1927196,41.8920773],[3.1929984,41.8914703],[3.1933699,41.8913609],[3.193655,41.89052],[3.1916013,41.8898828],[3.1908356,41.8880549],[3.1893862,41.8877939],[3.1890405,41.8885574],[3.1888557,41.8886188],[3.1881885,41.8886741],[3.1833224,41.8877906],[3.1820055,41.8864328],[3.1816392,41.8846279],[3.1820464,41.8824072],[3.1832474,41.8817557],[3.1796668,41.8804482],[3.1782675,41.8789637],[3.1790297,41.877242],[3.180341341777213,41.876653301845934],[3.16516,41.8631664],[3.1652269,41.8618668],[3.1588312,41.8609509],[3.1589972,41.8596155],[3.158208,41.8619742],[3.1518667,41.8620461],[3.1506102,41.8614056],[3.1502868,41.8603327],[3.1509163,41.8594385],[3.1497896,41.8583791],[3.145175,41.8585784],[3.1423802,41.8556695],[3.1448967,41.8496561],[3.1378346,41.848886],[3.1371884,41.8477625],[3.1375301673526943,41.84619165451199],[3.1138971,41.8485413],[3.10215,41.8449953],[3.09343,41.837612],[3.0931861798490905,41.83460128637673],[3.078631,41.826618],[3.0710969,41.8184084],[3.0647358,41.8043489],[3.0667223,41.800817],[3.065458,41.8009038],[3.0649571,41.8004047],[3.065154,41.7999775],[3.0647436,41.8000645],[3.0641943,41.7999076],[3.0639188,41.7991004],[3.0623359,41.799189],[3.0607743,41.7972302],[3.0612607740466964,41.79576726317279],[3.0072439,41.770813],[3.0015036,41.7668277],[3.0015549,41.7654227],[3.0027885,41.7651644],[3.0019054,41.764959],[3.0003482,41.7658803],[2.9977838,41.7629649],[2.9952958,41.7631423],[2.9865638,41.7602328],[2.9848064,41.7607717],[2.9839121,41.7606417],[2.9770558,41.7575025],[2.9748953,41.754786],[2.9752675,41.7538705],[2.9711197,41.7531008],[2.9466422,41.7302177],[2.9436324063440726,41.72539947226847],[2.9412603,41.7254268],[2.9395094,41.7240223],[2.9399532,41.7234298],[2.9392826,41.7226849],[2.9397589,41.7216832],[2.9349993,41.7205458],[2.9350766,41.7152546],[2.9324027,41.715783],[2.9294175,41.7150433],[2.9289402,41.7141594],[2.9283265,41.7147111],[2.9281608,41.7139859],[2.9263615,41.7137801],[2.9242653,41.7120024],[2.9196052,41.7130117],[2.911547094653765,41.708619972510704],[2.9032068,41.710175],[2.899495550334996,41.70642966670861],[2.877254,41.701958],[2.8549272,41.7001657],[2.8196583,41.6890057],[2.8159758,41.6855239],[2.8165215,41.6847203],[2.8156559,41.683683],[2.815649,41.6826931],[2.8161284,41.6824542],[2.8143522,41.6825602],[2.8074695,41.6789006],[2.807478,41.6772881],[2.8030703,41.6758422],[2.8036785,41.6746031],[2.801386,41.6740181],[2.8011996,41.6725451],[2.7993081,41.6715317],[2.796577,41.6724584],[2.80046,41.6724494],[2.7992576,41.6756383],[2.7915738,41.6723664],[2.7745751,41.6485854],[2.7452737,41.6420973],[2.7190253,41.6292534],[2.6299845,41.6031445],[2.5636431,41.5795521],[2.5604461,41.5748943],[2.556484,41.574424],[2.5601082,41.5753654],[2.562883,41.5793643],[2.5554414,41.5793661],[2.5589983,41.5761791],[2.5498855,41.5771976],[2.5131847,41.5617071],[2.5057789,41.5554082],[2.5089892,41.5582865],[2.5085628,41.5596497],[2.5036173,41.555597],[2.462912,41.543217],[2.37061687266095,41.48896867333781],[2.3278994,41.4806655],[2.3120438,41.4735191],[2.3166811,41.4776809],[2.3048337,41.4750532],[2.265176,41.4581202],[2.2475195,41.4421666],[2.2427112,41.4311508],[2.2443422,41.4364327],[2.24084,41.436007],[2.2420027,41.4320944],[2.2341963,41.4215822],[2.2334688,41.4150891],[2.2298426,41.40902],[2.2329449,41.414695],[2.2305507,41.4126029],[2.2274828,41.4154591],[2.2250271,41.4132305],[2.2295684,41.4117946],[2.2250004,41.407296],[2.2258402,41.4060382],[2.2177776,41.40405],[2.2118486,41.3951342],[2.2020543,41.3899663],[2.2036206,41.3874161],[2.1998791,41.3833613],[2.2027294,41.3866053],[2.1983267,41.3868849],[2.1999862,41.3851923],[2.1907294,41.3749931],[2.1895045,41.3704862],[2.1918919,41.369846],[2.1853612,41.3577346],[2.1892317,41.3665742],[2.1849339,41.3652546],[2.1871992,41.3700043],[2.1851472,41.3681228],[2.1847778,41.3718367],[2.1875429,41.3731555],[2.1849137,41.3726429],[2.1872794,41.3775567],[2.184664,41.3807064],[2.1830563,41.3743386],[2.1823048,41.3795522],[2.1779767,41.374139],[2.1821077,41.3704],[2.1770929,41.3721396],[2.1765255,41.3671374],[2.1807766,41.3658488],[2.1734844,41.3620391],[2.1767418,41.3605565],[2.1754746,41.3586415],[2.1709307,41.3602517],[2.1730549,41.3565153],[2.1669062,41.347144],[2.1633454,41.3486289],[2.1533088,41.3427025],[2.1509158,41.3464852],[2.1495681,41.3366763],[2.144278,41.3347455],[2.1472837,41.3336998],[2.1459118,41.3309856],[2.1488238,41.3299727],[2.159476,41.3432511],[2.1662391,41.3411711],[2.1651785,41.3375876],[2.159123,41.3271493],[2.1538251,41.3275226],[2.1520686,41.321768],[2.155356849656239,41.32109287646636],[2.130544,41.303656],[2.060313,41.274604],[2.0200768047079096,41.26593510538292],[1.9394944,41.2629206],[1.9211724,41.2555823],[1.9288563,41.2595762],[1.9282268,41.2608346],[1.8694955,41.2429476],[1.8608321007355337,41.23746621302165],[1.819835,41.237128],[1.62436,41.192165],[1.539236,41.187445],[1.329958910423438,41.12814069985588],[1.2966825,41.1274214],[1.2775666,41.1198481],[1.2708404009885024,41.113432046589715],[1.2635121,41.1142818],[1.217784,41.104682],[1.2048172,41.0957192],[1.2034060371406772,41.090848101724035],[1.1968962,41.0926095],[1.2005308913009078,41.08694135133247],[1.1968618,41.0908638],[1.1919031,41.0878117],[1.1960965,41.0827133],[1.1925143,41.0851044],[1.1868265,41.0813639],[1.179277,41.0694415],[1.1801068,41.066475],[1.1833353,41.0669035],[1.172944,41.058661],[1.1438272,41.0717966],[1.1285357,41.0748579],[1.0462111,41.0629556],[0.9867568,41.0407391],[0.9634507,41.0260904],[0.9410284,41.0065408],[0.9358247627469636,40.9986639940263],[0.8978737,40.9747547],[0.8735868335435545,40.95087934269142],[0.8622157,40.9470894],[0.8575458,40.9355692],[0.8519554,40.9313392],[0.8432356,40.9213898],[0.8367229,40.9189252],[0.8374621,40.917992],[0.8357941,40.9135075],[0.8363327,40.9150518],[0.8336152,40.9160042],[0.8357254,40.9149027],[0.8323121,40.9131292],[0.8338384,40.9117035],[0.826523,40.9083366],[0.826720657422799,40.903594955771986],[0.8228517255016756,40.89969149939757],[0.7521538,40.846363],[0.7095989,40.8093299],[0.7009916,40.8069063],[0.7019139431308886,40.79667499068406],[0.694835,40.785997],[0.7369774,40.7666207],[0.7387214,40.7685359],[0.7378434,40.766585],[0.7389725,40.7684165],[0.7401435,40.766235],[0.7501945,40.7647533],[0.7502706,40.7636642],[0.7542482,40.7630542],[0.7546477,40.7644651],[0.7546842,40.7629822],[0.7608195,40.7622845],[0.7616882,40.7633388],[0.7624508,40.7617586],[0.769439,40.762443],[0.7778048,40.766391],[0.7769444,40.7687102],[0.7814938,40.7682527],[0.7809493,40.7700778],[0.7827276,40.7676889],[0.7844268,40.7694177],[0.7828483,40.7713037],[0.7846687,40.7699112],[0.783351,40.772509],[0.750173,40.785997],[0.766938,40.78502],[0.780528,40.779486],[0.8275442,40.7344796],[0.83992,40.730582],[0.857883052883419,40.732151820427156],[0.8458767,40.7282594],[0.8648817,40.720731],[0.8708763580747118,40.72868729383304],[0.8735371386075349,40.72797782501188],[0.872406,40.707099],[0.8593329694643788,40.68808185726999],[0.8433911,40.6777436],[0.826172210178649,40.670398295900036],[0.784028,40.660956],[0.756358,40.642239],[0.7008327,40.5800372],[0.677094,40.565172],[0.64796,40.556912],[0.615896,40.553453],[0.5951901135392855,40.57876088170643],[0.601581,40.5759024],[0.6145013,40.5792672],[0.6166168517841589,40.58448585211808],[0.637583,40.5823337],[0.6449217161279356,40.58455377827827],[0.663178,40.574734],[0.6938293549114309,40.589229381976125],[0.7075113,40.5906575],[0.7145874,40.5988407],[0.7137707,40.6016003],[0.731146,40.6171389],[0.7456033,40.6361469],[0.7329482,40.6402399],[0.6945255,40.6364103],[0.6928065,40.6398252],[0.692969,40.6363919],[0.6831141,40.6361841],[0.6408560736680315,40.62393269808564],[0.6045654,40.6230797],[0.6002577,40.6214851],[0.6004093,40.6207763],[0.6018311,40.6219827],[0.6038154,40.6225891],[0.6078568,40.6229467],[0.6083937,40.6165321],[0.6034603,40.6154981],[0.6070247,40.6178398],[0.6065428,40.6227776],[0.6018641,40.6219544],[0.6035639,40.619217],[0.59818,40.6199483],[0.6024638,40.6162269],[0.5990781,40.6138367],[0.6018023,40.6160682],[0.598579,40.6152168],[0.5985473,40.6190823],[0.5932082,40.616298],[0.5970807,40.6158142],[0.5977052541249963,40.61265022542244],[0.5906368,40.6130726],[0.563487,40.590033],[0.5487615442159555,40.57262679141328],[0.5383941,40.5677397],[0.5303462,40.5515041],[0.5342694,40.551926],[0.522416,40.5424972],[0.5133138,40.5165818],[0.5057484,40.5083347],[0.5059031,40.5047132],[0.4904548,40.4877307],[0.4856573,40.4767769],[0.4801677,40.4768187],[0.4840276,40.4736576],[0.4769469,40.4675406],[0.478161,40.4649845],[0.47838390202114733,40.46084964161188],[0.475221,40.466457],[0.4720931,40.4632895],[0.4756714,40.4605083],[0.4700459,40.4629543],[0.448111,40.438772],[0.4409888,40.4284517],[0.4351789,40.409322],[0.434389,40.4164224],[0.4313859,40.4134657],[0.4341195,40.4127304],[0.4334187,40.4112235],[0.4300047,40.4114404],[0.4180438,40.4006775],[0.40390109427103904,40.36398296942614],[0.3968185855496519,40.35347495886239],[0.3922881,40.3519529],[0.3857033,40.3395544],[0.3663567,40.3260479],[0.3539954,40.3122878],[0.3505886,40.299767],[0.3353992,40.2919969],[0.3338502,40.2845693],[0.3258487,40.2760665],[0.3112685,40.2690719],[0.3042111,40.2596477],[0.2876416,40.2528984],[0.2896754,40.2505192],[0.2880423,40.2479505],[0.2891984,40.2504725],[0.287855,40.2511673],[0.2876612,40.2485192],[0.2787023,40.2447763],[0.26474,40.209784],[0.25419176974920593,40.203002095603686],[0.2317712,40.1984718],[0.2219966,40.1905792],[0.2018405,40.1817599],[0.1938466,40.1741331],[0.1820689,40.1599645],[0.1575446,40.1178659],[0.1478905,40.0957978],[0.14695991834998712,40.08253477725898],[0.1376834,40.081448],[0.1348221,40.0737484],[0.1334773,40.0774123],[0.1319093,40.0714983],[0.1209123,40.0623837],[0.1060093,40.0566685],[0.0851032,40.0568651],[0.0721373,40.0464872],[0.0654125,40.045741],[0.0497059,40.0352046],[0.0343445,40.0086212],[0.025022480826880987,39.97759631648897],[0.02021553923654978,39.9697438492324],[0.0206646,39.9731746],[0.0171914,39.9743543],[0.0145183,39.9707041],[0.019071895164903752,39.96787562856506],[0.0120206,39.9684724],[0.018130599607933534,39.966337958010726],[0.0131883,39.9673934],[0.0103476,39.9597752],[0.013668167138194937,39.9590482699222],[0.010011122748105387,39.95307423824544],[0.0058901,39.9537362],[0.0056882,39.9573488],[0.0057476,39.9534595],[0.009719433729588311,39.95259774432015],[0.0077189629430415825,39.94932983871866],[0.0047099,39.9499844],[0.0046543,39.9569066],[0.0031784,39.9496568],[0.007251026210442858,39.948565432120034],[0.002379,39.947172],[0.003467365790845148,39.942384564515024],[-0.002919,39.931952],[-0.028676,39.901801],[-0.07539797355831927,39.86160586724345],[-0.0861086,39.8567066],[-0.10492140613863225,39.83043572943998],[-0.1211696,39.8143311],[-0.12888238778558492,39.79967190954018],[-0.1682121,39.7526527],[-0.194488,39.71544],[-0.199818,39.704942],[-0.202138,39.680854],[-0.208933,39.664089],[-0.2611094,39.6128439],[-0.281484,39.569363],[-0.312734,39.534003],[-0.323354,39.516221],[-0.330593,39.480407],[-0.3313362,39.4602452],[-0.32925563044980705,39.459096502572834],[-0.3314249,39.4598152],[-0.328053658858207,39.439943522376275],[-0.3303333,39.435189],[-0.32770176334690193,39.434336195375884],[-0.3267960718624042,39.426448362942075],[-0.3299671,39.4306357],[-0.3333058,39.4316973],[-0.3302759,39.4282571],[-0.332761,39.4269232],[-0.32670441041041853,39.425875195961446],[-0.32640345384008507,39.42399328851856],[-0.3352084,39.4269128],[-0.329881,39.4225314],[-0.3328527,39.4136093],[-0.30134,39.322008],[-0.238701,39.215446],[-0.2173846,39.1843661],[-0.2200387,39.1801241],[-0.233598,39.1800906],[-0.2383487,39.1757471],[-0.242182,39.166275],[-0.23737666612886196,39.15085086862781],[-0.2382878,39.1425387],[-0.226703,39.111782],[-0.199245,39.0581344],[-0.15390912576544644,38.9965138376963],[-0.161013,38.9924695],[-0.15296256656881677,38.99522082678536],[-0.1467445,38.9831203],[-0.105946,38.93651],[-0.0372018,38.8859742],[-0.009755,38.869696],[0.0357254,38.8601907],[0.06212790579507478,38.860858825151915],[0.09508335753114376,38.853531448663375],[0.1078592,38.8473878],[0.11284529905035987,38.849114164133866],[0.1159401,38.8455425],[0.12142095600947397,38.84533795325339],[0.1174582,38.8451437],[0.1172895,38.8424221],[0.1093452,38.8459129],[0.1168791,38.83796],[0.1203604,38.83684],[0.1191107,38.841962],[0.1226685,38.8444235],[0.1206443,38.8360104],[0.1244526,38.8335588],[0.1302876,38.8324855],[0.1324168,38.8354216],[0.1543762,38.8277092],[0.185313,38.803534],[0.170909,38.796088],[0.182439133223987,38.79196961336905],[0.1917135,38.7754711],[0.1890557,38.7750841],[0.1905329,38.7729623],[0.2104998,38.7604975],[0.2196647,38.7601726],[0.2209029,38.7632944],[0.2247268,38.7643551],[0.2216692,38.7585616],[0.2260068,38.7543299],[0.22392,38.7495314],[0.2254304,38.7451875],[0.2329687,38.7455532],[0.23261870567739984,38.740084684999886],[0.227712,38.734565],[0.192068,38.730414],[0.176768,38.724026],[0.162608,38.713528],[0.14613610207468172,38.68736078531166],[0.125743,38.685492],[0.1079950579639167,38.674623170098904],[0.0983915,38.6728349],[0.083018,38.660956],[0.073131,38.645209],[0.08022279140875312,38.63168354609244],[0.0672427,38.6359927],[0.0717334,38.6379062],[0.0691167,38.6391365],[0.0692414,38.636948],[0.0672712,38.640338],[0.0503097,38.6415449],[0.0348677,38.6361725],[0.030821666698756633,38.62701883414627],[0.0105028,38.6324063],[0.0058412,38.6282673],[0.0035393,38.6307315],[0.0002064,38.6284928],[-0.0062515,38.6303558],[-0.042958,38.611721],[-0.0635538,38.5771278],[-0.0641459,38.5720635],[-0.05420277393927885,38.565668780456804],[-0.060048,38.55272],[-0.0642021,38.5506955],[-0.075429,38.539944],[-0.090199,38.535346],[-0.1492845,38.5356142],[-0.15905691533399594,38.53045772037097],[-0.202138,38.519599],[-0.233957,38.501654],[-0.279349,38.4910118],[-0.329416,38.470038],[-0.344553,38.461615],[-0.34890458614080544,38.4535618571834],[-0.3563509,38.4489304],[-0.3750105,38.4429947],[-0.3844228,38.4284725],[-0.3849678,38.4325239],[-0.3867367,38.4310183],[-0.3849096,38.4294619],[-0.3889871,38.4275132],[-0.3865723,38.4245918],[-0.389415,38.4246612],[-0.3890727597496255,38.41914840842312],[-0.4001426,38.4126892],[-0.406077,38.398871],[-0.409983,38.368964],[-0.413686,38.364814],[-0.460194,38.360053],[-0.4785752,38.343885],[-0.4778481514480196,38.336897278756446],[-0.4836061,38.341314],[-0.4811011,38.343302],[-0.4806884,38.3398341],[-0.4809284,38.343683],[-0.4873411,38.3392734],[-0.4825041,38.337881],[-0.48454333042094033,38.33720447842297],[-0.509836,38.338365],[-0.5198447,38.2909385],[-0.5142314,38.2374497],[-0.5073507,38.2184475],[-0.5097901,38.2022757],[-0.5162117598438295,38.19535641753667],[-0.532867,38.192165],[-0.568837,38.1942],[-0.591379,38.189643],[-0.609486,38.178046],[-0.623687,38.162421],[-0.634389,38.145819],[-0.645009,38.116034],[-0.6545573313527229,37.989297169528896],[-0.6640192823131518,37.98010234370658],[-0.6929667,37.9730693],[-0.6908605188596801,37.971374414630084],[-0.696689,37.9694791],[-0.718414,37.94302],[-0.7351152860072624,37.90992194125952],[-0.7405445,37.909258],[-0.7462894,37.8995023],[-0.7498813,37.8988746],[-0.7539041797015282,37.87268673033679],[-0.7621235,37.8622744],[-0.7625132,37.8448688],[-0.756093,37.806057],[-0.760732,37.796129],[-0.7752826,37.8186534],[-0.7838311638008258,37.81874520131214],[-0.787994,37.822821],[-0.80322,37.7975721],[-0.8019236599673544,37.79273307140499],[-0.8120280589699453,37.77090766888993],[-0.825551,37.761379],[-0.847808,37.75609],[-0.856109,37.742499],[-0.8535109409692573,37.728601351849555],[-0.858613,37.7247465],[-0.8596966,37.7174736],[-0.8263792,37.6777105],[-0.8241305,37.6791114],[-0.8233259,37.6784915],[-0.8263327,37.6776333],[-0.824133,37.6741647],[-0.796297,37.6548755],[-0.7589687,37.6420534],[-0.7504072165180908,37.64087359237937],[-0.7505244,37.6362293],[-0.7445536,37.6333315],[-0.729527,37.6338226],[-0.7196805149358215,37.64839018615428],[-0.7118950997244292,37.644806383460896],[-0.701243,37.631334],[-0.7173869261368834,37.61199513504936],[-0.732208196752258,37.60145421176826],[-0.7460094879332154,37.59961738143714],[-0.754506,37.604315],[-0.8317913359580014,37.578359928757536],[-0.8425776,37.5773749],[-0.8443281,37.5789113],[-0.8418622,37.5810496],[-0.8510658,37.58209],[-0.8671043,37.57954],[-0.8696179514696528,37.576402],[-0.8766676,37.5771981],[-0.900624,37.569037],[-0.92516,37.555894],[-0.9554593,37.5714612],[-0.9603352015417284,37.5713137284813],[-0.9586383,37.5740551],[-0.9749511634263602,37.57662444883193],[-0.9748519,37.5812426],[-0.9788621,37.5820796],[-0.9753039,37.5884736],[-0.9835688,37.5890909],[-0.9756333,37.5893635],[-0.9756128,37.5962786],[-0.973078,37.5971481],[-0.9760629,37.5988793],[-0.9751108,37.5968473],[-0.9819711,37.5963826],[-0.9775994,37.5955666],[-0.9851367,37.5953085],[-0.9827006,37.5972602],[-0.9898627,37.597407],[-0.9894978,37.6014586],[-0.9934379,37.6012983],[-0.9935442,37.5954738],[-0.9865327,37.5929293],[-0.9892781,37.5880352],[-0.984024,37.5843547],[-0.9895562,37.5814599],[-1.0015576,37.5897033],[-0.9989228,37.5844945],[-1.0096818,37.585885],[-1.0052778,37.5836828],[-1.011986552274355,37.58154785486068],[-1.0741281,37.5842097],[-1.103424,37.576402],[-1.114654,37.568671],[-1.1271198,37.5522127],[-1.1255558,37.5474136],[-1.117125,37.544982],[-1.1088732527520153,37.53696897272821],[-1.1114117,37.5341331],[-1.1197698767912945,37.53475053495487],[-1.1222756,37.538433],[-1.167057,37.543755],[-1.171661414760581,37.551962617619985],[-1.1685924,37.5571683],[-1.173633,37.5626625],[-1.200565,37.5733907],[-1.2135337,37.5753984],[-1.222645746437883,37.57401367079447],[-1.242699,37.579203],[-1.257667,37.567013],[-1.261656756669206,37.55769426763976],[-1.2669718,37.5605822],[-1.2864170027542063,37.55832645648213],[-1.3261323,37.5627496],[-1.354066,37.5512329],[-1.413686,37.506537],[-1.455556,37.492703],[-1.470896,37.482245],[-1.476674,37.472724],[-1.488352,37.433214],[-1.496938,37.427802],[-1.5043125,37.4323647],[-1.5191338,37.4318026],[-1.5448478706817765,37.414644598029255],[-1.5757515,37.4072737],[-1.641618,37.381036],[-1.6458794526736777,37.369339081357396],[-1.652839,37.361259],[-1.670888,37.363308],[-1.680165,37.354438],[-1.6993124,37.3188354],[-1.7130355209687733,37.30022938709608],[-1.7448329,37.2752629],[-1.748381,37.2682089],[-1.7590035,37.2630906],[-1.7656733308584793,37.25253751344574],[-1.7879709347833832,37.234388317499686],[-1.7938759,37.2335547],[-1.812734,37.207058],[-1.830352,37.166368],[-1.837758,37.131619],[-1.849843,37.104438],[-1.855214,37.076606],[-1.884999,37.015489],[-1.906117,36.987616],[-1.906972,36.975287],[-1.898671,36.950059],[-1.9039761,36.9427004],[-1.9038176,36.9378312],[-1.9158597,36.9341182],[-1.9179266,36.9357516],[-1.9321346,36.9393553],[-1.9405593,36.9366004],[-1.9544859,36.9236715],[-1.9546821,36.9205548],[-1.953847,36.919949],[-1.988922,36.900499],[-2.002797,36.88703],[-2.013051,36.845771],[-2.0259130951164654,36.83307994932514],[-2.0597705,36.8099429],[-2.065907,36.783555],[-2.071156,36.775336],[-2.1060295,36.7628226],[-2.109859,36.7558045],[-2.108210932372269,36.751435949460436],[-2.1129743,36.7483016],[-2.1183679,36.7495696],[-2.1214177,36.7461607],[-2.120776683825311,36.74008142718713],[-2.126698,36.736396],[-2.166127,36.727566],[-2.203643,36.737128],[-2.2489916,36.7835461],[-2.2909815,36.8199514],[-2.3211558,36.8343918],[-2.3628433,36.8417736],[-2.3717452,36.8407624],[-2.4033708,36.8274726],[-2.412709,36.820014],[-2.433095,36.81627],[-2.444232,36.8197489],[-2.4586211,36.8310915],[-2.4616821,36.8301136],[-2.4637006,36.8305261],[-2.4612204,36.8313652],[-2.4638905,36.8332232],[-2.4671029,36.8302326],[-2.465781,36.8322577],[-2.473917,36.8365166],[-2.4767739,36.8343652],[-2.4685817429768724,36.82746301514161],[-2.4850737,36.83197],[-2.4803566,36.8348113],[-2.4820278,36.8355578],[-2.4865589,36.832499],[-2.4848356,36.8306777],[-2.490646969667304,36.8286475989688],[-2.56078,36.818793],[-2.576894,36.811306],[-2.603657,36.766771],[-2.606128,36.7584174],[-2.6038952820083607,36.757413042284185],[-2.606559,36.7573808],[-2.6051587021700517,36.75465508625819],[-2.614902939885297,36.7333841109007],[-2.653537903808677,36.69923310062364],[-2.698296974223341,36.684357603473686],[-2.7262361320868953,36.684424110590655],[-2.736195,36.687405],[-2.756727068019693,36.68039971397133],[-2.802602,36.707302],[-2.820994,36.713894],[-2.829986,36.711737],[-2.83906,36.702419],[-2.848256,36.700222],[-2.858754,36.704942],[-2.886098,36.734402],[-2.913971,36.750312],[-2.9259658,36.7520675],[-2.9417127,36.7509023],[-2.9795941107182555,36.73927892920811],[-2.9903617,36.7443925],[-3.0077927,36.7411397],[-3.0153652,36.7449759],[-3.0191918,36.7429722],[-3.0175941,36.7451649],[-3.0225753,36.7471536],[-3.019245976957294,36.741602448707134],[-3.0289541,36.7466009],[-3.076453,36.749756],[-3.1303064,36.7510107],[-3.1419400036041076,36.7454885496667],[-3.1542675,36.7473676],[-3.160864408500866,36.74512709595381],[-3.227895,36.754828],[-3.2590561,36.7534064],[-3.329579,36.7449],[-3.378774,36.713894],[-3.3980153,36.7054448],[-3.4027668,36.7074534],[-3.4072032,36.7018589],[-3.409887,36.7015558],[-3.4112029,36.7031397],[-3.4120215,36.7031787],[-3.4128274,36.7028223],[-3.417924423898341,36.69554172206609],[-3.478868579068607,36.69691981622848],[-3.5081938,36.7175646],[-3.5219995,36.7221822],[-3.5242656,36.7204774],[-3.5226861,36.722707],[-3.5258753,36.7241236],[-3.5293939,36.7220097],[-3.525788711076155,36.71975577728257],[-3.5380279,36.7209025],[-3.5532670357363134,36.71370737565409],[-3.5802895793117586,36.7242045660843],[-3.6021367,36.7447212],[-3.6331199,36.7418166],[-3.6598437,36.7462103],[-3.6783620535983337,36.72989736445739],[-3.6902509,36.7305561],[-3.6945074,36.7277054],[-3.7036179,36.7336956],[-3.7144737,36.7331823],[-3.7249216,36.7300275],[-3.7259190799143425,36.7245878763389],[-3.731281,36.724097],[-3.7364918375599023,36.72542419206451],[-3.7355499,36.7281428],[-3.7498958,36.7380269],[-3.7592046,36.7366276],[-3.762432629402119,36.73203127061652],[-3.7880383,36.7408765],[-3.7870492,36.7423641],[-3.7876578,36.7435065],[-3.7921635,36.7463217],[-3.7986774,36.7453155],[-3.8096956,36.7500979],[-3.8354899,36.7539803],[-3.8489813,36.7504224],[-3.8633327,36.7515243],[-3.872269658554234,36.746283622746496],[-3.892520941515494,36.74267424014977],[-3.9206921,36.7407394],[-3.9598154234676346,36.72705882642422],[-4.0052019,36.7411912],[-4.032077791197792,36.74253822043449],[-4.056711,36.747992],[-4.0711005,36.7465109],[-4.0662705,36.7470358],[-4.0673001,36.7487921],[-4.0806397,36.7462805],[-4.110172,36.725733],[-4.203107204407972,36.71473657952102],[-4.231481757564917,36.712822700493966],[-4.403188,36.723863],[-4.420318,36.719875],[-4.433258,36.710679],[-4.466868,36.663031],[-4.491119,36.636664],[-4.495349833992057,36.620555439481564],[-4.5150328,36.5964978],[-4.514594827296098,36.59454261648287],[-4.5256001,36.5910143],[-4.5392214940020885,36.579138385490324],[-4.5585966,36.5803664],[-4.5878,36.573818],[-4.6105164,36.5552537],[-4.6190384,36.5398044],[-4.6165174,36.5388726],[-4.6138859,36.5432312],[-4.61561,36.5396431],[-4.616208,36.5387236],[-4.617984,36.5379203],[-4.6207966,36.5377526],[-4.626998198847256,36.524206077451524],[-4.65925,36.507636],[-4.722768,36.492987],[-4.824865079696213,36.5000849139536],[-4.8586162,36.5070612],[-4.9120255,36.5055807],[-4.9259137,36.4998777],[-4.935826,36.4994223],[-4.9484273,36.4900275],[-4.9478166,36.48869],[-4.9525722,36.4832256],[-4.955002,36.483079],[-4.9523988,36.4837183],[-4.9501211,36.4886952],[-4.9544024,36.4859601],[-4.9529522,36.4842753],[-4.9592334,36.4850036],[-4.9779191,36.4775364],[-5.0062646,36.4594243],[-5.0334407,36.4612709],[-5.049970623880089,36.453109764013774],[-5.0812055,36.4505576],[-5.1219965,36.4284876],[-5.1346821,36.4281248],[-5.186554,36.4112],[-5.211844326078262,36.379755494122925],[-5.2189004,36.3770257],[-5.2278632,36.3540702],[-5.2280063,36.3557183],[-5.2315156,36.3556455],[-5.2284503,36.3550857],[-5.2470197,36.3109672],[-5.2565622,36.3105034],[-5.2684741,36.299864],[-5.2712261,36.2929809],[-5.2694004,36.2921947],[-5.2697298,36.2858422],[-5.2697624,36.2902067],[-5.2735771,36.2921239],[-5.2765463,36.2898777],[-5.2774999,36.2879299],[-5.2812646,36.2892026],[-5.2830416,36.2885087],[-5.2803594,36.2859716],[-5.2706121,36.2881627],[-5.2749516,36.2828656],[-5.290598,36.277411],[-5.287066195110286,36.26459949568867],[-5.2891255,36.2597931],[-5.2988627290080945,36.24400676653787],[-5.3054753,36.2435844],[-5.315717,36.230892],[-5.334055,36.187812],[-5.338773,36.14112],[-5.358387,36.141109],[-5.361460894059007,36.14935242100204],[-5.3542967,36.1467188],[-5.353174,36.1503582],[-5.3598968,36.1514474],[-5.3511297,36.1518036],[-5.3518614,36.1550548],[-5.36358633067027,36.15505231451282],[-5.3602876,36.1551928],[-5.3599783,36.1581453],[-5.3552789,36.1570142],[-5.3558905,36.1590191],[-5.353278,36.1569013],[-5.3550602,36.1597776],[-5.3585572,36.1584607],[-5.3565775,36.1612077],[-5.3612927,36.1591292],[-5.3588472,36.1634629],[-5.3704803,36.1693316],[-5.371669114174542,36.16606618148222],[-5.3788274592492105,36.17018571683757],[-5.3772975,36.1721948],[-5.382160562618401,36.172103874879575],[-5.3818753,36.1784402],[-5.3912055,36.1808664],[-5.425445,36.179755],[-5.4427753,36.1586543],[-5.4472643,36.1386853],[-5.4434355,36.1376324],[-5.442787,36.131122],[-5.442012796407006,36.143472926817054],[-5.438989132107131,36.129633781578725],[-5.4435273,36.1273984],[-5.4377243155975705,36.12713542360376],[-5.435202216952252,36.1221535900994],[-5.4415352,36.1210107],[-5.4414184,36.1184062],[-5.437823,36.1190687],[-5.438043678166981,36.10370280653804],[-5.4433817,36.0895979],[-5.4408985,36.0861386],[-5.429860863422226,36.084021268440296],[-5.431487918829242,36.070803027331245],[-5.4435637,36.0648657],[-5.451192326111124,36.05562160505887],[-5.467379468169914,36.05047166869532],[-5.4864818,36.0545435],[-5.516649,36.0374416],[-5.566599,36.021633],[-5.581003,36.013983],[-5.6007044,36.0114115],[-5.60153728184064,36.0089585692278],[-5.6039544,36.0107057],[-5.603640547161657,36.008443931750676],[-5.609111440675438,36.00710528616592],[-5.629709,36.03677],[-5.652843,36.0533155],[-5.670831,36.0580784],[-5.6902155,36.0677669],[-5.713124,36.059963],[-5.72760377650159,36.06393810055559],[-5.7570211488740615,36.07637720302289],[-5.7746348,36.0876791],[-5.7838937,36.0877918],[-5.786652362417597,36.083316078477466],[-5.796051,36.085517],[-5.811269,36.096829],[-5.832753,36.122382],[-5.8777644,36.1608075],[-5.913325,36.1840945],[-5.946406,36.1862671],[-5.983850265674256,36.17705847267475],[-6.036773,36.189521],[-6.060159335758935,36.21472069528232],[-6.0914855,36.2702091],[-6.1020415,36.2836988],[-6.1159417,36.2942939],[-6.1312039,36.2968268],[-6.1356297,36.2944486],[-6.1375701,36.2969867],[-6.136803730771566,36.29453967150652],[-6.1435014520100575,36.29742788633675],[-6.1537036,36.3112547],[-6.1784287,36.3636502],[-6.205176793154271,36.39019859997455],[-6.2020203,36.3989502],[-6.2064096,36.3982946],[-6.2041472,36.4043297],[-6.1967182,36.4041986],[-6.1953582,36.3996935],[-6.1926228,36.3969161],[-6.1887027,36.3990159],[-6.1941638,36.3992726],[-6.1972042,36.4058705],[-6.1945626,36.4071037],[-6.2056474,36.4059998],[-6.2100652,36.4112504],[-6.2121943,36.4171258],[-6.2094867,36.4270372],[-6.2042985,36.4312718],[-6.2063745,36.4328505],[-6.2002003,36.4393708],[-6.1848071,36.434002],[-6.1801782,36.4380968],[-6.1832035,36.4414573],[-6.1774667,36.444996],[-6.1753565,36.4448272],[-6.1734885,36.4405686],[-6.1718651,36.4396747],[-6.1732683,36.449159],[-6.1848775,36.4435654],[-6.1869337,36.4367286],[-6.195967,36.441306],[-6.1941372,36.4441187],[-6.2019539,36.4439592],[-6.2015278,36.4482955],[-6.19973,36.446777],[-6.1975999,36.4465196],[-6.1966544,36.4472981],[-6.2016543,36.4493362],[-6.2027196,36.4438143],[-6.2068478,36.442522],[-6.215052,36.4277588],[-6.223309,36.4320358],[-6.2147357,36.4258376],[-6.2219213,36.4216248],[-6.2203207,36.420015],[-6.2152926,36.423603],[-6.2198543,36.4147471],[-6.2168338,36.4052279],[-6.2115955,36.4015206],[-6.211960260587474,36.39649742061221],[-6.218351312429713,36.402431861904454],[-6.252555098116773,36.46736551200949],[-6.2296771,36.4625522],[-6.227538,36.466466],[-6.2160528,36.4674861],[-6.2098137,36.4729997],[-6.212934551473816,36.479477211427714],[-6.1933975,36.4862094],[-6.1928098,36.4906218],[-6.1896467,36.4915284],[-6.1940747,36.4996563],[-6.1839848,36.4954033],[-6.1900821,36.4851446],[-6.1796728,36.4805149],[-6.1838622,36.4709142],[-6.1775404,36.4767655],[-6.1773749,36.4850341],[-6.1837027,36.4974827],[-6.1752651,36.4992221],[-6.1651809,36.4926491],[-6.1669319,36.4890471],[-6.1663826,36.487736],[-6.1645595,36.4917675],[-6.1624181,36.4887766],[-6.165653,36.4943396],[-6.1693008,36.4972583],[-6.1642111,36.4968581],[-6.1784568,36.5008426],[-6.1787422,36.5053652],[-6.1763132,36.5042268],[-6.179229,36.5068282],[-6.1746426,36.506205],[-6.1709831,36.5102112],[-6.173379,36.5217],[-6.2017961,36.5287025],[-6.2056878,36.5219152],[-6.196318,36.520957],[-6.2082950921049465,36.509061597666836],[-6.224355,36.51085],[-6.231832269428433,36.525015902560476],[-6.2186149,36.5272227],[-6.2100143,36.5413735],[-6.2055292,36.5628347],[-6.2127057,36.5722504],[-6.1990052,36.5819005],[-6.1890488,36.578606],[-6.1891175,36.57578],[-6.1999665,36.5661501],[-6.1998206,36.5638269],[-6.1882764,36.5752492],[-6.1875897,36.5783303],[-6.1989623,36.5828654],[-6.2142561,36.5729143],[-6.2150636,36.5691791],[-6.2071983,36.5610353],[-6.2085966,36.562135],[-6.2139063,36.5620316],[-6.213799,36.5630993],[-6.2143473,36.5633759],[-6.2166861,36.5627382],[-6.2165241,36.5638921],[-6.2182418,36.5639705],[-6.217876,36.5648059],[-6.2184231,36.5639356],[-6.2166432,36.5626003],[-6.214196,36.5631169],[-6.2142078,36.5618678],[-6.211503,36.5611267],[-6.2084239,36.5619368],[-6.2071501,36.5606462],[-6.2103656,36.5473399],[-6.2182073,36.5292776],[-6.22397,36.5291744],[-6.2246137,36.5308297],[-6.2210228,36.5336039],[-6.2219101,36.5343634],[-6.2248208,36.5310521],[-6.2232759,36.5268622],[-6.2316275,36.5257933],[-6.2244347,36.5656782],[-6.2264345,36.5748124],[-6.2315085,36.5797608],[-6.2363814090287875,36.57687950987667],[-6.239077190816399,36.57892344827924],[-6.2363514,36.5815298],[-6.241274280694613,36.5805892790956],[-6.2383599,36.5836428],[-6.2466928059120885,36.5846975981844],[-6.283193,36.612372],[-6.293853,36.616848],[-6.310943503444281,36.61778044735239],[-6.3158612,36.6229498],[-6.3292081,36.6250463],[-6.327637,36.6209897],[-6.3312992,36.623691],[-6.3299049,36.619485],[-6.3336786,36.6221112],[-6.334980054193389,36.61909186677193],[-6.3355076,36.6246225],[-6.3436596,36.6262786],[-6.3549022979378105,36.62017881213278],[-6.361724,36.620551],[-6.3827417289272415,36.62676128739224],[-6.394063576899236,36.63638166506063],[-6.3930903,36.6454222],[-6.406972,36.676703],[-6.431549,36.714586],[-6.437896,36.733303],[-6.435647242796499,36.742138143509216],[-6.4284996,36.7494303],[-6.4317491,36.7458199],[-6.4298103,36.744145],[-6.4285051,36.7481863],[-6.4256971,36.743927],[-6.4199877,36.7455318],[-6.4092792,36.7607042],[-6.3958333,36.7625854],[-6.342,36.7942833],[-6.344216813848075,36.798104069855626],[-6.335194,36.818264],[-6.343739,36.859931],[-6.338206,36.883734],[-6.304351,36.907213],[-6.223256,36.90233],[-6.194814,36.932115],[-6.214019,36.921698],[-6.239654,36.913398],[-6.265045,36.912909],[-6.283559,36.92593],[-6.325917,36.912665],[-6.344716,36.901272],[-6.352447,36.880276],[-6.346669,36.819892],[-6.352447,36.80858],[-6.38801,36.808173],[-6.40733800992952,36.82844759577649],[-6.4363998,36.8853918],[-6.471099,36.935614],[-6.5158957,36.9730886],[-6.5896117,37.0192878],[-6.744862,37.101386],[-6.816935938396177,37.12716222852741],[-6.853017,37.151109],[-6.892893,37.166571],[-6.910878,37.188951],[-6.917633,37.215074],[-6.910756,37.227607],[-6.898752,37.235785],[-6.852691,37.295233],[-6.903472,37.249579],[-6.931142,37.233873],[-6.962554,37.233832],[-6.962554,37.227607],[-6.930084,37.183173],[-6.928456,37.172349],[-6.94164,37.171088],[-7.029368,37.205512],[-7.10104,37.224251],[-7.127349,37.214748],[-7.098988,37.2119],[-7.085561,37.206488],[-7.1438084,37.2081931],[-7.32787,37.201565],[-7.343088,37.196234],[-7.362904,37.181708],[-7.381418,37.179918],[-7.414418,37.192816],[-7.406402,37.180487],[-7.400217,37.178534],[-7.400217,37.172349],[-7.403875310301837,37.16865067847288],[-7.445709,37.179633],[-7.468658,37.180325],[-7.490142,37.178534],[-7.51179,37.17178],[-7.5318847589942735,37.16057969954239],[-7.5644804,37.1504843],[-7.6013266,37.1346278],[-7.6054895,37.1308495],[-7.610904,37.1303033],[-7.6122759,37.135662],[-7.6159179,37.1230621],[-7.6209464,37.1182601],[-7.6312445,37.1152814],[-7.6418304,37.1020515],[-7.6539336,37.1025536],[-7.6662539,37.0984138],[-7.6740356,37.0919521],[-7.7131384,37.0732192],[-7.7180292,37.0673404],[-7.7150598,37.0664568],[-7.7168609,37.0641642],[-7.7207281,37.0630855],[-7.7260011,37.0677728],[-7.7432354,37.0557969],[-7.7405018,37.0529351],[-7.7434841,37.0536976],[-7.7419748,37.0507374],[-7.7459648,37.0486353],[-7.7445207,37.0518467],[-7.7546033,37.0496668],[-7.755636,37.0453105],[-7.7716429,37.0371867],[-7.7924891,37.0381371],[-7.8111327,37.0284327],[-7.8246669,37.0288154],[-7.8328951,37.0237344],[-7.8326475,37.028909],[-7.8359788,37.0287771],[-7.8346175,37.0234682],[-7.8362565,37.0223892],[-7.8542293,37.0224653],[-7.8631302,37.0188407],[-7.863889,37.0169238],[-7.8594349,37.0183788],[-7.8579211,37.0141041],[-7.8660696,37.0099405],[-7.866173991896662,37.00712727789783],[-7.928531814508881,37.0084897403769],[-7.934741,37.0114601],[-7.9358061,37.0161437],[-7.9366013,37.0137097],[-7.948366,37.0244041],[-7.9524769,37.0246235],[-7.9525778,37.0285611],[-7.957531,37.0199165],[-7.9516248,37.0192242],[-7.9513751,37.0159644],[-7.9575729,37.0155809],[-7.9530713,37.0120104],[-7.9683365,37.0053477],[-7.989278242730507,37.01329971446019],[-7.9885143,37.016631],[-8.0037038,37.0197793],[-8.00570023388536,37.01759008708322],[-8.0285203,37.0344267],[-8.106557,37.069281],[-8.122494075527793,37.072104788982266],[-8.1178057,37.0776417],[-8.1198084,37.0792219],[-8.1248624,37.0785402],[-8.1224166,37.075069],[-8.126131481513022,37.072749277798756],[-8.1789802,37.0898427],[-8.23845092552998,37.08398047238776],[-8.2550695,37.0855159],[-8.258591387305817,37.08167164003266],[-8.269029,37.0848628],[-8.2614915,37.0825301],[-8.293202,37.077704],[-8.3678617,37.1018889],[-8.3904491,37.0952274],[-8.3964636,37.0904044],[-8.4367502,37.0853434],[-8.4790254,37.0984998],[-8.4971892,37.1001539],[-8.537465,37.117825],[-8.580149,37.123969],[-8.6183612195107,37.12166795750925],[-8.6173479,37.1286369],[-8.6085288,37.128808],[-8.609768,37.128423],[-8.6102186,37.1280253],[-8.6096607,37.1270629],[-8.6005895,37.1298943],[-8.5995059,37.1262417],[-8.5966987,37.1268754],[-8.5953484,37.1367755],[-8.5974406,37.131126],[-8.6072357,37.1298668],[-8.6217679,37.1294349],[-8.6206468,37.1336518],[-8.6214192,37.1347167],[-8.6234899,37.1236587],[-8.6300147,37.1240903],[-8.6261043,37.122154],[-8.621692,37.1242006],[-8.620398243305853,37.12154529312683],[-8.6507729,37.1143926],[-8.6628703,37.1071659],[-8.66639607182281,37.10014012553617],[-8.684286683701181,37.08466740860534],[-8.7256449,37.0865588],[-8.759674,37.080268],[-8.792697044980171,37.064616146520244],[-8.8214987,37.0654971],[-8.8391699,37.0609287],[-8.8552544,37.0542276],[-8.8567631,37.0486787],[-8.86388645184132,37.042332036979644],[-8.878919,37.047209],[-8.8875301,37.0414167],[-8.8946796,37.042132],[-8.8956432,37.0357206],[-8.9012041,37.0302693],[-8.946034,37.00788],[-8.952650556058806,37.00985443243163],[-8.9533116,37.0142109],[-8.9600118,37.0182318],[-8.9595263,37.0213349],[-8.96742,37.0265343],[-8.9723,37.0245801],[-8.9815614,37.0275291],[-8.9971131,37.0225934],[-8.9868574,37.0304173],[-8.9903862,37.0330787],[-8.9794573,37.0435924],[-8.9842877,37.0493643],[-8.9805674,37.0501204],[-8.979004,37.0568411],[-8.9683807,37.0648967],[-8.9687879,37.068732],[-8.9623756,37.0702341],[-8.958519,37.0941193],[-8.953213,37.0943272],[-8.9531298,37.0974916],[-8.9460842,37.1000064],[-8.9376624,37.1095507],[-8.9240888,37.1281685],[-8.923855,37.1340762],[-8.9179486,37.141828],[-8.9201145,37.1449795],[-8.9166811,37.1452842],[-8.9037412,37.1645787],[-8.9031387,37.1702474],[-8.9106196,37.1748912],[-8.9087887,37.1804203],[-8.9136478,37.1832584],[-8.9092781,37.1893803],[-8.9181874,37.1964244],[-8.903891,37.1986108],[-8.8934168,37.2099861],[-8.8728172,37.240475],[-8.860191,37.2688485],[-8.8663726,37.277682],[-8.8657754,37.293934],[-8.875999669623313,37.29629603504699],[-8.8733013,37.299709],[-8.8763126,37.3012881],[-8.8734722,37.3023052],[-8.875851,37.308566],[-8.871785,37.310962],[-8.8774286,37.3144356],[-8.8775004,37.3177423],[-8.8513338,37.343875],[-8.8498861,37.3499597],[-8.8455188,37.3480941],[-8.845174773439302,37.35446435601461],[-8.838657,37.360318],[-8.8327842,37.3765675],[-8.8231606,37.3859464],[-8.8084415,37.4136746],[-8.8088848,37.430055],[-8.8050881,37.4377025],[-8.8009788,37.4387588],[-8.7979032,37.444085],[-8.8023014,37.4468896],[-8.8000093,37.4471185],[-8.8015521,37.4515787],[-8.7980787,37.4575089],[-8.8007585,37.4614582],[-8.7969428,37.4642377],[-8.8013917,37.4741676],[-8.798231,37.4734198],[-8.8001179,37.479662],[-8.7944908,37.4825768],[-8.797884057999864,37.48950032981616],[-8.7938623,37.4920587],[-8.796827,37.4986912],[-8.7921196,37.5009162],[-8.7940815,37.5029514],[-8.7909035,37.5065985],[-8.7949018,37.5104442],[-8.7880818,37.5195028],[-8.790677,37.5214528],[-8.7877647,37.5259774],[-8.7907433,37.5277626],[-8.7859467,37.5344453],[-8.7953487,37.5547578],[-8.7917581,37.5588964],[-8.7959109,37.5603509],[-8.7966807,37.566564],[-8.8006783,37.5669069],[-8.8047299,37.5739743],[-8.8030951,37.5756065],[-8.8124235,37.5808731],[-8.8135138,37.5843954],[-8.8108138,37.5847898],[-8.8195341,37.5993272],[-8.8173745,37.5993394],[-8.8187489,37.6026932],[-8.8151371,37.6031851],[-8.8173925,37.6071678],[-8.8152305,37.606019],[-8.8117967,37.6100006],[-8.8127846,37.6182298],[-8.8092903,37.6240386],[-8.8117768,37.630288],[-8.8094693,37.6307933],[-8.8060345,37.6488257],[-8.8014918,37.6538222],[-8.8028279,37.6614966],[-8.7962625,37.673364],[-8.79615,37.6842449],[-8.7919268,37.6942982],[-8.79500009401186,37.69923296598231],[-8.757639,37.706732],[-8.753165397274477,37.726464428162764],[-8.7531606,37.7159465],[-8.7470149,37.700927],[-8.7402145,37.7042392],[-8.7363499,37.7019491],[-8.7436733,37.6947074],[-8.7439305,37.6865511],[-8.7386222,37.6839035],[-8.7309595,37.6856801],[-8.7302208,37.6825819],[-8.7263723,37.6813078],[-8.7286267,37.6769869],[-8.72099,37.6620052],[-8.7123464,37.6555545],[-8.7140314,37.6490302],[-8.7130818,37.6438901],[-8.7051527,37.6423921],[-8.7001508,37.6347597],[-8.7037685,37.6299954],[-8.7041691,37.628007],[-8.7021261,37.6274403],[-8.6956847,37.6305993],[-8.684438,37.6214607],[-8.6762856,37.6205954],[-8.6703697,37.6213109],[-8.6806604,37.6163199],[-8.6822417,37.6134637],[-8.6808106,37.6103517],[-8.6654159,37.6102742],[-8.6584015,37.6169858],[-8.6658995,37.6104726],[-8.6804938,37.6106579],[-8.6806571,37.615672],[-8.6706192,37.6189223],[-8.6701418,37.6217695],[-8.6842924,37.6219639],[-8.6948664,37.6310062],[-8.7034526,37.6281965],[-8.6993269,37.6345453],[-8.7038507,37.6423611],[-8.7124358,37.6438886],[-8.7110817,37.6548768],[-8.7199582,37.6620634],[-8.7275537,37.6776759],[-8.7256373,37.6816822],[-8.7307241,37.6863897],[-8.7379437,37.6846036],[-8.7430032,37.6868367],[-8.7417297,37.6952263],[-8.7351743,37.7021268],[-8.7398911,37.7052109],[-8.7467063,37.7023101],[-8.752187,37.734565],[-8.760231947473216,37.728895243386084],[-8.792195546584981,37.72304875699541],[-8.7971295,37.7363907],[-8.8120813,37.7443617],[-8.8124202,37.7494216],[-8.807803,37.752529],[-8.8075414,37.7642913],[-8.8044949,37.7687272],[-8.8069558,37.7760406],[-8.802785,37.7779566],[-8.8018277,37.7822938],[-8.8017466,37.7955165],[-8.794001,37.8153753],[-8.7903567,37.8380608],[-8.7927973,37.8460916],[-8.7953349,37.8463009],[-8.7917982,37.8497564],[-8.7963359,37.849089],[-8.797559117722455,37.851934922626825],[-8.794008,37.855062],[-8.7950171,37.8641232],[-8.7928443,37.865488],[-8.7969827,37.8948298],[-8.8065983,37.9229888],[-8.8130185,37.9289536],[-8.8094545,37.9291997],[-8.8125044,37.9298997],[-8.8134914,37.9281507],[-8.8165222,37.9316794],[-8.8391166,37.9376741],[-8.8430332,37.9341362],[-8.840364446741194,37.930239528269986],[-8.8500728,37.9347891],[-8.8476418,37.9368402],[-8.8500732,37.9380125],[-8.855349116944438,37.933008959942526],[-8.852786,37.9358163],[-8.8594747,37.9395882],[-8.8560075,37.9388917],[-8.8556346,37.9430866],[-8.8578154,37.946898],[-8.8601981,37.9455524],[-8.867511,37.9504968],[-8.8641388,37.9500616],[-8.8663238,37.9537439],[-8.8793972,37.948978],[-8.8856878,37.9522282],[-8.889914089453583,37.95010206642093],[-8.883145391816322,37.964512287534134],[-8.867502,37.973619],[-8.815683,38.062115],[-8.78625449371965,38.15876664445606],[-8.774396,38.186949],[-8.7767686,38.2720726],[-8.7882995,38.3404171],[-8.8022229,38.3771712],[-8.8197595,38.41059],[-8.835565,38.4302135],[-8.8651685,38.45398],[-8.9001792,38.4766237],[-8.911260988656288,38.488583342388196],[-8.867502,38.460883],[-8.8342687,38.4503532],[-8.8250239,38.4444168],[-8.8324357,38.4474101],[-8.8191155,38.4196625],[-8.8069059,38.4073144],[-8.7968005,38.3833591],[-8.7934652,38.3818515],[-8.788851,38.381886],[-8.7987546,38.3934894],[-8.7960107,38.3961558],[-8.7924367,38.3927965],[-8.7948414,38.4018536],[-8.7920773,38.4074627],[-8.7861644,38.4084361],[-8.788565,38.4106807],[-8.7866049,38.4144415],[-8.7904351,38.4181402],[-8.7995806,38.418745],[-8.7939014,38.4221044],[-8.797172896810387,38.426134109197896],[-8.791546446874296,38.42629931048134],[-8.7879857,38.4209721],[-8.7852385,38.4231277],[-8.776685,38.4198105],[-8.7770805,38.4107389],[-8.77407,38.4084714],[-8.7705944,38.4106254],[-8.7682647,38.4065356],[-8.7595349,38.4082044],[-8.7587834,38.4121578],[-8.7470814,38.4182083],[-8.7294529,38.4200185],[-8.66802613558239,38.40832768349464],[-8.6479828,38.4007823],[-8.6192931,38.407642],[-8.583403,38.4066936],[-8.5589141,38.4122269],[-8.5468104,38.4047834],[-8.5474718,38.3873565],[-8.5443812,38.3756019],[-8.5345731,38.3684531],[-8.5246223,38.3676073],[-8.5409803,38.3747925],[-8.5437016,38.3841471],[-8.541352,38.405114],[-8.5552279,38.4151652],[-8.5627467,38.416101],[-8.5906881,38.4100099],[-8.617697,38.411596],[-8.648519517325386,38.40807934090008],[-8.606801,38.418687],[-8.66275,38.424506],[-8.687523520940804,38.43373435170091],[-8.6991852,38.442567],[-8.720724211250467,38.44610189717911],[-8.7224292,38.4842002],[-8.7279198,38.5135607],[-8.7159024,38.5122343],[-8.7064624,38.5165679],[-8.7083431,38.5191777],[-8.7169388,38.5141811],[-8.7217284,38.5197108],[-8.7323993,38.5183253],[-8.738157339505284,38.52264672724037],[-8.7419206,38.5376316],[-8.735169,38.5475115],[-8.7401855,38.5516068],[-8.7415815,38.5607736],[-8.7337649,38.5679454],[-8.7359415,38.5697387],[-8.7472824,38.5625631],[-8.7502142,38.5643845],[-8.7455454,38.5568202],[-8.751886,38.5588594],[-8.7483832,38.5568983],[-8.7516417,38.5555486],[-8.748123,38.5504288],[-8.7554877,38.545874],[-8.7571248,38.5460558],[-8.7563712,38.5482227],[-8.7579781,38.5488124],[-8.7583515,38.5466047],[-8.7564686,38.5443343],[-8.7603686,38.5438965],[-8.7576792,38.5424727],[-8.761309152151409,38.53848643462745],[-8.764231,38.552069],[-8.757639,38.5633],[-8.773346,38.565334],[-8.78623765800502,38.54447149532107],[-8.7874903,38.5458363],[-8.7865478,38.5444045],[-8.7891459,38.5447017],[-8.7891157,38.5430515],[-8.7985692,38.544605],[-8.7976744,38.5503379],[-8.8014275,38.5524993],[-8.8043699,38.5520672],[-8.7994588,38.5500578],[-8.8012738,38.5466691],[-8.8030006,38.5482682],[-8.8107187,38.5487424],[-8.8027126,38.5472584],[-8.8004776,38.5422774],[-8.7885893,38.541383],[-8.7907911,38.5388002],[-8.7915675,38.5408896],[-8.7988669,38.5396774],[-8.7948562,38.5402539],[-8.793572,38.5373184],[-8.7979799,38.5337693],[-8.7992349,38.5371746],[-8.800361,38.5324819],[-8.804787,38.5343619],[-8.8067295,38.5311653],[-8.802663936687308,38.53113512701842],[-8.812856,38.528551],[-8.812856,38.522366],[-8.790639,38.519924],[-8.7919955,38.5174977],[-8.7885371,38.5159278],[-8.7922366,38.5156292],[-8.7943818,38.5194586],[-8.7958707,38.5161747],[-8.8035948,38.5151818],[-8.8058894,38.5178677],[-8.8071246,38.5160612],[-8.8035452,38.5147659],[-8.7972514,38.5153938],[-8.7929411,38.5117924],[-8.7978334,38.5103484],[-8.8015751,38.5142101],[-8.812367,38.5142244],[-8.8033279,38.513089],[-8.8008871,38.5109315],[-8.8063186,38.5117143],[-8.7999751,38.5096722],[-8.8072949,38.5103165],[-8.8064098,38.5083058],[-8.8104626,38.5123922],[-8.8211244,38.5174375],[-8.8177072,38.5142811],[-8.8215401,38.5144951],[-8.8107442,38.5115527],[-8.8270706,38.5107729],[-8.8126305,38.5087459],[-8.8050826,38.5044056],[-8.781741817209259,38.507503443646506],[-8.780046066395029,38.49089555774538],[-8.7854245,38.48998],[-8.7818612,38.4895179],[-8.788401,38.481391],[-8.800120478816986,38.482108589085804],[-8.7938414,38.4833833],[-8.794349,38.4870488],[-8.8083429,38.4878049],[-8.808243220820147,38.48260594831988],[-8.8087315,38.4877721],[-8.809299961101404,38.482670653014026],[-8.815318187229767,38.48348475241649],[-8.8137901,38.4873176],[-8.8182722,38.4871049],[-8.8125484,38.4889793],[-8.8168768,38.4902377],[-8.8194389,38.487451],[-8.8237653,38.4917369],[-8.8316,38.4930294],[-8.8489788,38.5082761],[-8.863061,38.5097925],[-8.8836059,38.5213182],[-8.9005403,38.5179811],[-8.8983766,38.5202253],[-8.912595103737852,38.51139710617207],[-8.95489,38.505144],[-8.999765,38.464253],[-8.99538538329803,38.46160616165651],[-9.0175454,38.4542059],[-9.030146745413438,38.44678681540973],[-9.0418855,38.4470828],[-9.052804552424881,38.440268181977274],[-9.084687409170849,38.43721726634132],[-9.1075165,38.442442],[-9.1154099,38.4399801],[-9.115085,38.436071],[-9.1120226,38.4381102],[-9.1142315,38.4347021],[-9.1072732,38.4384873],[-9.1134486,38.4346134],[-9.145657,38.431383],[-9.149708020390975,38.43012400719233],[-9.1579682,38.431159],[-9.1607329,38.4309641],[-9.1646951,38.4302361],[-9.1654395,38.4296609],[-9.1670309,38.4301463],[-9.1688801,38.4297087],[-9.1869752,38.4188622],[-9.189373162092615,38.41437615824236],[-9.200357,38.412481],[-9.220544081799785,38.417108655400384],[-9.2148983,38.4230932],[-9.2180219,38.4273734],[-9.209837,38.4371259],[-9.2058624,38.4488326],[-9.2016409,38.4502976],[-9.19381,38.4619061],[-9.1875272,38.4766768],[-9.1839395,38.4933993],[-9.183793,38.551537],[-9.2166113,38.6133595],[-9.242071916677249,38.64304673860518],[-9.252577297164073,38.665277250321445],[-9.234395,38.673361],[-9.1458741,38.6807568],[-9.150323,38.675223],[-9.143360429213354,38.68025548610099],[-9.149767,38.6732761],[-9.1460518,38.6730396],[-9.1510245,38.6720445],[-9.1469311,38.6704766],[-9.1483752,38.6683014],[-9.145585,38.6694116],[-9.1483182,38.6682216],[-9.1459171,38.6654073],[-9.1420254,38.6655218],[-9.1413211,38.6710677],[-9.1384257,38.6595674],[-9.1231866,38.6535098],[-9.1033858,38.6512784],[-9.1004874,38.6486245],[-9.1033044,38.6490692],[-9.1070509,38.6468735],[-9.1079105,38.648469],[-9.1106612,38.6450942],[-9.1114266,38.6478812],[-9.1108308,38.6448244],[-9.114565,38.6444784],[-9.1194838,38.6473649],[-9.1163986,38.6481625],[-9.120037,38.6477252],[-9.1188701,38.6463377],[-9.1265706,38.653863],[-9.132057,38.65445],[-9.134502,38.6527585],[-9.13486,38.6514617],[-9.1334209,38.6527758],[-9.126871,38.6502098],[-9.1316632,38.651082],[-9.1357062,38.6495071],[-9.132765,38.6452223],[-9.1344385,38.645908],[-9.13474,38.643306],[-9.1435084,38.6458902],[-9.1437585,38.6420853],[-9.130312,38.6399321],[-9.1275068,38.6430409],[-9.1141387,38.6369483],[-9.1134965,38.6297243],[-9.1064771,38.6211299],[-9.105826,38.6441246],[-9.09764,38.6443525],[-9.0991045,38.6479305],[-9.0820027,38.644629],[-9.0780277,38.6488145],[-9.081772,38.6440634],[-9.0784871,38.6417236],[-9.0841002,38.6427855],[-9.0878445,38.6373803],[-9.0773732,38.6414154],[-9.0733448,38.6375502],[-9.0647778,38.6259927],[-9.0676478,38.6209195],[-9.0650407,38.6191759],[-9.0650621,38.6219589],[-9.0602503,38.6129327],[-9.0564576,38.6122097],[-9.0587428,38.6104575],[-9.0496865,38.5990294],[-9.0487322,38.6108029],[-9.0557489,38.6185472],[-9.0536476,38.6290056],[-9.0609369,38.6352456],[-9.0662367,38.6347572],[-9.0662638,38.6486932],[-9.0733315,38.6525678],[-9.0809515,38.652228],[-9.0788061,38.6567032],[-9.0833203,38.6607648],[-9.0864015,38.6567114],[-9.0803476,38.6563801],[-9.0819969,38.6549504],[-9.088415,38.6559089],[-9.0881207,38.6565375],[-9.0904076,38.6584833],[-9.0902739,38.6596598],[-9.0920179,38.6571741],[-9.0885392,38.6561417],[-9.0904972,38.6554735],[-9.0924242,38.6566738],[-9.0927503,38.6599558],[-9.0730211,38.6687719],[-9.0703361,38.6675712],[-9.0752668,38.6706403],[-9.0601048,38.6752336],[-9.0616629,38.6820292],[-9.058183,38.6839438],[-9.054493,38.6776678],[-9.0421987,38.6788363],[-9.0430187,38.6646338],[-9.038468,38.6595679],[-9.0336841,38.6642076],[-9.0352365,38.6598882],[-9.0327089,38.6558372],[-9.0316884,38.668661],[-9.0247039,38.6681353],[-9.027885,38.6679573],[-9.0258685,38.664549],[-9.021973,38.6692202],[-9.0198739,38.6674194],[-9.0224867,38.6676297],[-9.0235044,38.6668011],[-9.0226723,38.6634529],[-9.0152059,38.6617332],[-9.0096964,38.6636997],[-8.9946932,38.6505305],[-8.9966107,38.6563537],[-9.0017277,38.6583996],[-9.0015291,38.6680926],[-9.0129024,38.6707352],[-9.0105759,38.6822938],[-9.0058911,38.6883609],[-9.0018759,38.6891347],[-9.0014706,38.6857345],[-8.9950481,38.683542],[-8.9998863,38.6814444],[-8.9969091,38.6801719],[-8.9931316,38.6834792],[-8.9971233,38.6875509],[-8.9796833,38.6869461],[-8.9785384,38.6798687],[-8.9746684,38.6805308],[-8.9771298,38.689029],[-8.9756651,38.6899393],[-8.9763556,38.6938453],[-8.9742393,38.6949044],[-8.972075,38.6977322],[-8.9616448,38.6967919],[-8.9523279,38.6875084],[-8.9503307,38.6892627],[-8.9594637,38.6983629],[-8.9774346,38.7009602],[-8.9760947,38.7044553],[-8.9816424,38.7053652],[-8.9814446,38.7021078],[-9.0048563,38.7026794],[-9.0053458,38.6995405],[-9.0075536,38.7035041],[-9.028476,38.7022684],[-9.0370166,38.6998775],[-9.0421489,38.6922357],[-9.0486088,38.6898945],[-9.047857742746157,38.70415811820857],[-9.021841065959167,38.72600908352637],[-9.0087288,38.7291732],[-9.011652485960013,38.73230905564732],[-8.996100018639112,38.74175453318253],[-8.9754315,38.7469655],[-8.9665256,38.7524134],[-8.9640211,38.7558991],[-8.966255,38.7569981],[-8.9313108,38.7615095],[-8.9248228,38.7583243],[-8.9243594,38.751012],[-8.9236559,38.7497775],[-8.9148899,38.7453888],[-8.9237479,38.7501724],[-8.9241866,38.7584143],[-8.9254766,38.7610458],[-8.9334231,38.7659412],[-8.927994,38.7655862],[-8.9329612,38.7660389],[-8.93093,38.7670549],[-8.9339333,38.7688585],[-8.9268467,38.7693561],[-8.93395,38.770775],[-8.9271537,38.7729655],[-8.9359597,38.7717584],[-8.9283469,38.775367],[-8.936098,38.772954],[-8.9305383,38.7792827],[-8.937957,38.7730251],[-8.9393255,38.7755052],[-8.9366832,38.7757636],[-8.9345348,38.7768404],[-8.941173,38.7766028],[-8.9389953,38.7803524],[-8.9308012,38.7807373],[-8.9343297,38.7819866],[-8.9304118,38.7825349],[-8.9304452,38.7858695],[-8.9337683,38.7867441],[-8.9300294,38.7889335],[-8.9309361,38.790218],[-8.9382297,38.791295],[-8.9368532,38.7945087],[-8.9310379,38.7954393],[-8.9368315,38.8014262],[-8.9358015,38.8047372],[-8.9392991,38.8035667],[-8.9361663,38.8056067],[-8.9448566,38.8072621],[-8.9388914,38.8072454],[-8.9431115,38.8151192],[-8.948618,38.8168664],[-8.9482697,38.8190146],[-8.954298,38.8243992],[-8.9574902,38.8253715],[-8.9598533,38.8247989],[-8.9572971,38.8255554],[-8.9554505,38.8280301],[-8.9558621,38.8282885],[-8.9573937,38.8282509],[-8.9577117,38.828003],[-8.9565503,38.830805],[-8.9593356,38.8287127],[-8.9561721,38.8322195],[-8.9607974,38.8276178],[-8.9631577,38.8273169],[-8.9609181,38.8296759],[-8.9618944,38.8304365],[-8.9622672,38.8282781],[-8.9652123,38.8269721],[-8.9654752,38.8295798],[-8.961299,38.8310968],[-8.9644157,38.8316734],[-8.9633535,38.8337503],[-8.9594804,38.8329313],[-8.9631913,38.8342712],[-8.9603575,38.8376017],[-8.9574565,38.8388485],[-8.9558391,38.8360353],[-8.9568359,38.8403985],[-8.9481552,38.84192],[-8.9513926,38.8429666],[-8.9448393,38.8460746],[-8.9331953,38.8665978],[-8.9108988,38.8878365],[-8.9094053,38.8941007],[-8.9115087,38.902311],[-8.9035788,38.9145187],[-8.8944685,38.9204901],[-8.9033214,38.9156607],[-8.9122533,38.9024171],[-8.9121938,38.88791],[-8.9352273,38.8669232],[-8.9463951,38.8488188],[-8.9613023,38.8403592],[-8.969017707104435,38.831099472451136],[-8.970286,38.835435],[-8.963124,38.850653],[-8.984904161198482,38.84950736765275],[-8.9864839,38.8573344],[-8.9777973,38.8669308],[-8.9889786,38.8766819],[-8.9883588,38.877731],[-8.9845913,38.8763843],[-8.9804527,38.8777248],[-8.9850516,38.8766076],[-8.9941765,38.8823329],[-8.9892837,38.8767147],[-8.9943302,38.8824955],[-8.9934719,38.898028],[-8.9876593,38.91453],[-8.9928061,38.9316166],[-8.9790761,38.9530538],[-8.9647204,38.9614068],[-8.981249,38.9577045],[-8.989817152011954,38.94952114245493],[-8.969106,38.983954],[-8.943227,39.015204],[-8.908437,39.036282],[-8.84553,39.042914],[-8.826527,39.049262],[-8.790354,39.070624],[-8.774648,39.083441],[-8.765126,39.097724],[-8.836415,39.056708],[-8.922719,39.049262],[-8.935862,39.040717],[-8.955068,39.012193],[-9.003529,38.95775],[-9.058909,38.871405],[-9.10025,38.830227],[-9.106557,38.813788],[-9.098897111787073,38.74170102027094],[-9.1053476,38.7270318],[-9.12354022294477,38.71146311887526],[-9.15958631581182,38.70258361702887],[-9.220171,38.693895],[-9.235476880186518,38.695039446252146],[-9.2426383,38.6989531],[-9.285209,38.698758],[-9.30653759351931,38.68480460226517],[-9.3140748,38.6843607],[-9.3162732,38.6769374],[-9.3199456,38.6753796],[-9.3163948,38.6760162],[-9.3238243,38.6731469],[-9.3923296,38.7019359],[-9.429189,38.707261],[-9.471669,38.70246],[-9.48252094436112,38.70523911682015],[-9.4865341,38.7102562],[-9.47907,38.7202527],[-9.4721684,38.7365042],[-9.4719122,38.7499527],[-9.4740449,38.7534445],[-9.4757854,38.7537469],[-9.4772598,38.7531189],[-9.4763361,38.754745],[-9.4782393,38.7552567],[-9.4788545,38.7544545],[-9.478496,38.7560232],[-9.4822086,38.7578188],[-9.4826948,38.7578954],[-9.4830778,38.7576443],[-9.483304,38.7577524],[-9.4837707,38.757333],[-9.484693,38.7615576],[-9.4893315,38.7617325],[-9.496503,38.7881554],[-9.4924466,38.7906414],[-9.4935302,38.7941385],[-9.49004,38.7950634],[-9.4895448,38.8007245],[-9.479089,38.8121092],[-9.4665871,38.8364129],[-9.455496,38.850469],[-9.4162859,38.9414989],[-9.4156728,38.9586616],[-9.4203295,38.9608569],[-9.4199923,38.9651263],[-9.4237327,38.963281],[-9.4202209,38.9661586],[-9.4202076,38.9762541],[-9.4228564,38.9792115],[-9.4189391,38.9857],[-9.4277803,39.0022756],[-9.4250548,39.0050445],[-9.4267573,39.0090553],[-9.4220191,39.0115482],[-9.424977,39.0194268],[-9.4159475,39.0434867],[-9.4157819,39.0632359],[-9.4217861,39.0746054],[-9.4146569,39.0882578],[-9.3953159,39.1107579],[-9.393463230395696,39.12010327031286],[-9.3588466,39.1718239],[-9.3561917,39.1792438],[-9.3585495,39.1817156],[-9.3457226,39.2044039],[-9.3473425,39.2129091],[-9.3394533,39.2289107],[-9.343984,39.2409462],[-9.3366791,39.2633928],[-9.3367194,39.282619],[-9.3433701,39.2876005],[-9.3404055,39.2921579],[-9.3421638,39.297334],[-9.3477814,39.3008267],[-9.3454727,39.3038101],[-9.346887,39.3115262],[-9.359857444008773,39.325954281849945],[-9.3616123,39.3410633],[-9.3678117,39.350059],[-9.3743665,39.3496254],[-9.3651266,39.3548195],[-9.3680114,39.356652],[-9.3720808,39.3531464],[-9.3718753,39.3553484],[-9.3766799,39.3556754],[-9.3786514,39.3533694],[-9.3755136,39.3476252],[-9.3790526,39.3525866],[-9.3802237,39.3532818],[-9.386843431323461,39.35308842943346],[-9.403465872816827,39.36747526593833],[-9.3880218,39.3715257],[-9.3790048,39.3685505],[-9.378275212131038,39.373616801507396],[-9.3718555,39.3708282],[-9.3740453,39.3670589],[-9.3707244,39.3631916],[-9.3534323,39.3610997],[-9.3395713,39.3679468],[-9.3385191,39.3710359],[-9.341833373474348,39.37363626640341],[-9.3302096,39.3736136],[-9.309994,39.3807933],[-9.249189728354418,39.41932342509805],[-9.240315,39.419997],[-9.227895,39.408433],[-9.2176,39.406195],[-9.205922,39.415473],[-9.213531,39.428616],[-9.225838777495117,39.43773942129537],[-9.2117623,39.4541453],[-9.203811675532465,39.46997290945351],[-9.171312117280824,39.498495957360184],[-9.148767266981688,39.50973600238891],[-9.1454727,39.5090853],[-9.1488873,39.5046159],[-9.145508,39.5029874],[-9.1376483,39.5046386],[-9.1374635,39.5130837],[-9.1438175,39.5103492],[-9.135694,39.51618],[-9.114511311636422,39.54551067197037],[-9.0776029,39.5866803],[-9.0779824,39.5899624],[-9.0740808,39.5865029],[-9.0761328,39.5837124],[-9.0719526,39.5837254],[-9.0767887,39.5908289],[-9.0744174,39.6000231],[-9.0768629,39.6033814],[-9.0858503,39.6043668],[-9.0856461,39.6046538],[-9.0854971,39.6069724],[-9.0860184,39.614452],[-9.0512988,39.6999492],[-9.0493406,39.7152439],[-9.0515476,39.7182133],[-9.025827943504124,39.77531771661328],[-8.9730679,39.8745356],[-8.9545289,39.914697],[-8.9554534,39.9179335],[-8.9188187,39.9923684],[-8.8708069,40.1029852],[-8.8637861,40.1221053],[-8.8648365,40.1279792],[-8.853261,40.139228],[-8.841624,40.125963],[-8.825063,40.120063],[-8.784983,40.11872],[-8.784983,40.126166],[-8.816151,40.146552],[-8.833608,40.151679],[-8.874359660517955,40.15573582709237],[-8.881816,40.1655238],[-8.906185944724252,40.178781677681165],[-8.907517686012158,40.1899851715045],[-8.865387,40.275458],[-8.831035,40.3686845],[-8.8095168,40.4345353],[-8.809804613153231,40.44098476718705],[-8.7923447,40.4869731],[-8.7947128,40.4896215],[-8.7768117,40.5347148],[-8.7724061,40.559428],[-8.7581887,40.5940131],[-8.7572707,40.6087425],[-8.7495517,40.6326477],[-8.749559,40.6402292],[-8.75290224284228,40.640930837055656],[-8.744618,40.646918],[-8.744618,40.619045],[-8.72468,40.644517],[-8.710276,40.653469],[-8.690012,40.646918],[-8.690012,40.653144],[-8.698801,40.667955],[-8.696156,40.673651],[-8.686391,40.677924],[-8.671986,40.666815],[-8.662099,40.669867],[-8.641591,40.694159],[-8.65746,40.701402],[-8.666331,40.713202],[-8.663645,40.724066],[-8.603871,40.735785],[-8.572662,40.755561],[-8.589508,40.754706],[-8.614735,40.74494],[-8.639882,40.740058],[-8.668446,40.747463],[-8.675689,40.755561],[-8.683705,40.783108],[-8.645579,40.823676],[-8.655263,40.844916],[-8.656972,40.828559],[-8.663197,40.814927],[-8.670522,40.811184],[-8.675689,40.824449],[-8.689809,40.804104],[-8.700551,40.777981],[-8.714263,40.709052],[-8.738433,40.664496],[-8.750803,40.653144],[-8.736468442953488,40.704168181057995],[-8.6931896,40.8197674],[-8.6783448,40.8660458],[-8.6792389,40.8734376],[-8.6666158,40.9022744],[-8.6594965,40.9292916],[-8.6624186,40.9313535],[-8.6583837,40.9384193],[-8.6610294,40.9400693],[-8.6577626,40.9444994],[-8.6575002,40.957758],[-8.6503426,40.9722921],[-8.652783,40.9739247],[-8.6490623,40.9807368],[-8.6515395,40.981761],[-8.6469164,40.9877253],[-8.6497104,40.9893464],[-8.6461716,40.995991],[-8.6507189,40.9984174],[-8.6467214,41.003722],[-8.6466442,41.0085519],[-8.6496313,41.0086481],[-8.6445415,41.0222731],[-8.6462204,41.0326861],[-8.6531962,41.0470029],[-8.6570157,41.0490363],[-8.6570841,41.0906155],[-8.6639836,41.1055305],[-8.666447490519829,41.12121214040282],[-8.666127,41.132758],[-8.648346,41.146633],[-8.648346,41.152777],[-8.68578,41.159491],[-8.6909294,41.1670397],[-8.689377,41.171868],[-8.699017328669008,41.17819443836927],[-8.70519,41.186916],[-8.715557464038744,41.2141161425099],[-8.7166817,41.2252691],[-8.7217274,41.2280004],[-8.7245078,41.2382361],[-8.7296833,41.2428657],[-8.7262644,41.2455641],[-8.7242148,41.2581721],[-8.7284235,41.2649443],[-8.728658,41.2788715],[-8.7419538,41.3103546],[-8.7391847,41.3201473],[-8.7402458,41.3341807],[-8.7459341,41.3398153],[-8.749306320061503,41.337862210743005],[-8.7552337,41.3429153],[-8.7548965,41.3549252],[-8.7610452,41.3619058],[-8.7618217,41.3680407],[-8.7657592,41.3694162],[-8.7679992,41.3720263],[-8.7644632,41.3689875],[-8.7623984,41.3742599],[-8.7671875,41.3771422],[-8.766466,41.3738832],[-8.771519595477564,41.37087926388658],[-8.7691251,41.3788364],[-8.7748273,41.385999],[-8.7752624,41.3918907],[-8.7805554,41.3955922],[-8.778493,41.4002942],[-8.784011663888704,41.40994268029823],[-8.7843667,41.4332406],[-8.774849,41.468338],[-8.77595,41.4789127],[-8.7842912,41.4891845],[-8.787175764444601,41.49924085625756],[-8.7858378,41.513233],[-8.789408164684447,41.51540189719867],[-8.7893034,41.5220289],[-8.792466665597649,41.5250020207894],[-8.7903929,41.5370569],[-8.7937422,41.5415935],[-8.7926193,41.5519136],[-8.7984867,41.5732646],[-8.8047266,41.5836811],[-8.809498,41.6124385],[-8.8194766,41.6264574],[-8.8265632,41.6493501],[-8.8243905,41.6666335],[-8.82907791041446,41.67624032655263],[-8.827056,41.682807],[-8.804677,41.689276],[-8.743276,41.696967],[-8.725942,41.703111],[-8.696156,41.721991],[-8.806874,41.696967],[-8.829986,41.694648],[-8.842885,41.695787],[-8.85848333260029,41.70313005969076],[-8.8670279,41.7225101],[-8.8719537,41.7266046],[-8.880312540758549,41.753910189854324],[-8.8713109,41.7798284],[-8.874364101536125,41.79791941401535],[-8.8670788,41.8050563],[-8.8649694,41.8125043],[-8.8705988,41.8134388],[-8.87505964913501,41.82310048693943],[-8.8735166,41.8273012],[-8.87667667969321,41.82980891165711],[-8.8757326,41.8404022],[-8.8668268,41.8483876],[-8.86797168789241,41.85849693157155],[-8.79662,41.903306],[-8.762766,41.931952],[-8.750803,41.96898],[-8.777089,41.937161],[-8.7954,41.925686],[-8.832834,41.913967],[-8.864654,41.888902],[-8.880834360002178,41.89318538044871],[-8.8766405,41.8976268],[-8.880070854587471,41.8997953359639],[-8.8745383,41.8994308],[-8.879695279925878,41.901854670037814],[-8.8762388,41.9080904],[-8.87891245989133,41.90888990937757],[-8.8762683,41.9099708],[-8.879131880301145,41.911040476914394],[-8.886845287109194,41.98664056486269],[-8.8846783,41.9944127],[-8.8768694,42.0021559],[-8.8846158,42.0075651],[-8.885827,42.02496],[-8.889613,42.02599],[-8.884786,42.029836],[-8.882357,42.039844],[-8.8867997,42.0414023],[-8.885437,42.050885],[-8.889913,42.051146],[-8.889044,42.056279],[-8.894888066998492,42.06546888056168],[-8.896161890792202,42.07795379069693],[-8.8914224,42.0819985],[-8.894163,42.085033],[-8.8946397,42.0999764],[-8.898358568950432,42.103049001556165],[-8.8952585,42.1137942],[-8.892146,42.1114658],[-8.8845598,42.1135292],[-8.880413,42.1103276],[-8.8744274,42.1151945],[-8.8683814,42.1148565],[-8.863244,42.120936],[-8.8520403,42.1225876],[-8.852745005373453,42.12650203358238],[-8.8424727,42.1245882],[-8.8480666,42.1243777],[-8.8469465,42.1218429],[-8.8497725,42.1209563],[-8.8448824,42.1202854],[-8.8467659,42.1186794],[-8.840589,42.1146846],[-8.8361852,42.1158111],[-8.8350307,42.1125829],[-8.8271586,42.1143379],[-8.8221362,42.119882],[-8.8239896,42.1128452],[-8.8140755,42.1156091],[-8.8076448,42.1102261],[-8.8002232,42.1129939],[-8.814218,42.1162343],[-8.8185288,42.121863],[-8.8251556,42.1197028],[-8.8274044,42.1232361],[-8.8189031,42.1301449],[-8.8199116,42.1413232],[-8.82372,42.14761],[-8.844592644946177,42.15720776084976],[-8.837066,42.158193],[-8.8346101,42.1535493],[-8.8243856,42.155331],[-8.8183452,42.1612164],[-8.80988302413189,42.19017315015234],[-8.7793901,42.2035137],[-8.7757417,42.212057],[-8.77723632087079,42.21723658058505],[-8.768757246278918,42.22407625511449],[-8.7593129,42.2233181],[-8.7540694,42.2263074],[-8.7607689,42.2258607],[-8.761363176792306,42.22832443436446],[-8.754289914206895,42.23238829762667],[-8.7538892,42.2317428],[-8.741222,42.2344499],[-8.7442629,42.2330653],[-8.7398447,42.2326233],[-8.7435354,42.230665],[-8.7530837,42.2295094],[-8.7510535,42.2255104],[-8.7405643,42.2264798],[-8.7351821,42.2317804],[-8.7336317,42.2373803],[-8.7376844,42.2346382],[-8.7336623,42.2406552],[-8.7315935,42.2370311],[-8.7279547,42.2400325],[-8.7313508,42.2401731],[-8.7244624,42.243947],[-8.7278321,42.2412718],[-8.7176481,42.2410292],[-8.7169941,42.2437949],[-8.7114019,42.241818],[-8.7101043,42.2506381],[-8.7056508,42.2511842],[-8.707436358965268,42.25610898369488],[-8.6952908,42.2614526],[-8.6964066,42.2594898],[-8.6905601,42.2572617],[-8.6765646,42.2644927],[-8.6718411,42.2731793],[-8.6699803,42.2721603],[-8.6718336,42.2736881],[-8.6685039,42.2794879],[-8.644097528027322,42.29042011166449],[-8.6304576,42.2848613],[-8.6266845,42.288412],[-8.6227476,42.2871134],[-8.624322,42.2903739],[-8.6220965,42.286836],[-8.6108092,42.2874651],[-8.6212838,42.2918626],[-8.6163153,42.2944601],[-8.6179286,42.2967923],[-8.6150318,42.2949159],[-8.6141765,42.2994765],[-8.622221750492674,42.30886436522736],[-8.61654,42.32264],[-8.611501,42.32673],[-8.6159898,42.3302637],[-8.611785,42.336741],[-8.6157979,42.3404765],[-8.611197,42.3452973],[-8.6023735,42.3424025],[-8.5992743,42.3453778],[-8.593574,42.344122],[-8.590098,42.346547],[-8.5842249,42.3422656],[-8.5805216,42.34571],[-8.578357,42.34304],[-8.5743016,42.3435585],[-8.5802504,42.3462072],[-8.5842556,42.3429279],[-8.589384,42.3471862],[-8.6030525,42.3453879],[-8.6091518,42.3485106],[-8.6133014,42.3462553],[-8.6164946,42.3503378],[-8.626970303650197,42.34821252776427],[-8.6298562,42.354445],[-8.6339405,42.3540008],[-8.633859,42.348364],[-8.649892,42.335598],[-8.674794,42.299018],[-8.699574,42.291164],[-8.725292643598562,42.28570825703425],[-8.7314975,42.286921],[-8.734843977600804,42.28242374407855],[-8.773915,42.268988],[-8.784983,42.260077],[-8.795766,42.258246],[-8.8562296,42.2613723],[-8.867502,42.256415],[-8.853424,42.291083],[-8.853261,42.304836],[-8.8467794,42.2970474],[-8.8476891,42.2926712],[-8.8386313,42.2915921],[-8.8374591,42.286925],[-8.8336424,42.2865046],[-8.8311828,42.2777571],[-8.8238818,42.2750025],[-8.8166076,42.2784676],[-8.8229592,42.2825082],[-8.8195903,42.2909252],[-8.8241212,42.2974449],[-8.8173133,42.3064149],[-8.8179273,42.3136671],[-8.8238213,42.3138381],[-8.826273,42.3333675],[-8.830272979584302,42.340728365010655],[-8.826534,42.3405046],[-8.8253999,42.3415428],[-8.8206422,42.3374151],[-8.8002491,42.3385415],[-8.7995023,42.3320081],[-8.7923805,42.327203],[-8.7715237,42.3321993],[-8.762785,42.339463],[-8.7534269,42.3412053],[-8.745554,42.365864],[-8.7405737,42.3679481],[-8.7367961,42.3766748],[-8.7355374,42.3739078],[-8.7296089,42.3758982],[-8.725601,42.3852659],[-8.7210718,42.3845243],[-8.7065779,42.3984595],[-8.703371,42.3947569],[-8.7016889,42.3991788],[-8.6993171,42.3946714],[-8.6953749,42.3948306],[-8.6980864,42.3976251],[-8.6960355,42.3959732],[-8.6909308,42.4003626],[-8.6983417,42.3997686],[-8.698322,42.402692],[-8.6936408,42.4017669],[-8.6964607,42.4041463],[-8.6910581,42.4061633],[-8.687392,42.403451],[-8.6848365,42.4044554],[-8.684986,42.4075],[-8.6648395,42.4209073],[-8.6561319,42.4234771],[-8.6489332,42.435893],[-8.6378102,42.4334394],[-8.6332516,42.4356999],[-8.6317491,42.4386796],[-8.6330153,42.4460962],[-8.6277673,42.446418],[-8.6230139,42.4494409],[-8.6206523,42.45257],[-8.618583,42.4517117],[-8.6060125,42.4513703],[-8.6021421,42.452435],[-8.5958443,42.4516038],[-8.5867943,42.4475131],[-8.5954705,42.4517796],[-8.6016995,42.4526844],[-8.6210995,42.4526527],[-8.6279818,42.4468934],[-8.6333508,42.4468337],[-8.6329668,42.4380019],[-8.6354609,42.4355716],[-8.6507228,42.4365147],[-8.6562331,42.4260096],[-8.6583505,42.4277667],[-8.6569707,42.4258468],[-8.6613391,42.423731],[-8.666059886580742,42.424319341024756],[-8.655263,42.441352],[-8.664377,42.437974],[-8.691274,42.440619],[-8.757639,42.407213],[-8.811025,42.400702],[-8.843577,42.403713],[-8.867502,42.4147],[-8.87668486101533,42.43003117766052],[-8.8709767,42.4350941],[-8.8722887,42.4413882],[-8.8843416,42.4564296],[-8.939098830163585,42.46738705256935],[-8.935902,42.4687459],[-8.938330332692058,42.4748358019638],[-8.93514928704882,42.478940309192424],[-8.9091126,42.475131],[-8.8944078,42.481121],[-8.891928,42.486345],[-8.8892014,42.4852114],[-8.8897806,42.4813964],[-8.8831864,42.4882533],[-8.886598,42.4920473],[-8.8918533,42.4887137],[-8.891743,42.493147],[-8.881256,42.496568],[-8.869008,42.493394],[-8.860829,42.485012],[-8.861155,42.475572],[-8.874338,42.469306],[-8.866366670229903,42.46543053156131],[-8.872732,42.461557],[-8.8695168,42.4481604],[-8.856985,42.450502],[-8.8475494,42.4558496],[-8.850381,42.458193],[-8.8482253,42.4601556],[-8.8451033,42.4554983],[-8.837745646543967,42.45902560951617],[-8.8364751,42.454711],[-8.8319175,42.4580392],[-8.819633,42.4516749],[-8.825075112463255,42.49386546565737],[-8.8185544,42.4897175],[-8.8117948,42.4949524],[-8.8096769,42.4935401],[-8.807625,42.497657],[-8.809706,42.49766],[-8.802055,42.504192],[-8.791126,42.505071],[-8.800316,42.505472],[-8.8131413,42.4976808],[-8.8154405,42.5170042],[-8.825185,42.537421],[-8.826450173550397,42.553647652123274],[-8.8228485,42.5530788],[-8.8185834,42.5592583],[-8.8198932,42.5624762],[-8.825396380658933,42.559389266448356],[-8.822987,42.569525],[-8.817322315438318,42.57690239312168],[-8.8077998,42.575935],[-8.8011404,42.5820783],[-8.7957374,42.5798168],[-8.7961494,42.5867677],[-8.7915768,42.5857201],[-8.7909395,42.5910649],[-8.786896,42.5907743],[-8.784601384776224,42.59588150926307],[-8.780393928879976,42.59996925539004],[-8.781791,42.595656],[-8.7742029,42.5971303],[-8.7749557,42.5944756],[-8.7719297,42.5937157],[-8.7708481,42.5994956],[-8.7675055,42.6005186],[-8.7725334,42.6023015],[-8.7681291,42.6016515],[-8.771650065133556,42.61115475114552],[-8.753432799790371,42.64157767847109],[-8.7416189,42.6484143],[-8.739311,42.661016],[-8.72939,42.6660941],[-8.729792,42.6706209],[-8.7238048,42.67818],[-8.7285411,42.6853378],[-8.7254886,42.6894446],[-8.737172,42.688422],[-8.753896,42.656887],[-8.76164964809588,42.65011966537308],[-8.7698003,42.6527057],[-8.774143,42.645305],[-8.784983,42.64057],[-8.803822,42.645941],[-8.815397012127457,42.65790320945925],[-8.8131392,42.6655503],[-8.821215305493986,42.666478821274],[-8.826243,42.67414],[-8.8450128,42.6872982],[-8.841833883988551,42.67922388299039],[-8.8461515,42.6811772],[-8.843001339521967,42.67760958338755],[-8.854604,42.661566],[-8.8574868,42.6472991],[-8.861057,42.645829],[-8.85655,42.64069],[-8.847623593260211,42.63990381068922],[-8.868764,42.617499],[-8.880523,42.611802],[-8.8863535,42.6175726],[-8.891058891623487,42.61790815348506],[-8.8825792,42.6263325],[-8.8746683,42.6281406],[-8.8737106,42.6318952],[-8.8809081,42.6382719],[-8.9005964,42.6401122],[-8.8934929,42.6441204],[-8.8990083,42.6446712],[-8.9023942,42.6424346],[-8.9002185,42.6378815],[-8.902591,42.6357598],[-8.9003203,42.6358854],[-8.9033829,42.6323363],[-8.9186517,42.624305],[-8.9222347,42.6205315],[-8.9208307,42.6186002],[-8.9310619,42.6142028],[-8.9335757,42.6107489],[-8.931744258046473,42.60911578737283],[-8.937138,42.6072104],[-8.9319604,42.5967775],[-8.922231,42.593695],[-8.93399,42.586819],[-8.969879,42.579169],[-8.974509955607127,42.56898598028196],[-8.9906364,42.5626537],[-8.9875288,42.5626114],[-8.9913365,42.5610014],[-8.9909977,42.5573668],[-8.9889301,42.5549774],[-8.9875472,42.5604751],[-8.9868399,42.5602005],[-8.9886693,42.5548315],[-8.98509577031107,42.55002208716877],[-9.011545,42.530707],[-9.026357,42.543118],[-9.033355,42.578111],[-9.055816,42.585395],[-9.070872,42.596137],[-9.0608571,42.6052491],[-9.0586746,42.6146683],[-9.0609037,42.6181778],[-9.0468255,42.6270333],[-9.0383819,42.6419433],[-9.0367806,42.6492419],[-9.0418698,42.6539544],[-9.039285242407662,42.66984797069563],[-9.0330615,42.6734333],[-9.0281655,42.6852429],[-9.0284051,42.6924724],[-9.0338268,42.6952345],[-9.0309119,42.6952741],[-9.0235541,42.7081713],[-9.0112111,42.7102624],[-9.0086985,42.727036],[-8.9962149,42.7276903],[-8.9932819,42.7327732],[-8.9955309,42.734456],[-8.9920373,42.7349955],[-8.991047167218765,42.73948951947942],[-8.9757193,42.7448866],[-8.9751284,42.74039],[-8.9698394,42.7405075],[-8.9573242,42.7457945],[-8.9514423,42.7523175],[-8.9485837,42.7656706],[-8.9491332,42.760099],[-8.9467267,42.759003],[-8.9475747,42.7613263],[-8.9442471,42.7624721],[-8.9464827,42.7642645],[-8.9401527,42.7663591],[-8.9403977,42.7738118],[-8.9359104,42.7785336],[-8.9320906,42.7776575],[-8.928676827484137,42.78371130385333],[-8.908789296218403,42.79046348944585],[-8.9067689,42.7867936],[-8.8993503,42.7824484],[-8.8930596,42.7831412],[-8.8924777,42.7796999],[-8.8883054,42.7777863],[-8.8883211,42.7809827],[-8.8919456,42.784804],[-8.891077,42.7895186],[-8.899916828384661,42.792014977437304],[-8.891347,42.799343],[-8.884918,42.815009],[-8.887685,42.831122],[-8.908437,42.839464],[-8.912587,42.816596],[-8.92809,42.802517],[-8.9330418,42.8018887],[-8.9312994,42.8073429],[-8.951039,42.795111],[-8.977366,42.792304],[-9.011634694082357,42.796062484530616],[-9.0202669,42.8011995],[-9.0168873,42.8014845],[-9.0165727,42.8046172],[-9.0210994,42.8027996],[-9.022167356922711,42.79721767446159],[-9.02804,42.7989332],[-9.04894,42.794745],[-9.047376209523364,42.786810756025254],[-9.0585868,42.7855144],[-9.0639358,42.7881183],[-9.0647239,42.7823112],[-9.0575124,42.7750271],[-9.0550939,42.7777059],[-9.0509983,42.7766096],[-9.068674,42.759711],[-9.081288,42.754828],[-9.10025,42.757514],[-9.113433,42.766059],[-9.13049552050852,42.80436002716968],[-9.1093703,42.8135539],[-9.10025,42.833279],[-9.108388,42.844835],[-9.141225,42.857449],[-9.1444693,42.8769933],[-9.1474375,42.8800529],[-9.1465266,42.8836692],[-9.1407759,42.8821223],[-9.1372166,42.8900467],[-9.141486875500389,42.892718541143886],[-9.1230018,42.9059598],[-9.1234472,42.9112161],[-9.11711,42.9127896],[-9.1244743,42.9116646],[-9.1260568,42.9055961],[-9.133715564315793,42.91107120471232],[-9.134511,42.917548],[-9.141428,42.921413],[-9.158599,42.922634],[-9.167877,42.926825],[-9.1743057,42.9402812],[-9.1726864,42.9443652],[-9.1786921,42.945796],[-9.179793623475641,42.9409201694383],[-9.1811994,42.9457988],[-9.1847312,42.9460498],[-9.1899504,42.9527977],[-9.192474349259843,42.94821306551755],[-9.195872,42.949327],[-9.195872,42.943142],[-9.190012,42.9324],[-9.19579,42.926581],[-9.20788814054284,42.92528995971126],[-9.214345,42.939032],[-9.2224169,42.9430365],[-9.2271648,42.9401165],[-9.2321892,42.941773],[-9.233650682546783,42.93579020225737],[-9.24645856998033,42.926245749062325],[-9.2609808,42.9219228],[-9.2649827,42.9151658],[-9.2616185,42.9111428],[-9.2623844,42.9067412],[-9.257332591461111,42.908941301227784],[-9.268422,42.891303],[-9.273061,42.893337],[-9.27718860272564,42.90305379512888],[-9.2750006,42.908898],[-9.2802994,42.9169218],[-9.291982,42.922634],[-9.291982,42.928778],[-9.2738840407836,42.961761176413724],[-9.268436,42.9631837],[-9.2611016,42.9728941],[-9.2600747,42.9781009],[-9.2627397,42.9822361],[-9.2596429,42.9870251],[-9.2615386,42.9902937],[-9.2591816,42.9917467],[-9.2594331,42.9956648],[-9.2569432,42.9970745],[-9.260127680688026,42.99872680864799],[-9.250966,43.016791],[-9.272125,43.031277],[-9.276186674158199,43.04428861841739],[-9.2704062,43.0449508],[-9.2676633,43.0529353],[-9.2658045,43.0499601],[-9.2631378,43.048514],[-9.2593559,43.0511474],[-9.2489614,43.0713535],[-9.245717,43.087999],[-9.2435183,43.0841189],[-9.2372302,43.0909946],[-9.2203838,43.0885183],[-9.2239848,43.092042],[-9.2219014,43.0966647],[-9.2245249,43.0988159],[-9.2187399,43.1026894],[-9.221485147590608,43.104801627231616],[-9.218232926533476,43.11287567942388],[-9.2119625,43.1059815],[-9.2155889,43.1079207],[-9.2168332,43.1053156],[-9.2125133,43.1046791],[-9.212864,43.1013222],[-9.198394,43.1039878],[-9.1977053,43.0972977],[-9.1933457,43.0951811],[-9.1948438,43.0915585],[-9.1874592,43.0890311],[-9.1822027,43.0927217],[-9.183776,43.1033294],[-9.1667052,43.1051569],[-9.1667452,43.1100252],[-9.152305972071257,43.12707502800206],[-9.1413119,43.1260403],[-9.1353707,43.1326026],[-9.1239342,43.1327279],[-9.1143831,43.1384001],[-9.123472,43.13361],[-9.1370634,43.1352984],[-9.1426849,43.1270664],[-9.148515756208898,43.13062360322404],[-9.133127,43.137966],[-9.107737,43.14114],[-9.107737,43.148505],[-9.147084,43.138699],[-9.163319,43.139757],[-9.162262,43.148505],[-9.1654797,43.1527875],[-9.170242730281515,43.14551594278959],[-9.194203,43.136542],[-9.20372956433009,43.13744554349543],[-9.2042152,43.14187],[-9.2144738,43.1511124],[-9.2145459,43.1563263],[-9.210338698606646,43.160444964868624],[-9.2093256,43.1592508],[-9.2070566,43.1595579],[-9.208375,43.1557135],[-9.1991407,43.1543001],[-9.1956444,43.156623],[-9.1955829,43.1623342],[-9.191861,43.1598831],[-9.1869038,43.1607314],[-9.184673,43.1670851],[-9.179923,43.1670851],[-9.1797349,43.1804214],[-9.170786116745523,43.18824645352016],[-9.165941,43.1828597],[-9.1564707,43.1836299],[-9.1496278,43.1871708],[-9.1519559,43.1945412],[-9.1356923,43.1907222],[-9.136833,43.1968227],[-9.1339135,43.1972921],[-9.1321046,43.1932042],[-9.1303746,43.1983131],[-9.1276559,43.1946257],[-9.123497406915982,43.19690670573122],[-9.1200051,43.1940604],[-9.114980031712715,43.19418162697643],[-9.114554,43.189185],[-9.1103785,43.1855263],[-9.1053117,43.1855189],[-9.1039277,43.1895403],[-9.099731,43.187399],[-9.098218480637252,43.18955203591981],[-9.0887921,43.1886668],[-9.0853523,43.1894739],[-9.0884207,43.1885472],[-9.0896369,43.1876292],[-9.0913171,43.1801446],[-9.0856071,43.1856159],[-9.0806239,43.1812822],[-9.0741309,43.1870939],[-9.0593076,43.1845899],[-9.0380854,43.1966951],[-9.033949810963248,43.20709090008905],[-9.0195422,43.2164256],[-9.019202881779776,43.22057488525937],[-9.009923,43.2245988],[-9.0140532,43.2292287],[-9.0128581,43.2334471],[-9.0041938,43.2309606],[-9.0040008,43.2253801],[-8.9991909,43.2229292],[-9.0034481,43.2243105],[-9.0030572,43.219981],[-8.9963816,43.2164269],[-8.9850147,43.2220122],[-8.985140258988352,43.226887846344106],[-8.9832876,43.2263342],[-8.977268014243235,43.22706720203599],[-8.9771096,43.2263909],[-8.971609,43.2241402],[-8.9660023,43.2254693],[-8.967302894123074,43.227294240329606],[-8.9550378,43.2280493],[-8.951393074268564,43.229723395543864],[-8.944505,43.2271283],[-8.9484893,43.2225604],[-8.9454826,43.2183451],[-8.9468819,43.2154292],[-8.9296227,43.2207735],[-8.9197867,43.229537],[-8.9167912,43.2422059],[-8.9102112,43.2400425],[-8.907629,43.2411326],[-8.91728299097077,43.243888962544005],[-8.915273,43.245022],[-8.936391,43.244086],[-8.94815,43.249945],[-8.955216118992103,43.26048660759747],[-8.9528291,43.2636397],[-8.958167265174053,43.26488928253794],[-8.963124,43.272284],[-8.979807,43.276923],[-8.9847508,43.2823305],[-8.9626979,43.2868376],[-8.95089492370922,43.29308551357194],[-8.9445072,43.289161],[-8.9369272,43.2894031],[-8.9284468,43.2820587],[-8.9261103,43.2831087],[-8.9288052,43.2909609],[-8.9253903,43.293739],[-8.9186752,43.2963523],[-8.9163201,43.2929558],[-8.9120589,43.2923677],[-8.9057924,43.2944996],[-8.9121979,43.3035298],[-8.909829,43.3034195],[-8.9065347,43.3065583],[-8.910286136455062,43.30973614239282],[-8.888468696357362,43.32051929185473],[-8.8755849,43.3122906],[-8.872506,43.3169995],[-8.873508,43.3218419],[-8.8705446,43.3234988],[-8.864675,43.3224791],[-8.8611125,43.316655],[-8.8579843,43.3165575],[-8.8558121,43.3215095],[-8.8539253,43.3188493],[-8.8525399,43.3215095],[-8.8474214,43.3190338],[-8.8450844,43.3206903],[-8.849243,43.323573],[-8.848161202360581,43.33463593986303],[-8.841176,43.338935],[-8.829820315343307,43.34114444127187],[-8.8290546,43.3284983],[-8.818909,43.328704],[-8.8141758,43.3233592],[-8.806636,43.326759],[-8.8018036,43.3218792],[-8.8072091,43.3235947],[-8.8091129,43.3238565],[-8.8098714,43.3232075],[-8.805168,43.3207271],[-8.8024959,43.3134658],[-8.7928072,43.3115371],[-8.788298,43.3089755],[-8.7880777,43.3053679],[-8.7760448,43.299998],[-8.763292,43.302297],[-8.7474102,43.2935072],[-8.728606,43.2946698],[-8.7262315,43.2973413],[-8.7229592,43.2963887],[-8.7226266,43.2913129],[-8.709342,43.2900053],[-8.6495289,43.3051633],[-8.6460125,43.308396],[-8.6381263,43.3071402],[-8.620578,43.3170242],[-8.6104602,43.3151562],[-8.60611409111146,43.32118201647159],[-8.6020739,43.3204021],[-8.6042655,43.3177793],[-8.5913404,43.3215096],[-8.5903636,43.3157112],[-8.5812563,43.3179608],[-8.5711889,43.3158758],[-8.5685651,43.3116349],[-8.5629912,43.314388],[-8.5546988,43.3110437],[-8.5425583,43.3128936],[-8.539646,43.3165813],[-8.5337808,43.314991],[-8.5300012,43.3179519],[-8.5293453,43.3201661],[-8.5256881,43.3206163],[-8.5227281,43.322299],[-8.5187408,43.3257362],[-8.518813159081521,43.32704554416783],[-8.5101217,43.3274742],[-8.505706529085026,43.3317257440049],[-8.5048601,43.3302594],[-8.48767111755947,43.35281242951066],[-8.4775993,43.3521217],[-8.4710963,43.3580586],[-8.4679001,43.3572921],[-8.4648719,43.3591114],[-8.4648874,43.3591916],[-8.4653916,43.3593604],[-8.4656611,43.3596213],[-8.4658097,43.3595518],[-8.4655188,43.3598445],[-8.4648651,43.3596595],[-8.4645649,43.3598445],[-8.4652366,43.3603834],[-8.4634124,43.3599095],[-8.4631657,43.3605091],[-8.463069,43.3601281],[-8.4602906,43.3598928],[-8.4600576,43.3599594],[-8.460071,43.3603435],[-8.4598193,43.3603467],[-8.4599756,43.3605746],[-8.4590503,43.3606318],[-8.4567882,43.3601368],[-8.458272327596777,43.36288755373541],[-8.443023,43.375312],[-8.4253774,43.3771857],[-8.4249034,43.3782062],[-8.417923,43.3712388],[-8.4140828,43.3710333],[-8.4142953,43.3697266],[-8.4136269,43.3692803],[-8.4127088,43.3689448],[-8.4091882,43.3691956],[-8.4055872,43.3712928],[-8.4038123,43.3746434],[-8.410688795758245,43.38156224752729],[-8.39140859150619,43.38528913834703],[-8.3968252,43.3813931],[-8.3931926,43.3753347],[-8.379229175974988,43.3667920185832],[-8.3871536,43.3696184],[-8.3875033,43.3652848],[-8.39823,43.3696704],[-8.3952219,43.3668962],[-8.4017561,43.3668611],[-8.3987257,43.3639809],[-8.4039901,43.3636369],[-8.4021003,43.3596521],[-8.3976732,43.3598032],[-8.3947353,43.3641394],[-8.3865222,43.3606885],[-8.394453,43.3605394],[-8.3848638,43.3536812],[-8.3817605,43.3545907],[-8.378881,43.3518189],[-8.3785954,43.3483681],[-8.3819067,43.3537178],[-8.386253,43.3512755],[-8.3810505,43.3461556],[-8.3870412,43.3415439],[-8.3868162,43.3351207],[-8.3793086,43.329029],[-8.3784254,43.3227923],[-8.3631226,43.3194348],[-8.3586874,43.3117197],[-8.3552266,43.3100316],[-8.3583922,43.3119053],[-8.3591041,43.3201273],[-8.3805491,43.3322549],[-8.3799796,43.3381811],[-8.3847309,43.3416875],[-8.376388,43.339594],[-8.3706728,43.343802],[-8.3618773,43.3413553],[-8.3541756,43.3468812],[-8.3499799,43.3458535],[-8.33727,43.369045],[-8.339915,43.392727],[-8.3334368,43.4014316],[-8.3296326,43.3990841],[-8.3282839,43.4029403],[-8.3165499,43.4011361],[-8.311281297180283,43.40322722150583],[-8.29741027626213,43.3969840627595],[-8.2992641,43.3916643],[-8.296111,43.3904759],[-8.2989056,43.3902685],[-8.2968104,43.3853168],[-8.2888708,43.3828498],[-8.2833144,43.3860456],[-8.2672904,43.3843311],[-8.2661524,43.3823758],[-8.2646116,43.3819356],[-8.2652492,43.3800819],[-8.2647807,43.3782158],[-8.25088573674881,43.355426198519574],[-8.2504535,43.3496373],[-8.243723,43.348674],[-8.241327,43.343397],[-8.233332648842385,43.34234613712795],[-8.217275,43.328315],[-8.213077971610549,43.319366752916885],[-8.2240757,43.30282],[-8.2274809,43.3020415],[-8.2206381,43.2983795],[-8.2179062,43.2852066],[-8.2175991,43.2884888],[-8.2130108,43.2848104],[-8.2149548,43.2873186],[-8.209916476005043,43.31379350959606],[-8.2020963,43.321542],[-8.2035851,43.3598017],[-8.210194,43.375312],[-8.209625,43.390692],[-8.204823,43.399726],[-8.181991562084132,43.4129467694097],[-8.1596557,43.4034162],[-8.1597225,43.4082704],[-8.1481124,43.4138185],[-8.147777,43.420111],[-8.1358933,43.4221768],[-8.1333509,43.4275417],[-8.1287951,43.4278806],[-8.1256562,43.4243814],[-8.1195608,43.425621],[-8.1254541,43.4246722],[-8.1291666,43.4286491],[-8.1341626,43.4279053],[-8.1388631,43.4223576],[-8.1500993,43.4216973],[-8.1519102,43.413776],[-8.1648374,43.4138024],[-8.169035,43.4107977],[-8.1744055,43.4130817],[-8.1736422,43.4201895],[-8.1804567,43.4186246],[-8.1795048,43.4210103],[-8.1938764,43.4263527],[-8.219251546031801,43.42462418283891],[-8.2386935,43.4304799],[-8.247141,43.423082],[-8.26476,43.427314],[-8.288726,43.446234],[-8.305165,43.451077],[-8.270566516514997,43.46348480999564],[-8.2708787,43.4579901],[-8.2665111,43.4545597],[-8.2652167,43.459248],[-8.252606923912492,43.4651799947004],[-8.2464426,43.4604166],[-8.2415318,43.4605148],[-8.2405681,43.4636383],[-8.243466,43.4636391],[-8.2411608,43.463816],[-8.2314713,43.4626553],[-8.2336213,43.4577919],[-8.2312898,43.4541994],[-8.2206085,43.4571932],[-8.2201433,43.4609755],[-8.2016886,43.4599029],[-8.1981322,43.4643584],[-8.191719,43.464826],[-8.1904119,43.4701025],[-8.19325948704025,43.47078172907594],[-8.1857342,43.4696291],[-8.171457,43.477973],[-8.1627062,43.4936404],[-8.1629909,43.4969171],[-8.1701286,43.4983581],[-8.1626494,43.4971085],[-8.1616617,43.5021674],[-8.1567644,43.5027396],[-8.1607183,43.5026737],[-8.1595297,43.5085347],[-8.1538614,43.5112467],[-8.151206,43.5171705],[-8.1612616,43.5122749],[-8.1691675,43.5134951],[-8.1684862,43.5157268],[-8.1708635,43.5132794],[-8.1652015,43.5093278],[-8.1740134,43.5043033],[-8.1725918,43.4976922],[-8.1762819,43.4939903],[-8.1985397,43.4875296],[-8.193461832935379,43.486179113745884],[-8.196523,43.485175],[-8.249210015430087,43.47872161846502],[-8.250266658748243,43.48305621409701],[-8.243723,43.485175],[-8.246707662973733,43.48717491926841],[-8.2428847,43.4911343],[-8.2475703,43.49334],[-8.2509771,43.489411],[-8.257314,43.492011],[-8.269195,43.478949],[-8.288971,43.472968],[-8.333119,43.471503],[-8.3203772,43.4921228],[-8.3191005,43.502007],[-8.3225489,43.5028382],[-8.31664,43.522895],[-8.305165,43.519355],[-8.292104,43.532945],[-8.30304,43.542545],[-8.3032399,43.5469485],[-8.308217,43.546332],[-8.313222,43.556342],[-8.312652,43.567125],[-8.30810565227128,43.567046381750096],[-8.2995057,43.5564093],[-8.2782398,43.5586085],[-8.2726236,43.5545193],[-8.2607443,43.5571311],[-8.2504362,43.5658422],[-8.2420148,43.5670892],[-8.166205560625036,43.61223847480259],[-8.1499252,43.6172825],[-8.148084562718056,43.62231685630903],[-8.087592904689929,43.65596058888346],[-8.083327164624533,43.646447190419096],[-8.0882395,43.6422943],[-8.0872895,43.6395467],[-8.086046,43.638274],[-8.0810742,43.6354225],[-8.0808471,43.6384259],[-8.086907,43.639821],[-8.0855837,43.6445163],[-8.0623777,43.6352683],[-8.047378,43.633427],[-8.0495365,43.6361663],[-8.0547457,43.6353252],[-8.0567791,43.6379187],[-8.0546048,43.6396167],[-8.05977722099951,43.64013513236127],[-8.051869,43.642808],[-8.065541,43.64281521987062],[-8.065541,43.649075],[-8.0533129,43.648783],[-8.051869,43.65648],[-8.071156,43.667873],[-8.0704903,43.6740006],[-8.0733187,43.6769001],[-8.071947110804137,43.68304668980253],[-8.0663774,43.682521],[-8.0687406,43.6884955],[-8.0648556,43.6903751],[-8.067390660404431,43.69495071625892],[-8.0631708,43.6965602],[-8.0651892,43.7008891],[-8.0555915,43.7085591],[-8.0502451,43.7099169],[-8.046586918383225,43.711726284716626],[-8.028720118903989,43.71193122845495],[-8.0256917,43.7089419],[-8.0232331,43.7117914],[-8.015682165597838,43.71178851404123],[-8.0066076,43.7045116],[-8.0005704,43.7050469],[-7.9937828,43.7101851],[-7.9774996,43.7150863],[-7.9770493,43.7182552],[-7.9598801,43.7231177],[-7.9477595,43.7320298],[-7.947050282283216,43.73408622525121],[-7.93679479951363,43.740962741094016],[-7.929172,43.7395269],[-7.9223832,43.7428341],[-7.9074554,43.7661027],[-7.880849,43.763251],[-7.869049,43.748847],[-7.86281853095707,43.734310062056],[-7.8671838,43.7386502],[-7.8714595,43.7375763],[-7.8705867,43.7299848],[-7.8551584,43.7246658],[-7.8553561,43.7192145],[-7.850098,43.71749],[-7.850682,43.714673],[-7.867584,43.717963],[-7.8719248,43.7160077],[-7.876001,43.72288],[-7.8767299,43.7129678],[-7.8728886235221935,43.711523447791286],[-7.8818998,43.6936129],[-7.8775002,43.6878086],[-7.890757,43.690178],[-7.891219,43.68428],[-7.878233626412958,43.6819439650553],[-7.884104,43.678616],[-7.894887,43.684475],[-7.908559,43.676988],[-7.908559,43.670152],[-7.8738389,43.6619072],[-7.872837,43.665111],[-7.8663341,43.6636016],[-7.865716,43.667863],[-7.852512,43.6705745],[-7.8486816,43.6773022],[-7.8518618,43.6699426],[-7.8466242,43.6684953],[-7.8430321,43.6715642],[-7.867463255212071,43.697517503921894],[-7.856028,43.703437],[-7.843160112865439,43.70362285458214],[-7.836793316929954,43.701986429746185],[-7.836507,43.697594],[-7.843064,43.69689],[-7.841183,43.693535],[-7.83532,43.695015],[-7.836335,43.688225],[-7.8248395,43.6881261],[-7.8127627,43.6974398],[-7.8140223,43.694829],[-7.805353,43.6921491],[-7.808042,43.6973],[-7.821563350798244,43.70121493181675],[-7.826039,43.711737],[-7.821880563526319,43.71510006662528],[-7.817829,43.712157],[-7.810354,43.714517],[-7.808442,43.7195054],[-7.81436625397395,43.72117714002235],[-7.806580523950869,43.726383563444664],[-7.8049658,43.7220022],[-7.7965008,43.7234754],[-7.7945374,43.7268636],[-7.7982174,43.7306082],[-7.792189481825801,43.734818812278576],[-7.7771245,43.7334301],[-7.771527,43.736175],[-7.7716742,43.7391355],[-7.7542292,43.7413059],[-7.7500664,43.7465068],[-7.7417868,43.7449159],[-7.7332312,43.7474984],[-7.7317421,43.7506679],[-7.7250145,43.7484754],[-7.7226971,43.7526294],[-7.7259082,43.7532997],[-7.715354,43.756343],[-7.716200698428593,43.758969805365815],[-7.695542,43.772028],[-7.6963578,43.774087],[-7.687481,43.776298],[-7.688411,43.790422],[-7.6721949958957865,43.783836875233845],[-7.668324,43.772528],[-7.6739131,43.7712647],[-7.677003,43.7675769],[-7.67556102968984,43.76399815570458],[-7.680627101798135,43.75943319138016],[-7.6890622,43.7564189],[-7.68822716897868,43.75258488073619],[-7.695627,43.745917],[-7.6958559802222135,43.739682158561884],[-7.7019858,43.7360723],[-7.699821,43.7253083],[-7.701984,43.719753],[-7.696054,43.715836],[-7.708867,43.712261],[-7.70966,43.708292],[-7.69929,43.713435],[-7.6920839,43.7071371],[-7.6861233,43.7144335],[-7.696126,43.720713],[-7.6935853,43.7248199],[-7.6982547,43.734129],[-7.696025329803186,43.735070983960135],[-7.691558,43.72724],[-7.68399,43.728705],[-7.67516,43.731635],[-7.672475,43.743842],[-7.662588076604156,43.746105211964725],[-7.6529597,43.7433367],[-7.649603939383479,43.74957116147266],[-7.64101280025377,43.752639395333226],[-7.637603,43.739081],[-7.627694631570518,43.72505519792238],[-7.6300651,43.7218796],[-7.622771886944544,43.718086801228814],[-7.614155884169673,43.70589040880754],[-7.615956,43.688544],[-7.6134129,43.6879995],[-7.6146191,43.6813078],[-7.6141685,43.6791125],[-7.6109073,43.6772755],[-7.612095,43.672921],[-7.6114653,43.672745],[-7.6111938,43.6729347],[-7.6081038,43.6718359],[-7.602379,43.6720863],[-7.5974103,43.6745652],[-7.5991507,43.6762411],[-7.5962936,43.6736756],[-7.5983839,43.6631177],[-7.6018528,43.6633856],[-7.6033515,43.6598322],[-7.5995606,43.6577988],[-7.593774,43.6686145],[-7.5952593,43.6741139],[-7.6002723,43.678757],[-7.5950927,43.6769958],[-7.5940951,43.6792072],[-7.6033192,43.6823226],[-7.591513,43.6837313],[-7.5907124,43.6868493],[-7.5832529,43.6877208],[-7.5777144,43.6923437],[-7.577152,43.6955015],[-7.5859713,43.7074478],[-7.5839221,43.7122749],[-7.5755674,43.7093434],[-7.5733833,43.7119966],[-7.5611691,43.7101378],[-7.557012,43.715962],[-7.551695,43.716408],[-7.5507192,43.7200172],[-7.554383,43.722344],[-7.5492122,43.724819],[-7.554435033599756,43.72798303819689],[-7.541412,43.731635],[-7.5162938,43.7291905],[-7.5147395,43.718566],[-7.5098354,43.7265604],[-7.5030096,43.7219155],[-7.500543,43.7261524],[-7.490142,43.725328],[-7.4722349,43.7173138],[-7.4800752,43.7122161],[-7.4782397,43.7069491],[-7.4757515,43.707276],[-7.4778651,43.7061122],[-7.4717925,43.7060894],[-7.468885,43.7027543],[-7.4622439,43.7064752],[-7.4598087,43.7127742],[-7.4626462,43.7031525],[-7.4568853,43.6987918],[-7.44902,43.6999573],[-7.4423761,43.6964409],[-7.436759,43.701036],[-7.434391,43.6996421],[-7.4390589,43.6941524],[-7.4160026,43.6922999],[-7.4070322,43.6893438],[-7.4041893,43.6822464],[-7.401142,43.683735],[-7.3959397,43.6794031],[-7.3751666,43.6740448],[-7.3681562,43.6769848],[-7.3643862,43.6715723],[-7.360811574451176,43.6719963171335],[-7.349268016275215,43.65705028106473],[-7.3566953,43.6592954],[-7.3498693,43.6562497],[-7.3528634,43.6532064],[-7.3507063,43.6489788],[-7.341796,43.644674],[-7.3436156,43.6402716],[-7.335301,43.6386067],[-7.3374704,43.6313481],[-7.3323396,43.6309925],[-7.3318671,43.6267489],[-7.326360699011817,43.627391004016985],[-7.304107,43.598578],[-7.2723328,43.5871449],[-7.258953264681865,43.57895409930433],[-7.271067,43.56863],[-7.271067,43.561143],[-7.262852778047056,43.55838810284269],[-7.2638137,43.5565012],[-7.2515566,43.5561662],[-7.2630893,43.5500907],[-7.265145,43.543823],[-7.2564705,43.5468916],[-7.260719,43.550556],[-7.2551715,43.5468231],[-7.2422504,43.55143],[-7.243945888678773,43.56343117300028],[-7.233343622857087,43.567586764181485],[-7.2030459,43.5616578],[-7.2020213,43.5624916],[-7.195705,43.5609916],[-7.188034,43.5610123],[-7.185664910676058,43.56247321575483],[-7.176464575055225,43.56144675107609],[-7.1748398,43.5561221],[-7.1613303,43.5538878],[-7.1473257,43.5538945],[-7.1277295,43.5566815],[-7.124307,43.5536184],[-7.1160458,43.5575294],[-7.1175264993606255,43.56037500506557],[-7.107192335694,43.56066397680349],[-7.1054601,43.5566603],[-7.1031259,43.5592934],[-7.0891355,43.5547064],[-7.0825095,43.5572655],[-7.0717653,43.5530662],[-7.0702189,43.5560956],[-7.0662631,43.5539179],[-7.0656248,43.5590407],[-7.0558803,43.5588701],[-7.0470792,43.5527631],[-7.0419016,43.5555434],[-7.0340983,43.5502257],[-7.037317,43.5434991],[-7.0352781,43.5361578],[-7.0402722,43.5304009],[-7.048481,43.5281191],[-7.0451231,43.5275333],[-7.0452334,43.5240404],[-7.0526145,43.5185977],[-7.049236,43.5184705],[-7.0555132,43.4955223],[-7.0638312,43.4942985],[-7.0542629,43.4928153],[-7.0550039,43.4855279],[-7.0506877,43.4841416],[-7.0534967,43.4844456],[-7.0509666,43.4830802],[-7.0526279,43.481019],[-7.0503781,43.4820981],[-7.0481039,43.478567],[-7.0557394,43.4716734],[-7.0461728,43.4770398],[-7.045967828639879,43.481844679136906],[-7.044586,43.479193],[-7.038319,43.479193],[-7.024152748644915,43.524875741870325],[-7.0052783,43.5269278],[-7.008138,43.528086],[-7.0069277,43.5319054],[-7.013657150579781,43.53140870567014],[-7.010365,43.53323],[-7.001817168733548,43.555509306204605],[-7.0008181,43.5541545],[-6.9945042,43.5532802],[-6.9810878,43.5592861],[-6.9757045,43.554462],[-6.970995745075221,43.56159707387378],[-6.9640602,43.5599067],[-6.943959,43.565985],[-6.88645900337236,43.56753656486381],[-6.8765535,43.5637948],[-6.876664,43.5614867],[-6.869490125009326,43.567994448637556],[-6.854936758862533,43.56838715286169],[-6.8532586,43.564523],[-6.8498983,43.5651895],[-6.8518411,43.5625691],[-6.8437756,43.5658467],[-6.8386882,43.56328],[-6.8408084,43.5657557],[-6.838267822503515,43.56686666368378],[-6.8282505,43.5638274],[-6.826062,43.5638631],[-6.8249277,43.5649512],[-6.8169914,43.5585771],[-6.8178468,43.5562769],[-6.8110342,43.5543371],[-6.803023,43.5593183],[-6.7994029,43.555279],[-6.7946914,43.5577509],[-6.7844931,43.5560467],[-6.780693,43.5596789],[-6.7825471,43.5649678],[-6.767818907909734,43.567982915397636],[-6.7584999,43.5611154],[-6.750336182749657,43.5642171179725],[-6.729226612491434,43.55972462053488],[-6.7233646,43.5552975],[-6.716312394379981,43.558629958812176],[-6.703725,43.557563],[-6.6909206,43.562559],[-6.688292,43.5587391],[-6.6736262,43.5598109],[-6.6651947,43.5661597],[-6.6567455,43.5674953],[-6.6470512,43.5679321],[-6.645687,43.5641747],[-6.6444556,43.5685487],[-6.6319725,43.5669923],[-6.6327729,43.5697743],[-6.628725,43.5687134],[-6.6249189,43.571946],[-6.620136,43.565314],[-6.616238,43.565746],[-6.6154057,43.5611986],[-6.6102639,43.5604717],[-6.6026479,43.5651681],[-6.6040604,43.556437],[-6.5969107,43.5530921],[-6.5718006,43.5574677],[-6.554677,43.5535787],[-6.5577515,43.5500183],[-6.5423451,43.5548035],[-6.5396034,43.5524573],[-6.5419372,43.5494273],[-6.5400418,43.5487475],[-6.5389565,43.5497719],[-6.5373518,43.5494851],[-6.5399228,43.5479196],[-6.5330572,43.5452101],[-6.5359846,43.5487298],[-6.5319813,43.5507299],[-6.5310796,43.5478565],[-6.5231734,43.5508658],[-6.5128069,43.5470991],[-6.501426,43.5516166],[-6.4884432,43.5486419],[-6.4818166,43.5532972],[-6.4739564,43.5500509],[-6.4712617,43.5518747],[-6.473800747653743,43.555027809516695],[-6.462961,43.554958],[-6.466869395024823,43.569069062357414],[-6.4602911,43.5691074],[-6.460644,43.56496],[-6.451276,43.561159],[-6.4455792,43.5626401],[-6.4383085,43.5554354],[-6.4289609,43.5525534],[-6.4207399,43.5535943],[-6.4162752,43.5583945],[-6.4042541,43.5560117],[-6.3962503,43.5596635],[-6.3756719,43.5551963],[-6.3681815,43.5576697],[-6.372389,43.553809],[-6.3701898,43.5508622],[-6.3620227,43.5535014],[-6.3539689,43.5509852],[-6.338456,43.5583633],[-6.320342,43.561627],[-6.3193868,43.564395],[-6.3032171,43.5630916],[-6.2953123,43.5665664],[-6.2973293,43.5684399],[-6.2947866,43.5705076],[-6.2937946,43.5693907],[-6.2842795,43.5700481],[-6.2669545,43.5781287],[-6.2562308,43.5775854],[-6.2458875,43.583515],[-6.2455267,43.5872346],[-6.236802,43.5931564],[-6.2309941,43.5878614],[-6.2267533,43.5887871],[-6.2251836,43.5828634],[-6.2235274,43.5819081],[-6.2217409,43.5826453],[-6.2193557,43.5779196],[-6.2109933,43.5812223],[-6.20916,43.585139],[-6.2032606,43.5727181],[-6.19515,43.575173],[-6.193775442425869,43.58007887768684],[-6.18832218180192,43.577904867004584],[-6.1919541,43.5676907],[-6.1860392,43.5629173],[-6.169519,43.5695057],[-6.1581989,43.5661454],[-6.1510893,43.5696815],[-6.1473866,43.5673047],[-6.1476875,43.5658584],[-6.1464881,43.5659243],[-6.1476138,43.565495],[-6.1482569,43.5658497],[-6.1509177,43.5693558],[-6.1525452,43.5674733],[-6.1472921,43.5636377],[-6.1356974,43.5646725],[-6.1330342,43.5583996],[-6.1237275,43.5612761],[-6.1229733,43.5560662],[-6.1136472,43.5547655],[-6.1033994,43.5599698],[-6.092121,43.5580077],[-6.0893353,43.5625061],[-6.0841905,43.5627002],[-6.0817392,43.5661236],[-6.078251,43.5647526],[-6.0791007,43.5677751],[-6.0773154,43.5703621],[-6.0776502,43.5646519],[-6.0757304,43.5667685],[-6.0757106,43.5645243],[-6.0641935,43.565256],[-6.035217,43.5796287],[-6.0367957432068104,43.58393694853935],[-6.028197,43.5861077],[-6.0166664,43.5876579],[-6.0175036,43.5825765],[-6.0064952,43.5776424],[-5.9981815,43.5783921],[-5.9989063,43.5742705],[-5.9959795,43.5721189],[-5.9915785,43.5794728],[-5.989414,43.577201],[-5.9852807,43.5801003],[-5.9805841,43.5769604],[-5.9742942,43.5819308],[-5.9636528,43.577494],[-5.9519873,43.5807176],[-5.9415336896579865,43.588446],[-5.907379,43.588446],[-5.90217,43.59752],[-5.913075,43.61286],[-5.900624,43.623236],[-5.9004034,43.6279286],[-5.8984392,43.6239752],[-5.8959888,43.6267414],[-5.8857416,43.6230082],[-5.8777213,43.6252859],[-5.87679,43.6298422],[-5.8668374,43.6307743],[-5.8670795,43.6354428],[-5.8587442,43.6364765],[-5.857596,43.6405464],[-5.8594606,43.6443816],[-5.8615519,43.6456085],[-5.857318118827708,43.655977694962466],[-5.8419386,43.6592512],[-5.8409601,43.6532905],[-5.8354804,43.6517377],[-5.8356375,43.6435727],[-5.8301658,43.639776],[-5.8252131,43.6395334],[-5.821487,43.6445238],[-5.8133741,43.6393352],[-5.8112162,43.6423584],[-5.8107802,43.632175],[-5.8049285,43.6355496],[-5.7967864,43.6362686],[-5.7953135,43.6338918],[-5.7945376,43.6362688],[-5.7943499,43.629547],[-5.7860028,43.6287937],[-5.7833743,43.6314807],[-5.7808535,43.6198037],[-5.7824053,43.6225649],[-5.7855306,43.6211163],[-5.7828425,43.6192539],[-5.7867117,43.6196629],[-5.7859177,43.6170682],[-5.7909848,43.6136765],[-5.7854098,43.6127855],[-5.7842433,43.6091314],[-5.7777745,43.6099514],[-5.7756602,43.605787],[-5.7709953,43.608121],[-5.7676376,43.6046851],[-5.7715725,43.6005118],[-5.7673587,43.5989173],[-5.7662081,43.5933402],[-5.7599083,43.594968],[-5.761504,43.5917805],[-5.7576758,43.5891111],[-5.7627779,43.5891572],[-5.7586408,43.588338],[-5.7610508,43.5876356],[-5.7554507,43.5848244],[-5.7560255,43.5817276],[-5.7556138,43.5831754],[-5.7516813,43.5823791],[-5.7484211,43.5849089],[-5.7435034,43.5820984],[-5.7443696,43.5781394],[-5.7389243,43.5789029],[-5.7353574,43.5731144],[-5.7115861,43.5684187],[-5.710489128566556,43.57047545348548],[-5.701975,43.56863],[-5.6979248,43.5751253],[-5.6994825,43.5725204],[-5.6959499,43.5725934],[-5.6947797590089095,43.58170938637681],[-5.690285673337371,43.57917289093635],[-5.6930104,43.5784869],[-5.6890136,43.5702335],[-5.682089088140352,43.56799330543202],[-5.6930567,43.5651336],[-5.691622,43.5610572],[-5.6961225,43.566789],[-5.7013775,43.5678019],[-5.697056,43.5645554],[-5.7009553,43.5630265],[-5.6964074,43.5622466],[-5.6990034,43.558615],[-5.6926638,43.5552258],[-5.6984493,43.5578551],[-5.6955947,43.5501306],[-5.6878738,43.557461],[-5.6861691,43.5561126],[-5.6843084,43.560697],[-5.6803181,43.5561192],[-5.6946152,43.5459506],[-5.6890595,43.5433972],[-5.6793636,43.5454803],[-5.6812855,43.5429064],[-5.6791794,43.541235],[-5.6758943,43.5424767],[-5.6786995,43.5444675],[-5.6766844,43.545194],[-5.6667654,43.5431605],[-5.6675977,43.5455562],[-5.6663135,43.5434335],[-5.6644449,43.5454461],[-5.6703398,43.5465475],[-5.6645727,43.5497673],[-5.6595907,43.5476688],[-5.6598323,43.5431549],[-5.6478128,43.5418101],[-5.6381064,43.5488823],[-5.6387542,43.5518234],[-5.6286987,43.5500062],[-5.6219454630105465,43.55507024431551],[-5.613795732791973,43.55532055260151],[-5.6096956,43.5498931],[-5.5972861,43.5476364],[-5.547076,43.5498084],[-5.5293508,43.5448572],[-5.5177802,43.5516545],[-5.5076777,43.5483064],[-5.4993739,43.5496068],[-5.4943104,43.543924],[-5.4724719,43.5513493],[-5.4403274,43.5525685],[-5.4320421,43.549694],[-5.4131781,43.5548553],[-5.399946,43.551631],[-5.3968169,43.5478676],[-5.3991716,43.5439629],[-5.390801275116163,43.541245979006234],[-5.403554,43.525417],[-5.420806,43.513373],[-5.41393,43.506537],[-5.372426,43.520209],[-5.362616911804024,43.5324599064105],[-5.3537872,43.5305789],[-5.3467204,43.5348121],[-5.3086915,43.5321753],[-5.2956376,43.5350492],[-5.2654682,43.5185148],[-5.2668374,43.5185988],[-5.264278,43.5170805],[-5.2643126,43.5152188],[-5.2652438,43.5170327],[-5.2680613,43.515673],[-5.2658911,43.5153096],[-5.270902,43.5088448],[-5.2623908,43.5012564],[-5.2498618,43.5005809],[-5.2431822,43.4937557],[-5.2242514,43.4843992],[-5.2246948,43.4794358],[-5.2158971,43.4744064],[-5.1953528,43.4753143],[-5.1907936,43.4786502],[-5.1897185,43.4761632],[-5.175023,43.4746282],[-5.1230517,43.4846762],[-5.1147637,43.4763541],[-5.0864297,43.476143],[-5.0746859,43.4712762],[-5.0758196,43.4681004],[-5.0732245,43.4666425],[-5.057467065445121,43.46912942502507],[-5.0552508,43.4641797],[-5.0364727,43.4604604],[-5.0225154,43.4615293],[-5.0085975,43.4583022],[-4.9920529,43.4589119],[-4.9890418,43.4616174],[-4.9812937,43.4572926],[-4.9552693,43.461439],[-4.9554957,43.4593531],[-4.9364363,43.4596477],[-4.9365563,43.4568533],[-4.9262364,43.4623839],[-4.9287823,43.4595665],[-4.9248821,43.457536],[-4.9162364,43.4572961],[-4.9163214,43.4550004],[-4.9096927,43.4521631],[-4.9045382,43.4538354],[-4.9047038,43.4518056],[-4.8967804,43.4507437],[-4.8999294,43.4493591],[-4.8970977,43.4484544],[-4.8841359,43.4483598],[-4.8745384,43.4416227],[-4.8628765,43.4437888],[-4.8631077,43.4458974],[-4.8606404,43.4443351],[-4.8543486,43.4462072],[-4.8552133,43.4445906],[-4.8550521,43.4441339],[-4.8512409,43.4430615],[-4.8390042,43.4464529],[-4.8393434,43.4414284],[-4.8347159,43.440198],[-4.8369613,43.43335],[-4.8320749,43.4335255],[-4.8356473,43.4351952],[-4.8329609,43.4398208],[-4.8228252,43.4356285],[-4.8129255,43.4395574],[-4.8153102,43.4360438],[-4.8130098,43.4351426],[-4.8078811,43.4345742],[-4.8080957,43.4315338],[-4.7866657,43.4320613],[-4.7855465,43.4263071],[-4.7856148,43.431719],[-4.751453770513519,43.420853594915286],[-4.7541125,43.4195532],[-4.747196908163217,43.41988635769731],[-4.7483343,43.4196394],[-4.7482538,43.4189234],[-4.7443921,43.4168432],[-4.7422083,43.4182952],[-4.7402535,43.415119],[-4.7357828,43.415919],[-4.7362809525999126,43.417406052340496],[-4.7200972,43.4150951],[-4.716947029159208,43.415939495534076],[-4.707128,43.4102495],[-4.6982196,43.4124932],[-4.695952,43.4089351],[-4.698521,43.4065704],[-4.6765888,43.4084001],[-4.656353,43.4011534],[-4.6420083,43.4026864],[-4.627041,43.3976173],[-4.6181702,43.3985602],[-4.6179708,43.3966318],[-4.6177472,43.3962751],[-4.6166456,43.3960217],[-4.5818728,43.399376],[-4.5779405,43.3981065],[-4.5761752,43.3932135],[-4.5665305,43.3918049],[-4.5575827,43.3933386],[-4.5572286,43.3977337],[-4.5488032,43.3956929],[-4.5461671,43.3995768],[-4.533402,43.3995768],[-4.5117378,43.3931703],[-4.5111964,43.3935063],[-4.5097964,43.3931653],[-4.5090297,43.3932215],[-4.5061969,43.3948571],[-4.5011759,43.3951338],[-4.499065098160195,43.39597766459051],[-4.481679,43.383612],[-4.4694699,43.3912985],[-4.4593623,43.3911489],[-4.4592558,43.3939599],[-4.4537126,43.3921655],[-4.4536289,43.3949566],[-4.4504185,43.3938338],[-4.4480412,43.3964153],[-4.4456998,43.3951407],[-4.4435101,43.397763],[-4.4394329,43.3958896],[-4.4413909,43.3937053],[-4.4391409,43.3937374],[-4.4364538,43.3971924],[-4.4316474,43.3935257],[-4.4312289,43.3970127],[-4.404897,43.396999],[-4.385569,43.383612],[-4.379262,43.383612],[-4.371226803363902,43.39323617246164],[-4.357919040975082,43.39956375120945],[-4.338063560113534,43.39789764649731],[-4.3275701,43.39125],[-4.3159441,43.392404],[-4.3129545,43.389895],[-4.308266,43.39283],[-4.2960508,43.390585],[-4.2927054,43.3941433],[-4.2809663,43.3872232],[-4.2727286,43.3896809],[-4.2717319,43.3933],[-4.264784,43.391284],[-4.2616372,43.3957251],[-4.2486132,43.395665],[-4.2332131,43.4003254],[-4.2204065,43.3950608],[-4.2092496,43.4010498],[-4.2002573,43.398954],[-4.1806911,43.4054579],[-4.1753763,43.4008586],[-4.1517031,43.4118717],[-4.1371011,43.4136057],[-4.1346779,43.4113914],[-4.1331311,43.4145164],[-4.1113698,43.4189103],[-4.1007161,43.425729],[-4.098357,43.4242273],[-4.0938375,43.4276311],[-4.093048,43.4328239],[-4.083060019719007,43.43724654483202],[-4.0774146,43.4307706],[-4.0584401,43.433062],[-4.04745998555925,43.438259],[-4.0341293,43.4350588],[-4.035829639010707,43.438259],[-4.0340904,43.435142],[-4.023427,43.440945],[-4.0211755,43.4489751],[-4.0141558,43.4479311],[-4.0010672,43.4396258],[-3.9912663186869177,43.443339859226555],[-3.981435,43.438259],[-3.976471,43.442939],[-3.961008,43.445095],[-3.9688804619952074,43.448968447471046],[-3.9576174,43.4553998],[-3.945448,43.4711722],[-3.9431474,43.4693729],[-3.9362927,43.4700472],[-3.9332714,43.4678536],[-3.9304315,43.4695219],[-3.9323586,43.471194],[-3.920771,43.4731585],[-3.9174318,43.4742516],[-3.9146828,43.4758131],[-3.9107875,43.472732],[-3.8926371,43.4771432],[-3.891043,43.4752761],[-3.8926999,43.4745107],[-3.8911438,43.4720698],[-3.8803372,43.4772418],[-3.8620901,43.4756524],[-3.8425586,43.4839326],[-3.8376851,43.4798349],[-3.840229,43.476994],[-3.8260101,43.490391],[-3.8198338,43.4904907],[-3.8117532170239485,43.494861405781826],[-3.796561310121974,43.492516612533734],[-3.7865899347147796,43.487669192565754],[-3.7873126,43.4855471],[-3.780920798311278,43.484913235249806],[-3.788262,43.4801723],[-3.7831643132030286,43.474580013065115],[-3.812652,43.464871],[-3.830963,43.456],[-3.844309,43.445095],[-3.823842,43.430772],[-3.831532,43.429063],[-3.831288,43.424587],[-3.80435175649095,43.42794359971155],[-3.8057767,43.4218277],[-3.8099241,43.4214601],[-3.817231,43.4138582],[-3.8271199,43.4129182],[-3.828943,43.4081181],[-3.8214488,43.4122138],[-3.8134427,43.3971961],[-3.8072202,43.3946906],[-3.7992619,43.3984922],[-3.7885223,43.3986424],[-3.7973163,43.4011135],[-3.8081479,43.3964968],[-3.8138332,43.4044745],[-3.8039628,43.4132025],[-3.8071057,43.4174616],[-3.7992469,43.4142382],[-3.7918534,43.4181837],[-3.7924363,43.4198026],[-3.7792528,43.4208104],[-3.7794024,43.4242095],[-3.7912014,43.4323186],[-3.784592,43.4316915],[-3.7735379,43.4396034],[-3.770592,43.445582],[-3.7761053,43.4494087],[-3.7611709719087627,43.44783373166588],[-3.75414,43.440497],[-3.744985,43.438259],[-3.740712,43.442328],[-3.7465843070933578,43.457035983120605],[-3.7276191,43.4626506],[-3.7269815,43.4701478],[-3.721425,43.471747],[-3.723209336835807,43.473531336835805],[-3.7056887,43.4795939],[-3.6947365,43.4800412],[-3.6959799,43.4773504],[-3.6904391,43.4748575],[-3.6789841,43.4810246],[-3.6757002,43.4792882],[-3.6701626,43.4793002],[-3.676731,43.4819616],[-3.6448267,43.4987021],[-3.6302247,43.4966041],[-3.6223557,43.4999223],[-3.6183584,43.4976795],[-3.6160084,43.5009245],[-3.6135696,43.4957769],[-3.6034191,43.5088766],[-3.5894112,43.5137067],[-3.5802733,43.5122568],[-3.5829773,43.5101297],[-3.5812078,43.5051124],[-3.586572,43.502162],[-3.5871175,43.4940211],[-3.594759,43.483883],[-3.593854,43.482175],[-3.588745,43.482398],[-3.589567,43.480159],[-3.589015,43.478905],[-3.58372,43.478002],[-3.587626,43.475607],[-3.5869012,43.4714559],[-3.587556,43.475464],[-3.583495,43.47797],[-3.588947,43.479051],[-3.588043,43.481147],[-3.588798,43.482553],[-3.59441,43.483615],[-3.5854856,43.4926321],[-3.5856291,43.5010428],[-3.5641093,43.5097715],[-3.555348506842673,43.50793804559535],[-3.556264,43.499701],[-3.541074705990275,43.49905502258802],[-3.5412444,43.4943271],[-3.5389039,43.4926408],[-3.5346557,43.4939401],[-3.5318947,43.4918369],[-3.5281776767122337,43.49303784541558],[-3.5142426325888017,43.483016926348995],[-3.5148689,43.4784392],[-3.4987471,43.4718289],[-3.4765568,43.4695322],[-3.4733601,43.4662992],[-3.4477687,43.4668925],[-3.4330429,43.4634189],[-3.427517112711688,43.457579633783524],[-3.428619,43.446845],[-3.447011,43.445095],[-3.470041,43.454169],[-3.477773,43.443061],[-3.501698,43.430772],[-3.481801,43.428046],[-3.470448,43.416775],[-3.46109,43.412462],[-3.4471990509923476,43.43052743620499],[-3.4426255,43.4227214],[-3.4282159,43.4125749],[-3.4200265,43.4128856],[-3.4181914,43.4146035],[-3.4202548,43.4152389],[-3.4182996,43.4181188],[-3.4199554,43.4152077],[-3.414114,43.413297],[-3.4181021,43.4184979],[-3.4141131440328314,43.41985367649508],[-3.410729,43.4157239],[-3.3716869,43.4168569],[-3.3706573,43.4130483],[-3.3656929,43.4118429],[-3.347537422439697,43.41475151303655],[-3.324777614839599,43.40978445305636],[-3.3261094,43.4032435],[-3.3170079,43.3981972],[-3.3114511085089844,43.40843227775911],[-3.263912417807357,43.40273391832745],[-3.2213451,43.3911553],[-3.2261972,43.3890969],[-3.2243304,43.3852764],[-3.2224206,43.3848866],[-3.2173881,43.3864178],[-3.2088965,43.3811482],[-3.2174778,43.3837616],[-3.2138213,43.3771156],[-3.2113874,43.3790555],[-3.2129094,43.3750279],[-3.1983816,43.3734096],[-3.1965987,43.3712042],[-3.1948568,43.3709189],[-3.1954094,43.3677744],[-3.1941747,43.3632375],[-3.1858502,43.3657328],[-3.1821516,43.3590586],[-3.180201,43.3589841],[-3.1798818,43.3577185],[-3.1785863,43.357819],[-3.1778654,43.3569972],[-3.1753103,43.3565889],[-3.171191,43.358735],[-3.1692587,43.3549588],[-3.1614565,43.3508901],[-3.1571261,43.3532437],[-3.1444784,43.3511858],[-3.1311944,43.3527904],[-3.1294953,43.3549837],[-3.1195363,43.3478001],[-3.1124178,43.3505605],[-3.113488266599798,43.354170480921255],[-3.0956243419043106,43.36346051045045],[-3.089605,43.3646203],[-3.0927445,43.3625088],[-3.0884497,43.3605366],[-3.0823306412432836,43.36359540014345],[-3.0861693,43.3604668],[-3.0802168,43.3582887],[-3.0812006,43.3518493],[-3.0751229,43.3551054],[-3.073404863904924,43.359499472942694],[-3.069527372041485,43.357720140589656],[-3.0707402,43.3544851],[-3.0557329489065492,43.351021117584644],[-3.0575448,43.3466317],[-3.0451785226295245,43.34433938802541],[-3.0345320398286812,43.33759937990322],[-3.0437506,43.3391452],[-3.0291118387175158,43.33416799320053],[-3.0281898,43.3313748],[-3.03098,43.3301602],[-3.0230138,43.3275988],[-3.0265385,43.3322178],[-3.0102216,43.3150753],[-3.0066253,43.3143925],[-3.0053964,43.31744],[-3.0095373,43.3187397],[-3.0044836,43.3172447],[-2.9888202,43.3115218],[-2.9879579,43.3114601],[-2.9806756,43.3074133],[-2.9824476,43.3033237],[-2.9714702,43.2883652],[-2.9719699,43.2830165],[-2.9769499,43.2799175],[-2.9776258,43.2735788],[-2.9735303,43.266721],[-2.976245,43.2646888],[-2.9761747,43.263597],[-2.9709341,43.2593274],[-2.9757298,43.2635008],[-2.9731807,43.2666883],[-2.9771775,43.2735656],[-2.976566,43.2789912],[-2.9712532,43.2827825],[-2.9706883,43.2876447],[-2.9683827,43.2849916],[-2.969615,43.275858],[-2.9592962,43.2653521],[-2.9492105,43.2657728],[-2.9339092,43.2694209],[-2.9244776,43.2636013],[-2.9274294,43.2578504],[-2.9227487,43.254069],[-2.9205728,43.2462912],[-2.9221721,43.2542484],[-2.9268767,43.2578507],[-2.9234945,43.2632937],[-2.9304883,43.2690268],[-2.9391344,43.2700363],[-2.9499203,43.2668124],[-2.9616471,43.2728716],[-2.971792,43.2924144],[-2.967737,43.2938648],[-2.9637458,43.2962409],[-2.9628295,43.2981924],[-2.9562205,43.2982424],[-2.9515547,43.3010384],[-2.96296,43.2985929],[-2.9719763,43.2928189],[-2.9820317,43.3103703],[-2.9774948,43.3089189],[-2.9796322,43.3111986],[-3.01392,43.321492],[-3.0183166,43.3254051],[-3.0208346,43.3288751],[-3.008168,43.320909],[-3.0109073,43.3381065],[-3.014471027743374,43.34128099598175],[-3.0126101,43.3478638],[-3.0193255214786014,43.35117324151315],[-3.0193528,43.3584161],[-3.029286,43.376166],[-3.013338,43.3827877],[-3.0058318,43.3822636],[-3.0035252,43.3862818],[-2.990662,43.3915022],[-2.9905718,43.3952772],[-2.985012,43.3957015],[-2.984625,43.3992646],[-2.9587180978535637,43.412592162003634],[-2.952731,43.4109215],[-2.9497666,43.4133392],[-2.9505063,43.410993],[-2.9469901,43.4087375],[-2.9522432,43.4043876],[-2.9460608,43.4018428],[-2.9406129,43.3930116],[-2.9449309,43.4025156],[-2.9513546,43.404885],[-2.945315,43.4073282],[-2.9492998,43.4114762],[-2.939931,43.4171],[-2.939931,43.424587],[-2.946685,43.424587],[-2.946685,43.43041202542989],[-2.9186867,43.4386068],[-2.9022018,43.4368566],[-2.9029544,43.4335825],[-2.8993319,43.4317021],[-2.8977869,43.433415],[-2.8999789,43.4324864],[-2.9006052,43.4338901],[-2.8965514,43.4345464],[-2.8940386,43.4319027],[-2.8920963,43.4350594],[-2.8804903,43.436331],[-2.8703669,43.4351139],[-2.8657238,43.4303745],[-2.8504396,43.4300777],[-2.8473153,43.4328593],[-2.828512,43.4313102],[-2.8233045,43.4344204],[-2.8077662,43.429894],[-2.784664,43.4443977],[-2.7842083,43.4451629],[-2.7846914,43.4461154],[-2.7869593,43.4466665],[-2.7860957334436542,43.447821799574605],[-2.7766871,43.4447657],[-2.7682351,43.4491567],[-2.755849,43.450263],[-2.747977830284446,43.44594448828659],[-2.7387009,43.4294127],[-2.7208686,43.4265377],[-2.719366,43.4207311],[-2.712950811270125,43.4216982932027],[-2.7235629,43.418403],[-2.7133011,43.4183792],[-2.7127455,43.4207059],[-2.706532,43.413682],[-2.694936,43.388617],[-2.691029,43.36754],[-2.67927,43.389838],[-2.677805,43.406195],[-2.672963,43.410346],[-2.6649811114225845,43.41142323932072],[-2.649322,43.409532],[-2.637021504103474,43.405811250639964],[-2.6380004,43.4028554],[-2.627921,43.3949925],[-2.6174203,43.3912907],[-2.6015301,43.3945575],[-2.5906245,43.3876083],[-2.5850157,43.3890114],[-2.5837274,43.382234],[-2.5742567,43.3892786],[-2.558497230828161,43.386634192148605],[-2.5517567,43.3751524],[-2.5437418,43.3727015],[-2.5334895,43.3772833],[-2.5285273,43.3748362],[-2.5099228,43.3774101],[-2.5030456,43.3671072],[-2.4988121,43.366733],[-2.5025946,43.3642348],[-2.4990207,43.3604569],[-2.4972788,43.3635244],[-2.4875609,43.3632906],[-2.4836515,43.356575],[-2.4721456,43.3508465],[-2.4599561,43.3354464],[-2.4324992,43.3339638],[-2.4154431,43.3257732],[-2.4225277,43.3253587],[-2.4200249,43.320141],[-2.4303074,43.3210134],[-2.4344604,43.3187121],[-2.4205648,43.3195276],[-2.4191862,43.3205583],[-2.4201925,43.3220777],[-2.4194571,43.3239093],[-2.4182996,43.3248387],[-2.4146684,43.3214155],[-2.4103619,43.3220455],[-2.4114691,43.324256],[-2.4003637,43.3216421],[-2.3804921,43.3112765],[-2.3777091,43.3128133],[-2.3754285,43.3116246],[-2.3784092,43.3121972],[-2.3835192,43.3066694],[-2.3709469,43.3096132],[-2.3671978,43.3056898],[-2.3558633,43.3030228],[-2.3573154,43.3010695],[-2.3538747,43.3016331],[-2.3525467,43.2982005],[-2.3429115,43.30341],[-2.3237209,43.296602],[-2.3104128,43.2989805],[-2.2850178,43.2947774],[-2.2676963,43.2993545],[-2.2696053,43.3004281],[-2.2620845,43.2992453],[-2.2640899,43.3003694],[-2.261209,43.3000636],[-2.2605114,43.3038166],[-2.2514836,43.3026209],[-2.2461415,43.3060265],[-2.2565454,43.2962797],[-2.2452897,43.2916084],[-2.2455584,43.2874047],[-2.255154,43.2819071],[-2.2551104,43.2798305],[-2.251834,43.2786829],[-2.2546918,43.2819179],[-2.2438036,43.2881887],[-2.2440404,43.2921485],[-2.2527609,43.2948649],[-2.2546321,43.2968516],[-2.248832,43.2973717],[-2.2530214,43.2992499],[-2.2470955,43.3045443],[-2.2454287,43.3022243],[-2.2391822,43.3046168],[-2.23931937848076,43.30760267330533],[-2.223828608064017,43.31075031360629],[-2.2065602,43.3039244],[-2.200865,43.3116906],[-2.1965264,43.3055931],[-2.1981643,43.3038809],[-2.2014604,43.3067119],[-2.2027555,43.3049377],[-2.1990696,43.3039581],[-2.2020341,43.3010407],[-2.1924291,43.2999092],[-2.1899135,43.2923822],[-2.1838066,43.2946528],[-2.1781749,43.287581],[-2.1541768,43.290489],[-2.149086,43.2943131],[-2.136284909695402,43.29183987922156],[-2.1300015,43.2877317],[-2.1335839,43.2776151],[-2.1307787,43.2745363],[-2.125936,43.2748132],[-2.1319459,43.2781584],[-2.1274631,43.2830026],[-2.128863093174571,43.287747688873075],[-2.0998286715854695,43.30358851320053],[-2.0135307,43.3210629],[-2.0095762,43.324254],[-2.0039578,43.3177389],[-1.9901319,43.3155348],[-1.9858152,43.3199059],[-1.9899419,43.3225013],[-1.9882012,43.3235144],[-1.9932649,43.3234527],[-1.9918225,43.3266969],[-1.9795947,43.3237739],[-1.9813184,43.3266177],[-1.9803924,43.3287582],[-1.9785308,43.3258416],[-1.9716174,43.3281015],[-1.973042,43.3355579],[-1.9680812,43.3338066],[-1.9624056,43.3381459],[-1.9475136,43.3317682],[-1.9336429689950079,43.33555392840967],[-1.9248207417222845,43.3247821612606],[-1.9318446,43.3220505],[-1.9232304,43.3231957],[-1.9135953,43.3190115],[-1.9038395,43.3224274],[-1.9054874,43.3190953],[-1.9018725,43.3227519],[-1.9102729,43.3232508],[-1.9103807,43.3206825],[-1.915481304177405,43.322692585995505],[-1.904652,43.328437],[-1.9167232152002114,43.336789804993266],[-1.8832066,43.349529],[-1.8755689956906458,43.362229673543084],[-1.8488625,43.3797179],[-1.8453263,43.3760766],[-1.8339321,43.3836118],[-1.8222821,43.385578],[-1.8220852,43.3831835],[-1.8019468554082516,43.39016839492053],[-1.794075,43.386015],[-1.7963573,43.3830586],[-1.7971077908738107,43.35028874998835],[-1.7993063,43.3506436],[-1.796914,43.341128],[-1.768234,43.330922],[-1.75578,43.318546],[-1.752421,43.299089],[-1.747356,43.291002],[-1.683019,43.304929],[-1.654907,43.297539],[-1.645037,43.292372],[-1.647983,43.281545],[-1.639043,43.255681],[-1.621886,43.247],[-1.598477,43.247],[-1.587573,43.251599],[-1.573982,43.277437],[-1.559047,43.284077],[-1.539204,43.283561],[-1.508094,43.276765],[-1.466392,43.260771],[-1.432233,43.265009],[-1.403501,43.243331],[-1.399677,43.206744],[-1.410529,43.166901],[-1.425774,43.135275],[-1.487837,43.081816],[-1.47528,43.060138],[-1.457141,43.045074],[-1.435024,43.035721],[-1.410529,43.030915],[-1.383141,43.029209],[-1.366139,43.033318],[-1.357613,43.046831],[-1.355184,43.073031],[-1.348259,43.093081],[-1.331051,43.107344],[-1.308623,43.113571],[-1.286041,43.109179],[-1.30697,43.095975],[-1.315083,43.082875],[-1.310587,43.069491],[-1.293689,43.055203],[-1.274879,43.046831],[-1.216898,43.03926],[-1.182533,43.025282],[-1.149925,43.005722],[-1.112408,43.008254],[-1.079697,42.993398],[-1.028485,42.986705],[-1.01629,42.976241],[-0.98146,42.957043],[-0.943219,42.947896],[-0.863534,42.943065],[-0.786433,42.953271],[-0.759665,42.946501],[-0.740906,42.910896],[-0.745867,42.89392],[-0.740286,42.884799],[-0.730106,42.877513],[-0.700392,42.876428],[-0.648302,42.849789],[-0.609493,42.811445],[-0.610165,42.799094],[-0.582931,42.795839],[-0.577144,42.789792],[-0.578694,42.777338],[-0.56903,42.772636],[-0.535647,42.784211],[-0.53389,42.808008],[-0.508414,42.807492],[-0.454464,42.788914],[-0.423923,42.790671],[-0.399738,42.801316],[-0.351679,42.829247],[-0.342998,42.822736],[-0.335169,42.824958],[-0.322792,42.842502],[-0.307418,42.831831],[-0.247034,42.80483],[-0.235149,42.786227],[-0.208355,42.783875],[-0.161407,42.795348],[-0.163629,42.777984],[-0.157789,42.760699],[-0.145723,42.745893],[-0.123114,42.730364],[-0.119032,42.716851],[-0.095752,42.710676],[-0.078414,42.696671],[-0.038933,42.685148],[-0.00431,42.687525],[0.072843,42.70848],[0.134183,42.715223],[0.152941,42.724603],[0.169168,42.726463],[0.222394,42.716205],[0.238362,42.710366],[0.259808,42.682383],[0.275388,42.668689],[0.290245,42.670291],[0.318306,42.699539],[0.336031,42.712691],[0.354169,42.717497],[0.381816,42.700108],[0.3844,42.688584],[0.389283,42.685148],[0.409282,42.682254],[0.466927,42.690444],[0.483515,42.685303],[0.608159,42.68799],[0.643609,42.684476],[0.656735,42.68799],[0.665416,42.698661],[0.66645,42.714758],[0.659629,42.729899],[0.64764,42.741036],[0.63348,42.744782],[0.643299,42.759071],[0.65074,42.763386],[0.639681,42.774677],[0.653737,42.802686],[0.651567,42.824054],[0.656321,42.83842],[0.679369,42.845112],[0.724327,42.845293],[0.776314,42.832451],[0.812901,42.831624],[0.856102,42.812763],[0.885765,42.804236],[0.910363,42.787674],[0.921111,42.784366],[0.950257,42.796123],[0.982916,42.780361],[1.068182,42.776124],[1.08906,42.771318],[1.106733,42.759613],[1.134328,42.715973],[1.151485,42.706723],[1.162544,42.705689],[1.195927,42.713647],[1.319123,42.713363],[1.342584,42.70866],[1.338243,42.694449],[1.343308,42.690444],[1.361084,42.686724],[1.397981,42.643626],[1.414828,42.609338],[1.429297,42.595386],[1.419272,42.579263],[1.418032,42.569832],[1.426403,42.565646],[1.4263,42.561796],[1.409764,42.540609],[1.406456,42.52924],[1.428987,42.531462],[1.446557,42.519886],[1.449968,42.504073],[1.430227,42.493557],[1.407593,42.486762],[1.436429,42.453482],[1.436429,42.440951],[1.447901,42.434646],[1.51663,42.429504],[1.528206,42.434233],[1.544432,42.450356],[1.607478,42.456428],[1.639517,42.466427],[1.653986,42.496529],[1.674244,42.490508],[1.686336,42.490612],[1.697498,42.494462],[1.707006,42.502781],[1.711967,42.499293],[1.712174,42.493712],[1.730571,42.488054],[1.792686,42.481723],[1.813667,42.475238],[1.869787,42.44679],[1.911955,42.441958],[1.927458,42.436894],[1.941101,42.420099],[1.954227,42.382685],[1.963735,42.367234],[1.995671,42.348682],[2.00921,42.34708],[2.051688,42.352351],[2.103985,42.38483],[2.121038,42.410617],[2.136954,42.416223],[2.184187,42.411805],[2.245992,42.426119],[2.277411,42.428626],[2.317305,42.409609],[2.375493,42.389326],[2.422518,42.383693],[2.429856,42.367544],[2.445566,42.351964],[2.464893,42.340621],[2.514812,42.325661],[2.525251,42.325893],[2.531969,42.330776],[2.540341,42.346977],[2.548092,42.352248],[2.567419,42.352636],[2.635425,42.337882],[2.662194,42.339019],[2.66178,42.34336],[2.649378,42.353721],[2.640283,42.372841],[2.648241,42.381471],[2.690409,42.406172],[2.708082,42.41289],[2.728546,42.414027],[2.767717,42.409557],[2.788594,42.412012],[2.850813,42.448366],[2.900835,42.45126],[2.933702,42.470225],[2.966051,42.461001],[2.983104,42.469321],[3.029613,42.465652],[3.043876,42.445266],[3.053591,42.437643],[3.086147,42.427179],[3.111675,42.425008],[3.1605035,42.4280969]]],[[[3.2021456,42.340586],[3.201438,42.340844],[3.2018458916400867,42.3409698311645],[3.2021456,42.340586]]],[[[3.1999887,42.3409277],[3.200469715652048,42.341780864953485],[3.201031388733783,42.34144984926101],[3.1999887,42.3409277]]],[[[3.2056312,42.0507111],[3.206932789119738,42.051459225204724],[3.2058923234645986,42.05068407868729],[3.2056312,42.0507111]]],[[[2.3647535,41.4877483],[2.3661648407646276,41.487543743931916],[2.3656692437706246,41.487385121813595],[2.3647535,41.4877483]]],[[[0.8667532314233599,40.72978668168888],[0.8654662,40.7271502],[0.8639951559889534,40.73052209316043],[0.8667532314233599,40.72978668168888]]],[[[0.8629096,40.7296156],[0.8614049281240967,40.73121274986329],[0.8631708151702279,40.730741894869624],[0.8629096,40.7296156]]],[[[-0.2313726,39.1282569],[-0.23106476652936064,39.127922138113284],[-0.23100411037098847,39.12769768805],[-0.2313726,39.1282569]]],[[[-0.7571864413875075,37.866182052191824],[-0.7582855,37.8658243],[-0.7567961434651113,37.86695553176437],[-0.7571864413875075,37.866182052191824]]],[[[-5.4369191,36.1188259],[-5.434898225346233,36.1215531236701],[-5.436473790012489,36.11920206532439],[-5.4369191,36.1188259]]],[[[-5.9335929,36.184547],[-5.933686373921845,36.18388304271042],[-5.933926087373462,36.18388035585837],[-5.9335929,36.184547]]],[[[-5.9325963,36.1844531],[-5.932592733357492,36.183895300889375],[-5.9327465746555745,36.183893576543895],[-5.9325963,36.1844531]]],[[[-6.2093922,36.3948533],[-6.2066215,36.3969251],[-6.2051579,36.396486],[-6.206609808553305,36.39152923317334],[-6.2093922,36.3948533]]],[[[-6.265861808269091,36.48998893031551],[-6.2938187,36.5275417],[-6.303164569308572,36.52763883797707],[-6.3085932,36.5332279],[-6.299117063477652,36.53822252741724],[-6.289377,36.537299],[-6.2923111,36.532901],[-6.2899189,36.5307275],[-6.285292305527541,36.53428368520722],[-6.2846568,36.5301614],[-6.282551323861537,36.53226029701505],[-6.2829657,36.5294438],[-6.276328883101041,36.527666901401545],[-6.2819593,36.5274696],[-6.2746511,36.5247688],[-6.2686277,36.5093783],[-6.2614782,36.5090508],[-6.2600122,36.5077044],[-6.2632716,36.502821],[-6.2587317,36.4994614],[-6.2551881,36.5016405],[-6.2575894,36.5016231],[-6.25562,36.5029006],[-6.2571527,36.5070803],[-6.2564429,36.5078177],[-6.2542652,36.5006469],[-6.2622917,36.4961984],[-6.2621897,36.4913838],[-6.265861808269091,36.48998893031551]]],[[[-7.5409015,37.1560863],[-7.539964656504333,37.15607617303555],[-7.5405806402825695,37.15573283956262],[-7.5409015,37.1560863]]],[[[-7.862240790461277,36.99868033173501],[-7.8663218,36.99366],[-7.870406847129978,36.9920003158059],[-7.862240790461277,36.99868033173501]]],[[[-7.873829680306428,36.989200362160105],[-7.8736013,36.9853732],[-7.882516464404532,36.982094379615255],[-7.873829680306428,36.989200362160105]]],[[[-7.993126,37.0094403],[-7.989992149555479,37.01258364477841],[-7.989807576218164,37.01235101152063],[-7.993126,37.0094403]]],[[[-7.979868021161282,36.998798949103474],[-7.97827302186867,36.995688332971525],[-7.996679023747685,37.01021070736176],[-7.979868021161282,36.998798949103474]]],[[[-8.86544167992579,37.937999944779406],[-8.865738,37.9389863],[-8.858929412502079,37.934779491458926],[-8.86544167992579,37.937999944779406]]],[[[-8.8078586,38.4284847],[-8.8046293,38.4408933],[-8.80016,38.439114],[-8.798664409072773,38.42684299214655],[-8.8078586,38.4284847]]],[[[-8.787529543134148,38.542380844177465],[-8.7890666,38.5444562],[-8.786352119248722,38.54428626327167],[-8.787529543134148,38.542380844177465]]],[[[-8.8111519,38.4828004],[-8.812327,38.482856],[-8.812545946821514,38.482902022977676],[-8.8111519,38.4828004]]],[[[-8.9335094,38.4887598],[-8.933554632582858,38.48874125620281],[-8.933508044132656,38.4887790470824],[-8.9335094,38.4887598]]],[[[-9.036618129595077,38.86987581998403],[-9.0437535,38.8657392],[-9.048379621479604,38.86286596365392],[-9.041127,38.867621],[-9.036618129595077,38.86987581998403]]],[[[-9.0993203,38.7396444],[-9.098749811000275,38.740828936415944],[-9.098715202037477,38.74062403650775],[-9.0993203,38.7396444]]],[[[-8.7506483,42.2342088],[-8.752707585317886,42.23329740684793],[-8.75081761087801,42.23438327035151],[-8.7506483,42.2342088]]],[[[-8.8657563,42.4647353],[-8.866200575324777,42.46534978022105],[-8.865840715462934,42.46517482502823],[-8.8657563,42.4647353]]],[[[-8.825322,42.557231],[-8.826502297426607,42.55431617385004],[-8.825821306462158,42.557601697221905],[-8.825322,42.557231]]],[[[-8.7302707,42.6872125],[-8.7313515,42.6833754],[-8.727243,42.677158],[-8.737136494134193,42.670722083391304],[-8.7302707,42.6872125]]],[[[-8.7468192,42.6506272],[-8.74774211181277,42.65108115682053],[-8.747134951714548,42.652095117324215],[-8.7468192,42.6506272]]],[[[-8.921324,43.237459],[-8.9288452,43.2300369],[-8.9319932,43.2216862],[-8.9437296,43.2243861],[-8.9380383,43.2291521],[-8.938101984299403,43.23364956613364],[-8.921701275710461,43.24139836324576],[-8.921324,43.237459]]],[[[-8.2062672,43.3204886],[-8.206652036163925,43.32056307362824],[-8.206578972320916,43.32071458824875],[-8.2062672,43.3204886]]],[[[-8.2071536,43.3647023],[-8.207341608963322,43.36324388879263],[-8.207672845572997,43.36464530963223],[-8.2071536,43.3647023]]],[[[-8.2049005,43.35928],[-8.206166132972822,43.3582705962838],[-8.207208724925522,43.36268167297956],[-8.2049005,43.35928]]],[[[-8.253814081965936,43.48111139416887],[-8.2524527,43.4794608],[-8.2557498,43.4790059],[-8.253814081965936,43.48111139416887]]],[[[-7.0468099,43.4827503],[-7.047041232207103,43.48390450172456],[-7.046292976053388,43.4824686252529],[-7.0468099,43.4827503]]],[[[-5.680684310706515,43.56590544028543],[-5.6815031,43.5657594],[-5.6818646224299405,43.56765969092335],[-5.680684310706515,43.56590544028543]]],[[[-3.4199699,43.4185065],[-3.419917998281687,43.418583224279246],[-3.4198112420689575,43.41860658897734],[-3.4199699,43.4185065]]],[[[-2.1495468,43.2948899],[-2.150093,43.2959349],[-2.1484857,43.2945151],[-2.1495468,43.2948899]]],[[[-2.1499058,43.2961961],[-2.1509061,43.2973787],[-2.1506704,43.2973021],[-2.1499058,43.2961961]]],[[[-2.0012873,43.3205901],[-2.0010192,43.3219495],[-1.9969735,43.3221724],[-2.0012873,43.3205901]]],[[[0.1426321,38.6862473],[0.1424926,38.6863478],[0.1425677,38.686398],[0.1426321,38.6862473]]],[[[1.3854419094812298,38.64145432210177],[1.3877722,38.6660966],[1.3835903626875945,38.68055601134495],[1.393321,38.696275],[1.393728,38.70421],[1.3884613377793424,38.706724444009254],[1.3846336188550663,38.7139332771061],[1.399812238425059,38.72924945302529],[1.4052699641605382,38.726778979835274],[1.4070801,38.7220162],[1.41921,38.7224065],[1.4166869092285093,38.727401077714134],[1.4284041,38.7380455],[1.4336436197648053,38.75514695488946],[1.4468615,38.7325994],[1.4528554,38.7289803],[1.4548921169349414,38.729689153076365],[1.4560864,38.725057],[1.459789822523714,38.72417610920927],[1.477768,38.7024718],[1.5120698,38.679555],[1.5301732,38.6724812],[1.565684,38.691486],[1.5820693,38.6749481],[1.5817686527209642,38.661517009841994],[1.5759108,38.658647],[1.5730631219603555,38.65159081702734],[1.5371951,38.6514914],[1.5241964,38.6530505],[1.5103762,38.6658207],[1.4824489,38.6797487],[1.4645787,38.6849015],[1.4467959,38.6849111],[1.4355852,38.6791904],[1.430208456272967,38.66558325670538],[1.420779,38.6638825],[1.40727,38.6491642],[1.3944378,38.6412719],[1.3854419094812298,38.64145432210177]]],[[[1.3846964,38.7133027],[1.3847026,38.7132116],[1.3844913,38.7132593],[1.3846964,38.7133027]]],[[[1.4595561,38.7244014],[1.459521117537235,38.72447857377169],[1.4595606812117894,38.724434039393415],[1.4595561,38.7244014]]],[[[1.4565746,38.7265769],[1.4573353,38.7261472],[1.4562764,38.7260552],[1.4565746,38.7265769]]],[[[1.4527165,38.7301589],[1.4525985,38.730887],[1.4529203,38.7308201],[1.4527165,38.7301589]]],[[[1.4522551,38.7312888],[1.4523839,38.7313808],[1.4525234,38.7313222],[1.4522551,38.7312888]]],[[[0.2338643,38.7427078],[0.2339691,38.7427198],[0.2340252,38.7424924],[0.2338643,38.7427078]]],[[[1.4312453,38.7502841],[1.4314793,38.750126],[1.4311791,38.7499922],[1.4312453,38.7502841]]],[[[1.4306404,38.7513559],[1.4314033,38.7514558],[1.4316056,38.7511553],[1.4306404,38.7513559]]],[[[0.2315396,38.7524073],[0.2317571,38.7524087],[0.231486,38.7521061],[0.2315396,38.7524073]]],[[[1.4309817,38.7528769],[1.4311657,38.7528477],[1.4309598,38.7526458],[1.4309817,38.7528769]]],[[[1.4312399,38.7535079],[1.4310228401277434,38.753493959771916],[1.4310849275756614,38.75377556939891],[1.4312399,38.7535079]]],[[[0.2289076,38.756822],[0.2316754,38.7562297],[0.2304926,38.7535662],[0.2281487,38.7538406],[0.2289076,38.756822]]],[[[0.2237822,38.7610873],[0.2237211,38.7609616],[0.223604,38.7611908],[0.2237822,38.7610873]]],[[[0.2239587,38.7613551],[0.2241898,38.7612365],[0.2240557,38.7610736],[0.2239587,38.7613551]]],[[[0.2248412,38.7611491],[0.2242077,38.7613005],[0.2241698,38.7616258],[0.2248412,38.7611491]]],[[[0.2251251,38.7617462],[0.2252975,38.7616658],[0.2251347,38.761518],[0.2251251,38.7617462]]],[[[1.4003302,38.8354416],[1.4004348,38.8353998],[1.4003812,38.8353748],[1.4003302,38.8354416]]],[[[1.2997411,38.8706477],[1.2994390551843487,38.8706821298783],[1.2991346,38.8717067],[1.2997411,38.8706477]]],[[[1.4063555,38.8721309],[1.4063768,38.871472],[1.4056481,38.8715647],[1.4063555,38.8721309]]],[[[1.2184152,38.8899128],[1.2186012,38.8902385],[1.2191973,38.8900523],[1.2184152,38.8899128]]],[[[1.4239128,38.8960707],[1.4237626,38.8961626],[1.4240254,38.8963045],[1.4239128,38.8960707]]],[[[1.4235158,38.8970894],[1.4239825,38.8967888],[1.4229687,38.8957117],[1.4235158,38.8970894]]],[[[1.4239933,38.8969516],[1.4239772,38.8971562],[1.4243527,38.8969809],[1.4239933,38.8969516]]],[[[1.4327812,38.9029924],[1.4328804,38.9029089],[1.4328133,38.9028483],[1.4327812,38.9029924]]],[[[1.455592,38.9079273],[1.4555438,38.9078563],[1.4555237,38.9079116],[1.455592,38.9079273]]],[[[1.4758607,38.915456],[1.4757408,38.9154769],[1.4757378,38.915611],[1.4758607,38.915456]]],[[[1.4494662,38.9119079],[1.4406028,38.916357],[1.4385953,38.9133056],[1.4384928,38.9158007],[1.4350764,38.9105992],[1.4423333933490177,38.91046878039174],[1.434871598780499,38.90295206294818],[1.4214215,38.9037093],[1.4056416,38.8825423],[1.4033121,38.8744553],[1.4076787,38.8680975],[1.4021784,38.849145],[1.4031372425824293,38.83303690978393],[1.400656,38.8355199],[1.392954,38.84068],[1.384146,38.8422816],[1.3805397,38.8343925],[1.3717722272776718,38.83182521705726],[1.3687785374150483,38.83564855374827],[1.3707013,38.8439765],[1.3611688,38.8606716],[1.3435681,38.8709883],[1.3349921,38.8686667],[1.3351409,38.8664065],[1.3296381,38.8678862],[1.321769509304756,38.85798976861875],[1.3210704,38.8645542],[1.3146719,38.8682699],[1.3099828,38.868262],[1.3053423850482975,38.86200798554665],[1.303147908250026,38.865693194146175],[1.3052432,38.8679425],[1.3009758360866956,38.86934077840016],[1.2959374,38.8771672],[1.2823331,38.8747461],[1.2821239,38.877114],[1.2730807,38.879537],[1.2617885,38.8727],[1.2534835,38.862958],[1.255406995174488,38.86028409152126],[1.2225470359653197,38.87973626011688],[1.2256089,38.8879888],[1.2166861,38.8937603],[1.2132739,38.9019562],[1.2194205,38.9134814],[1.2241085,38.9135969],[1.2184415,38.9152819],[1.221872757103124,38.922535676712684],[1.2288836,38.9248899],[1.2275518,38.9282484],[1.232765,38.9297406],[1.2317488,38.9336295],[1.2365168,38.9388845],[1.2300225,38.9419369],[1.2327261,38.9451079],[1.2261172,38.9451746],[1.2275848,38.9501972],[1.2207113983975715,38.95106986784041],[1.2199761676665952,38.9552210859257],[1.236827,38.965155],[1.24822,38.966376],[1.259939,38.960924],[1.276866,38.968004],[1.303255,38.9696512],[1.3076099,38.9762317],[1.3054153,38.9794023],[1.3021724,38.9767005],[1.2988080423269823,38.97814320802038],[1.2931909559175156,39.00530880023998],[1.2990362,39.0096048],[1.292357746280497,39.01441984337682],[1.2951674,39.0189629],[1.292726556257167,39.02955852236656],[1.3055436,39.0365604],[1.3110507,39.0445721],[1.3253578,39.0475482],[1.3263647,39.0528548],[1.3348939,39.0551257],[1.3416776,39.0529973],[1.3455457,39.0604697],[1.3446098,39.0668215],[1.3500534,39.0637259],[1.3595047,39.0743212],[1.3641028,39.0735526],[1.3660462,39.0642723],[1.3754538,39.0622492],[1.3822693,39.06777],[1.3809899,39.0706125],[1.3866279,39.0782411],[1.3973098,39.0803553],[1.3982478,39.0744097],[1.4001779,39.0771806],[1.4058319,39.0749728],[1.4104682,39.0782418],[1.4170029,39.0774525],[1.4204262282555762,39.088762404663285],[1.426979295745409,39.092110027430984],[1.4304183,39.0886171],[1.4398651,39.0874284],[1.4363067,39.0842516],[1.4404486,39.0804645],[1.4436146,39.0878332],[1.4533664,39.0887317],[1.4488928,39.0921134],[1.4527123,39.0969595],[1.4646027,39.0992393],[1.4640448,39.1016539],[1.4699994,39.0995084],[1.4749079,39.1055113],[1.4843899,39.1009573],[1.4851638491899521,39.10684784805391],[1.4915520450312034,39.10597454215673],[1.4912214,39.1055279],[1.4925822,39.1041683],[1.4920049,39.1022112],[1.495043,39.1017405],[1.4957254,39.0991977],[1.4974249,39.0984577],[1.5092357,39.1028312],[1.5060138,39.1111994],[1.5083800767072006,39.11409876031387],[1.5155813,39.1088588],[1.5148799,39.1139036],[1.5203356,39.1137743],[1.5186611,39.115383],[1.5201824,39.1165027],[1.5246128,39.1146768],[1.5327441198455258,39.11828774573258],[1.542714,39.1126996],[1.5372522,39.1066315],[1.5452477,39.1054583],[1.5532593,39.0966553],[1.5556595,39.1001773],[1.5574233,39.0933062],[1.5656273,39.0944621],[1.5679424,39.0982995],[1.5906681,39.0950398],[1.5922867,39.0979065],[1.6004096,39.0925733],[1.6002201,39.0887429],[1.6043348,39.0910459],[1.5981587,39.0840841],[1.6029733786679055,39.07538904326864],[1.5917459,39.0752219],[1.5879998,39.0633033],[1.5955337,39.051329],[1.6100641,39.043774],[1.6070045,39.039992],[1.6087353,39.0346992],[1.61937677976307,39.03677622351499],[1.6206556,39.0330387],[1.6164792842393054,39.028879473608264],[1.6058973,39.029519],[1.597895416732653,39.023103865698594],[1.5954229,39.0246596],[1.5898207480855757,39.015121534078474],[1.5850902,39.0157996],[1.5870562887820236,39.01101362318664],[1.5822098,39.0095712],[1.5811218,39.0047683],[1.5821185,39.0023243],[1.5779104,39.0011813],[1.5815439,38.9965158],[1.5790882067594063,38.989230987493315],[1.5526059,38.9925848],[1.5459674,38.9875612],[1.5461048,38.9829711],[1.5433099,38.9844055],[1.5379594,38.9809294],[1.5413696,38.9839939],[1.5391219,38.9857253],[1.5383746,38.9822466],[1.5338941,38.9827187],[1.5304403,38.9776397],[1.5327745,38.9617603],[1.5282905,38.9592576],[1.5310297,38.9561262],[1.5200434,38.9530197],[1.5274255806475767,38.95128665963733],[1.5213176194788287,38.94397608363305],[1.5101014,38.9467426],[1.5053867,38.9331812],[1.5027799,38.9339184],[1.4999021,38.9332413],[1.5011209,38.9304571],[1.4888463,38.9279857],[1.4892791,38.9241243],[1.4866853,38.9255242],[1.4788163,38.9155766],[1.4748019,38.9156235],[1.4760450767190112,38.913002079121846],[1.4641251,38.9133445],[1.4594568,38.9183479],[1.4547262,38.9168186],[1.4518892,38.9133485],[1.4554697,38.9112891],[1.454833,38.9069536],[1.4582082,38.9066391],[1.4571638,38.903735],[1.4496727160950627,38.90788091776827],[1.4530832,38.9087387],[1.4494662,38.9119079]]],[[[1.4495317,38.9096031],[1.4464892392070932,38.91125382964644],[1.4460612539448598,38.91179889104097],[1.4495317,38.9096031]]],[[[1.4435184,38.9128657],[1.4443948069412293,38.91254536711155],[1.4442946898389837,38.912444513092865],[1.4435184,38.9128657]]],[[[1.2929082,39.011573],[1.2932687,39.0118931],[1.2938866,39.0103992],[1.2929082,39.011573]]],[[[1.3025249,39.0350905],[1.3023986,39.0351216],[1.3025033,39.0352077],[1.3025249,39.0350905]]],[[[1.3039697,39.0361553],[1.3037756,39.0361242],[1.3037232,39.0361984],[1.3039697,39.0361553]]],[[[1.3242675,39.0477045],[1.3242967,39.0476933],[1.3242406,39.0475857],[1.3242675,39.0477045]]],[[[1.3256975,39.0500281],[1.3257057,39.0499947],[1.3256549,39.0499647],[1.3256975,39.0500281]]],[[[1.403198,39.0772456],[1.4031429,39.0774008],[1.4033458,39.0775607],[1.403198,39.0772456]]],[[[1.4470015,39.0907418],[1.4468521,39.0909072],[1.4470407,39.090911],[1.4470015,39.0907418]]],[[[1.4323023,39.0929838],[1.4326714,39.0930171],[1.4320019,39.0910519],[1.4323023,39.0929838]]],[[[1.4961913,39.0990919],[1.4962565,39.0991313],[1.4962712,39.0991111],[1.4961913,39.0990919]]],[[[1.4964073,39.099071],[1.4963179,39.099034],[1.4963184,39.0991096],[1.4964073,39.099071]]],[[[1.462732,39.1008343],[1.4623377,39.1008052],[1.4624336,39.1008676],[1.462732,39.1008343]]],[[[1.4641736,39.1021493],[1.4615279,39.1021366],[1.4626501,39.1035022],[1.4641736,39.1021493]]],[[[1.4945283,39.1027907],[1.4937689,39.1027446],[1.4946105,39.1034312],[1.4945283,39.1027907]]],[[[1.4914001,39.1053978],[1.4916576,39.1057975],[1.4917273,39.1056122],[1.4914001,39.1053978]]],[[[0.1482124,40.0865241],[0.1486547,40.0867282],[0.1487845,40.0864247],[0.1482124,40.0865241]]],[[[0.2738171,40.2283339],[0.2737723,40.2284206],[0.2739008,40.2284183],[0.2738171,40.2283339]]],[[[0.7345433,40.6387836],[0.7346245,40.6386655],[0.734572,40.6386543],[0.7345433,40.6387836]]],[[[0.8625701,40.7230018],[0.8612917,40.723622],[0.8617726,40.7240388],[0.8625701,40.7230018]]],[[[0.8602804,40.7297047],[0.8646592,40.7258176],[0.856475,40.730475],[0.8602804,40.7297047]]],[[[0.8518207,40.7292745],[0.8539724,40.7304571],[0.8545849,40.7294743],[0.8518207,40.7292745]]],[[[0.7706455,40.7630884],[0.770518,40.7632936],[0.7706223,40.7633671],[0.7706455,40.7630884]]],[[[0.7586276,40.7629355],[0.7580987,40.763001],[0.7580037,40.7637614],[0.7586276,40.7629355]]],[[[0.7520652,40.7637519],[0.7523474,40.763418],[0.7504339,40.7636786],[0.7520652,40.7637519]]],[[[0.7506868,40.7641679],[0.7504331,40.7642478],[0.7505734,40.7642826],[0.7506868,40.7641679]]],[[[0.7680768,40.7640255],[0.7675857,40.7647563],[0.7679334,40.7644447],[0.7680768,40.7640255]]],[[[0.7504498,40.7646236],[0.7504894,40.7646392],[0.750464,40.7644123],[0.7504498,40.7646236]]],[[[0.750231,40.7650294],[0.750231,40.7651807],[0.7503277,40.7651699],[0.750231,40.7650294]]],[[[0.7822912,40.7697971],[0.7823326,40.7701458],[0.7825206,40.7699429],[0.7822912,40.7697971]]],[[[0.7829454,40.7700045],[0.7829928,40.7700752],[0.7832504,40.7699507],[0.7829454,40.7700045]]],[[[0.7832637,40.7701178],[0.7832467,40.7701716],[0.7833651,40.7701688],[0.7832637,40.7701178]]],[[[0.7839757,40.7706637],[0.7839735,40.7709367],[0.7841022,40.7708991],[0.7839757,40.7706637]]],[[[0.7837435,40.7713565],[0.7837518,40.7715335],[0.7838448,40.7714596],[0.7837435,40.7713565]]],[[[0.7835665,40.7715558],[0.7835884,40.7716154],[0.7836936,40.7715638],[0.7835665,40.7715558]]],[[[0.8447427,40.9229203],[0.8447407,40.9228712],[0.8446872,40.9228963],[0.8447427,40.9229203]]],[[[0.8448164,40.9229336],[0.8448692,40.9229275],[0.8448232,40.922905],[0.8448164,40.9229336]]],[[[0.8453318,40.9234355],[0.8452791,40.9233757],[0.8452797,40.9233823],[0.8453318,40.9234355]]],[[[0.8458039,40.9238448],[0.8459128,40.9238949],[0.8458939,40.9238704],[0.8458039,40.9238448]]],[[[0.8459527,40.9240462],[0.8460393,40.9240656],[0.8460407,40.9240298],[0.8459527,40.9240462]]],[[[0.8460968,40.9241412],[0.8460454,40.924132],[0.8460528,40.9241545],[0.8460968,40.9241412]]],[[[0.8521807,40.9310585],[0.8520734,40.9311117],[0.8521217,40.9311315],[0.8521807,40.9310585]]],[[[0.885733,40.9625408],[0.8857635,40.9625152],[0.885728,40.9625016],[0.885733,40.9625408]]],[[[0.8858497,40.9626097],[0.8858698,40.9625832],[0.885802,40.9625326],[0.8858497,40.9626097]]],[[[0.8859384,40.962719],[0.8859074,40.9627222],[0.8859309,40.9627601],[0.8859384,40.962719]]],[[[0.9002666,40.9759606],[0.9003946,40.9759296],[0.9003812,40.9759157],[0.9002666,40.9759606]]],[[[0.9481825,41.0121815],[0.9481807,41.0122605],[0.9482675,41.0122119],[0.9481825,41.0121815]]],[[[1.5018844,38.9332521],[1.5021413,38.9332509],[1.5020988,38.9330445],[1.5018844,38.9332521]]],[[[1.5068318,38.9369291],[1.5067546,38.9369759],[1.5068576,38.9371695],[1.5068318,38.9369291]]],[[[1.5830235,39.0031108],[1.5828036,39.0031815],[1.5834312,39.0030275],[1.5830235,39.0031108]]],[[[1.582471,39.0032982],[1.5823476,39.0033649],[1.5824307,39.0033924],[1.582471,39.0032982]]],[[[1.5838028325442173,39.00341613976436],[1.5837833529912204,39.003323362034685],[1.5836351,39.0033357],[1.5838028325442173,39.00341613976436]]],[[[1.5822387,39.0044565],[1.582251,39.0044113],[1.5818373,39.0045008],[1.5822387,39.0044565]]],[[[1.581551,39.0050015],[1.581527,39.0050679],[1.5816636,39.0050411],[1.581551,39.0050015]]],[[[1.5821922,39.0050721],[1.5821761,39.0051367],[1.5822404,39.0051034],[1.5821922,39.0050721]]],[[[1.6102791,39.0405004],[1.6101019,39.0403906],[1.6098195,39.0407155],[1.6102791,39.0405004]]],[[[1.6065135,39.0464136],[1.6059874,39.0466838],[1.6062998,39.0470691],[1.6065135,39.0464136]]],[[[1.5680004,39.0986026],[1.5681546,39.0986055],[1.5680869,39.0984085],[1.5680004,39.0986026]]],[[[1.5922745,39.0980108],[1.5920693,39.0992185],[1.5936725,39.0983048],[1.5922745,39.0980108]]],[[[1.4970689,39.0993112],[1.4969764,39.099243],[1.4969549,39.0994048],[1.4970689,39.0993112]]],[[[1.5904035,39.1002743],[1.5901664,39.1003613],[1.5903522,39.1004956],[1.5904035,39.1002743]]],[[[1.5902144,39.1009134],[1.5902272,39.1011148],[1.590522,39.1009358],[1.5902144,39.1009134]]],[[[1.5025879,39.1009484],[1.5029151,39.1015395],[1.5034324,39.1010788],[1.5025879,39.1009484]]],[[[1.5186049,39.1154173],[1.5185215,39.1153476],[1.5184718,39.1155827],[1.5186049,39.1154173]]],[[[1.5229551,39.1155318],[1.523403,39.1157375],[1.5234442,39.1155958],[1.5229551,39.1155318]]],[[[1.5176281,39.1149833],[1.5148733413275506,39.116366820639],[1.5180162,39.1160952],[1.5176281,39.1149833]]],[[[2.5335361,39.4862973],[2.5335113,39.4860287],[2.533355,39.4860972],[2.5335361,39.4862973]]],[[[2.5463273,39.5040451],[2.5452856,39.502512],[2.5430601,39.5050954],[2.5463273,39.5040451]]],[[[2.5362192,39.5069932],[2.5361077,39.5071258],[2.5362954,39.5072209],[2.5362192,39.5069932]]],[[[2.5392367,39.5213899],[2.5392022,39.5214455],[2.5393103,39.5214409],[2.5392367,39.5213899]]],[[[2.5537865,39.5256098],[2.5535617,39.5256105],[2.5536193,39.5258725],[2.5537865,39.5256098]]],[[[2.5559038,39.5280751],[2.5559566,39.5281325],[2.5559903,39.5280602],[2.5559038,39.5280751]]],[[[2.555851,39.5283861],[2.5559566,39.5282769],[2.5558342,39.5282491],[2.555851,39.5283861]]],[[[2.5560023,39.5285102],[2.5558798,39.5285528],[2.5559278,39.5286157],[2.5560023,39.5285102]]],[[[2.430918,39.5286625],[2.4308815,39.5286867],[2.4309241,39.5287068],[2.430918,39.5286625]]],[[[2.4404229,39.533191],[2.4404341,39.5331217],[2.440262,39.5331044],[2.4404229,39.533191]]],[[[2.4223637,39.5366232],[2.4221485,39.536565],[2.4220884,39.537074],[2.4223637,39.5366232]]],[[[2.4125133,39.5374101],[2.4126077,39.5374277],[2.4124367,39.5372418],[2.4125133,39.5374101]]],[[[2.4132037,39.5380881],[2.4132004,39.5381509],[2.4133877,39.5380881],[2.4132037,39.5380881]]],[[[2.4152601,39.5386057],[2.4151447,39.5385147],[2.4150991,39.5385767],[2.4152601,39.5386057]]],[[[2.5960564,39.5463806],[2.596108,39.5463308],[2.5959909,39.5463354],[2.5960564,39.5463806]]],[[[2.3638285,39.5537089],[2.3638735,39.5535321],[2.3637791,39.5535252],[2.3638285,39.5537089]]],[[[2.3641432,39.5534975],[2.3639724,39.5538163],[2.3641657,39.5538302],[2.3641432,39.5534975]]],[[[2.3664944,39.5538822],[2.3664449,39.5541803],[2.3665573,39.5541491],[2.3664944,39.5538822]]],[[[2.3526465,39.5969552],[2.3525848,39.5970316],[2.3526674,39.5970545],[2.3526465,39.5969552]]],[[[2.3614926,39.6089477],[2.3616095,39.6089787],[2.3616653,39.6087367],[2.3614926,39.6089477]]],[[[2.3628721,39.6108327],[2.3629222,39.6106379],[2.3628087,39.6107377],[2.3628721,39.6108327]]],[[[2.3711447,39.6141616],[2.3710813,39.6141198],[2.371141,39.6142257],[2.3711447,39.6141616]]],[[[2.422276,39.6331002],[2.4224158,39.633172],[2.422459,39.63309],[2.422276,39.6331002]]],[[[2.4356613,39.6459083],[2.4360166,39.6461015],[2.4358146,39.6455917],[2.4356613,39.6459083]]],[[[2.4361786,39.6461942],[2.4363624,39.6463105],[2.4363599,39.6461825],[2.4361786,39.6461942]]],[[[2.4450934,39.6467444],[2.4448476,39.646708],[2.4452625,39.646973],[2.4450934,39.6467444]]],[[[2.4444048,39.6469026],[2.4444582,39.6469768],[2.4445175,39.6469175],[2.4444048,39.6469026]]],[[[2.5243197,39.6987591],[2.524296,39.6988036],[2.5244441,39.6988189],[2.5243197,39.6987591]]],[[[2.5248043,39.6990031],[2.5247458,39.699036],[2.5247458,39.6990792],[2.5248043,39.6990031]]],[[[2.526792,39.7009535],[2.5267977,39.7010333],[2.5269274,39.70104],[2.526792,39.7009535]]],[[[2.5268611,39.7012107],[2.5268352,39.7012639],[2.5270571,39.7013437],[2.5268611,39.7012107]]],[[[2.5277608,39.7019056],[2.5278668,39.7019107],[2.527823,39.7018654],[2.5277608,39.7019056]]],[[[2.6453102,39.7626536],[2.6453202,39.762625],[2.6452478,39.7626173],[2.6453102,39.7626536]]],[[[2.6504439,39.7660404],[2.6503425,39.7660283],[2.6503837,39.7660843],[2.6504439,39.7660404]]],[[[2.6517268,39.7665639],[2.6516761,39.7664787],[2.6516096,39.7665371],[2.6517268,39.7665639]]],[[[2.6514829,39.7669973],[2.6516032,39.7670338],[2.6516507,39.7667465],[2.6514829,39.7669973]]],[[[2.6517901,39.7673212],[2.6517046,39.7673236],[2.6517458,39.7673918],[2.6517901,39.7673212]]],[[[2.6522906,39.7676304],[2.6521481,39.7676206],[2.6521987,39.7676912],[2.6522906,39.7676304]]],[[[2.6532472,39.7676986],[2.6532282,39.7677399],[2.6533074,39.7677156],[2.6532472,39.7676986]]],[[[2.65262,39.767886],[2.6524585,39.7679104],[2.6524997,39.7679907],[2.65262,39.767886]]],[[[2.6540645,39.7686603],[2.6540423,39.7687309],[2.6541595,39.7687966],[2.6540645,39.7686603]]],[[[2.6549684,39.7692938],[2.6549138,39.7693451],[2.6550899,39.7693755],[2.6549684,39.7692938]]],[[[2.6558905,39.7695273],[2.6560136,39.7695109],[2.6559544,39.7694362],[2.6558905,39.7695273]]],[[[2.7046047,39.8096917],[2.7043391,39.8096917],[2.7043771,39.8098636],[2.7046047,39.8096917]]],[[[2.7090043,39.8165296],[2.710023912827112,39.81815448574695],[2.7106001,39.8158692],[2.7090043,39.8165296]]],[[[2.8031469,39.8525576],[2.80315,39.8525127],[2.8030978,39.8524814],[2.8031469,39.8525576]]],[[[2.1708172896269162,41.3345908320518],[2.1719165,41.3490654],[2.1830123,41.3652225],[2.1708172896269162,41.3345908320518]]],[[[2.1702871985639365,41.334033631325795],[2.1700427,41.3345483],[2.170514275836372,41.33427232167524],[2.1702871985639365,41.334033631325795]]],[[[2.2223848,41.403651],[2.221987,41.4034954],[2.2233982,41.4053255],[2.2223848,41.403651]]],[[[2.2265934,41.407099],[2.2260086,41.4071955],[2.2267275,41.4079761],[2.2265934,41.407099]]],[[[2.2269903,41.4082698],[2.2268616,41.4075939],[2.2267597,41.4076261],[2.2269903,41.4082698]]],[[[2.2269806,41.4084051],[2.2278629,41.4096128],[2.2283555,41.4084217],[2.2269806,41.4084051]]],[[[2.7912971,41.6700648],[2.7913202,41.6701413],[2.7914265,41.6700258],[2.7912971,41.6700648]]],[[[2.791196,41.6702192],[2.7912594,41.6701625],[2.7912145,41.6701418],[2.791196,41.6702192]]],[[[2.792192,41.6702779],[2.792048,41.669973],[2.7921623,41.670385],[2.792192,41.6702779]]],[[[2.790774,41.6703204],[2.7908513,41.6702942],[2.7908268,41.6702691],[2.790774,41.6703204]]],[[[2.7906221,41.6704141],[2.7906676,41.670349],[2.7906326,41.6703302],[2.7906221,41.6704141]]],[[[2.7924417,41.6706109],[2.7921636,41.6704353],[2.7921953,41.6705991],[2.7924417,41.6706109]]],[[[2.8029201,41.6729808],[2.802746,41.6730133],[2.8027907,41.6732636],[2.8029201,41.6729808]]],[[[2.8042765,41.6730515],[2.8041554,41.6731512],[2.8042871,41.6732553],[2.8042765,41.6730515]]],[[[2.8035592,41.6730862],[2.8031217,41.6731011],[2.8034016,41.673297],[2.8035592,41.6730862]]],[[[2.8019364,41.6740071],[2.8020322,41.6739997],[2.8020275,41.6739465],[2.8019364,41.6740071]]],[[[2.8033287,41.6740897],[2.8034639,41.6741898],[2.8034239,41.6740954],[2.8033287,41.6740897]]],[[[2.8037979,41.6742048],[2.803715,41.6739703],[2.8035609,41.6740568],[2.8037979,41.6742048]]],[[[2.8037279,41.6746615],[2.8036644,41.6748183],[2.8037714,41.6748034],[2.8037279,41.6746615]]],[[[2.8036574,41.674911],[2.8036356,41.6750932],[2.8037467,41.6750673],[2.8036574,41.674911]]],[[[2.8061074,41.6758631],[2.8060375,41.6759549],[2.806175,41.6760594],[2.8061074,41.6758631]]],[[[2.8058781,41.6760414],[2.8060527,41.6761024],[2.8060363,41.6760765],[2.8058781,41.6760414]]],[[[2.8060063,41.6762289],[2.8058734,41.676174],[2.8061074,41.6762649],[2.8060063,41.6762289]]],[[[2.8061459,41.6763084],[2.8061415,41.6763646],[2.8062038,41.6763556],[2.8061459,41.6763084]]],[[[2.8064261,41.676293],[2.8063306,41.6764118],[2.8064443,41.6764447],[2.8064261,41.676293]]],[[[2.8068086,41.6763756],[2.8067909,41.6764518],[2.8068377,41.6764638],[2.8068086,41.6763756]]],[[[2.8062709,41.6764096],[2.8062309,41.6764142],[2.806272,41.67647],[2.8062709,41.6764096]]],[[[2.8071969,41.6765916],[2.807234,41.676643],[2.8073098,41.6766202],[2.8071969,41.6765916]]],[[[2.8096611,41.6765556],[2.8094753,41.6766654],[2.8095958,41.6767344],[2.8096611,41.6765556]]],[[[2.8070699,41.6766246],[2.8070364,41.6766742],[2.8071857,41.6766395],[2.8070699,41.6766246]]],[[[2.8070887,41.6766935],[2.8070576,41.6767849],[2.8072786,41.6768327],[2.8070887,41.6766935]]],[[[2.8071534,41.6769032],[2.8071422,41.6769298],[2.8071907,41.6769441],[2.8071534,41.6769032]]],[[[2.8082946,41.6768354],[2.8081841,41.6769869],[2.8082505,41.6770431],[2.8082946,41.6768354]]],[[[2.8079042,41.6775016],[2.8082641,41.6772319],[2.807448,41.6768191],[2.8079042,41.6775016]]],[[[2.8111309,41.6799735],[2.8110835,41.6800906],[2.8112312,41.680175],[2.8111309,41.6799735]]],[[[2.8113413,41.6801953],[2.8113915,41.6802879],[2.8114682,41.6802577],[2.8113413,41.6801953]]],[[[2.8112845,41.6802936],[2.811264,41.6802744],[2.8112333,41.6802952],[2.8112845,41.6802936]]],[[[2.8116961,41.6810005],[2.8117288,41.6809167],[2.8116758,41.6809286],[2.8116961,41.6810005]]],[[[2.811995,41.6812102],[2.8121062,41.6812769],[2.8121595,41.6811733],[2.811995,41.6812102]]],[[[2.8164204,41.6818046],[2.8163514,41.6819269],[2.8165717,41.681967],[2.8164204,41.6818046]]],[[[2.8141311,41.6819623],[2.8138781,41.6818421],[2.8137533,41.6819863],[2.8141311,41.6819623]]],[[[2.815989,41.6821128],[2.8160525,41.681851],[2.8154127,41.6819514],[2.815989,41.6821128]]],[[[2.8160608,41.6821315],[2.8160727,41.6820852],[2.8160413,41.6820831],[2.8160608,41.6821315]]],[[[2.8159124,41.6822179],[2.8159598,41.6821856],[2.8158887,41.682157],[2.8159124,41.6822179]]],[[[2.8161605,41.6821138],[2.8160699,41.682131],[2.8160518,41.6822314],[2.8161605,41.6821138]]],[[[2.8158796,41.6822559],[2.8157953,41.682272],[2.8158127,41.6823589],[2.8158796,41.6822559]]],[[[2.8142342,41.6823595],[2.8142523,41.6823959],[2.8143374,41.6823111],[2.8142342,41.6823595]]],[[[2.8160392,41.6826988],[2.8161354,41.6826811],[2.8161368,41.6826093],[2.8160392,41.6826988]]],[[[2.8162817,41.6827925],[2.8158476,41.6828227],[2.8159354,41.6829664],[2.8162817,41.6827925]]],[[[2.8167152,41.6857691],[2.816826,41.6857436],[2.8168302,41.6857243],[2.8167152,41.6857691]]],[[[2.8169236,41.6856952],[2.8168811,41.6857321],[2.8169522,41.6858565],[2.8169236,41.6856952]]],[[[2.8191325,41.686876],[2.8181761,41.6864713],[2.8186145,41.6868777],[2.8191325,41.686876]]],[[[2.8183139,41.6867824],[2.8180987,41.6865911],[2.818109,41.686632],[2.8183139,41.6867824]]],[[[2.8211401,41.6886558],[2.8212545,41.6886388],[2.8212266,41.6886035],[2.8211401,41.6886558]]],[[[2.8221756,41.6886218],[2.8221164,41.6886401],[2.8223087,41.6887689],[2.8221756,41.6886218]]],[[[2.8218198,41.6887859],[2.8219154,41.6887914],[2.821871,41.6887506],[2.8218198,41.6887859]]],[[[2.8197768,41.6887867],[2.8197518,41.688808],[2.819865,41.6888815],[2.8197768,41.6887867]]],[[[2.8219251,41.6888913],[2.8219171,41.688933],[2.82213,41.688899],[2.8219251,41.6888913]]],[[[2.8219638,41.6889946],[2.8220805,41.6890197],[2.8220822,41.6889755],[2.8219638,41.6889946]]],[[[2.8219843,41.6890686],[2.8219103,41.6890414],[2.8219462,41.6890966],[2.8219843,41.6890686]]],[[[2.8223896,41.6894885],[2.8222837,41.6893823],[2.8222871,41.6895285],[2.8223896,41.6894885]]],[[[2.8227334,41.6894401],[2.8226287,41.6895174],[2.8227983,41.6896526],[2.8227334,41.6894401]]],[[[2.8271001,41.6899741],[2.8267092,41.6901811],[2.826941,41.6903288],[2.8271001,41.6899741]]],[[[2.8262001,41.6902677],[2.8262854,41.6901938],[2.826149,41.6901081],[2.8262001,41.6902677]]],[[[2.8266558,41.6903288],[2.8267251,41.6903262],[2.8266387,41.6902507],[2.8266558,41.6903288]]],[[[2.8254945,41.6904789],[2.8255332,41.6904713],[2.8254491,41.6903016],[2.8254945,41.6904789]]],[[[2.8273091,41.6904976],[2.8271444,41.6905095],[2.8273603,41.6906088],[2.8273091,41.6904976]]],[[[2.8285465,41.6905052],[2.8284818,41.6907106],[2.8287227,41.6906622],[2.8285465,41.6905052]]],[[[2.829401,41.6906478],[2.8290488,41.6912944],[2.8295033,41.691173],[2.829401,41.6906478]]],[[[2.8298703,41.6911756],[2.8297646,41.6912137],[2.8298283,41.6912358],[2.8298703,41.6911756]]],[[[2.8376466,41.6935583],[2.837526898583327,41.69348108505487],[2.8375282,41.6936173],[2.8376466,41.6935583]]],[[[2.8373083,41.6938325],[2.8374452,41.6937544],[2.8374235,41.6937298],[2.8373083,41.6938325]]],[[[2.8366502,41.6940689],[2.8366805,41.6941097],[2.8368016,41.694035],[2.8366502,41.6940689]]],[[[2.8455736,41.6959285],[2.8456081,41.6959877],[2.8456332,41.6959744],[2.8455736,41.6959285]]],[[[2.8454423,41.6960061],[2.8455302,41.6960499],[2.845571,41.6960012],[2.8454423,41.6960061]]],[[[2.8603877,41.6988902],[2.8605661,41.6989755],[2.8605756055970883,41.69890644463292],[2.8603877,41.6988902]]],[[[2.8612502,41.6991098],[2.8614248,41.6991154],[2.861384,41.6990737],[2.8612502,41.6991098]]],[[[2.8591593,41.6991098],[2.8590021,41.6992165],[2.8591351,41.6993276],[2.8591593,41.6991098]]],[[[2.8609259,41.6993367],[2.860935,41.6992486],[2.8608851,41.6992424],[2.8609259,41.6993367]]],[[[2.8580406,41.699594],[2.8581577,41.6996296],[2.8581986,41.6995641],[2.8580406,41.699594]]],[[[2.8579892,41.699756],[2.8580043,41.6997272],[2.8579219,41.6997086],[2.8579892,41.699756]]],[[[2.9403515,39.1209189],[2.9404538,39.1207682],[2.9397039,39.120921],[2.9403515,39.1209189]]],[[[2.936921,39.1218174],[2.9353986,39.1221945],[2.9364015,39.1221947],[2.936921,39.1218174]]],[[[2.9402161,39.1251996],[2.9386631,39.1247726],[2.9396085,39.126004],[2.9402161,39.1251996]]],[[[2.9583277,39.1262749],[2.9604199,39.1252966],[2.9584943,39.1244357],[2.9583277,39.1262749]]],[[[2.9433422,39.1256632],[2.9440664,39.1253928],[2.9425249,39.1262628],[2.9433422,39.1256632]]],[[[2.9394517,39.1260793],[2.9393509,39.1258732],[2.9377677,39.1259261],[2.9394517,39.1260793]]],[[[2.9608881,39.1384563],[2.9607413,39.1386103],[2.9627424,39.1382311],[2.9608881,39.1384563]]],[[[2.9618539,39.1410255],[2.9543379,39.1359417],[2.9537777,39.1307683],[2.9579108,39.1269294],[2.9560693,39.1255373],[2.9348557,39.1278095],[2.9309584,39.1315546],[2.924936596784833,39.1297896633299],[2.9255598,39.1361193],[2.9227066,39.1360095],[2.9262284,39.1383823],[2.920332815103226,39.13880536910145],[2.9163474849954287,39.1466099450217],[2.9199313,39.1488702],[2.9170306,39.1525442],[2.9212055,39.1512659],[2.918850194882589,39.15586270545396],[2.922242256705595,39.158388975443515],[2.9259441,39.1462936],[2.929811,39.1466637],[2.9306644,39.1431863],[2.9373209,39.1446781],[2.935314,39.1498359],[2.9281949,39.1541855],[2.9310967,39.1565133],[2.937839,39.1557724],[2.9422226,39.1482383],[2.9467429,39.1505317],[2.9496643,39.1484098],[2.9516384,39.1515112],[2.9489544,39.1542585],[2.9515789,39.1560851],[2.9458679,39.1606583],[2.9507502,39.165656],[2.9564015,39.1633632],[2.9595639,39.1652703],[2.9709901,39.1603976],[2.9702149,39.1578832],[2.9764936,39.1580451],[2.9694026,39.1477284],[2.9654629,39.1512195],[2.9567384,39.1477598],[2.9564015,39.142287],[2.9618539,39.1410255]]],[[[2.9641082,39.1482388],[2.9635658,39.1477847],[2.963438,39.1487125],[2.9641082,39.1482388]]],[[[2.9643086,39.1492327],[2.963727,39.1492811],[2.9639901,39.1496032],[2.9643086,39.1492327]]],[[[2.9747669,39.1694481],[2.978463,39.1670816],[2.9746274,39.1673894],[2.9747669,39.1694481]]],[[[2.9591209750973646,39.17827592784943],[2.967836279276094,39.18123398342879],[2.9660388,39.1755574],[2.9591209750973646,39.17827592784943]]],[[[3.2541018,39.72954],[3.2604176,39.735345],[3.2659978,39.7335476],[3.2748092,39.736384],[3.2721937,39.7377265],[3.2762599,39.7394838],[3.2858032,39.7400613],[3.2881421,39.7445656],[3.3006951,39.7478464],[3.3073650088432283,39.7542883271029],[3.3259602,39.75796],[3.3358209,39.7690868],[3.334273485183063,39.7742268592335],[3.3538506093892866,39.784121543081206],[3.3715215,39.7745351],[3.3737209,39.7684164],[3.3847554,39.7637361],[3.4040728,39.7639878],[3.4043464,39.7589652],[3.4102767,39.7586744],[3.4135505,39.7523463],[3.4266739,39.7516716],[3.4324225,39.7450364],[3.4507453,39.7434081],[3.4613829,39.7480772],[3.4572957,39.7440985],[3.461849,39.7383318],[3.4584667,39.7378218],[3.4527624,39.7293748],[3.4521704,39.7259209],[3.4566883,39.7280062],[3.4527226,39.7223726],[3.4611794,39.7198665],[3.4716454,39.72177],[3.474376,39.715522],[3.4566263,39.7055064],[3.4533742,39.6931007],[3.4548692,39.6888999],[3.4577222,39.6894476],[3.45798,39.6844542],[3.452205,39.6821565],[3.4567816,39.6797308],[3.4528272,39.6744168],[3.4571359,39.6708001],[3.4524986,39.6695124],[3.454674329242116,39.6613387981741],[3.4507152337177667,39.65557963600192],[3.4409021,39.6563189],[3.436569,39.6478653],[3.4387820057242973,39.64379717632929],[3.4134075374224624,39.63516476899189],[3.4094851,39.6376726],[3.4043942,39.6360154],[3.3970705,39.6286372],[3.3919504,39.618368],[3.3924898,39.6109677],[3.3848025,39.5966407],[3.3865353,39.5875262],[3.394132900805819,39.583520228238584],[3.3830894,39.575757],[3.3789157,39.5759403],[3.338788588142988,39.538312039529906],[3.3381093,39.5417562],[3.332827,39.5385379],[3.3318701,39.5404454],[3.3327387,39.5377153],[3.3359576,39.5402219],[3.3368215463384088,39.536483584231306],[3.3219935,39.5221194],[3.3142562,39.5207961],[3.3167815,39.5177626],[3.3108075,39.5168648],[3.3127576,39.5143302],[3.2999964,39.5037172],[3.3016224,39.5005949],[3.2960256,39.499747],[3.2996728,39.4979903],[3.2921416,39.4941152],[3.2943992,39.4874502],[3.2930798,39.4848023],[3.2872633,39.4862607],[3.2864414,39.4842444],[3.2902511,39.4832796],[3.2864472,39.4826914],[3.2911367,39.4810539],[3.2833637,39.4671416],[3.2796092,39.4666699],[3.28272,39.4649368],[3.2774641,39.4569747],[3.2798212,39.4553421],[3.2767673,39.4520486],[3.2770786,39.4353659],[3.2725504,39.4284746],[3.2764889500853243,39.422957607225214],[3.268809,39.427558],[3.26727284421538,39.423632521509255],[3.2661374,39.4279488],[3.2656575,39.4249989],[3.2609454,39.4240152],[3.2627839,39.4212847],[3.2589738,39.4160181],[3.2641911301133106,39.41575753738107],[3.2617674,39.4103697],[3.2586349,39.4101085],[3.261577746048244,39.40907931956085],[3.2587098,39.4039789],[3.2541797,39.4036553],[3.2565497,39.4029376],[3.2522261,39.3992677],[3.2543337,39.4001314],[3.2543444,39.3944058],[3.2475947,39.3931711],[3.2527112,39.3919338],[3.2505367,39.387302],[3.2464534,39.3881831],[3.2479303,39.3825366],[3.241295692961207,39.37675304253795],[3.2393607,39.3795405],[3.2398549551311637,39.37555367483461],[3.2329419,39.3730232],[3.232461104512627,39.36939853303835],[3.2298822,39.3709364],[3.2301912,39.3679698],[3.2220556,39.3728791],[3.228727993575783,39.36629083877416],[3.221039,39.35989],[3.2158198,39.3578772],[3.2162045,39.3616153],[3.2109511,39.3647402],[3.2113607,39.3607913],[3.2082651,39.3609693],[3.212273,39.3598861],[3.209273,39.3555641],[3.2135966435141583,39.35630429385934],[3.2021479134370012,39.35078832834243],[3.1853041,39.3504174],[3.192200389925313,39.34599563986962],[3.1532127416131246,39.32721150204594],[3.1463952,39.3300853],[3.1458976,39.3262671],[3.1391772,39.3242037],[3.1423110371351695,39.32195909190345],[3.1181142,39.3131263],[3.1102305183964782,39.30292423357449],[3.1070072,39.3023565],[3.090994,39.290066],[3.079112,39.276882],[3.060802,39.26907],[3.029307,39.304633],[3.001313,39.317694],[2.991384,39.347276],[2.958832,39.363227],[2.9289089,39.3642099],[2.912608,39.358669],[2.898649324596811,39.359457596774654],[2.8817756,39.3662002],[2.8746843,39.362784],[2.8443056,39.3659152],[2.838538772080384,39.3628535485013],[2.82545,39.363593],[2.786632,39.375922],[2.761729,39.400214],[2.751231,39.454779],[2.736583,39.462104],[2.739513,39.478298],[2.754893,39.502631],[2.7435,39.523383],[2.715099,39.543524],[2.681651,39.558661],[2.6454,39.5656543],[2.6340117014250444,39.559406413029315],[2.6350175,39.563499],[2.6441279,39.5670745],[2.6413977,39.5688495],[2.6368269,39.5655993],[2.6380675,39.5683442],[2.6339815,39.5646341],[2.6334337,39.56727],[2.6390056,39.5686585],[2.6318924,39.5681547],[2.6270936,39.5599017],[2.6297721,39.5600149],[2.6298829474211707,39.55772388435787],[2.6297,39.5592949],[2.627065,39.5598113],[2.6259698,39.5570435],[2.6285469182706396,39.55714791740087],[2.61085214596123,39.54951963761527],[2.6080469,39.5520466],[2.6005357,39.5510654],[2.5957668,39.5467863],[2.5971670309684747,39.54361993547514],[2.569405000210453,39.53165162447711],[2.5583988,39.5310871],[2.5539786,39.528545],[2.5521962,39.5247311],[2.5513036,39.5270615],[2.5399087,39.5236242],[2.5372724,39.5176909],[2.5391746,39.5132029],[2.5472597,39.5111581],[2.5369177,39.507996],[2.5347724,39.5062064],[2.5337234,39.5040374],[2.5371262,39.5005864],[2.5340182,39.4952395],[2.5372175,39.4932926],[2.5366027,39.4878958],[2.5327774,39.4875151],[2.5305916820278123,39.481311979009746],[2.5209371,39.4763733],[2.520193,39.472846],[2.4952673856473373,39.470486371549995],[2.47169,39.497911],[2.469005,39.505886],[2.47212614097037,39.51204764754894],[2.4788302,39.5137188],[2.4796957,39.517757],[2.453949,39.537421],[2.4379881,39.5325045],[2.4404332,39.5287927],[2.4347806,39.527046],[2.4319616,39.5288542],[2.430694,39.5291078],[2.4306909199857896,39.52857752422008],[2.425955,39.537421],[2.4136046,39.5390958],[2.4053323,39.5364372],[2.4071656,39.5310332],[2.404831446840112,39.527915782783026],[2.391856,39.523749],[2.387696132818004,39.52608900516444],[2.3881262,39.5339515],[2.3802997598128997,39.53307686103049],[2.377253064103508,39.53959952322388],[2.3905476,39.5462114],[2.3855751,39.5480675],[2.375128107292203,39.54414883722756],[2.3662278,39.5550832],[2.355642,39.558661],[2.3518508267662797,39.57249804472074],[2.3545193,39.5767068],[2.3508668788533464,39.57872052004525],[2.351718966198023,39.59639370116351],[2.3550864,39.5962955],[2.3559848,39.6055568],[2.3589767,39.605553],[2.3686732,39.6139462],[2.3852027,39.6135616],[2.3959723,39.6177252],[2.4115883,39.6279991],[2.4220007,39.629968],[2.4232998,39.6385831],[2.4622255,39.6520271],[2.4838135549822558,39.6722177190976],[2.4886413,39.6716545],[2.499071011210139,39.68483156432994],[2.5076805,39.6903695],[2.5162805,39.6905606],[2.5277723,39.7015356],[2.5416256,39.698624],[2.5554665,39.6999869],[2.5873286,39.7171876],[2.5997356,39.7328796],[2.6227929,39.7479942],[2.622964295802493,39.75627497555276],[2.6276884,39.7532903],[2.6356863,39.7652177],[2.6412074,39.7600702],[2.6633225,39.7725219],[2.665827,39.7758375],[2.664264433686831,39.77985438399404],[2.683827197942568,39.79640685740386],[2.6835558,39.7937572],[2.6942932,39.7912247],[2.6956345,39.797257],[2.6931927,39.7978569],[2.6936476,39.7954612],[2.6891863,39.797967],[2.701417,39.8119171],[2.7042866,39.8085173],[2.7112866,39.8157934],[2.7273337497089742,39.82379204963375],[2.746072483307001,39.831090607945434],[2.7475583,39.8278039],[2.7624721,39.8325168],[2.7660775,39.8350218],[2.767317,39.8430156],[2.7757885,39.8398759],[2.7743958629314407,39.85036113444656],[2.783010913264705,39.85560256749283],[2.7867547,39.8526381],[2.7923946,39.856528],[2.8003311,39.8510214],[2.8057135,39.8525139],[2.80188,39.8582812],[2.8046206,39.8622849],[2.8154729,39.8568641],[2.8226813,39.8575112],[2.8242619,39.8609708],[2.8248337,39.8566109],[2.8383801,39.8653005],[2.8450244,39.8617701],[2.8531893,39.8742885],[2.8749013,39.8779821],[2.8890387,39.8911395],[2.9010955,39.8968979],[2.9083988,39.895045],[2.9187227,39.8971118],[2.920037,39.902019],[2.9313883,39.9018533],[2.9471051018012853,39.91739633001505],[2.9524285394299112,39.91851303855369],[2.9637245,39.9145301],[2.9654266,39.9103896],[2.9823665,39.9082821],[2.9943457,39.9150354],[3.001435646109039,39.9237509674249],[3.0586248113025105,39.93273166583395],[3.0610598,39.9324964],[3.054782,39.9219024],[3.054922,39.9213388],[3.0561922,39.9208003],[3.0589317,39.9221016],[3.057617,39.9201399],[3.0604206,39.919393],[3.0660517,39.9230854],[3.0807147,39.9247557],[3.0959998,39.9358228],[3.1016553,39.9350541],[3.0946253,39.9291145],[3.0976216,39.9277857],[3.1063305,39.9322334],[3.1137658,39.9311348],[3.1181429,39.9350458],[3.1189663,39.9316913],[3.1218794,39.9319053],[3.131707,39.9385482],[3.1325626,39.944697],[3.1454149,39.9502218],[3.1474534,39.9540873],[3.1598742,39.9557439],[3.1656226,39.9598522],[3.1715405,39.958136],[3.1795996,39.9612318],[3.1801549,39.9585138],[3.1731633,39.9520739],[3.179562,39.9510849],[3.1906346472923484,39.957596352707654],[3.1923401,39.9546157],[3.206705289368023,39.95826082594029],[3.213035456000964,39.95559642542563],[3.203624,39.949164],[3.168468,39.936387],[3.1314989,39.9269012],[3.1274473,39.916792],[3.1157975,39.9106581],[3.096934,39.91352],[3.0966324404802377,39.90908541421735],[3.0873216,39.9104275],[3.0831681,39.9065021],[3.0884339,39.9045918],[3.0859184,39.9019894],[3.087917,39.9045598],[3.0831792,39.9061039],[3.0790061,39.8957267],[3.0823369,39.8780168],[3.0898549,39.8667507],[3.106488,39.8576365],[3.1160185,39.8646038],[3.1201967,39.8614652],[3.1224682,39.8645501],[3.1254075,39.8629728],[3.1318225,39.8692888],[3.1349768,39.8654867],[3.1434926,39.8649682],[3.1456179,39.8660617],[3.1427574,39.8672275],[3.1480751,39.8667531],[3.152438,39.8721285],[3.1591576,39.8713701],[3.1638946,39.8737529],[3.1664845,39.8775934],[3.1705837,39.8761761],[3.1720473,39.8793235],[3.186283,39.8844051],[3.1897459,39.8869454],[3.1878064179227805,39.88889470615121],[3.2035218,39.8902692],[3.2040396,39.8881317],[3.1882019,39.8815537],[3.1904734,39.8772252],[3.1871061,39.876983],[3.1887762,39.8736824],[3.1841227,39.8707466],[3.1866473,39.8632996],[3.1944253851574325,39.862512765848756],[3.193126,39.859565],[3.181488,39.851386],[3.165212,39.845893],[3.133312,39.8409812],[3.1315254255062324,39.83738910909056],[3.1320503,39.8408792],[3.1280845,39.8398107],[3.1190918,39.8290653],[3.1176793,39.8113149],[3.1292344,39.7892042],[3.1527158,39.7679648],[3.2359876,39.7323843],[3.2541018,39.72954]]],[[[3.0548563,39.921723],[3.0550834,39.9218876],[3.0550584,39.921716],[3.0548563,39.921723]]],[[[2.9158153,41.7094945],[2.9159645101398604,41.70941183697224],[2.9157390820871916,41.70937142681292],[2.9158153,41.7094945]]],[[[2.9273257,41.7134271],[2.9265463,41.7135919],[2.9267582,41.7137331],[2.9273257,41.7134271]]],[[[2.9294607,41.7147905],[2.9294827,41.7148323],[2.9295326,41.7148135],[2.9294607,41.7147905]]],[[[2.9320005,41.7151539],[2.9320218,41.7151112],[2.9319741,41.715092],[2.9320005,41.7151539]]],[[[2.939504,41.7213226],[2.939465,41.7214116],[2.9395775,41.7214367],[2.939504,41.7213226]]],[[[2.9396322,41.7214668],[2.93954,41.7215883],[2.9395977,41.7216008],[2.9396322,41.7214668]]],[[[2.9401016,41.7222927],[2.9397411,41.722335],[2.9398703,41.7224483],[2.9401016,41.7222927]]],[[[2.9397037,41.7225234],[2.9397806,41.7224616],[2.9397249,41.722438],[2.9397037,41.7225234]]],[[[2.9397757,41.7225672],[2.9396667,41.7227232],[2.939787,41.7228068],[2.9397757,41.7225672]]],[[[2.9401326,41.7227409],[2.9401962,41.722707],[2.9401593,41.7226827],[2.9401326,41.7227409]]],[[[2.9400256,41.7226798],[2.9397628,41.7228498],[2.9399566,41.7228737],[2.9400256,41.7226798]]],[[[2.9404403,41.7229124],[2.9404383,41.72271],[2.9401203,41.7227873],[2.9404403,41.7229124]]],[[[2.9396386,41.72276],[2.9395706,41.7227666],[2.9396159,41.7230279],[2.9396386,41.72276]]],[[[2.9406637,41.7238158],[2.9405088,41.7238982],[2.9405823,41.7239652],[2.9406637,41.7238158]]],[[[2.9404576,41.7239019],[2.94032,41.7239016],[2.9404378,41.7240988],[2.9404576,41.7239019]]],[[[2.9409097,41.7240197],[2.9408535,41.724076],[2.9410335,41.7241481],[2.9409097,41.7240197]]],[[[2.9412529,41.7241949],[2.9412312,41.7242107],[2.9413919,41.7242467],[2.9412529,41.7241949]]],[[[2.9414106,41.7244951],[2.9409373,41.7244087],[2.9410477,41.7246173],[2.9414106,41.7244951]]],[[[2.9414959,41.7246368],[2.9415147,41.7246309],[2.9414279,41.7245805],[2.9414959,41.7246368]]],[[[2.9413347,41.7246309],[2.9413199,41.7246552],[2.9414456,41.7246876],[2.9413347,41.7246309]]],[[[2.9415586,41.7247733],[2.9412612,41.7246968],[2.9411991,41.7247855],[2.9415586,41.7247733]]],[[[2.9421939,41.724951],[2.9421939,41.7250135],[2.9424343,41.7250928],[2.9421939,41.724951]]],[[[2.9428409,41.7250508],[2.9429852,41.7250467],[2.9429756,41.7250255],[2.9428409,41.7250508]]],[[[2.9431956,41.7252105],[2.9430416,41.7252482],[2.9431961,41.7253691],[2.9431956,41.7252105]]],[[[2.9414139,41.7253987],[2.9415614,41.7254063],[2.9415544,41.7253743],[2.9414139,41.7253987]]],[[[2.9587375,41.7402696],[2.9586963,41.7402721],[2.9588874,41.7403712],[2.9587375,41.7402696]]],[[[2.9591438,41.7407323],[2.9591101,41.7409108],[2.9592738,41.7409129],[2.9591438,41.7407323]]],[[[2.9598135,41.7413412],[2.9599441,41.741333],[2.959874,41.7412863],[2.9598135,41.7413412]]],[[[2.9616079,41.7421107],[2.9617165,41.7420902],[2.9616883,41.7420409],[2.9616079,41.7421107]]],[[[2.9619063,41.7421974],[2.9621214,41.7422077],[2.9621084,41.7421784],[2.9619063,41.7421974]]],[[[2.9617082,41.7422323],[2.9617467,41.7421882],[2.9616319,41.742162],[2.9617082,41.7422323]]],[[[2.9625408,41.7434301],[2.9625876,41.7433921],[2.9625663,41.7433567],[2.9625408,41.7434301]]],[[[2.9625573,41.7436994],[2.9626625,41.7436876],[2.9625738,41.7436378],[2.9625573,41.7436994]]],[[[2.9642747,41.7445956],[2.9641331,41.7446284],[2.9644473,41.7447377],[2.9642747,41.7445956]]],[[[2.9653177,41.7450254],[2.9650502,41.7450603],[2.9650372,41.7452829],[2.9653177,41.7450254]]],[[[2.9656346,41.7455676],[2.9652998,41.7453758],[2.9649574,41.7454178],[2.9656346,41.7455676]]],[[[2.9650509,41.7455963],[2.9652145,41.7456379],[2.9652063,41.7456051],[2.9650509,41.7455963]]],[[[2.96645,41.7465515],[2.9662905,41.7465643],[2.9663764,41.7467315],[2.96645,41.7465515]]],[[[2.9671691,41.7468705],[2.9668714,41.7468746],[2.9669285,41.746949],[2.9671691,41.7468705]]],[[[2.9669161,41.7469926],[2.9667993,41.7470075],[2.9668467,41.7471198],[2.9669161,41.7469926]]],[[[2.9683236,41.7495248],[2.9682476,41.7495596],[2.968384,41.7496249],[2.9683236,41.7495248]]],[[[2.9697915,41.7513478],[2.9697837,41.7514097],[2.9699031,41.7514368],[2.9697915,41.7513478]]],[[[2.9708686,41.7515277],[2.9708918,41.7517076],[2.9710585,41.7516214],[2.9708686,41.7515277]]],[[[2.9720348,41.7528119],[2.9722845,41.7527755],[2.9722256,41.7527142],[2.9720348,41.7528119]]],[[[2.9752965,41.7537355],[2.9751483,41.7537443],[2.9756709,41.7537468],[2.9752965,41.7537355]]],[[[2.9754467,41.7544588],[2.975141,41.754566],[2.9753638,41.7545469],[2.9754467,41.7544588]]],[[[2.9761874,41.7559468],[2.9762512,41.7559305],[2.9761455,41.7558801],[2.9761874,41.7559468]]],[[[2.9819383,41.7573532],[2.9814851,41.7573489],[2.9816469,41.7574909],[2.9819383,41.7573532]]],[[[2.981487,41.7574384],[2.9813746,41.7574242],[2.9814003,41.7574803],[2.981487,41.7574384]]],[[[2.9811023,41.7575819],[2.9810785,41.7576493],[2.9814632,41.7575946],[2.9811023,41.7575819]]],[[[2.9811954,41.7577474],[2.9807033,41.7578416],[2.9809382,41.7581061],[2.9811954,41.7577474]]],[[[2.9811409,41.7589097],[2.9812337,41.7589015],[2.9812237,41.7588802],[2.9811409,41.7589097]]],[[[2.9811599,41.7591607],[2.9812194,41.7590737],[2.9811775,41.7590723],[2.9811599,41.7591607]]],[[[2.9810142,41.7591995],[2.9810833,41.759171],[2.981059,41.7591448],[2.9810142,41.7591995]]],[[[2.9853956,41.760513],[2.9854012,41.7605358],[2.9855124,41.760486],[2.9853956,41.760513]]],[[[2.9969497,41.7628325],[2.9967077,41.7628761],[2.99673,41.7629176],[2.9969497,41.7628325]]],[[[3.0020592,41.7648989],[3.0021141,41.7648743],[3.0019047,41.764787],[3.0020592,41.7648989]]],[[[3.0018858,41.7655871],[3.0020318,41.7655685],[3.0017995,41.7654907],[3.0018858,41.7655871]]],[[[3.0017509,41.7657998],[3.0017884,41.7657635],[3.0017439,41.7657407],[3.0017509,41.7657998]]],[[[3.001641,41.765999],[3.0017133,41.7659772],[3.0016924,41.7659315],[3.001641,41.765999]]],[[[3.0019789,41.7660508],[3.0021138,41.7659865],[3.0020777,41.7659554],[3.0019789,41.7660508]]],[[[3.0018454,41.7661442],[3.0018009,41.7661027],[3.0018273,41.7662604],[3.0018454,41.7661442]]],[[[3.0021677,41.7667036],[3.0021558,41.7667149],[3.0022406,41.7667523],[3.0021677,41.7667036]]],[[[3.0027403,41.7667929],[3.0025082,41.7667298],[3.0025003,41.7667489],[3.0027403,41.7667929]]],[[[3.0021188,41.766834],[3.0021483,41.7668501],[3.0022132,41.7667856],[3.0021188,41.766834]]],[[[3.0039616,41.7673753],[3.0037807,41.7673987],[3.0037807,41.7674178],[3.0039616,41.7673753]]],[[[3.0038495,41.7676144],[3.0038948,41.7675586],[3.0036332,41.7675909],[3.0038495,41.7676144]]],[[[3.0063056,41.7698697],[3.0062666,41.7699091],[3.0063807,41.7699423],[3.0063056,41.7698697]]],[[[3.0614831,41.7959192],[3.0612539,41.7959159],[3.0614559,41.7959827],[3.0614831,41.7959192]]],[[[3.06155,41.7963464],[3.0615459,41.7963788],[3.061623,41.7963818],[3.06155,41.7963464]]],[[[3.0614105,41.7963712],[3.0614235,41.7963972],[3.0615054,41.7963395],[3.0614105,41.7963712]]],[[[3.0615078,41.7964117],[3.0614575,41.7964075],[3.0616084,41.7964825],[3.0615078,41.7964117]]],[[[3.063999,41.7989566],[3.0636155,41.7987471],[3.0634528,41.7989637],[3.063999,41.7989566]]],[[[3.0644562,41.7996987],[3.0643379,41.7998183],[3.0646864,41.7999644],[3.0644562,41.7996987]]],[[[3.0644658,41.7999091],[3.0644233,41.7999144],[3.0645392,41.7999473],[3.0644658,41.7999091]]],[[[3.0650623,41.8002162],[3.0650941,41.8002926],[3.0651377,41.8002787],[3.0650623,41.8002162]]],[[[3.0652929,41.8006932],[3.0653692,41.8007178],[3.0653692,41.8006758],[3.0652929,41.8006932]]],[[[3.0739706,41.8200558],[3.0740017,41.8200524],[3.0739248,41.8199939],[3.0739706,41.8200558]]],[[[3.0737331,41.8200576],[3.0737501,41.8200986],[3.0738503,41.8200796],[3.0737331,41.8200576]]],[[[3.0735623,41.8203905],[3.0735712,41.8204166],[3.073622,41.8203885],[3.0735623,41.8203905]]],[[[3.0768598,41.82304],[3.076932,41.8230207],[3.0769169,41.8229816],[3.0768598,41.82304]]],[[[3.1075102,39.3013205],[3.1071401,39.301279],[3.1072031,39.3013848],[3.1075102,39.3013205]]],[[[3.1077141,39.3021019],[3.107824,39.3021123],[3.1078361,39.302048],[3.1077141,39.3021019]]],[[[3.145088,39.3256636],[3.1442502,39.3255687],[3.1443613,39.3256514],[3.145088,39.3256636]]],[[[3.1465815,39.3269409],[3.1465232,39.3269432],[3.1465407,39.3270311],[3.1465815,39.3269409]]],[[[3.146245,39.3272984],[3.1462876,39.3273227],[3.1462904,39.3272855],[3.146245,39.3272984]]],[[[3.1192162,39.8638796],[3.1190664,39.8637846],[3.1188124,39.8642646],[3.1192162,39.8638796]]],[[[3.1623398,39.8732676],[3.1620023,39.8732251],[3.1618103,39.8738302],[3.1623398,39.8732676]]],[[[3.1299768,39.9441974],[3.1305508,39.945425],[3.1323747,39.9459082],[3.1299768,39.9441974]]],[[[3.0936046,41.8349319],[3.093657,41.8349446],[3.0936661,41.8349118],[3.0936046,41.8349319]]],[[[3.0937974,41.8350046],[3.0938178014210638,41.83494772083807],[3.0937240890958644,41.83489632110706],[3.0937974,41.8350046]]],[[[3.0944925,41.8357362],[3.0944277,41.8357618],[3.0945239,41.8357905],[3.0944925,41.8357362]]],[[[3.0940858,41.8357727],[3.094062,41.8358213],[3.0941306,41.835816],[3.0940858,41.8357727]]],[[[3.0944068,41.8358111],[3.0943632,41.8358468],[3.0944487,41.8358419],[3.0944068,41.8358111]]],[[[3.0946746,41.8358657],[3.0946528,41.8358963],[3.094719,41.8358747],[3.0946746,41.8358657]]],[[[3.0946663,41.8359197],[3.0946684,41.8359332],[3.0947095,41.8359255],[3.0946663,41.8359197]]],[[[3.0940338,41.8359279],[3.094033,41.8359161],[3.0939921,41.8359128],[3.0940338,41.8359279]]],[[[3.0944435,41.8358534],[3.0943349,41.8359837],[3.0946074,41.8360118],[3.0944435,41.8358534]]],[[[3.0938827,41.836049],[3.0939414,41.8360653],[3.0939319,41.8360511],[3.0938827,41.836049]]],[[[3.0940731,41.8366321],[3.094104,41.8366253],[3.0940703,41.836576],[3.0940731,41.8366321]]],[[[3.0942401,41.8366392],[3.0942777,41.8366212],[3.0942278,41.836607],[3.0942401,41.8366392]]],[[[3.0940048,41.8369139],[3.0940005,41.836937],[3.0940631,41.8369488],[3.0940048,41.8369139]]],[[[3.13795,41.8476272],[3.1378836,41.8476072],[3.1378522,41.8477674],[3.13795,41.8476272]]],[[[3.137942,41.8478722],[3.1378733,41.8478641],[3.1378791,41.8478973],[3.137942,41.8478722]]],[[[3.1375949,41.8479459],[3.1375497,41.8479501],[3.1375674,41.8479795],[3.1375949,41.8479459]]],[[[3.1408263,41.8482336],[3.1407749,41.8482519],[3.1410112,41.8483301],[3.1408263,41.8482336]]],[[[3.1417273,41.8487347],[3.1417961,41.8487034],[3.1417631,41.8486559],[3.1417273,41.8487347]]],[[[3.142151,41.8489865],[3.142114,41.8490769],[3.1422679,41.8490628],[3.142151,41.8489865]]],[[[3.1411721,41.8490503],[3.1411637,41.8490286],[3.1410921,41.8490753],[3.1411721,41.8490503]]],[[[3.1428181,41.849107],[3.1428606,41.8490411],[3.1427739,41.8490565],[3.1428181,41.849107]]],[[[3.14066,41.8490632],[3.1406074,41.8490524],[3.1406024,41.8491099],[3.14066,41.8490632]]],[[[3.1477094,41.8576495],[3.1477204,41.8577157],[3.1478423,41.8577638],[3.1477094,41.8576495]]],[[[3.1473065,41.8577948],[3.1473742,41.857786],[3.147316,41.8577374],[3.1473065,41.8577948]]],[[[3.1480854,41.8579572],[3.1481256,41.8580075],[3.1482397,41.8579185],[3.1480854,41.8579572]]],[[[3.148836,41.858116],[3.1489249,41.8582519],[3.1489533,41.8582285],[3.148836,41.858116]]],[[[3.1506818,41.8581013],[3.1505575,41.858191],[3.1506991,41.8581769],[3.1506818,41.8581013]]],[[[3.1495386,41.8582085],[3.14953,41.8583281],[3.1496873,41.8583474],[3.1495386,41.8582085]]],[[[3.1505221,41.8583451],[3.1505205,41.858307],[3.1504332,41.8583152],[3.1505221,41.8583451]]],[[[3.150028,41.8584254],[3.1500209,41.8584582],[3.1501767,41.8584511],[3.150028,41.8584254]]],[[[3.1506362,41.8587459],[3.1510618,41.858508],[3.1508612,41.8583363],[3.1506362,41.8587459]]],[[[3.1503364,41.8585554],[3.1503395,41.8585115],[3.1502703,41.8585678],[3.1503364,41.8585554]]],[[[3.1510079,41.8594212],[3.1510614,41.8594441],[3.151061,41.859413],[3.1510079,41.8594212]]],[[[3.1588092,41.8594338],[3.1587604,41.8595047],[3.1590169,41.8595411],[3.1588092,41.8594338]]],[[[3.1508966,41.8601839],[3.1506606,41.8601657],[3.1507416,41.8603122],[3.1508966,41.8601839]]],[[[3.1607603,41.8601499],[3.1602057,41.860372],[3.1604362,41.860529],[3.1607603,41.8601499]]],[[[3.1505606,41.860798],[3.1504489,41.8608407],[3.1505882,41.8608366],[3.1505606,41.860798]]],[[[3.1534198,41.8608519],[3.1532821,41.8610716],[3.1533899,41.8610898],[3.1534198,41.8608519]]],[[[3.1580983,41.8610745],[3.1581247,41.8610731],[3.1581215,41.8610288],[3.1580983,41.8610745]]],[[[3.1531507,41.8610863],[3.1531625,41.8610634],[3.1530846,41.8610599],[3.1531507,41.8610863]]],[[[3.158022,41.8611009],[3.1580432,41.861066],[3.1580098,41.8610678],[3.158022,41.8611009]]],[[[3.1621608,41.8611999],[3.162234,41.8611712],[3.1622025,41.8611179],[3.1621608,41.8611999]]],[[[3.1518439,41.8610845],[3.1517542,41.8611314],[3.151884,41.8612644],[3.1518439,41.8610845]]],[[[3.1579236,41.8611504],[3.1579272,41.8612266],[3.1580169,41.8611882],[3.1579236,41.8611504]]],[[[3.1626014,41.8612301],[3.1626415,41.8612547],[3.1626706,41.8612108],[3.1626014,41.8612301]]],[[[3.1623913,41.8612515],[3.1623473,41.8612369],[3.1623614,41.8612954],[3.1623913,41.8612515]]],[[[3.1636509,41.8613316],[3.1636875,41.8613123],[3.1636795,41.861295],[3.1636509,41.8613316]]],[[[3.1513372,41.861337],[3.1514576,41.8613746],[3.1514339,41.8613013],[3.1513372,41.861337]]],[[[3.1637682,41.8614015],[3.1637855,41.8613951],[3.163717,41.8613236],[3.1637682,41.8614015]]],[[[3.1638712,41.8615483],[3.1638925,41.8615278],[3.1638689,41.8615055],[3.1638712,41.8615483]]],[[[3.1634102,41.8615793],[3.1634275,41.861548],[3.1634011,41.861541],[3.1634102,41.8615793]]],[[[3.1639137,41.8615574],[3.1638819,41.8616265],[3.1639779,41.8616444],[3.1639137,41.8615574]]],[[[3.1513144,41.8616306],[3.1513089,41.8615708],[3.1512514,41.8615867],[3.1513144,41.8616306]]],[[[3.1641769,41.8617],[3.1641801,41.8616693],[3.1641505,41.8616708],[3.1641769,41.8617]]],[[[3.1649684,41.8617531],[3.1649605,41.8617838],[3.1650298,41.8617903],[3.1649684,41.8617531]]],[[[3.165422,41.8619154],[3.165514,41.8620461],[3.1655549,41.8619675],[3.165422,41.8619154]]],[[[3.1657162,41.8621199],[3.1656761,41.8620754],[3.1656769,41.8624006],[3.1657162,41.8621199]]],[[[3.1654511,41.8622506],[3.1653779,41.8622699],[3.1654676,41.8624427],[3.1654511,41.8622506]]],[[[3.1657304,41.8623812],[3.165765,41.8624029],[3.1657713,41.862373],[3.1657304,41.8623812]]],[[[3.1657036,41.8624697],[3.1657202,41.8624668],[3.165732,41.8624299],[3.1657036,41.8624697]]],[[[3.1658248,41.8637254],[3.1658468,41.8637142],[3.1657918,41.8636773],[3.1658248,41.8637254]]],[[[3.1644546,42.1136795],[3.1644804,42.1136776],[3.1644633,42.1136519],[3.1644546,42.1136795]]],[[[3.1644945,42.1137539],[3.1645022,42.1137325],[3.164481,42.1137248],[3.1644945,42.1137539]]],[[[3.1640933,42.1141194],[3.1640564,42.1141992],[3.164097,42.1141786],[3.1640933,42.1141194]]],[[[3.1639195,42.1144622],[3.1639362,42.1144359],[3.1639047,42.1144346],[3.1639195,42.1144622]]],[[[3.1638864,42.1147464],[3.1639112,42.114728],[3.1638895,42.1147165],[3.1638864,42.1147464]]],[[[3.1636883,42.114814],[3.1637386,42.1148006],[3.1637218,42.1147835],[3.1636883,42.114814]]],[[[3.1635248,42.115375],[3.1635282,42.1153551],[3.1634987,42.115368],[3.1635248,42.115375]]],[[[3.1611509,42.115496],[3.1611207,42.1155074],[3.1611576,42.1155363],[3.1611509,42.115496]]],[[[3.1607231,42.1155433],[3.1607144,42.1155025],[3.1606788,42.1155423],[3.1607231,42.1155433]]],[[[3.160813,42.1155054],[3.1607975,42.1155214],[3.1609142,42.1155995],[3.160813,42.1155054]]],[[[3.162207,42.1155634],[3.1622429,42.1155828],[3.162258,42.1155477],[3.162207,42.1155634]]],[[[3.1573011,42.1173124],[3.157277,42.1173184],[3.1572944,42.1173452],[3.1573011,42.1173124]]],[[[3.1563507,42.1177279],[3.1563688,42.1177667],[3.1563882,42.1177403],[3.1563507,42.1177279]]],[[[3.1592216,42.11815],[3.1592413,42.1181179],[3.1591504,42.1180901],[3.1592216,42.11815]]],[[[3.1526895,42.119796],[3.1527136,42.1197901],[3.1526848,42.11971],[3.1526895,42.119796]]],[[[3.1525567,42.1199134],[3.1525715,42.1198766],[3.1525111,42.119891],[3.1525567,42.1199134]]],[[[3.1524487,42.1200746],[3.1524581,42.1200064],[3.1523978,42.1200616],[3.1524487,42.1200746]]],[[[3.1384914,42.1215183],[3.138503,42.121548],[3.1385215,42.1215411],[3.1384914,42.1215183]]],[[[3.1386136,42.1216193],[3.138591,42.1216408],[3.1387589,42.1216365],[3.1386136,42.1216193]]],[[[3.1383901,42.1216644],[3.1383895,42.1217675],[3.1384903,42.1217241],[3.1383901,42.1216644]]],[[[3.1384845,42.1217589],[3.1384659,42.121834],[3.1386298,42.1217889],[3.1384845,42.1217589]]],[[[3.1384601,42.1218933],[3.1384219,42.1218869],[3.1384393,42.1219229],[3.1384601,42.1218933]]],[[[3.1381729,42.1224835],[3.1382569,42.1224809],[3.1382569,42.1224461],[3.1381729,42.1224835]]],[[[3.1382164,42.1226132],[3.1382036,42.1225797],[3.138177,42.1225956],[3.1382164,42.1226132]]],[[[3.1379089,42.1227845],[3.1379627,42.1227807],[3.1379233,42.1227489],[3.1379089,42.1227845]]],[[[3.1372447,42.1248758],[3.1372829,42.1248328],[3.1372273,42.1248225],[3.1372447,42.1248758]]],[[[3.136628,42.1254603],[3.1365434,42.1255672],[3.1366783,42.1255518],[3.136628,42.1254603]]],[[[3.136573,42.1258361],[3.1366048,42.1257888],[3.1365643,42.1257837],[3.136573,42.1258361]]],[[[3.1367473,42.1265361],[3.1364936,42.1267582],[3.1366511,42.1266749],[3.1367473,42.1265361]]],[[[3.1364056,42.1268192],[3.13646,42.1268093],[3.136434,42.1267384],[3.1364056,42.1268192]]],[[[3.1357136,42.1271876],[3.1357287,42.1272306],[3.1358364,42.1272087],[3.1357136,42.1271876]]],[[[3.1345149,42.1274039],[3.1345358,42.1273867],[3.1345181,42.1273659],[3.1345149,42.1274039]]],[[[3.1296635,42.127606],[3.129748,42.1275656],[3.1297306,42.1275274],[3.1296635,42.127606]]],[[[3.1341038,42.12802],[3.1341223,42.1280114],[3.1340685,42.1279856],[3.1341038,42.12802]]],[[[3.1318906,42.1281174],[3.1319056,42.1281011],[3.1318668,42.1280848],[3.1318906,42.1281174]]],[[[3.1318616,42.1281973],[3.1318147,42.1282536],[3.1319091,42.1283219],[3.1318616,42.1281973]]],[[[3.1316363,42.1284991],[3.1312977,42.1289214],[3.131368,42.1289497],[3.1316363,42.1284991]]],[[[3.124889,42.1303927],[3.1248566,42.1305087],[3.124885,42.1305177],[3.124889,42.1303927]]],[[[3.1249128,42.1305177],[3.124845,42.1306637],[3.1248873,42.1305851],[3.1249128,42.1305177]]],[[[3.124856,42.1307225],[3.1248537,42.1307371],[3.1249249,42.1306942],[3.124856,42.1307225]]],[[[3.124281,42.1308703],[3.1243273,42.130869],[3.1243215,42.1308393],[3.124281,42.1308703]]],[[[3.1246991,42.1309523],[3.1247269,42.1308939],[3.124691,42.1308913],[3.1246991,42.1309523]]],[[[3.1238458,42.1324536],[3.1236866,42.1323568],[3.1235408,42.132555],[3.1238458,42.1324536]]],[[[3.1236958,42.132878],[3.1237287,42.1329779],[3.1238312,42.1328666],[3.1236958,42.132878]]],[[[3.1231053,42.1336606],[3.1232468,42.1336841],[3.1232077,42.1336447],[3.1231053,42.1336606]]],[[[3.1238903,42.1358514],[3.1232364,42.1352135],[3.123062,42.1354949],[3.1238903,42.1358514]]],[[[3.1238226,42.136325],[3.1237104,42.1364815],[3.1239611,42.1365322],[3.1238226,42.136325]]],[[[3.1236616,42.1365236],[3.1236183,42.1366552],[3.1238092,42.1367448],[3.1236616,42.1365236]]],[[[3.1235487,42.1367968],[3.1236006,42.1368063],[3.1236085,42.1367375],[3.1235487,42.1367968]]],[[[3.1236329,42.136847],[3.1237043,42.1368443],[3.1236689,42.1367687],[3.1236329,42.136847]]],[[[3.1644024,42.3619231],[3.1643951,42.361953],[3.1644834,42.3619343],[3.1644024,42.3619231]]],[[[3.1646807,42.3620216],[3.1646121,42.3620984],[3.164746,42.3621204],[3.1646807,42.3620216]]],[[[3.165509,42.3619871],[3.1655646,42.3618484],[3.1646866,42.3624767],[3.165509,42.3619871]]],[[[3.1646987,42.3622742],[3.1647162,42.3622821],[3.1647668,42.3622393],[3.1646987,42.3622742]]],[[[3.1650771,42.3625679],[3.164986,42.3625463],[3.1649978,42.3625662],[3.1650771,42.3625679]]],[[[3.1654437,42.3626668],[3.1653166,42.3627095],[3.165478,42.3627415],[3.1654437,42.3626668]]],[[[3.1649742,42.3627922],[3.1646369,42.3627951],[3.1646852,42.3628466],[3.1649742,42.3627922]]],[[[3.1643901,42.3628159],[3.1644154,42.3629098],[3.1645323,42.3628317],[3.1643901,42.3628159]]],[[[3.164344,42.3628969],[3.1643085,42.3628325],[3.1642922,42.3628396],[3.164344,42.3628969]]],[[[3.1650917,42.3629272],[3.165103,42.3629181],[3.1650333,42.3629006],[3.1650917,42.3629272]]],[[[3.1643636,42.3629646],[3.1644109,42.3631773],[3.1644783,42.3631412],[3.1643636,42.3629646]]],[[[3.1649281,42.3630573],[3.1646391,42.3630195],[3.1646847,42.3631948],[3.1649281,42.3630573]]],[[[3.1631913,42.3635894],[3.1633319,42.3636891],[3.1633415,42.3636588],[3.1631913,42.3635894]]],[[[3.1637952,42.3636825],[3.1637474,42.3636829],[3.1637446,42.3637054],[3.1637952,42.3636825]]],[[[3.1636462,42.3636987],[3.1636265,42.3636987],[3.16364,42.3637394],[3.1636462,42.3636987]]],[[[3.1635101,42.363781],[3.1634179,42.3638566],[3.1636091,42.3638674],[3.1635101,42.363781]]],[[[3.1634011,42.3639222],[3.1634489,42.363906],[3.1634275,42.3638844],[3.1634011,42.3639222]]],[[[3.1634719,42.3645275],[3.1636243,42.3645038],[3.1636091,42.3644864],[3.1634719,42.3645275]]],[[[3.1639093,42.3651195],[3.1639178,42.3650987],[3.1638492,42.3651149],[3.1639093,42.3651195]]],[[[3.1658786,42.3691413],[3.1658118,42.3691982],[3.1659163,42.369213],[3.1658786,42.3691413]]],[[[3.1650635,42.372248],[3.1650463,42.3722818],[3.1651518,42.3723566],[3.1650635,42.372248]]],[[[3.1650151,42.3723809],[3.165063,42.3723363],[3.165042,42.3723228],[3.1650151,42.3723809]]],[[[3.1654168,42.3723455],[3.1653829,42.3723897],[3.1654723,42.3724223],[3.1654168,42.3723455]]],[[[3.1656058,42.3726244],[3.1652849,42.3724151],[3.1652041,42.3725241],[3.1656058,42.3726244]]],[[[3.1593006,42.3734634],[3.1592481,42.3736002],[3.159394,42.373574],[3.1593006,42.3734634]]],[[[3.1591191,42.3740287],[3.1588914,42.3742437],[3.1591757,42.3740825],[3.1591191,42.3740287]]],[[[3.1569969,42.376894],[3.1569265,42.3768832],[3.1569602,42.3769727],[3.1569969,42.376894]]],[[[3.1575267,42.3771951],[3.1574999,42.377109],[3.1573044,42.3774798],[3.1575267,42.3771951]]],[[[3.1572089,42.3779486],[3.1571898,42.3778461],[3.1570067,42.3779974],[3.1572089,42.3779486]]],[[[3.1562385,42.3779894],[3.1561652,42.3779794],[3.1560873,42.3781323],[3.1562385,42.3779894]]],[[[3.1560038,42.3781986],[3.1559774,42.3782397],[3.1560946,42.3782474],[3.1560038,42.3781986]]],[[[3.1556337,42.3794959],[3.155465,42.3796786],[3.155664,42.3795906],[3.1556337,42.3794959]]],[[[3.1569323,42.3810023],[3.1567808,42.3811769],[3.156851,42.3812127],[3.1569323,42.3810023]]],[[[3.1578503,42.382307],[3.1578705,42.3822764],[3.1578275,42.3822567],[3.1578503,42.382307]]],[[[3.157823,42.3824927],[3.1578548,42.3824838],[3.157821,42.3824521],[3.157823,42.3824927]]],[[[3.1596573,42.3831997],[3.1594601,42.3830534],[3.1590424,42.3836325],[3.1596573,42.3831997]]],[[[3.1631082,42.3845077],[3.1631272,42.3844654],[3.1630976,42.3844619],[3.1631082,42.3845077]]],[[[3.1630124,42.3846938],[3.1630512,42.3850753],[3.1631896,42.3849893],[3.1630124,42.3846938]]],[[[3.16456,42.3880655],[3.1645956,42.3880181],[3.1644927,42.3880094],[3.16456,42.3880655]]],[[[3.164837,42.3882612],[3.1648741,42.3883086],[3.1649475,42.3882026],[3.164837,42.3882612]]],[[[3.165091,42.388207],[3.164934,42.3883198],[3.1650539,42.3883616],[3.165091,42.388207]]],[[[3.1647556,42.3902537],[3.1646066,42.3902381],[3.1646712,42.3903933],[3.1647556,42.3902537]]],[[[3.1652805,42.3903434],[3.1652201,42.390365],[3.1653172,42.3904217],[3.1652805,42.3903434]]],[[[3.1648007,42.3905666],[3.1648395,42.3906486],[3.1648712,42.3906292],[3.1648007,42.3905666]]],[[[3.1569411,42.3907502],[3.1568043,42.3908511],[3.156855,42.3908723],[3.1569411,42.3907502]]],[[[3.1551608,42.3909512],[3.1551721,42.3908832],[3.1550422,42.3909234],[3.1551608,42.3909512]]],[[[3.1547911,42.3909836],[3.1546805,42.3910858],[3.1547658,42.391116],[3.1547911,42.3909836]]],[[[3.1543366,42.3912631],[3.1540674,42.3911681],[3.1541544,42.3913211],[3.1543366,42.3912631]]],[[[3.1638022,42.3914717],[3.1638725,42.3914739],[3.1638009,42.3914495],[3.1638022,42.3914717]]],[[[3.1625415,42.3915374],[3.1625714,42.3915121],[3.1625419,42.391505],[3.1625415,42.3915374]]],[[[3.162836,42.3915854],[3.1626605,42.3916664],[3.1628141,42.3917998],[3.162836,42.3915854]]],[[[3.1554118,42.3947548],[3.1551527,42.3948738],[3.1554701,42.394938],[3.1554118,42.3947548]]],[[[3.1552435,42.3949558],[3.1552291,42.3949686],[3.1553409,42.3949614],[3.1552435,42.3949558]]],[[[3.1552249,42.39514],[3.1552591,42.3951256],[3.1552477,42.3950745],[3.1552249,42.39514]]],[[[3.1554211,42.395153],[3.1554291,42.3951094],[3.155408,42.3951088],[3.1554211,42.395153]]],[[[3.1566604,42.3952659],[3.156628,42.3952768],[3.1567655,42.3953603],[3.1566604,42.3952659]]],[[[3.1566233,42.3953939],[3.1564777,42.3953681],[3.1565625,42.3954341],[3.1566233,42.3953939]]],[[[3.1570736,42.3954151],[3.1570719,42.3954538],[3.1571605,42.3954581],[3.1570736,42.3954151]]],[[[3.1565486,42.3955176],[3.1567014,42.3956317],[3.156725,42.3955762],[3.1565486,42.3955176]]],[[[3.1570373,42.3958492],[3.1570465,42.3958776],[3.157125,42.3958361],[3.1570373,42.3958492]]],[[[3.1579314,42.3966133],[3.1578272,42.3966298],[3.1579656,42.3966738],[3.1579314,42.3966133]]],[[[3.1581061,42.3965949],[3.1580698,42.3966542],[3.158185,42.3967062],[3.1581061,42.3965949]]],[[[3.1582538,42.3966676],[3.1582201,42.3967243],[3.1583766,42.3967274],[3.1582538,42.3966676]]],[[[3.158388,42.3967723],[3.1585061,42.3967782],[3.1585036,42.396766],[3.158388,42.3967723]]],[[[3.1613709,42.3981446],[3.1614114,42.3981135],[3.161338,42.398053],[3.1613709,42.3981446]]],[[[3.1618872,42.3984625],[3.1618482,42.398544],[3.161967,42.3985197],[3.1618872,42.3984625]]],[[[3.1651058,42.3998074],[3.1651189,42.3998298],[3.1652003,42.3997993],[3.1651058,42.3998074]]],[[[3.1652303,42.3999757],[3.1646252,42.3999526],[3.164794,42.4001265],[3.1652303,42.3999757]]],[[[3.1649543,42.4011161],[3.1649822,42.4011105],[3.1649636,42.4010495],[3.1649543,42.4011161]]],[[[3.1658303,42.4018708],[3.1664413,42.4012981],[3.1659189,42.4010875],[3.1657265,42.4005895],[3.1658303,42.4018708]]],[[[3.1643813,42.4022856],[3.1643327,42.4023339],[3.1644796,42.4023382],[3.1643813,42.4022856]]],[[[3.164207,42.4027031],[3.1641509,42.4026847],[3.1641884,42.4028732],[3.164207,42.4027031]]],[[[3.1636382,42.4034104],[3.1636462,42.4034812],[3.1637437,42.403479],[3.1636382,42.4034104]]],[[[3.1634593,42.403498],[3.1634483,42.4035051],[3.1635816,42.4035394],[3.1634593,42.403498]]],[[[3.163577,42.4036404],[3.1635837,42.4036731],[3.1636428,42.4036183],[3.163577,42.4036404]]],[[[3.163477,42.4038015],[3.163509,42.403804],[3.163528,42.4037476],[3.163477,42.4038015]]],[[[3.1633833,42.4038576],[3.1634525,42.4038351],[3.163404,42.40378],[3.1633833,42.4038576]]],[[[3.1633875,42.4040105],[3.1634411,42.4040454],[3.1634685,42.4040149],[3.1633875,42.4040105]]],[[[3.1613836,42.4044405],[3.161368,42.4044929],[3.1614545,42.4045767],[3.1613836,42.4044405]]],[[[3.1622507,42.4045596],[3.1623284,42.404572],[3.162322,42.4045511],[3.1622507,42.4045596]]],[[[3.1607675,42.4048596],[3.1607595,42.4048954],[3.1608553,42.4048973],[3.1607675,42.4048596]]],[[[3.1618184,42.410292],[3.1618731,42.4103024],[3.1618635,42.4102418],[3.1618184,42.410292]]],[[[3.1652524,42.4106885],[3.1652429,42.4107017],[3.1653012,42.4107368],[3.1652524,42.4106885]]],[[[3.1653642,42.4108434],[3.1654001,42.4108418],[3.1653976,42.4108311],[3.1653642,42.4108434]]],[[[3.1656307,42.4112615],[3.1648077,42.4105917],[3.1648741,42.4110592],[3.1656307,42.4112615]]],[[[3.1659605,42.4115431],[3.1656442,42.4114479],[3.1656283,42.4118623],[3.1659605,42.4115431]]],[[[3.1654974,42.4131273],[3.1653141,42.4130861],[3.1653009,42.4131801],[3.1654974,42.4131273]]],[[[3.1650941,42.4130807],[3.1650334,42.413288],[3.1650809,42.4132653],[3.1650941,42.4130807]]],[[[3.1648606,42.4132387],[3.1648657,42.4132789],[3.1649096,42.4132851],[3.1648606,42.4132387]]],[[[3.1860938,39.8692921],[3.1860484,39.8690307],[3.1858312,39.8690237],[3.1860938,39.8692921]]],[[[3.1774394,39.8814372],[3.1774823,39.8814125],[3.1773214,39.8812149],[3.1774394,39.8814372]]],[[[3.1755618,39.9524007],[3.1755162,39.9525303],[3.1755873,39.9525364],[3.1755618,39.9524007]]],[[[3.1806137,41.8770281],[3.1806568,41.876961],[3.1805854,41.8769384],[3.1806137,41.8770281]]],[[[3.1793574,41.8772065],[3.1794072,41.877209],[3.1793473,41.8771669],[3.1793574,41.8772065]]],[[[3.1791179,41.8773027],[3.179093,41.8772641],[3.1790472,41.8772796],[3.1791179,41.8773027]]],[[[3.1792807,41.877472],[3.1791576,41.8775467],[3.1792854,41.8775817],[3.1792807,41.877472]]],[[[3.1791044,41.8777035],[3.1791784,41.8776544],[3.1790688,41.8776388],[3.1791044,41.8777035]]],[[[3.17949,41.8777932],[3.1791825,41.8778262],[3.1793837,41.877945],[3.17949,41.8777932]]],[[[3.1788783,41.8785251],[3.1788662,41.8785472],[3.1789947,41.8784715],[3.1788783,41.8785251]]],[[[3.179091,41.8786098],[3.1790856,41.8786188],[3.1792753,41.8786494],[3.179091,41.8786098]]],[[[3.1793662,41.87933],[3.1792487,41.8794051],[3.1794025,41.8794194],[3.1793662,41.87933]]],[[[3.1794338,41.8794555],[3.1794568,41.879446],[3.1793636,41.879446],[3.1794338,41.8794555]]],[[[3.1798749,41.8802876],[3.1799457,41.8802809],[3.1798991,41.8802016],[3.1798749,41.8802876]]],[[[3.1803478,41.8805471],[3.1804289,41.8805033],[3.1804142,41.8804763],[3.1803478,41.8805471]]],[[[3.1811067,41.8806877],[3.1811272,41.8806925],[3.1811361,41.880673],[3.1811067,41.8806877]]],[[[3.1812369,41.8809344],[3.1812982,41.8809135],[3.1812472,41.8808588],[3.1812369,41.8809344]]],[[[3.1816882,41.8810579],[3.1818318,41.8810974],[3.1818063,41.8810508],[3.1816882,41.8810579]]],[[[3.1831116,41.8810584],[3.1830803,41.8810722],[3.1832769,41.881161],[3.1831116,41.8810584]]],[[[3.1831984,41.8812585],[3.1829303,41.8811881],[3.1830126,41.8813644],[3.1831984,41.8812585]]],[[[3.1832118,41.8814243],[3.1834709,41.8815545],[3.1833432,41.8811382],[3.1832118,41.8814243]]],[[[3.1830547,41.8818824],[3.183102,41.8818696],[3.1830643,41.8818651],[3.1830547,41.8818824]]],[[[3.1828933,41.8819585],[3.1831033,41.8819504],[3.1830643,41.8819128],[3.1828933,41.8819585]]],[[[3.1832437,41.8820122],[3.1831613,41.882015],[3.1831639,41.8820326],[3.1832437,41.8820122]]],[[[3.1830586,41.8820877],[3.1831377,41.8820611],[3.1830471,41.8820326],[3.1830586,41.8820877]]],[[[3.1830158,41.881986],[3.1827407,41.8820502],[3.1829028,41.8821609],[3.1830158,41.881986]]],[[[3.1831116,41.8821481],[3.1831735,41.8821319],[3.183109,41.8821119],[3.1831116,41.8821481]]],[[[3.1830867,41.8823999],[3.1830043,41.8824227],[3.1830062,41.8824327],[3.1830867,41.8823999]]],[[[3.1828799,41.8829298],[3.1828754,41.8829393],[3.183035,41.8828875],[3.1828799,41.8829298]]],[[[3.1828888,41.8833727],[3.1830235,41.883375],[3.183003,41.8833522],[3.1828888,41.8833727]]],[[[3.1828428,41.8833537],[3.1827969,41.8833622],[3.1828026,41.8833798],[3.1828428,41.8833537]]],[[[3.1829558,41.8834753],[3.1829284,41.8834877],[3.1829558,41.8835062],[3.1829558,41.8834753]]],[[[3.1830222,41.8836421],[3.1829699,41.8836269],[3.1829865,41.8836654],[3.1830222,41.8836421]]],[[[3.1822461,41.8850358],[3.1822799,41.8849717],[3.1822441,41.8849745],[3.1822461,41.8850358]]],[[[3.1825046,41.8856436],[3.1825023,41.885731],[3.1825633,41.8857025],[3.1825046,41.8856436]]],[[[3.1821972,41.8863659],[3.1821806,41.8863892],[3.1822489,41.8864146],[3.1821972,41.8863659]]],[[[3.1827043,41.8866448],[3.1827414,41.8865906],[3.1827114,41.8865859],[3.1827043,41.8866448]]],[[[3.182608,41.8867783],[3.1826277,41.8867322],[3.1825971,41.8867218],[3.182608,41.8867783]]],[[[3.182712,41.8869123],[3.1827145,41.8868824],[3.1826603,41.8868909],[3.182712,41.8869123]]],[[[3.1835393,41.8873386],[3.1836251,41.8873467],[3.1835997,41.8872855],[3.1835393,41.8873386]]],[[[3.1865423,41.8875882],[3.1865613,41.8875502],[3.1864868,41.8875835],[3.1865423,41.8875882]]],[[[3.1836885,41.8876163],[3.183648,41.8876283],[3.1836748,41.887691],[3.1836885,41.8876163]]],[[[3.1844153,42.0998394],[3.1844975,42.099851],[3.1844975,42.0998205],[3.1844153,42.0998394]]],[[[3.1844558,42.1000559],[3.1844801,42.1001113],[3.184527,42.1001182],[3.1844558,42.1000559]]],[[[3.184256,42.1004087],[3.1842873,42.1003773],[3.1842311,42.10037],[3.184256,42.1004087]]],[[[3.1731373,42.1031313],[3.1731567,42.1031143],[3.1730059,42.1031137],[3.1731373,42.1031313]]],[[[3.1775559,42.1037045],[3.1775751,42.1036439],[3.1774998,42.1036574],[3.1775559,42.1037045]]],[[[3.1714712,42.1037923],[3.1713283,42.1037857],[3.1713663,42.1038119],[3.1714712,42.1037923]]],[[[3.1706818,42.1047882],[3.1707312,42.1047738],[3.1707347,42.104729],[3.1706818,42.1047882]]],[[[3.1694766,42.1055899],[3.1694803,42.1055692],[3.1694588,42.1055657],[3.1694766,42.1055899]]],[[[3.1713774,42.1081414],[3.171429,42.1081561],[3.1714313,42.1081354],[3.1713774,42.1081414]]],[[[3.1665174,42.1138651],[3.1664658,42.1134702],[3.1661734,42.1136632],[3.1665174,42.1138651]]],[[[3.1855861,42.3438825],[3.1855035,42.3438745],[3.1855345,42.3439016],[3.1855861,42.3438825]]],[[[3.1856672,42.3445823],[3.1857052,42.3445823],[3.185708,42.3445431],[3.1856672,42.3445823]]],[[[3.1860859,42.3445872],[3.1859389,42.3445146],[3.1858358,42.3445624],[3.1860859,42.3445872]]],[[[3.1861465,42.3445733],[3.1861855,42.3446644],[3.1862399,42.3446129],[3.1861465,42.3445733]]],[[[3.1854384,42.3448819],[3.185398,42.3448961],[3.1854854,42.3449059],[3.1854384,42.3448819]]],[[[3.1857501,42.3458232],[3.1855352,42.3458278],[3.1855916,42.3458891],[3.1857501,42.3458232]]],[[[3.1857473,42.3459202],[3.1857142,42.3459254],[3.1857749,42.3459653],[3.1857473,42.3459202]]],[[[3.1859128,42.3459982],[3.1858741,42.3460111],[3.1859497,42.3460294],[3.1859128,42.3459982]]],[[[3.1859145,42.3461025],[3.185903,42.3461113],[3.1859981,42.346118],[3.1859145,42.3461025]]],[[[3.1857978,42.3461386],[3.1856777,42.3461581],[3.1857048,42.3461679],[3.1857978,42.3461386]]],[[[3.1855495,42.3461805],[3.1855338,42.3461888],[3.185624,42.346196],[3.1855495,42.3461805]]],[[[3.1853858,42.3462148],[3.1854777,42.3462045],[3.1854533,42.3461936],[3.1853858,42.3462148]]],[[[3.1863841,42.3469871],[3.1863733,42.3470077],[3.1864297,42.3470028],[3.1863841,42.3469871]]],[[[3.1864708,42.3470172],[3.1864005,42.3470733],[3.1864976,42.3470798],[3.1864708,42.3470172]]],[[[3.1864705,42.3471045],[3.1861925,42.3472342],[3.186389,42.3471972],[3.1864705,42.3471045]]],[[[3.1862496,42.3486486],[3.1862441,42.3486641],[3.1863151,42.3486919],[3.1862496,42.3486486]]],[[[3.1863813,42.3491735],[3.1863472,42.3492142],[3.1864088,42.3492325],[3.1863813,42.3491735]]],[[[3.1847758,42.3506332],[3.1846968,42.350731],[3.1847807,42.3507459],[3.1847758,42.3506332]]],[[[3.1825197,42.3512512],[3.1825838,42.3512286],[3.1825747,42.3512008],[3.1825197,42.3512512]]],[[[3.1838632,42.3513601],[3.1838489,42.3514008],[3.1839291,42.3514276],[3.1838632,42.3513601]]],[[[3.1829544,42.3526632],[3.1828778,42.3527075],[3.1829485,42.3527224],[3.1829544,42.3526632]]],[[[3.1831916,42.3529124],[3.1833306,42.352915],[3.1830422,42.3529217],[3.1831916,42.3529124]]],[[[3.1783007,42.3529029],[3.1782248,42.3529925],[3.1784533,42.3533431],[3.1783007,42.3529029]]],[[[3.182843,42.3536848],[3.1833908,42.3534328],[3.1828698,42.3527408],[3.182843,42.3536848]]],[[[3.178725,42.3532844],[3.1787689,42.3532942],[3.1787988,42.3532236],[3.178725,42.3532844]]],[[[3.1793018,42.353322],[3.1791848,42.3533812],[3.1792175,42.3534265],[3.1793018,42.353322]]],[[[3.1825504,42.3535354],[3.1824236,42.3535088],[3.1825382,42.3536046],[3.1825504,42.3535354]]],[[[3.1782736,42.3535094],[3.1781259,42.3535408],[3.1781419,42.3535892],[3.1782736,42.3535094]]],[[[3.1827757,42.3537191],[3.1826765,42.3536718],[3.1827419,42.353766],[3.1827757,42.3537191]]],[[[3.1825131,42.3537145],[3.1824911,42.3537204],[3.1825302,42.3537542],[3.1825131,42.3537145]]],[[[3.182736,42.3538636],[3.1825148,42.3538092],[3.1826984,42.3539212],[3.182736,42.3538636]]],[[[3.1828632,42.3538757],[3.1828534,42.3539022],[3.1828882,42.3539053],[3.1828632,42.3538757]]],[[[3.1761244,42.3544541],[3.1758913,42.3543938],[3.1760658,42.3545097],[3.1761244,42.3544541]]],[[[3.1761456,42.3545025],[3.1761439,42.3545285],[3.1761874,42.3545413],[3.1761456,42.3545025]]],[[[3.1762714,42.3545694],[3.176433,42.3546657],[3.1763912,42.3546198],[3.1762714,42.3545694]]],[[[3.1759597,42.3548151],[3.1762908,42.3547037],[3.1755985,42.3544222],[3.1759597,42.3548151]]],[[[3.1756729,42.3548335],[3.1756402,42.3548196],[3.1756733,42.3548724],[3.1756729,42.3548335]]],[[[3.1759188,42.3550451],[3.176015,42.3549311],[3.1757604,42.3548734],[3.1759188,42.3550451]]],[[[3.1759276,42.3550621],[3.1758123,42.3550698],[3.1758986,42.3551262],[3.1759276,42.3550621]]],[[[3.1747252,42.3551436],[3.1747161,42.3551608],[3.1748319,42.3551327],[3.1747252,42.3551436]]],[[[3.1745662,42.3552307],[3.1746625,42.3552247],[3.1746552,42.3552071],[3.1745662,42.3552307]]],[[[3.1744284,42.3552237],[3.1743329,42.3553252],[3.1745606,42.355307],[3.1744284,42.3552237]]],[[[3.17405,42.355391],[3.174152,42.3553779],[3.1741459,42.3553549],[3.17405,42.355391]]],[[[3.1734409,42.3554564],[3.173504,42.3554373],[3.173485,42.3554203],[3.1734409,42.3554564]]],[[[3.1719976,42.3563995],[3.1720377,42.3563992],[3.172041,42.3563867],[3.1719976,42.3563995]]],[[[3.1719328,42.3564661],[3.1719204,42.3564942],[3.171949,42.3565125],[3.1719328,42.3564661]]],[[[3.1714969,42.3565475],[3.1714865,42.3565668],[3.171525,42.356566],[3.1714969,42.3565475]]],[[[3.1711909,42.3570556],[3.1710246,42.3571619],[3.1710682,42.3572497],[3.1711909,42.3570556]]],[[[3.1690537,42.3584446],[3.169033,42.3584873],[3.1691429,42.3584495],[3.1690537,42.3584446]]],[[[3.1658452,42.3618994],[3.1658362,42.3619489],[3.1659559,42.3619509],[3.1658452,42.3618994]]],[[[3.1672496,42.3662248],[3.1671962,42.3662582],[3.1673035,42.3663078],[3.1672496,42.3662248]]],[[[3.1670576,42.3663452],[3.1670444,42.3663899],[3.1671561,42.3664484],[3.1670576,42.3663452]]],[[[3.1666394,42.3666338],[3.1666256,42.3666627],[3.1667681,42.3666602],[3.1666394,42.3666338]]],[[[3.1663015,42.3667281],[3.1662905,42.3666761],[3.166274,42.3666834],[3.1663015,42.3667281]]],[[[3.1671896,42.3668111],[3.1671907,42.3668696],[3.1672826,42.3668066],[3.1671896,42.3668111]]],[[[3.1675005,42.3670207],[3.1674802,42.3670534],[3.1675311,42.367066],[3.1675005,42.3670207]]],[[[3.1668853,42.3669684],[3.166838,42.3671428],[3.1669217,42.3671302],[3.1668853,42.3669684]]],[[[3.1668617,42.3672868],[3.1668589,42.3672437],[3.1668221,42.3672551],[3.1668617,42.3672868]]],[[[3.1668193,42.3673128],[3.1667797,42.367312],[3.1667885,42.3673327],[3.1668193,42.3673128]]],[[[3.1675692,42.3673023],[3.1674533,42.367124],[3.1671349,42.3675283],[3.1675692,42.3673023]]],[[[3.1667665,42.3674274],[3.1667973,42.3674787],[3.1668787,42.3674689],[3.1667665,42.3674274]]],[[[3.1671258,42.3675657],[3.167117,42.3675531],[3.1670746,42.3675628],[3.1671258,42.3675657]]],[[[3.1676045,42.3675726],[3.1675622,42.3676628],[3.1676618,42.3676348],[3.1676045,42.3675726]]],[[[3.1675281,42.3678413],[3.1675545,42.3678909],[3.1676315,42.3677742],[3.1675281,42.3678413]]],[[[3.1677493,42.3687596],[3.1677342,42.3687834],[3.1678258,42.3687588],[3.1677493,42.3687596]]],[[[3.1675718,42.3688135],[3.1673368,42.368866],[3.167357,42.3688843],[3.1675718,42.3688135]]],[[[3.1676976,42.3688941],[3.1677342,42.3688787],[3.167711,42.3688582],[3.1676976,42.3688941]]],[[[3.166265,42.3691191],[3.1665031,42.3691982],[3.1659354,42.3690339],[3.166265,42.3691191]]],[[[3.167483,42.3691883],[3.1675689,42.369212],[3.1675546,42.3691716],[3.167483,42.3691883]]],[[[3.1665553,42.3692563],[3.1666356,42.3692715],[3.1666124,42.3691851],[3.1665553,42.3692563]]],[[[3.1660254,42.3696244],[3.1661832,42.3697426],[3.1661853,42.3697111],[3.1660254,42.3696244]]],[[[3.1663878,42.3697485],[3.1662877,42.3698237],[3.1663641,42.3698973],[3.1663878,42.3697485]]],[[[3.1664675,42.3699749],[3.1664681,42.3699996],[3.1665801,42.3699316],[3.1664675,42.3699749]]],[[[3.1663943,42.3701615],[3.1664164,42.3702025],[3.1664729,42.3700955],[3.1663943,42.3701615]]],[[[3.1669941,42.3886078],[3.1671013,42.3886502],[3.1670962,42.3885324],[3.1669941,42.3886078]]],[[[3.1675933,42.3889045],[3.1676001,42.3889887],[3.1677224,42.3890529],[3.1675933,42.3889045]]],[[[3.1672427,42.3893888],[3.1672524,42.3894203],[3.1673237,42.3893879],[3.1672427,42.3893888]]],[[[3.1674701,42.3896089],[3.1674431,42.3893726],[3.167227,42.3895229],[3.1674701,42.3896089]]],[[[3.1660227,42.4010152],[3.1662236,42.4009903],[3.1661755,42.4009635],[3.1660227,42.4010152]]],[[[3.166039,42.4138458],[3.1660183,42.413894],[3.1660553,42.4139188],[3.166039,42.4138458]]],[[[3.1661947,42.4139778],[3.1660399,42.4139778],[3.1660784,42.4140418],[3.1661947,42.4139778]]],[[[3.1665725,42.4143595],[3.1665482,42.414395],[3.1665899,42.4144116],[3.1665725,42.4143595]]],[[[3.167106,42.4144986],[3.1669701,42.4146353],[3.1670921,42.4145781],[3.167106,42.4144986]]],[[[3.1701364,42.4156918],[3.1701254,42.4157217],[3.1701552,42.4157329],[3.1701364,42.4156918]]],[[[3.1710867,42.4167051],[3.1709767,42.4167612],[3.1710302,42.4167685],[3.1710867,42.4167051]]],[[[3.1705286,42.4170228],[3.1705166,42.4170263],[3.1706476,42.417065],[3.1705286,42.4170228]]],[[[3.1703218,42.4171386],[3.170305,42.4171799],[3.1704258,42.4171355],[3.1703218,42.4171386]]],[[[3.1704541,42.4171888],[3.1701788,42.4172638],[3.1702371,42.4172993],[3.1704541,42.4171888]]],[[[3.1698848,42.4179911],[3.1697249,42.4180718],[3.1697911,42.4180843],[3.1698848,42.4179911]]],[[[3.1700986,42.4181612],[3.1701347,42.4181193],[3.1700848,42.4181269],[3.1700986,42.4181612]]],[[[3.1692549,42.419017],[3.1692429,42.4190423],[3.1693174,42.4190299],[3.1692549,42.419017]]],[[[3.1697568,42.4190849],[3.1698115,42.4190667],[3.1697899,42.4190374],[3.1697568,42.4190849]]],[[[3.1697262,42.4191581],[3.1697574,42.4191568],[3.1697544,42.4191173],[3.1697262,42.4191581]]],[[[3.1696125,42.4191608],[3.1694635,42.4193467],[3.1695987,42.4193552],[3.1696125,42.4191608]]],[[[3.1688774,42.4198739],[3.1688684,42.4199511],[3.168988,42.4199484],[3.1688774,42.4198739]]],[[[3.169364,42.42033],[3.1693933,42.4202869],[3.1691968,42.4202176],[3.169364,42.42033]]],[[[3.1692896,42.4220455],[3.1692668,42.4220243],[3.1692341,42.4220681],[3.1692896,42.4220455]]],[[[3.1690846,42.4222174],[3.1690033,42.4222194],[3.1690038,42.4222904],[3.1690846,42.4222174]]],[[[3.1696552,42.4225915],[3.1696697,42.4225838],[3.1696401,42.4225593],[3.1696552,42.4225915]]],[[[3.1694243,42.4229558],[3.1693637,42.4230116],[3.1694096,42.4230124],[3.1694243,42.4229558]]],[[[3.1696788,42.4232346],[3.1696377,42.4232774],[3.169716,42.4232563],[3.1696788,42.4232346]]],[[[3.1708526,42.4243862],[3.1711375,42.4242388],[3.1708639,42.4242033],[3.1708526,42.4243862]]],[[[3.1698216,42.4249264],[3.1695719,42.4251107],[3.1696354,42.4252287],[3.1698216,42.4249264]]],[[[3.1879612,39.7542577],[3.1876168,39.7544527],[3.1881479,39.754986],[3.1879612,39.7542577]]],[[[3.1884742,39.7552377],[3.1888042,39.7551215],[3.1885849,39.7550413],[3.1884742,39.7552377]]],[[[3.1865026,41.8875121],[3.186507,41.8875497],[3.1865518,41.8875032],[3.1865026,41.8875121]]],[[[3.190507,41.8874614],[3.1904471,41.8874666],[3.1905966,41.887691],[3.190507,41.8874614]]],[[[3.1899217,41.8875234],[3.1901046,41.8878356],[3.190116,41.8877361],[3.1899217,41.8875234]]],[[[3.1866313,41.8876675],[3.1866149,41.88763],[3.1865392,41.8876694],[3.1866313,41.8876675]]],[[[3.1903891,41.8877976],[3.190495,41.8877957],[3.1904799,41.8877215],[3.1903891,41.8877976]]],[[[3.1899293,41.8878563],[3.1899987,41.8878239],[3.1899388,41.8877464],[3.1899293,41.8878563]]],[[[3.1907852,41.8878403],[3.1907927,41.8877755],[3.1906962,41.8877868],[3.1907852,41.8878403]]],[[[3.1905342,41.8878981],[3.1902888,41.8878854],[3.1904004,41.8879699],[3.1905342,41.8878981]]],[[[3.1886634,41.8886109],[3.1887057,41.8885921],[3.1886029,41.8885381],[3.1886634,41.8886109]]],[[[3.1918429,41.8896772],[3.1918215,41.8896565],[3.1918057,41.8896757],[3.1918429,41.8896772]]],[[[3.191718,41.88981],[3.1917748,41.8898119],[3.1917546,41.8897344],[3.191718,41.88981]]],[[[3.1927051,41.8898687],[3.1927051,41.8898964],[3.1927373,41.8898988],[3.1927051,41.8898687]]],[[[3.1933459,41.8899561],[3.1933074,41.8899396],[3.193332,41.8899701],[3.1933459,41.8899561]]],[[[3.1931895,41.8902091],[3.1932261,41.8902669],[3.1934241,41.890181],[3.1931895,41.8902091]]],[[[3.1935458,41.8902434],[3.1934279,41.8903035],[3.1934531,41.8903453],[3.1935458,41.8902434]]],[[[3.1929561,41.8916815],[3.1929309,41.8917233],[3.1931081,41.8917191],[3.1929561,41.8916815]]],[[[3.1929656,41.891883],[3.1930413,41.8918055],[3.1930028,41.8917928],[3.1929656,41.891883]]],[[[3.1929865,41.8921311],[3.1930185,41.8920678],[3.1929774,41.8920567],[3.1929865,41.8921311]]],[[[3.1933979,41.8921392],[3.1933899,41.8920703],[3.1933122,41.892078],[3.1933979,41.8921392]]],[[[3.1931276,41.8921277],[3.1930294,41.8922315],[3.1931956,41.8922017],[3.1931276,41.8921277]]],[[[3.192854,41.8921273],[3.1929762,41.8922455],[3.1929745,41.8922268],[3.192854,41.8921273]]],[[[3.1930774,41.8923353],[3.1931162,41.8923378],[3.1930979,41.892297],[3.1930774,41.8923353]]],[[[3.1932053,41.8923778],[3.1933995,41.8924306],[3.1933984,41.8923234],[3.1932053,41.8923778]]],[[[3.2162633,41.92901],[3.2163211,41.9290354],[3.2162964,41.928993],[3.2162633,41.92901]]],[[[3.2163455,41.9290322],[3.2163435,41.9290509],[3.2164685,41.9290351],[3.2163455,41.9290322]]],[[[3.2155601,41.9297207],[3.2153462,41.9297359],[3.2154029,41.9298213],[3.2155601,41.9297207]]],[[[3.216046,41.9300517],[3.2160428,41.9300271],[3.2159823,41.9300254],[3.216046,41.9300517]]],[[[3.2168793,41.9301079],[3.2168597,41.9301254],[3.2168833,41.930157],[3.2168793,41.9301079]]],[[[3.2159862,41.9301786],[3.2158691,41.9302324],[3.2162071,41.9302231],[3.2159862,41.9301786]]],[[[3.2169469,41.9341862],[3.2170916,41.9342424],[3.2170468,41.9341769],[3.2169469,41.9341862]]],[[[3.2193878,41.9350238],[3.2193085,41.9349279],[3.2192854,41.9349533],[3.2193878,41.9350238]]],[[[3.2201177,41.9350577],[3.2200941,41.9351103],[3.2202301,41.9351589],[3.2201177,41.9350577]]],[[[3.2161812,41.9354916],[3.2162008,41.9354431],[3.2161096,41.9354413],[3.2161812,41.9354916]]],[[[3.2183464,41.9355536],[3.2183045,41.9355666],[3.2183665,41.9356192],[3.2183464,41.9355536]]],[[[3.2178493,41.937577],[3.2178504,41.9376429],[3.2179771,41.9376528],[3.2178493,41.937577]]],[[[3.2162503,41.9377708],[3.2161622,41.9378558],[3.2163957,41.9378455],[3.2162503,41.9377708]]],[[[3.2158149,41.9379118],[3.2158517,41.9379093],[3.2158205,41.9378695],[3.2158149,41.9379118]]],[[[3.2182293,41.9382147],[3.2184484,41.9378182],[3.2177557,41.9377511],[3.2182293,41.9382147]]],[[[3.217406,41.9380292],[3.2174583,41.9380411],[3.2174688,41.9379915],[3.217406,41.9380292]]],[[[3.2175465,41.9386694],[3.2176191,41.938807],[3.2177348,41.93878],[3.2175465,41.9386694]]],[[[3.2180762,41.9388857],[3.2178592,41.9389381],[3.2181048,41.9390307],[3.2180762,41.9388857]]],[[[3.2190417,41.942828],[3.2191383,41.9427851],[3.2190867,41.9427822],[3.2190417,41.942828]]],[[[3.2209823,41.9433034],[3.221099,41.9433198],[3.2210943,41.9432834],[3.2209823,41.9433034]]],[[[3.223046,41.9441602],[3.2230144,41.9440912],[3.2229859,41.9441617],[3.223046,41.9441602]]],[[[3.2219848,41.9441732],[3.2221793,41.9441518],[3.2221551,41.9441308],[3.2219848,41.9441732]]],[[[3.2271983,41.9444301],[3.2270844,41.9444979],[3.22714,41.9445218],[3.2271983,41.9444301]]],[[[3.2269529,41.9445059],[3.2268684,41.9445682],[3.2270019,41.9445981],[3.2269529,41.9445059]]],[[[3.2270616,41.9445767],[3.2270388,41.9446186],[3.2271843,41.9446036],[3.2270616,41.9445767]]],[[[3.2253671,41.9447368],[3.2253114,41.9447547],[3.2254824,41.9447627],[3.2253671,41.9447368]]],[[[3.2247823,41.9448301],[3.2248719,41.9448226],[3.2248625,41.9448171],[3.2247823,41.9448301]]],[[[3.2247689,41.945132],[3.224834,41.9451413],[3.2248239,41.9451258],[3.2247689,41.945132]]],[[[3.2249993,41.9451522],[3.2250579,41.9451443],[3.2250419,41.9451298],[3.2249993,41.9451522]]],[[[3.2248906,41.9451353],[3.2248739,41.9451555],[3.2249634,41.9451665],[3.2248906,41.9451353]]],[[[3.2250355,41.9453642],[3.2249838,41.9453792],[3.2250717,41.9453804],[3.2250355,41.9453642]]],[[[3.2267424,41.9454443],[3.2266964,41.9454777],[3.2267269,41.9454837],[3.2267424,41.9454443]]],[[[3.2262183,41.9454281],[3.2261912,41.9454929],[3.2262589,41.9455046],[3.2262183,41.9454281]]],[[[3.2261416,41.945459],[3.2261399,41.9455231],[3.2261704,41.9455126],[3.2261416,41.945459]]],[[[3.2266249,41.9456643],[3.2266453,41.9456487],[3.2265885,41.9456312],[3.2266249,41.9456643]]],[[[3.2264279,41.9456487],[3.2264021,41.9456839],[3.2265063,41.9456812],[3.2264279,41.9456487]]],[[[3.2263771,41.9456936],[3.2263616,41.9456771],[3.2263488,41.9456997],[3.2263771,41.9456936]]],[[[3.2264296,41.9460522],[3.2261543,41.9461183],[3.2262032,41.9461547],[3.2264296,41.9460522]]],[[[3.2267504,41.9462859],[3.2267685,41.9462597],[3.2264594,41.9463136],[3.2267504,41.9462859]]],[[[3.2275201,41.9477094],[3.227535,41.9476791],[3.227473,41.9476681],[3.2275201,41.9477094]]],[[[3.2287165,41.9484846],[3.2287613,41.9484585],[3.2287185,41.9483973],[3.2287165,41.9484846]]],[[[3.2284521,41.9485244],[3.2284788,41.9485409],[3.228484,41.9485382],[3.2284521,41.9485244]]],[[[3.2287278,41.9485372],[3.2287283,41.9485305],[3.2287201,41.9485285],[3.2287278,41.9485372]]],[[[3.2284835,41.9485518],[3.2284895,41.9485567],[3.2284911,41.9485425],[3.2284835,41.9485518]]],[[[3.2286752,41.948584],[3.2286737,41.9485577],[3.2286648,41.9485634],[3.2286752,41.948584]]],[[[3.2288915,41.9631329],[3.2284874,41.9632225],[3.2285945,41.9632574],[3.2288915,41.9631329]]],[[[3.2280487,41.9701436],[3.2281231,41.9701197],[3.2281231,41.9700324],[3.2280487,41.9701436]]],[[[3.2281982,41.9701317],[3.2282405,41.970142],[3.2282565,41.9700568],[3.2281982,41.9701317]]],[[[3.2264035,41.9710805],[3.2265764,41.9711379],[3.2265786,41.9711048],[3.2264035,41.9710805]]],[[[3.2262526,41.9715548],[3.2262475,41.9716101],[3.2263481,41.9716161],[3.2262526,41.9715548]]],[[[3.2254774,41.972895],[3.2252593,41.9728512],[3.2253388,41.9729713],[3.2254774,41.972895]]],[[[3.2182662,41.9739723],[3.2182093,41.9741203],[3.2183413,41.9741111],[3.2182662,41.9739723]]],[[[3.220701,41.9742743],[3.2204123,41.9742157],[3.2205836,41.9743821],[3.220701,41.9742743]]],[[[3.2129646,42.0587262],[3.2132098,42.0587116],[3.2131878,42.0586036],[3.2129646,42.0587262]]],[[[3.2128604,42.0600199],[3.2128465,42.0600272],[3.212872,42.0600474],[3.2128604,42.0600199]]],[[[3.2103132,42.0630031],[3.2106623,42.0628518],[3.2103936,42.0627384],[3.2103132,42.0630031]]],[[[3.2109848,42.0634633],[3.2110407,42.0634736],[3.2110303,42.0634394],[3.2109848,42.0634633]]],[[[3.209531,42.0643822],[3.2095418,42.0644263],[3.2095846,42.0644224],[3.209531,42.0643822]]],[[[3.2120461,42.0678024],[3.2120976,42.0678678],[3.2121447,42.067848],[3.2120461,42.0678024]]],[[[3.2056595,42.0741849],[3.206072,42.0733522],[3.2050352,42.0734109],[3.2056595,42.0741849]]],[[[3.1965324,42.0846875],[3.1968294,42.0845988],[3.196464,42.0844636],[3.1965324,42.0846875]]],[[[3.1976729,42.084974],[3.1980223,42.0844167],[3.1974345,42.0842999],[3.1976729,42.084974]]],[[[3.1951576,42.086794],[3.1950997,42.086828],[3.1952109,42.0869264],[3.1951576,42.086794]]],[[[3.1950841,42.0869436],[3.1950366,42.0870334],[3.1951345,42.0870764],[3.1950841,42.0869436]]],[[[3.1881828,42.095319],[3.1881782,42.0954028],[3.1883545,42.0953797],[3.1881828,42.095319]]],[[[3.2282162,42.2433398],[3.2280046,42.2436525],[3.2281906,42.243608],[3.2282162,42.2433398]]],[[[3.228874,42.2435752],[3.22886,42.2436202],[3.2289322,42.243659],[3.228874,42.2435752]]],[[[3.2273688,42.2487571],[3.227377,42.2487884],[3.2274357,42.2487354],[3.2273688,42.2487571]]],[[[3.2271115,42.2497431],[3.2271998,42.2497224],[3.2271907,42.2496621],[3.2271115,42.2497431]]],[[[3.1959869,42.3358011],[3.1959769,42.3358108],[3.1960641,42.3358337],[3.1959869,42.3358011]]],[[[3.1957379,42.3358392],[3.1957893,42.3358361],[3.1957783,42.3358167],[3.1957379,42.3358392]]],[[[3.1920912,42.3386928],[3.1919483,42.3386854],[3.1920066,42.3387542],[3.1920912,42.3386928]]],[[[3.1904142,42.3393348],[3.1902771,42.339379],[3.1903706,42.3394897],[3.1904142,42.3393348]]],[[[3.190203,42.3402089],[3.1901352,42.3403056],[3.1901983,42.3402773],[3.190203,42.3402089]]],[[[3.1902892,42.3402676],[3.1902167,42.340334],[3.190286,42.3403355],[3.1902892,42.3402676]]],[[[3.1901699,42.3403907],[3.1902145,42.3403728],[3.1902056,42.3403619],[3.1901699,42.3403907]]],[[[3.1901599,42.3414372],[3.1902324,42.3414454],[3.1902303,42.3414322],[3.1901599,42.3414372]]],[[[3.1898862,42.3416399],[3.1897013,42.3418092],[3.18983,42.3417677],[3.1898862,42.3416399]]],[[[3.1883132,42.3425667],[3.1882953,42.3426131],[3.1883405,42.3425917],[3.1883132,42.3425667]]],[[[3.1883676,42.3425851],[3.1883579,42.3426173],[3.188403,42.3425966],[3.1883676,42.3425851]]],[[[3.1870637,42.3491897],[3.1868933,42.3491952],[3.1869003,42.3492139],[3.1870637,42.3491897]]],[[[3.1871772,42.3491895],[3.1870975,42.3492533],[3.1871375,42.3492698],[3.1871772,42.3491895]]],[[[3.1871184,42.3493058],[3.1871048,42.3493205],[3.1871675,42.3493398],[3.1871184,42.3493058]]],[[[3.2865431,39.4722925],[3.286481,39.4723758],[3.2866836,39.4723859],[3.2865431,39.4722925]]],[[[3.2720142,39.7361583],[3.2720341,39.7363182],[3.2720461,39.7361844],[3.2720142,39.7361583]]],[[[3.229943,41.9543385],[3.2299127,41.9543491],[3.2299289,41.9543753],[3.229943,41.9543385]]],[[[3.2301332,41.9544544],[3.2301608,41.9544518],[3.2301408,41.9544194],[3.2301332,41.9544544]]],[[[3.2299037,41.9545402],[3.2300136,41.9544807],[3.2299762,41.9544507],[3.2299037,41.9545402]]],[[[3.2297389,41.9544637],[3.2296943,41.9545095],[3.229743,41.9545268],[3.2297389,41.9544637]]],[[[3.2295152,41.9545607],[3.22951,41.9545698],[3.2295271,41.9545703],[3.2295152,41.9545607]]],[[[3.2295675,41.9545443],[3.2295432,41.9545899],[3.2295656,41.9545942],[3.2295675,41.9545443]]],[[[3.2294246,41.9545719],[3.2294311,41.9545705],[3.2294252,41.9545659],[3.2294246,41.9545719]]],[[[3.2293565,41.9545815],[3.2293537,41.9545994],[3.2293856,41.9545993],[3.2293565,41.9545815]]],[[[3.2294492,41.9545977],[3.2294671,41.9545986],[3.2294521,41.9545841],[3.2294492,41.9545977]]],[[[3.2294266,41.9546347],[3.229459,41.9546533],[3.2294548,41.9546287],[3.2294266,41.9546347]]],[[[3.2293724,41.9546347],[3.2293577,41.9546361],[3.2293599,41.9546532],[3.2293724,41.9546347]]],[[[3.2294083,41.9546645],[3.2294212,41.9546761],[3.2294216,41.9546634],[3.2294083,41.9546645]]],[[[3.2295015,41.9547153],[3.229538,41.9547225],[3.229527,41.9547021],[3.2295015,41.9547153]]],[[[3.2293812,41.9547503],[3.2293484,41.9547614],[3.2293588,41.9547782],[3.2293812,41.9547503]]],[[[3.2294943,41.9550481],[3.2294643,41.9550418],[3.229459,41.9550496],[3.2294943,41.9550481]]],[[[3.2296268,41.9550473],[3.2295196,41.9550634],[3.2295456,41.9551171],[3.2296268,41.9550473]]],[[[3.2299441,41.9552641],[3.2300041,41.9552301],[3.2299677,41.9551778],[3.2299441,41.9552641]]],[[[3.2297581,41.9553067],[3.2296943,41.9553175],[3.2297123,41.9553429],[3.2297581,41.9553067]]],[[[3.2297125,41.9554031],[3.229696,41.9554069],[3.2297054,41.9554102],[3.2297125,41.9554031]]],[[[3.2300035,41.9554428],[3.2300305,41.9554598],[3.230039,41.9554573],[3.2300035,41.9554428]]],[[[3.2298476,41.9554761],[3.2298629,41.9554787],[3.2298579,41.9554721],[3.2298476,41.9554761]]],[[[3.2299019,41.9554936],[3.2299173,41.9554948],[3.2299074,41.9554879],[3.2299019,41.9554936]]],[[[3.2300968,41.9555408],[3.2300782,41.955572],[3.2300996,41.9555794],[3.2300968,41.9555408]]],[[[3.2298766,41.955568],[3.2298728,41.9555814],[3.2298845,41.955579],[3.2298766,41.955568]]],[[[3.2300252,41.9555781],[3.2300326,41.9555845],[3.2300314,41.9555678],[3.2300252,41.9555781]]],[[[3.2313171,41.9563617],[3.2312013,41.956385],[3.2313926,41.9564861],[3.2313171,41.9563617]]],[[[3.2315263,41.9567289],[3.2315853,41.9567434],[3.2315495,41.9566795],[3.2315263,41.9567289]]],[[[3.2320414,41.9571987],[3.232151,41.9570827],[3.2320545,41.9569869],[3.2320414,41.9571987]]],[[[3.2318615,41.9595195],[3.2318403,41.9595176],[3.2318368,41.9595302],[3.2318615,41.9595195]]],[[[3.2315925,41.9596958],[3.2316203,41.9597161],[3.2316412,41.9596644],[3.2315925,41.9596958]]],[[[3.2315571,41.9597473],[3.2315374,41.9597155],[3.231518,41.9597412],[3.2315571,41.9597473]]],[[[3.2314762,41.9598664],[3.2315076,41.9597683],[3.2314176,41.9597856],[3.2314762,41.9598664]]],[[[3.2310845,41.9600967],[3.2312916,41.9600748],[3.2312222,41.9599709],[3.2310845,41.9600967]]],[[[3.2303028,41.9602677],[3.2303269,41.9602656],[3.2303118,41.9602605],[3.2303028,41.9602677]]],[[[3.2307472,41.9603313],[3.2307756,41.9602519],[3.2307019,41.9602912],[3.2307472,41.9603313]]],[[[3.2303364,41.9603234],[3.2303454,41.9603053],[3.2303367,41.9603014],[3.2303364,41.9603234]]],[[[3.2305414,41.9603887],[3.2305327,41.9603849],[3.2305301,41.9603982],[3.2305414,41.9603887]]],[[[3.233417,41.9621044],[3.2333889,41.9621752],[3.2334942,41.9621747],[3.233417,41.9621044]]],[[[3.2338938,41.9621498],[3.2337476,41.9622634],[3.2337919,41.9622884],[3.2338938,41.9621498]]],[[[3.2334499,41.9622924],[3.2335056,41.9623268],[3.233574,41.9622375],[3.2334499,41.9622924]]],[[[3.2338811,41.9623168],[3.2337376,41.9623387],[3.2338938,41.962421],[3.2338811,41.9623168]]],[[[3.2340749,41.9624001],[3.2340661,41.962434],[3.234148,41.9624604],[3.2340749,41.9624001]]],[[[3.2294665,41.9627301],[3.2294892,41.9627297],[3.2294528,41.9627071],[3.2294665,41.9627301]]],[[[3.2295122,41.962734],[3.2296424,41.9628269],[3.2296714,41.9627939],[3.2295122,41.962734]]],[[[3.2296477,41.9629479],[3.2294533,41.9629919],[3.2295984,41.9630304],[3.2296477,41.9629479]]],[[[3.2308104,41.9681641],[3.2307481,41.968122],[3.2307301,41.9681538],[3.2308104,41.9681641]]],[[[3.23063,41.9681874],[3.2306183,41.968226],[3.230688,41.9682263],[3.23063,41.9681874]]],[[[3.2308678,41.9682508],[3.2308423,41.9683051],[3.2310181,41.9683365],[3.2308678,41.9682508]]],[[[3.2316598,41.9684357],[3.2317174,41.9684146],[3.2316802,41.9683804],[3.2316598,41.9684357]]],[[[3.2314388,41.9685968],[3.2315708,41.9685881],[3.2315497,41.968561],[3.2314388,41.9685968]]],[[[3.231177,41.9686543],[3.2312505,41.9686448],[3.2311787,41.9686161],[3.231177,41.9686543]]],[[[3.2313068,41.9686899],[3.2314994,41.9687583],[3.2315111,41.968734],[3.2313068,41.9686899]]],[[[3.231379,41.9688022],[3.2315322,41.9688668],[3.2315241,41.9688342],[3.231379,41.9688022]]],[[[3.2313302,41.9689047],[3.2314651,41.9690321],[3.2314782,41.9689784],[3.2313302,41.9689047]]],[[[3.2310852,41.9692544],[3.2310589,41.9692675],[3.2311039,41.9693099],[3.2310852,41.9692544]]],[[[3.2316175,41.969378],[3.2317378,41.9693992],[3.2317232,41.9693471],[3.2316175,41.969378]]],[[[3.2313185,41.9693954],[3.2313717,41.9693921],[3.2313302,41.9693347],[3.2313185,41.9693954]]],[[[3.2306922,41.9692985],[3.2306144,41.9693605],[3.2308498,41.9694402],[3.2306922,41.9692985]]],[[[3.2311909,41.9694534],[3.231266,41.9694274],[3.2312266,41.9693775],[3.2311909,41.9694534]]],[[[3.2309371,41.9694143],[3.2309128,41.9694487],[3.2309634,41.9694493],[3.2309371,41.9694143]]],[[[3.231029,41.9694436],[3.2310197,41.9694511],[3.2310378,41.9694514],[3.231029,41.9694436]]],[[[3.2316051,41.9694843],[3.2316532,41.9694355],[3.2315854,41.969429],[3.2316051,41.9694843]]],[[[3.230918,41.9694747],[3.2309634,41.9694852],[3.2309588,41.9694681],[3.230918,41.9694747]]],[[[3.2313367,41.9695022],[3.2313535,41.9694859],[3.2312558,41.9694767],[3.2313367,41.9695022]]],[[[3.2310106,41.9694673],[3.2309877,41.9694727],[3.2310225,41.9694965],[3.2310106,41.9694673]]],[[[3.2309626,41.9695017],[3.2308678,41.9694843],[3.2308627,41.9695065],[3.2309626,41.9695017]]],[[[3.230846,41.9695382],[3.2308424,41.969533],[3.2308228,41.96954],[3.230846,41.9695382]]],[[[3.2312083,41.9695281],[3.2311748,41.9695544],[3.231234,41.9695918],[3.2312083,41.9695281]]],[[[3.2311357,41.9696176],[3.2311633,41.9695908],[3.2311331,41.9695868],[3.2311357,41.9696176]]],[[[3.2303501,41.9697536],[3.2303742,41.9697363],[3.2303715,41.9697189],[3.2303501,41.9697536]]],[[[3.2302793,41.9698773],[3.2303092,41.9698595],[3.2302964,41.9698496],[3.2302793,41.9698773]]],[[[3.2303285,41.9698827],[3.2303405,41.969898],[3.2303578,41.9698733],[3.2303285,41.9698827]]],[[[3.2301423,41.9702007],[3.22958,41.9701978],[3.2298129,41.9703189],[3.2301423,41.9702007]]],[[[3.2305617,42.2439766],[3.2306181,42.2438075],[3.2301693,42.2440643],[3.2305617,42.2439766]]],[[[3.2301196,42.2445177],[3.2300899,42.2445946],[3.230128,42.2446065],[3.2301196,42.2445177]]],[[[3.2536402,42.2467947],[3.2536382,42.2468293],[3.2536899,42.2468146],[3.2536402,42.2467947]]],[[[3.255846,42.2481293],[3.2559239,42.2481444],[3.2559213,42.2481218],[3.255846,42.2481293]]],[[[3.2555628,42.2506118],[3.2555731,42.2506504],[3.2556111,42.250628],[3.2555628,42.2506118]]],[[[3.2812004,42.2578354],[3.2812351,42.2578202],[3.2812146,42.2577993],[3.2812004,42.2578354]]],[[[3.2837064,42.2600143],[3.2831066,42.2601527],[3.2832232,42.2602289],[3.2837064,42.2600143]]],[[[3.2839459,42.2608183],[3.2840048,42.2608183],[3.2839927,42.2607875],[3.2839459,42.2608183]]],[[[3.2845684,42.2608455],[3.2845321,42.2608599],[3.2845936,42.2609139],[3.2845684,42.2608455]]],[[[3.2841755,42.2609127],[3.2841613,42.2609154],[3.284248,42.2609757],[3.2841755,42.2609127]]],[[[3.2842306,42.2611355],[3.2842296,42.2611946],[3.2842879,42.2611973],[3.2842306,42.2611355]]],[[[3.2845731,42.2617788],[3.2846624,42.261813],[3.2846624,42.261794],[3.2845731,42.2617788]]],[[[3.285144,42.2624715],[3.2851335,42.2624919],[3.2851939,42.2624945],[3.285144,42.2624715]]],[[[3.2876017,42.2655894],[3.2876063342489026,42.26550009208375],[3.2875691,42.2655848],[3.2876017,42.2655894]]],[[[3.2863929,42.2677686],[3.2863585,42.2678386],[3.2864982,42.2678465],[3.2863929,42.2677686]]],[[[3.2865122,42.2680207],[3.2865831,42.2679157],[3.2865261,42.2679245],[3.2865122,42.2680207]]],[[[3.282923,42.27287],[3.2829736,42.2729111],[3.2830242,42.2728245],[3.282923,42.27287]]],[[[3.2830781,42.2729864],[3.2830418,42.2731028],[3.2831111,42.2730686],[3.2830781,42.2729864]]],[[[3.2836703,42.2735628],[3.283604,42.2735682],[3.2836483,42.2735941],[3.2836703,42.2735628]]],[[[3.2837885,42.273753],[3.283452,42.27353],[3.2832606,42.2737928],[3.2837885,42.273753]]],[[[3.2816445,42.2740085],[3.2815846,42.2741574],[3.281699,42.2741635],[3.2816445,42.2740085]]],[[[3.2807438,42.276062],[3.2807438,42.2760953],[3.2808197,42.27604],[3.2807438,42.276062]]],[[[3.2805404,42.2761535],[3.2806217,42.2761759],[3.2806085,42.276121],[3.2805404,42.2761535]]],[[[3.2804043,42.2763317],[3.2804656,42.276311],[3.280456,42.2762996],[3.2804043,42.2763317]]],[[[3.2803943,42.2764166],[3.2804327,42.2763867],[3.2804047,42.2763836],[3.2803943,42.2764166]]],[[[3.2803902,42.2771564],[3.2799784,42.2773281],[3.2801038,42.2773371],[3.2803902,42.2771564]]],[[[3.2799756,42.2775527],[3.2798453,42.2775181],[3.2797183,42.2776768],[3.2799756,42.2775527]]],[[[3.2908654,42.2795861],[3.290929311812534,42.27957099357158],[3.290900451738829,42.27949242828629],[3.2908654,42.2795861]]],[[[3.2786367,42.2807786],[3.2786319,42.280804],[3.2786878,42.2808005],[3.2786367,42.2807786]]],[[[3.2870505,42.2810785],[3.2869537,42.281245],[3.2870127,42.2812546],[3.2870505,42.2810785]]],[[[3.2868688,42.2811034],[3.2866978,42.2813535],[3.2867909,42.2813031],[3.2868688,42.2811034]]],[[[3.2860969,42.2813799],[3.285993,42.2813991],[3.2860904,42.2815024],[3.2860969,42.2813799]]],[[[3.2859761,42.2814706],[3.2859123,42.2814986],[3.2859469,42.2815843],[3.2859761,42.2814706]]],[[[3.2794431,42.2823539],[3.2802372,42.2815771],[3.2790012,42.2819839],[3.2794431,42.2823539]]],[[[3.2931552,42.2928547],[3.2968451,42.2933296],[3.2958905390016007,42.29076669583324],[3.2931552,42.2928547]]],[[[3.2972786,42.2931676],[3.2967582,42.2936468],[3.2970989,42.2934642],[3.2972786,42.2931676]]],[[[3.296764,42.29445],[3.2965937,42.2938928],[3.2955089,42.2948547],[3.296764,42.29445]]],[[[3.2954006,42.2948705],[3.2954249,42.2948371],[3.2953832,42.2948234],[3.2954006,42.2948705]]],[[[3.2953084,42.2948401],[3.2953084,42.2948607],[3.2953409,42.2948641],[3.2953084,42.2948401]]],[[[3.2953965,42.2950938],[3.2954185,42.2950012],[3.295367,42.2950042],[3.2953965,42.2950938]]],[[[3.291942,42.2953665],[3.2920173,42.2952137],[3.2917766,42.2955626],[3.291942,42.2953665]]],[[[3.2918293,42.2956321],[3.2918828,42.2955919],[3.291852,42.2955884],[3.2918293,42.2956321]]],[[[3.2910036,42.2984581],[3.2912555,42.2983735],[3.29067,42.2984858],[3.2910036,42.2984581]]],[[[3.2915473,42.2987691],[3.2915343,42.2987865],[3.2916956,42.2987973],[3.2915473,42.2987691]]],[[[3.2920157,42.298984],[3.2920769,42.2989906],[3.2920664,42.2989618],[3.2920157,42.298984]]],[[[3.2921827,42.2994717],[3.2921721,42.2994956],[3.2923123,42.2994735],[3.2921827,42.2994717]]],[[[3.2920587,42.2995292],[3.29216,42.2995016],[3.2921203,42.2994878],[3.2920587,42.2995292]]],[[[3.2919882,42.2998592],[3.2918524,42.2998817],[3.2919432,42.2998976],[3.2919882,42.2998592]]],[[[3.292288,42.2998616],[3.2921543,42.2998817],[3.2921612,42.2998907],[3.292288,42.2998616]]],[[[3.2925567,42.3000513],[3.2923468,42.3001499],[3.2924055,42.3001835],[3.2925567,42.3000513]]],[[[3.2926535,42.3002368],[3.2924376,42.3002863],[3.2925073,42.300328],[3.2926535,42.3002368]]],[[[3.2918541,42.3029452],[3.2920738,42.3027605],[3.2915217,42.3029025],[3.2918541,42.3029452]]],[[[3.2915743,42.3029762],[3.2915103,42.3030855],[3.2916547,42.3030549],[3.2915743,42.3029762]]],[[[3.2917334,42.3031353],[3.2917108,42.3031655],[3.2918308,42.3031617],[3.2917334,42.3031353]]],[[[3.2895422,42.3040692],[3.2894871,42.3041501],[3.2895649,42.3041633],[3.2895422,42.3040692]]],[[[3.2968772,42.3044657],[3.296859,42.3045335],[3.2969575,42.3045218],[3.2968772,42.3044657]]],[[[3.3009632,42.3045244],[3.3010458,42.3045554],[3.3010656,42.3045005],[3.3009632,42.3045244]]],[[[3.290099,42.3047591],[3.2901128,42.3047954],[3.2901533,42.3047714],[3.290099,42.3047591]]],[[[3.2902165,42.3047618],[3.2902242,42.3048029],[3.2902582,42.3047873],[3.2902165,42.3047618]]],[[[3.3009439,42.3049675],[3.3008154,42.3050416],[3.3010362,42.3050986],[3.3009439,42.3049675]]],[[[3.295091,42.3049551],[3.2950877,42.3049243],[3.2949098,42.3051706],[3.295091,42.3049551]]],[[[3.3010453,42.3053992],[3.3011177,42.305202],[3.3008261,42.3051538],[3.3010453,42.3053992]]],[[[3.2999176,42.3058323],[3.2998917,42.3058851],[3.2999748,42.3058506],[3.2999176,42.3058323]]],[[[3.3003281,42.3058794],[3.3002973,42.3059552],[3.3003711,42.3058959],[3.3003281,42.3058794]]],[[[3.3003824,42.3059435],[3.3003764,42.3059636],[3.3004538,42.3059471],[3.3003824,42.3059435]]],[[[3.2905796,42.3067569],[3.2906469,42.3067215],[3.2906242,42.3066921],[3.2905796,42.3067569]]],[[[3.2914707,42.3069723],[3.291437,42.3070173],[3.2914654,42.3070212],[3.2914707,42.3069723]]],[[[3.299479,42.3069786],[3.2993542,42.3069843],[3.2994923,42.3070423],[3.299479,42.3069786]]],[[[3.2913256,42.3070383],[3.2912964,42.3070416],[3.2913937,42.3070832],[3.2913256,42.3070383]]],[[[3.300586,42.3075044],[3.3006138,42.3073771],[3.3002191,42.3076953],[3.300586,42.3075044]]],[[[3.3021727,42.3077731],[3.3022376,42.3077662],[3.3022364,42.3077593],[3.3021727,42.3077731]]],[[[3.3018323,42.3077845],[3.3017378,42.3078335],[3.3018052,42.3078381],[3.3018323,42.3077845]]],[[[3.3092761,42.3119397],[3.3089953,42.312196],[3.309194,42.3121922],[3.3092761,42.3119397]]],[[[3.3099329,42.312295],[3.3103138874622178,42.31205456420348],[3.3097849,42.3123379],[3.3099329,42.312295]]],[[[3.3091793,42.3126444],[3.3092535,42.3125749],[3.3092189,42.3125745],[3.3091793,42.3126444]]],[[[3.3100054,42.312685],[3.310049,42.3124246],[3.3096561,42.3124983],[3.3100054,42.312685]]],[[[3.3086876,42.3232926],[3.3086811,42.3233363],[3.3088983,42.3232782],[3.3086876,42.3232926]]],[[[3.3089951,42.3234493],[3.309017,42.3234304],[3.3089956,42.3234193],[3.3089951,42.3234493]]],[[[3.3081746,42.3263821],[3.3081729,42.326418],[3.3083399,42.326412],[3.3081746,42.3263821]]],[[[3.3010452,42.3268651],[3.3009191,42.3269752],[3.3009973,42.3270286],[3.3010452,42.3268651]]],[[[3.2993084,42.3271668],[3.2990356,42.3272811],[3.2990747,42.3272982],[3.2993084,42.3271668]]],[[[3.2989718,42.3273268],[3.2985137,42.3275375],[3.2985243,42.3275701],[3.2989718,42.3273268]]],[[[3.3051491,42.3282131],[3.3066888,42.3275912],[3.3044483,42.3271779],[3.3051491,42.3282131]]],[[[3.3038259,42.3277262],[3.3038746,42.3277582],[3.3038708,42.3276566],[3.3038259,42.3277262]]],[[[3.3037826,42.3279105],[3.3038012,42.3279113],[3.3038164,42.3278737],[3.3037826,42.3279105]]],[[[3.2988571,42.3278908],[3.2984506,42.3278734],[3.298541,42.3280093],[3.2988571,42.3278908]]],[[[3.2974766,42.3278975],[3.2974477,42.3279565],[3.2975738,42.3279677],[3.2974766,42.3278975]]],[[[3.3058583,42.328166],[3.3059221,42.3281907],[3.3059616,42.3281093],[3.3058583,42.328166]]],[[[3.2986451,42.3283452],[3.298076,42.3281391],[3.2978132,42.3284109],[3.2986451,42.3283452]]],[[[3.2980191,42.3300949],[3.2979378,42.3301623],[3.298057,42.3303038],[3.2980191,42.3300949]]],[[[3.2966446,42.3304577],[3.2966241,42.3305111],[3.2967047,42.3305459],[3.2966446,42.3304577]]],[[[3.2507724,42.3319072],[3.2508248,42.3319103],[3.2508137,42.3318798],[3.2507724,42.3319072]]],[[[3.2855896,42.3321807],[3.2855912,42.3321544],[3.2855321,42.332152],[3.2855896,42.3321807]]],[[[3.2858234,42.3321948],[3.2858267,42.3322164],[3.2858883,42.3321798],[3.2858234,42.3321948]]],[[[3.2851075,42.3323768],[3.2851133,42.3322742],[3.2848687,42.332311],[3.2851075,42.3323768]]],[[[3.2857652,42.333441],[3.2870557,42.3327608],[3.2868242,42.3322158],[3.2857652,42.333441]]],[[[3.2799391,42.3329895],[3.2797266,42.333144],[3.2798489,42.3331972],[3.2799391,42.3329895]]],[[[3.2796833,42.3332459],[3.2797717,42.3332074],[3.2797422,42.3331908],[3.2796833,42.3332459]]],[[[3.241083,42.3376648],[3.2413119,42.3374022],[3.2407209,42.3370867],[3.241083,42.3376648]]],[[[3.2419854,42.3379052],[3.2414629,42.3379211],[3.2415855,42.3379923],[3.2419854,42.3379052]]],[[[3.2406007,42.3389692],[3.2400806,42.3390147],[3.2401245,42.3391463],[3.2406007,42.3389692]]],[[[3.2400767,42.3394772],[3.2400759,42.3395393],[3.2401283,42.3395336],[3.2400767,42.3394772]]],[[[3.2431615,42.339742],[3.2433706,42.3392999],[3.2417741,42.3397622],[3.2431615,42.339742]]],[[[3.2398764,42.3400041],[3.239834,42.3400662],[3.2399688,42.3400354],[3.2398764,42.3400041]]],[[[3.2396598,42.3403663],[3.2396899,42.3404301],[3.2397808,42.3403635],[3.2396598,42.3403663]]],[[[3.2394772,42.3404905],[3.2395866,42.340544],[3.2396313,42.3404734],[3.2394772,42.3404905]]],[[[3.2380694,42.3410976],[3.237906,42.3412691],[3.2380024,42.34126],[3.2380694,42.3410976]]],[[[3.2376518,42.3425437],[3.2376394,42.3425611],[3.2377357,42.3425671],[3.2376518,42.3425437]]],[[[3.4576611,39.7037292],[3.4575793,39.7036064],[3.4574921,39.7036859],[3.4576611,39.7037292]]],[[[3.4611132,39.7210186],[3.461173,39.7206045],[3.4610874,39.7206218],[3.4611132,39.7210186]]],[[[3.4592823,39.7216184],[3.4593938,39.721526],[3.4591878,39.7213807],[3.4592823,39.7216184]]],[[[3.4564512,39.7271842],[3.4564512,39.727138],[3.4563826,39.7271248],[3.4564512,39.7271842]]],[[[4.2951062,39.8219415],[4.2950978,39.8220072],[4.2952918,39.8219783],[4.2951062,39.8219415]]],[[[4.295898,39.8276401],[4.2961319,39.8271186],[4.2958134,39.8272085],[4.295898,39.8276401]]],[[[4.2999235,39.8410373],[4.3002195,39.8410727],[4.3000912,39.8409338],[4.2999235,39.8410373]]],[[[4.3007621,39.8414565],[4.300910400380995,39.84143784973097],[4.3007654,39.8411282],[4.3007621,39.8414565]]],[[[4.1562445,39.8547801],[4.156447,39.8547263],[4.1563805,39.85469],[4.1562445,39.8547801]]],[[[4.1473657,39.8604823],[4.1473523,39.8605085],[4.147363,39.8605173],[4.1473657,39.8604823]]],[[[4.1466039,39.8606218],[4.1466026,39.8604586],[4.1464564,39.8604148],[4.1466039,39.8606218]]],[[[4.3016847,39.8759882],[4.3013901,39.8816416],[4.302638446156835,39.88137093142419],[4.3016847,39.8759882]]],[[[4.2983642,39.8829115],[4.2992876,39.8812954],[4.298329,39.8814981],[4.2983642,39.8829115]]],[[[4.2887582,39.8867017],[4.2887368,39.8867284],[4.2887636,39.8867367],[4.2887582,39.8867017]]],[[[4.2887931,39.8867922],[4.2887985,39.8867717],[4.2887573,39.886758],[4.2887931,39.8867922]]],[[[4.2861635,39.88648],[4.2887113,39.8868425],[4.2878334,39.8857278],[4.2861635,39.88648]]],[[[4.2884518,39.887184],[4.2884682,39.8871744],[4.2884486,39.8871492],[4.2884518,39.887184]]],[[[4.3105368,39.8871504],[4.3107673,39.8872062],[4.3106816,39.8871827],[4.3105368,39.8871504]]],[[[4.3108347,39.888428],[4.3109281,39.8888925],[4.3115783,39.8890015],[4.3108347,39.888428]]],[[[4.3114005,39.8892643],[4.3122295,39.8892741],[4.3117236,39.8892325],[4.3114005,39.8892643]]],[[[4.3083591,39.8917846],[4.309017,39.8920939],[4.308561,39.8917852],[4.3083591,39.8917846]]],[[[4.2773115,39.8944813],[4.2774159,39.8943673],[4.2774114,39.8943551],[4.2773115,39.8944813]]],[[[4.2945948,39.9085389],[4.2943588,39.9086233],[4.2945278,39.9087611],[4.2945948,39.9085389]]],[[[4.2940906,39.90915],[4.2941335,39.909045],[4.2939109,39.9090121],[4.2940906,39.90915]]],[[[4.2943454,39.90908],[4.2942756,39.9090862],[4.2943132,39.9091314],[4.2943454,39.90908]]],[[[4.2924946,39.9098618],[4.2926797,39.9099235],[4.2927414,39.9098433],[4.2924946,39.9098618]]],[[[4.2927735,39.9104914],[4.2926179,39.9104358],[4.2925938,39.9105037],[4.2927735,39.9104914]]],[[[4.2928199,39.9107027],[4.2930398,39.910678],[4.2928942,39.9105737],[4.2928199,39.9107027]]],[[[4.2918187,39.9109419],[4.2917436,39.9109481],[4.291926,39.9109913],[4.2918187,39.9109419]]],[[[4.2905668,39.9116676],[4.2904427,39.9116085],[4.2904641,39.9116476],[4.2905668,39.9116676]]],[[[4.2910362,39.9118569],[4.2911776,39.9118019],[4.2911508,39.9117587],[4.2910362,39.9118569]]],[[[4.2914815,39.9118733],[4.291537,39.912055],[4.291875,39.9120056],[4.2914815,39.9118733]]],[[[4.289495,39.9116305],[4.2894994,39.9126445],[4.2903896,39.9126871],[4.2899047,39.9124854],[4.2897878,39.9119457],[4.2902787,39.9112672],[4.289495,39.9116305]]],[[[4.2901476,39.9124747],[4.290422,39.9124823],[4.2903246,39.91245],[4.2901476,39.9124747]]],[[[4.2905526,39.9124808],[4.2903389,39.9125152],[4.2906446,39.9126119],[4.2905526,39.9124808]]],[[[4.2900189,39.9128141],[4.2897828,39.9127154],[4.2894851,39.9128388],[4.2900189,39.9128141]]],[[[4.2941843,39.9159184],[4.2942514,39.9158938],[4.2941736,39.9158773],[4.2941843,39.9159184]]],[[[4.294845,39.9159755],[4.2947932,39.9159452],[4.2948021,39.9159838],[4.294845,39.9159755]]],[[[4.2943193,39.9159714],[4.2941315,39.9159488],[4.2942039,39.9160372],[4.2943193,39.9159714]]],[[[4.2944472,39.9159658],[4.2943533,39.9159596],[4.2943989,39.9160275],[4.2944472,39.9159658]]],[[[4.2938732,39.9160604],[4.2940583,39.9160172],[4.2939725,39.9159637],[4.2938732,39.9160604]]],[[[4.2894479,39.9162511],[4.2895825,39.9162183],[4.2894663,39.9161962],[4.2894479,39.9162511]]],[[[4.294069,39.9164122],[4.2940851,39.9163937],[4.2940449,39.9163854],[4.294069,39.9164122]]],[[[4.2908538,39.9166585],[4.2898177,39.9162826],[4.2897802,39.916587],[4.2908538,39.9166585]]],[[[4.2899097,39.9167552],[4.2899625,39.9167475],[4.2899545,39.9167228],[4.2899097,39.9167552]]],[[[4.2904293,39.9167886],[4.290389,39.9167866],[4.2903917,39.9168236],[4.2904293,39.9167886]]],[[[4.2907753,39.9168318],[4.2908209,39.9167886],[4.2906841,39.9167866],[4.2907753,39.9168318]]],[[[4.2864505,39.9181248],[4.2863751,39.9181509],[4.2864416,39.9182061],[4.2864505,39.9181248]]],[[[4.2882118,39.9181712],[4.2877972,39.9182363],[4.2879175,39.9182798],[4.2882118,39.9181712]]],[[[4.2876024,39.9263178],[4.2874626,39.9264761],[4.287669,39.9267415],[4.2876024,39.9263178]]],[[[4.2821591,39.9293809],[4.2814778,39.9291855],[4.2815771,39.9294365],[4.2821591,39.9293809]]],[[[3.981375,39.936062],[3.9366086,39.9382691],[3.935184683117214,39.935794915720265],[3.869314,39.925523],[3.830658,39.936062],[3.839122,39.975572],[3.850515,39.983873],[3.8300470312563633,39.992883875432895],[3.8354133,39.994302],[3.8252367,39.9962306],[3.8359781,40.0024845],[3.8217002,39.9955416],[3.812918,40.001207],[3.803396,40.01317],[3.803152,40.018134],[3.8104695,40.0267569],[3.8091147613286447,40.033473215851686],[3.8187977,40.0397064],[3.8177152,40.0427742],[3.821869,40.047634],[3.8695009969611296,40.05578577094787],[3.8787585,40.0522661],[3.8817801,40.0555761],[3.882722,40.0530808],[3.8847732,40.0552295],[3.8819304932906262,40.05791296303596],[3.884685631978246,40.05838447926337],[3.904405799613769,40.05548358992406],[3.9095222,40.0484021],[3.9132042,40.051458],[3.9141352,40.0465952],[3.9168741,40.0484353],[3.9211187,40.0454437],[3.9243749,40.0499917],[3.9206196849357586,40.05239315580022],[3.9679053553244326,40.05610402792654],[3.9788404,40.0509023],[3.9871695,40.0522282],[3.9876151,40.0561802],[3.9933448887934073,40.05810046479378],[4.010281328548559,40.05942959815892],[4.0162583,40.0555566],[4.0167421262230345,40.05938881262764],[4.0406556520302415,40.05856449603056],[4.0411723,40.0557912],[4.053633,40.0518709],[4.0574615,40.0583983],[4.0637513,40.0594773],[4.066602,40.0562632],[4.0718601,40.0601338],[4.0762524,40.0594777],[4.075797971514833,40.06368665717161],[4.087402068258857,40.070412101279594],[4.0893952,40.0689743],[4.093491778495206,40.07421108658452],[4.0926793,40.070343],[4.0964446,40.0691904],[4.0928412,40.059779],[4.0992736,40.0580068],[4.0989814,40.0503544],[4.103115,40.044728],[4.107928,40.0451874],[4.1073572,40.0498392],[4.1112326,40.0550584],[4.124197462689193,40.05508311512885],[4.129969965871942,40.05153309556902],[4.1238309,40.0370318],[4.1201395,40.0357392],[4.1261176,40.0257468],[4.1333502,40.0293167],[4.130256,40.0310388],[4.134876862213412,40.035463807747256],[4.135427,40.028225],[4.142263,40.024807],[4.1619757,40.0414512],[4.1606714,40.0336519],[4.1641281,40.0336144],[4.1647256,40.0366297],[4.1698079,40.0338456],[4.171071,40.0363633],[4.1740043,40.0332261],[4.1684524,40.0280075],[4.1754225,40.0239974],[4.18543,40.023504],[4.1827351,40.0253727],[4.188654225782384,40.03383788710881],[4.195500120790131,40.03041493960494],[4.193175,40.0236949],[4.1980872,40.0249863],[4.1974818,40.0212918],[4.201281,40.020463],[4.2020431,40.0228335],[4.2030099,40.0186545],[4.1936567,40.0097073],[4.2021965,40.0137612],[4.1976188,40.0069201],[4.2014755,39.9956577],[4.2035363,39.9976958],[4.2053899,39.9931319],[4.2073143,39.9952244],[4.20045,40.005782],[4.2033215,40.0094587],[4.2059018,40.0054821],[4.2085741,40.0071938],[4.2054557,40.0095555],[4.2073498,40.0130851],[4.2128378,40.0066135],[4.209204,40.0030344],[4.2199244,40.0021185],[4.2167347,39.9998428],[4.2205801,39.996577],[4.2294989,39.9954664],[4.231527,39.9988732],[4.246133315233969,40.000605106810646],[4.256972972888196,39.99488768940942],[4.2550356,39.9906778],[4.2602595,39.9856314],[4.2583882,39.9825741],[4.2661725,39.9819029],[4.2590894,39.9788884],[4.2603401,39.9748994],[4.2546652,39.9638181],[4.2656399,39.9630889],[4.2627342,39.9591984],[4.2699976,39.9595825],[4.270296039402758,39.954684459480525],[4.254568,39.949693],[4.270112,39.943752],[4.283241650022157,39.94446308195154],[4.2752663,39.9390588],[4.2743949,39.9334041],[4.2854873,39.9249126],[4.2854214,39.9178521],[4.2900193,39.9170282],[4.2854858,39.9121167],[4.2926177,39.9103474],[4.292446,39.9098639],[4.292514,39.9093743],[4.2939762,39.9087719],[4.2942284,39.9052609],[4.2958104,39.9052198],[4.2932824,39.9031413],[4.2983702,39.8975051],[4.3084708,39.8990278],[4.3064073,39.8926951],[4.3095455,39.8904932],[4.3103054,39.8862106],[4.3118948,39.8854855],[4.302908,39.8876],[4.302707132337773,39.88295818733657],[4.2966777,39.8852285],[4.2960579,39.891876],[4.2904751,39.8884046],[4.2781245,39.8952377],[4.2768233,39.894748],[4.2777813,39.8926279],[4.2705678,39.8939797],[4.2702572,39.8917986],[4.2565719,39.8971764],[4.2563821,39.8951687],[4.2692812,39.8896962],[4.2764247,39.8907431],[4.2748331,39.8844603],[4.2784032,39.8867212],[4.2890565,39.8836963],[4.2958856,39.8792467],[4.2931335,39.8783273],[4.2969835,39.8770419],[4.2953389,39.8748856],[4.3006663,39.8740662],[4.301903218566401,39.864380696650095],[4.298638,39.8638838],[4.301881050402652,39.86386841676355],[4.300919346234016,39.841644577749705],[4.298146,39.8409517],[4.300808436151833,39.83908157772138],[4.300541284819272,39.832908028306925],[4.2962895,39.8278983],[4.2928543,39.8289708],[4.2967469,39.8253797],[4.293659826835337,39.82111112737157],[4.248139,39.816474],[4.177175,39.843329],[4.1682306,39.8497269],[4.1685262,39.8524503],[4.165779474778459,39.849124016366844],[4.1499104,39.8594199],[4.1470096,39.8608415],[4.1450033,39.8605363],[4.1469459,39.8648089],[4.1425632,39.8620197],[4.134617105533509,39.864971152527175],[4.1326746,39.8708923],[4.1294798679852995,39.86758361444477],[4.078952858645759,39.89327833587254],[4.0785775,39.8958499],[4.015066,39.925767],[3.981375,39.936062]]],[[[4.163829,40.060574],[4.1727785,40.0605573],[4.164417530667948,40.05615956796991],[4.163829,40.060574]]],[[[4.1657934,40.0544088],[4.164711273934502,40.05395626786148],[4.164534707316908,40.055280653105285],[4.1657934,40.0544088]]],[[[4.1651555,40.0535462],[4.164814118426029,40.053184855185414],[4.164760091427942,40.05359009916645],[4.1651555,40.0535462]]],[[[4.164994119722183,40.051834707214404],[4.166728,40.0506425],[4.165219276266185,40.0501458602031],[4.164994119722183,40.051834707214404]]],[[[4.165761689531283,40.04607734411482],[4.1663825,40.044312],[4.163783730529115,40.04363775564067],[4.165761689531283,40.04607734411482]]],[[[4.3203062,39.8796707],[4.328026,39.8770765],[4.324492459952338,39.87501210234917],[4.3203062,39.8796707]]],[[[3.8287201,39.9934192],[3.828567,39.9934941],[3.8286419,39.9935365],[3.8287201,39.9934192]]],[[[4.1990595,40.0064987],[4.1987225,40.0069958],[4.1996675,40.0069329],[4.1990595,40.0064987]]],[[[4.2049518,40.0141184],[4.2053533,40.0136407],[4.2048294,40.013622],[4.2049518,40.0141184]]],[[[4.2043953,40.0147198],[4.2045934,40.0142132],[4.2041955,40.0136868],[4.2043953,40.0147198]]],[[[4.2124327,40.0147825],[4.2134269,40.0150746],[4.2128847,40.014447],[4.2124327,40.0147825]]],[[[4.211475918399639,40.01857247898088],[4.2119948,40.016237],[4.2082869,40.0139956],[4.2087608,40.0167286],[4.211475918399639,40.01857247898088]]],[[[4.210503229703585,40.01984650252739],[4.2083115,40.0196592],[4.2090274,40.0215358],[4.210503229703585,40.01984650252739]]],[[[4.1937008,40.0242419],[4.1936687,40.0242645],[4.1939369,40.0245726],[4.1937008,40.0242419]]],[[[4.1371207,40.0445359],[4.1374544,40.0448686],[4.1375593128242985,40.043835512411064],[4.1371207,40.0445359]]],[[[4.1360475,40.0464302],[4.1372621885604275,40.04704846691501],[4.1373306,40.0453252],[4.1360475,40.0464302]]],[[[3.9151373,40.0511261],[3.9156054,40.0505101],[3.9151119,40.0505522],[3.9151373,40.0511261]]],[[[4.1006926,40.0524534],[4.1003439,40.0524924],[4.10128,40.0527244],[4.1006926,40.0524534]]],[[[4.0441127,40.0562105],[4.044731,40.0556521],[4.0444601,40.0553287],[4.0441127,40.0562105]]],[[[4.1679788,40.0575634],[4.1688817,40.0573462],[4.1683414,40.0568788],[4.1679788,40.0575634]]],[[[4.0435964,40.0578395],[4.043481655278456,40.05846708164676],[4.0414771,40.0576441],[4.0435964,40.0578395]]],[[[4.0420497,40.0583897],[4.041336,40.0583153],[4.0414379323436105,40.05853753026018],[4.0420497,40.0583897]]],[[[4.0747289,40.0598003],[4.0746324,40.0599186],[4.0747633,40.0598839],[4.0747289,40.0598003]]],[[[3.3129826,42.3163322],[3.3127643,42.3164631],[3.3128368,42.3165392],[3.3129826,42.3163322]]],[[[3.3111835,42.3246643],[3.3110125,42.3247581],[3.3112602,42.3247868],[3.3111835,42.3246643]]],[[[3.3113218,42.325221],[3.3113263,42.3252339],[3.311416,42.3252114],[3.3113218,42.325221]]],[[[3.3116257,42.325403],[3.3115816,42.3254271],[3.3117039,42.3254783],[3.3116257,42.325403]]],[[[1.967972,42.485702],[1.999495,42.443896],[1.986163,42.441261],[1.960634,42.443715],[1.947509,42.451234],[1.945648,42.463817],[1.956604,42.481775],[1.967972,42.485702]]]]}}]}