{"type":"FeatureCollection","features":[{"type":"Feature","properties":{"region_key":"ES120","name_pt":"Asturias","name_es":"Asturias","name_en":"Asturias","kind":"district_province","source_nuts_id":"ES120"},"geometry":{"type":"Polygon","coordinates":[[[-5.84244,43.65735],[-5.82892,43.63965],[-5.82581,43.63965],[-5.82098,43.64386],[-5.81537,43.64041],[-5.81155,43.64175],[-5.80879,43.63309],[-5.79744,43.63561],[-5.79304,43.63014],[-5.78242,43.62883],[-5.7827,43.62329],[-5.79056,43.61415],[-5.76962,43.60555],[-5.77088,43.60057],[-5.76218,43.59436],[-5.75675,43.58463],[-5.74678,43.5838],[-5.73551,43.5743],[-5.71285,43.5696],[-5.70865,43.57259],[-5.69854,43.57301],[-5.70042,43.55981],[-5.69625,43.55188],[-5.69038,43.55298],[-5.69334,43.5461],[-5.69157,43.54365],[-5.67181,43.54303],[-5.66315,43.54791],[-5.6503,43.54309],[-5.63849,43.55073],[-5.62691,43.55131],[-5.61861,43.55612],[-5.60758,43.55],[-5.59158,43.54796],[-5.54884,43.55001],[-5.5308,43.54648],[-5.51676,43.55244],[-5.50873,43.54948],[-5.49853,43.55012],[-5.49133,43.54578],[-5.46799,43.55253],[-5.43091,43.55177],[-5.41,43.55582],[-5.39916,43.5523],[-5.3975,43.54394],[-5.38306,43.53586],[-5.3718,43.53926],[-5.35687,43.53282],[-5.34558,43.53525],[-5.32928,43.53428],[-5.31189,43.53395],[-5.29637,43.53604],[-5.26727,43.51978],[-5.26714,43.50737],[-5.24912,43.5008],[-5.24188,43.49348],[-5.22515,43.48551],[-5.22302,43.47963],[-5.21487,43.47371],[-5.19133,43.47756],[-5.16838,43.47628],[-5.14749,43.47778],[-5.12292,43.4842],[-5.11455,43.47692],[-5.08377,43.47493],[-5.07102,43.4662],[-5.06198,43.46885],[-5.05165,43.46311],[-5.03708,43.46092],[-4.98116,43.45952],[-4.97349,43.46184],[-4.93784,43.45922],[-4.92832,43.46252],[-4.92649,43.45881],[-4.91386,43.45375],[-4.88218,43.4466],[-4.87259,43.4417],[-4.85123,43.44177],[-4.84365,43.44661],[-4.83502,43.43717],[-4.76816,43.42943],[-4.75427,43.42474],[-4.73837,43.41487],[-4.72372,43.41623],[-4.71086,43.41057],[-4.67777,43.40957],[-4.65642,43.40298],[-4.62634,43.3982],[-4.58143,43.39961],[-4.57776,43.39487],[-4.56218,43.39121],[-4.5567,43.39787],[-4.54943,43.39699],[-4.54537,43.40025],[-4.5372,43.40053],[-4.5123,43.3932],[-4.51178,43.37993],[-4.52361,43.3669],[-4.53431,43.36719],[-4.53148,43.35978],[-4.53734,43.3557],[-4.53511,43.35163],[-4.53946,43.34396],[-4.53665,43.34238],[-4.52302,43.33801],[-4.52237,43.3357],[-4.523,43.33331],[-4.52705,43.32753],[-4.52019,43.31457],[-4.51912,43.30984],[-4.51859,43.29396],[-4.52152,43.28041],[-4.53724,43.27026],[-4.54737,43.26898],[-4.55247,43.27647],[-4.55427,43.28689],[-4.56792,43.2908],[-4.58028,43.29039],[-4.60365,43.29858],[-4.62326,43.28745],[-4.63322,43.278],[-4.63325,43.2673],[-4.6481,43.268],[-4.65958,43.26434],[-4.67629,43.26765],[-4.69255,43.26501],[-4.70604,43.26687],[-4.71306,43.26069],[-4.73094,43.25734],[-4.7226,43.24058],[-4.72194,43.22973],[-4.72962,43.2235],[-4.72864,43.21589],[-4.73589,43.20713],[-4.73647,43.19694],[-4.7335,43.19424],[-4.73554,43.18873],[-4.7439,43.18464],[-4.75397,43.1843],[-4.77778,43.19148],[-4.79271,43.18452],[-4.81562,43.18271],[-4.82295,43.17856],[-4.84102,43.18078],[-4.8408,43.19007],[-4.84973,43.194],[-4.85989,43.20548],[-4.86146,43.21787],[-4.87029,43.22701],[-4.89351,43.23761],[-4.90891,43.23786],[-4.92103,43.22705],[-4.94272,43.22477],[-4.95359,43.21437],[-4.96378,43.2114],[-4.97076,43.20295],[-4.98126,43.19904],[-4.99538,43.18578],[-4.99762,43.17026],[-5.00397,43.17615],[-5.02144,43.18305],[-5.04097,43.1841],[-5.05367,43.18143],[-5.06099,43.17475],[-5.07656,43.17762],[-5.07589,43.16788],[-5.07894,43.16111],[-5.09271,43.14352],[-5.09216,43.13021],[-5.09875,43.11628],[-5.09669,43.10732],[-5.10527,43.10215],[-5.13846,43.10264],[-5.14853,43.11403],[-5.1608,43.10981],[-5.16894,43.10256],[-5.18769,43.09949],[-5.2012,43.09017],[-5.20396,43.09053],[-5.20683,43.09238],[-5.21099,43.08678],[-5.2181,43.08429],[-5.2358,43.0859],[-5.24782,43.08862],[-5.26597,43.08735],[-5.26804,43.08678],[-5.28419,43.07845],[-5.30993,43.08335],[-5.32469,43.07997],[-5.33838,43.08334],[-5.33926,43.08678],[-5.3454,43.09318],[-5.36567,43.09384],[-5.38318,43.08678],[-5.39046,43.04927],[-5.39886,43.04783],[-5.44628,43.05507],[-5.4659,43.05091],[-5.47709,43.05475],[-5.48032,43.05241],[-5.48227,43.03977],[-5.49376,43.02129],[-5.50953,43.02834],[-5.52722,43.02588],[-5.54165,43.01879],[-5.56848,43.02239],[-5.57739,43.03239],[-5.60371,43.03536],[-5.62948,43.03396],[-5.64314,43.0378],[-5.65047,43.04373],[-5.68838,43.05687],[-5.72782,43.04157],[-5.73475,43.03204],[-5.73656,43.02305],[-5.74636,43.01794],[-5.75094,43.00641],[-5.76434,42.98779],[-5.76348,42.97159],[-5.80401,42.96262],[-5.82324,42.96724],[-5.84442,42.96508],[-5.86498,42.98084],[-5.88849,42.97919],[-5.89166,42.99196],[-5.91022,42.99251],[-5.9225,43.00393],[-5.95587,43.01794],[-5.95984,43.029],[-5.9687,43.04033],[-5.96352,43.04866],[-5.96348,43.05419],[-5.97257,43.05953],[-5.97457,43.06447],[-5.98835,43.06684],[-5.99677,43.05847],[-6.00426,43.05805],[-6.01937,43.05418],[-6.05222,43.06741],[-6.06738,43.06633],[-6.08129,43.0759],[-6.08455,43.06982],[-6.09125,43.06575],[-6.09081,43.05789],[-6.09424,43.04933],[-6.09064,43.03793],[-6.09736,43.03139],[-6.11404,43.02849],[-6.12038,43.02426],[-6.13627,43.02164],[-6.1503,43.03369],[-6.16239,43.0342],[-6.16753,43.04182],[-6.18642,43.04913],[-6.19608,43.04312],[-6.21754,43.04532],[-6.22862,43.02122],[-6.22763,43.00987],[-6.23743,43.01361],[-6.25973,43.01545],[-6.28476,43.03448],[-6.29759,43.02784],[-6.32568,43.03277],[-6.33242,43.04456],[-6.34785,43.05044],[-6.35907,43.05952],[-6.37474,43.0414],[-6.38969,43.04041],[-6.39626,43.0373],[-6.39121,43.02758],[-6.3945,43.01794],[-6.41037,43.01565],[-6.40976,42.99873],[-6.42294,42.98911],[-6.43725,42.99139],[-6.45074,42.98288],[-6.46125,42.9848],[-6.47143,42.99077],[-6.47673,42.99032],[-6.47789,42.98289],[-6.47315,42.9759],[-6.473,42.9677],[-6.43535,42.96443],[-6.44098,42.94838],[-6.43309,42.93971],[-6.44159,42.93952],[-6.44503,42.93763],[-6.44736,42.93707],[-6.44927,42.93606],[-6.47889,42.93302],[-6.48541,42.92905],[-6.49071,42.92085],[-6.5097,42.92787],[-6.51967,42.92582],[-6.5347,42.9217],[-6.54271,42.91271],[-6.56905,42.91473],[-6.58049,42.91839],[-6.60511,42.91635],[-6.61373,42.92397],[-6.62768,42.92012],[-6.63876,42.92541],[-6.68944,42.92222],[-6.71139,42.91541],[-6.72073,42.91641],[-6.74762,42.89491],[-6.75665,42.88301],[-6.77285,42.88351],[-6.76818,42.89294],[-6.77351,42.89984],[-6.82417,42.91501],[-6.83577,42.9163],[-6.84185,42.92815],[-6.83736,42.93606],[-6.83485,42.94274],[-6.83679,42.95789],[-6.86351,42.9819],[-6.88002,42.99012],[-6.89407,42.98835],[-6.91043,42.9907],[-6.93905,43.01128],[-6.94668,43.03047],[-6.95228,43.03425],[-6.95702,43.03319],[-6.96263,43.02595],[-6.9594,42.99702],[-6.96682,42.99403],[-6.98022,43.0027],[-6.98734,43.01342],[-6.99519,43.01932],[-6.99537,43.0265],[-6.98693,43.03109],[-6.98179,43.0389],[-6.9739,43.03215],[-6.96643,43.03533],[-6.96356,43.05014],[-6.96611,43.06129],[-6.95737,43.06324],[-6.95637,43.06752],[-6.95134,43.06916],[-6.95105,43.07546],[-6.94195,43.07939],[-6.93811,43.08663],[-6.93374,43.0821],[-6.9223,43.08087],[-6.9151,43.07442],[-6.89429,43.09051],[-6.87198,43.09218],[-6.86351,43.10189],[-6.84101,43.11529],[-6.82802,43.12381],[-6.82317,43.14273],[-6.83582,43.15688],[-6.83891,43.16614],[-6.85088,43.1695],[-6.86351,43.18111],[-6.86802,43.18158],[-6.86936,43.18915],[-6.87404,43.1865],[-6.8786,43.17251],[-6.88622,43.16614],[-6.885,43.15815],[-6.90119,43.1546],[-6.90911,43.1486],[-6.92062,43.1411],[-6.93565,43.1398],[-6.94082,43.13262],[-6.95785,43.13647],[-6.96155,43.14565],[-6.97334,43.15064],[-6.98006,43.16624],[-6.97533,43.1768],[-6.96532,43.18761],[-6.96592,43.19426],[-6.97154,43.20354],[-6.98586,43.20263],[-6.99315,43.20846],[-7.00154,43.20819],[-7.01032,43.22233],[-7.01618,43.22148],[-7.02099,43.21453],[-7.0334,43.22707],[-7.045,43.23055],[-7.06364,43.24705],[-7.07125,43.26945],[-7.0645,43.29961],[-7.05978,43.30533],[-7.07095,43.3062],[-7.07873,43.3008],[-7.08662,43.3003],[-7.09914,43.30264],[-7.1164,43.32637],[-7.13077,43.33168],[-7.13214,43.34736],[-7.12892,43.35524],[-7.13088,43.36281],[-7.12811,43.37144],[-7.13996,43.38272],[-7.1588,43.37514],[-7.1629,43.37922],[-7.17573,43.38323],[-7.1807,43.39624],[-7.16958,43.40464],[-7.17528,43.41372],[-7.16967,43.43006],[-7.14351,43.4301],[-7.1279,43.42458],[-7.10408,43.42667],[-7.10244,43.4289],[-7.1048,43.43257],[-7.09839,43.43371],[-7.09942,43.44089],[-7.09164,43.44489],[-7.09074,43.45374],[-7.08081,43.46168],[-7.0626,43.47325],[-7.05675,43.47207],[-7.04777,43.47825],[-7.04853,43.48673],[-7.04442,43.49628],[-7.04588,43.51209],[-7.03255,43.53423],[-7.03184,43.54447],[-7.0221,43.54935],[-7.02594,43.55567],[-7.02129,43.5591],[-6.99695,43.5543],[-6.95801,43.56254],[-6.9493,43.56801],[-6.9453,43.57446],[-6.93492,43.56983],[-6.92629,43.57355],[-6.91704,43.57243],[-6.90911,43.56674],[-6.90056,43.57018],[-6.89115,43.56941],[-6.87731,43.56338],[-6.86785,43.56779],[-6.8552,43.56725],[-6.85105,43.56358],[-6.8334,43.56683],[-6.82179,43.5629],[-6.81439,43.5556],[-6.80196,43.55646],[-6.78523,43.55662],[-6.78183,43.55911],[-6.78169,43.56467],[-6.76604,43.5683],[-6.76031,43.56251],[-6.74816,43.56558],[-6.7339,43.56339],[-6.72485,43.55628],[-6.71065,43.56256],[-6.70043,43.56327],[-6.68256,43.55905],[-6.66283,43.56624],[-6.62566,43.5713],[-6.61666,43.56271],[-6.61053,43.56141],[-6.60358,43.56414],[-6.60249,43.55719],[-6.59558,43.55369],[-6.57551,43.55726],[-6.56076,43.55572],[-6.55372,43.5522],[-6.54373,43.5536],[-6.53651,43.54653],[-6.52502,43.55016],[-6.5143,43.54763],[-6.49988,43.55153],[-6.49158,43.54924],[-6.48197,43.55256],[-6.47427,43.5506],[-6.47445,43.5613],[-6.46997,43.56984],[-6.46138,43.56858],[-6.45875,43.56486],[-6.44572,43.56161],[-6.42916,43.55292],[-6.42219,43.55358],[-6.41574,43.55793],[-6.38969,43.55857],[-6.37281,43.55558],[-6.36894,43.55202],[-6.35364,43.5512],[-6.34463,43.55408],[-6.33376,43.56022],[-6.30453,43.56334],[-6.29458,43.56966],[-6.2849,43.57025],[-6.2686,43.57768],[-6.25664,43.57766],[-6.24675,43.58424],[-6.24403,43.59417],[-6.22802,43.58777],[-6.2195,43.57957],[-6.20862,43.58103],[-6.20242,43.57304],[-6.19653,43.57427],[-6.19287,43.57946],[-6.19011,43.5787],[-6.19146,43.56753],[-6.18647,43.56355],[-6.16926,43.56856],[-6.15434,43.5676],[-6.13732,43.56429],[-6.1318,43.55879],[-6.12423,43.55996],[-6.12129,43.55569],[-6.10818,43.55667],[-6.10294,43.55981],[-6.09412,43.55818],[-6.08223,43.56439],[-6.0765,43.56452],[-6.06477,43.56573],[-6.05344,43.57105],[-6.03795,43.57775],[-6.03583,43.58323],[-6.02908,43.58556],[-6.01973,43.58637],[-6.01487,43.5811],[-6.0004,43.57863],[-5.99671,43.57431],[-5.98536,43.5791],[-5.9586,43.57918],[-5.9478,43.58413],[-5.9402,43.59298],[-5.93234,43.59185],[-5.92955,43.58868],[-5.93012,43.59185],[-5.94441,43.59519],[-5.94509,43.59776],[-5.93473,43.60045],[-5.92592,43.59925],[-5.9147,43.60672],[-5.91212,43.61626],[-5.91548,43.62032],[-5.91356,43.62359],[-5.90521,43.62347],[-5.90051,43.62659],[-5.88243,43.62341],[-5.86498,43.63476],[-5.85999,43.6357],[-5.85798,43.63965],[-5.86016,43.65142],[-5.85098,43.65814],[-5.84244,43.65735]]]}},{"type":"Feature","properties":{"region_key":"ES423","name_pt":"Cuenca","name_es":"Cuenca","name_en":"Cuenca","kind":"district_province","source_nuts_id":"ES423"},"geometry":{"type":"Polygon","coordinates":[[[-2.15693,40.65871],[-2.1521,40.65771],[-2.14699,40.65798],[-2.14362,40.65717],[-2.13373,40.65593],[-2.12595,40.65373],[-2.12126,40.65121],[-2.11935,40.65066],[-2.1112,40.65044],[-2.11011,40.6514],[-2.09119,40.64638],[-2.0918,40.64328],[-2.08318,40.63474],[-2.07095,40.62848],[-2.06879,40.62913],[-2.06346,40.62753],[-2.05752,40.62412],[-2.05744,40.61829],[-2.05376,40.61615],[-2.05225,40.61491],[-2.04951,40.61126],[-2.04749,40.60923],[-2.04431,40.60688],[-2.03579,40.60158],[-2.03125,40.59945],[-2.02796,40.59884],[-2.02337,40.599],[-2.01877,40.5969],[-2.01406,40.5957],[-2.00763,40.59222],[-2.00556,40.59143],[-2.00099,40.59162],[-1.99645,40.59026],[-1.99236,40.58942],[-1.98552,40.58545],[-1.97346,40.58979],[-1.96792,40.59101],[-1.9649,40.59499],[-1.96811,40.60859],[-1.96219,40.61102],[-1.95344,40.6008],[-1.94314,40.60009],[-1.9243,40.5923],[-1.91694,40.58216],[-1.91496,40.56916],[-1.9056,40.54677],[-1.90816,40.5419],[-1.90128,40.54064],[-1.89831,40.53475],[-1.88906,40.52952],[-1.88855,40.52746],[-1.88716,40.526],[-1.88189,40.51774],[-1.88425,40.51011],[-1.88716,40.50687],[-1.88873,40.50576],[-1.88078,40.49313],[-1.87368,40.47204],[-1.86287,40.46239],[-1.86465,40.4499],[-1.8554,40.42593],[-1.84612,40.41923],[-1.83634,40.42407],[-1.8192,40.4069],[-1.80566,40.39799],[-1.79156,40.39726],[-1.78879,40.3927],[-1.7783,40.39147],[-1.76838,40.38309],[-1.74193,40.35066],[-1.72111,40.34095],[-1.69831,40.32091],[-1.69824,40.31675],[-1.70518,40.31423],[-1.71989,40.31717],[-1.72923,40.30174],[-1.72518,40.28518],[-1.71818,40.27773],[-1.71203,40.2801],[-1.70914,40.29379],[-1.70258,40.3037],[-1.69198,40.30825],[-1.66757,40.29518],[-1.65985,40.28469],[-1.63837,40.26552],[-1.60603,40.24288],[-1.59236,40.23572],[-1.5724,40.21474],[-1.54046,40.19082],[-1.53156,40.19301],[-1.52255,40.20175],[-1.51097,40.20342],[-1.47432,40.18528],[-1.43918,40.19703],[-1.44249,40.16534],[-1.44234,40.15762],[-1.44883,40.14536],[-1.45661,40.1348],[-1.45321,40.12785],[-1.44261,40.11827],[-1.40978,40.10405],[-1.40757,40.10142],[-1.41904,40.09374],[-1.41352,40.08609],[-1.41202,40.0802],[-1.4007,40.06709],[-1.39837,40.06326],[-1.39751,40.05978],[-1.39619,40.05753],[-1.39421,40.05509],[-1.39371,40.05313],[-1.39054,40.04958],[-1.38576,40.04199],[-1.38311,40.03898],[-1.38126,40.02718],[-1.37926,40.02171],[-1.37683,40.01651],[-1.36432,40.0122],[-1.35893,40.01235],[-1.33794,40.01662],[-1.30797,40.01048],[-1.28636,40.00819],[-1.27578,40.00406],[-1.26181,39.99777],[-1.24831,39.99544],[-1.20712,40.00185],[-1.19172,40.00154],[-1.17392,40.01022],[-1.16515,40.01011],[-1.16329,39.99984],[-1.14732,39.98861],[-1.14236,39.97186],[-1.15447,39.96389],[-1.20203,39.94976],[-1.20695,39.94511],[-1.20796,39.92831],[-1.20112,39.92274],[-1.19665,39.91355],[-1.2,39.88676],[-1.19989,39.87551],[-1.19759,39.87302],[-1.20029,39.86989],[-1.20102,39.85648],[-1.21084,39.83819],[-1.21068,39.83327],[-1.2162,39.80797],[-1.23347,39.78392],[-1.24921,39.77222],[-1.26203,39.75645],[-1.27503,39.73734],[-1.27128,39.73007],[-1.27128,39.71419],[-1.26196,39.69892],[-1.27207,39.68605],[-1.27955,39.6779],[-1.29195,39.67255],[-1.30782,39.67083],[-1.31279,39.6705],[-1.3188,39.67195],[-1.32577,39.6731],[-1.34268,39.68161],[-1.3583,39.68579],[-1.3685,39.68963],[-1.38493,39.67879],[-1.39864,39.66898],[-1.40397,39.666],[-1.4179,39.65495],[-1.43649,39.62883],[-1.44095,39.61906],[-1.44565,39.61123],[-1.45296,39.59152],[-1.45616,39.58549],[-1.45903,39.58172],[-1.46206,39.57664],[-1.47011,39.57181],[-1.47677,39.56914],[-1.48347,39.56918],[-1.49616,39.56627],[-1.50434,39.56392],[-1.50145,39.55845],[-1.50362,39.55291],[-1.52082,39.54888],[-1.50356,39.5461],[-1.50521,39.54032],[-1.50205,39.53445],[-1.50571,39.52063],[-1.50275,39.51439],[-1.5071,39.50976],[-1.50026,39.501],[-1.50125,39.49533],[-1.50375,39.4926],[-1.51045,39.49493],[-1.51039,39.49129],[-1.50621,39.488],[-1.51164,39.48349],[-1.5053,39.47853],[-1.51198,39.47271],[-1.51402,39.45855],[-1.52622,39.45701],[-1.52807,39.45222],[-1.5198,39.44872],[-1.52343,39.44307],[-1.51662,39.43799],[-1.52041,39.4344],[-1.51955,39.43125],[-1.5146,39.42946],[-1.51079,39.43428],[-1.50557,39.42969],[-1.49785,39.42872],[-1.50524,39.41764],[-1.51592,39.41616],[-1.52082,39.41401],[-1.52994,39.41063],[-1.53465,39.40755],[-1.55565,39.40187],[-1.57055,39.39281],[-1.61288,39.3682],[-1.61571,39.36619],[-1.62491,39.36173],[-1.63408,39.35837],[-1.63815,39.35657],[-1.64739,39.35344],[-1.65985,39.35061],[-1.66813,39.34692],[-1.67398,39.34554],[-1.69592,39.33759],[-1.71658,39.32496],[-1.73926,39.32118],[-1.75513,39.3086],[-1.76309,39.30151],[-1.76664,39.2935],[-1.76782,39.28977],[-1.76983,39.28053],[-1.78636,39.2835],[-1.80682,39.2854],[-1.81241,39.28634],[-1.81699,39.28625],[-1.83077,39.28685],[-1.84517,39.28614],[-1.84884,39.28783],[-1.85419,39.28932],[-1.87111,39.29498],[-1.88696,39.30497],[-1.90963,39.30366],[-1.93685,39.30398],[-1.95582,39.30074],[-1.96658,39.30006],[-1.98978,39.2937],[-1.99506,39.30983],[-2.00935,39.31817],[-2.01881,39.32544],[-2.02474,39.33345],[-2.0271,39.33472],[-2.02892,39.33809],[-2.02032,39.35185],[-2.03057,39.35466],[-2.04434,39.35919],[-2.05455,39.35649],[-2.06667,39.35552],[-2.07424,39.3563],[-2.07642,39.35733],[-2.08116,39.35861],[-2.09625,39.35894],[-2.0874,39.347],[-2.08709,39.33888],[-2.07912,39.33179],[-2.07392,39.32025],[-2.07701,39.30768],[-2.06727,39.29724],[-2.06646,39.28853],[-2.06013,39.28483],[-2.05755,39.27759],[-2.05777,39.2722],[-2.05095,39.2667],[-2.05525,39.26579],[-2.07412,39.26591],[-2.09509,39.26973],[-2.11229,39.27234],[-2.11714,39.27329],[-2.12148,39.27464],[-2.13652,39.27494],[-2.15214,39.27583],[-2.16867,39.2811],[-2.17102,39.28037],[-2.17379,39.28003],[-2.17862,39.27829],[-2.18192,39.27351],[-2.18184,39.26933],[-2.18752,39.26883],[-2.19612,39.26741],[-2.20596,39.26644],[-2.20804,39.26165],[-2.21892,39.26154],[-2.24539,39.24494],[-2.27886,39.23074],[-2.28075,39.23085],[-2.28867,39.22668],[-2.30174,39.25033],[-2.30191,39.26318],[-2.31956,39.27893],[-2.32118,39.28376],[-2.33173,39.28508],[-2.34929,39.278],[-2.35949,39.25991],[-2.36176,39.24724],[-2.37427,39.23282],[-2.38437,39.243],[-2.41178,39.25892],[-2.44397,39.2857],[-2.44702,39.28702],[-2.45252,39.2906],[-2.45534,39.29321],[-2.45647,39.29491],[-2.46645,39.30582],[-2.46847,39.30697],[-2.4718,39.30806],[-2.47477,39.3097],[-2.48055,39.31373],[-2.48321,39.31522],[-2.48637,39.31803],[-2.49179,39.32499],[-2.49429,39.32767],[-2.50024,39.33239],[-2.50566,39.33831],[-2.51104,39.34218],[-2.51614,39.33815],[-2.52155,39.33313],[-2.52897,39.32798],[-2.53206,39.32902],[-2.54754,39.32382],[-2.552,39.3238],[-2.55468,39.32491],[-2.56789,39.32763],[-2.57066,39.32865],[-2.57258,39.33014],[-2.58574,39.33645],[-2.5896,39.33697],[-2.59343,39.33867],[-2.60019,39.33964],[-2.62,39.33931],[-2.6349,39.32816],[-2.66216,39.32226],[-2.6845,39.32226],[-2.69304,39.31889],[-2.70462,39.3223],[-2.73135,39.32109],[-2.74293,39.3183],[-2.75595,39.3362],[-2.76342,39.35815],[-2.77206,39.37021],[-2.77637,39.39281],[-2.77787,39.39543],[-2.79085,39.39772],[-2.79298,39.39718],[-2.79256,39.39281],[-2.79442,39.39157],[-2.79842,39.39115],[-2.7998,39.39005],[-2.80477,39.38173],[-2.81357,39.37504],[-2.82707,39.35982],[-2.83366,39.35926],[-2.84646,39.34898],[-2.85773,39.34809],[-2.86541,39.35573],[-2.88218,39.35013],[-2.89287,39.35875],[-2.89572,39.36674],[-2.88564,39.38365],[-2.87145,39.38467],[-2.87235,39.39281],[-2.88549,39.4054],[-2.89015,39.42054],[-2.89753,39.42303],[-2.9005,39.42857],[-2.90733,39.42978],[-2.91583,39.4476],[-2.93189,39.45354],[-2.9297,39.46746],[-2.93177,39.47145],[-2.93497,39.48205],[-2.9358,39.49382],[-2.93435,39.50477],[-2.93638,39.5112],[-2.93164,39.51871],[-2.93529,39.52568],[-2.92908,39.52995],[-2.92751,39.54963],[-2.92479,39.55575],[-2.92118,39.56011],[-2.92085,39.58171],[-2.92551,39.60183],[-2.92327,39.60245],[-2.92127,39.60431],[-2.91647,39.60955],[-2.91375,39.61376],[-2.91613,39.6174],[-2.91671,39.62068],[-2.91786,39.62309],[-2.91554,39.62529],[-2.91486,39.63196],[-2.91199,39.63772],[-2.90824,39.64236],[-2.92049,39.64777],[-2.9475,39.67482],[-2.95475,39.68619],[-2.9689,39.6898],[-2.97622,39.69617],[-2.97816,39.70362],[-2.99855,39.7206],[-3.00891,39.74412],[-3.01553,39.76478],[-3.02091,39.77109],[-3.03912,39.78635],[-3.03883,39.79218],[-3.05178,39.81284],[-3.05865,39.8354],[-3.07557,39.85461],[-3.09737,39.8689],[-3.11253,39.8746],[-3.12723,39.87471],[-3.12524,39.87801],[-3.12219,39.88596],[-3.11293,39.89434],[-3.11329,39.89952],[-3.10689,39.90317],[-3.10703,39.91321],[-3.10042,39.92306],[-3.09741,39.93426],[-3.09811,39.95232],[-3.09484,39.95598],[-3.09816,39.97642],[-3.0966,39.98697],[-3.1421,39.98578],[-3.151,40.01122],[-3.16559,40.03033],[-3.16928,40.04835],[-3.16142,40.0649],[-3.15796,40.06445],[-3.14945,40.06599],[-3.14075,40.06318],[-3.11803,40.0614],[-3.0952,40.06852],[-3.06231,40.08934],[-3.05298,40.09939],[-3.05714,40.11289],[-3.06194,40.11533],[-3.0778,40.13475],[-3.09646,40.1442],[-3.09461,40.1506],[-3.0966,40.15462],[-3.08864,40.16273],[-3.08445,40.16279],[-3.0761,40.15681],[-3.06781,40.15802],[-3.06377,40.16828],[-3.02591,40.15679],[-3.02092,40.15577],[-3.0191,40.15469],[-3.01652,40.15248],[-3.01276,40.17263],[-3.02031,40.18211],[-3.01977,40.19321],[-3.00891,40.19924],[-3.00547,40.20812],[-2.99819,40.20911],[-2.98061,40.19386],[-2.95968,40.18266],[-2.94538,40.16891],[-2.91921,40.15931],[-2.90526,40.15814],[-2.88759,40.16466],[-2.87487,40.17364],[-2.86313,40.20014],[-2.82598,40.20227],[-2.82235,40.2056],[-2.8193,40.22019],[-2.81299,40.22823],[-2.80294,40.26228],[-2.80592,40.2713],[-2.80482,40.28742],[-2.80894,40.31142],[-2.8085,40.32695],[-2.81102,40.32816],[-2.81204,40.33161],[-2.81477,40.33193],[-2.81125,40.34151],[-2.81747,40.34841],[-2.81693,40.36382],[-2.81267,40.3714],[-2.81165,40.38486],[-2.80779,40.38963],[-2.80927,40.39436],[-2.80535,40.39916],[-2.8071,40.40463],[-2.79905,40.41581],[-2.79844,40.42324],[-2.78765,40.42793],[-2.78881,40.4321],[-2.77685,40.44665],[-2.761,40.44089],[-2.76893,40.42179],[-2.75935,40.41227],[-2.73608,40.40015],[-2.72512,40.39758],[-2.72062,40.40114],[-2.72416,40.40955],[-2.7179,40.40776],[-2.71354,40.4106],[-2.71353,40.41729],[-2.70578,40.41523],[-2.69112,40.39725],[-2.68077,40.40273],[-2.70214,40.42053],[-2.70154,40.4287],[-2.68326,40.42922],[-2.67719,40.43564],[-2.68425,40.44263],[-2.67519,40.44738],[-2.67136,40.44693],[-2.66504,40.43713],[-2.65131,40.44003],[-2.64154,40.44808],[-2.63398,40.44476],[-2.62604,40.44873],[-2.59818,40.44394],[-2.58705,40.44987],[-2.55642,40.43483],[-2.54762,40.43435],[-2.54665,40.42934],[-2.54228,40.42585],[-2.53258,40.42699],[-2.51981,40.42345],[-2.51053,40.42919],[-2.50509,40.44807],[-2.51073,40.45755],[-2.51622,40.46006],[-2.51977,40.46433],[-2.52198,40.46627],[-2.527,40.46915],[-2.54159,40.47464],[-2.54446,40.47465],[-2.53562,40.49318],[-2.52961,40.49826],[-2.54004,40.5076],[-2.54627,40.51898],[-2.53709,40.53566],[-2.52724,40.5443],[-2.51383,40.51656],[-2.49597,40.50883],[-2.46308,40.52284],[-2.44786,40.52515],[-2.43537,40.53455],[-2.42508,40.53962],[-2.41182,40.52565],[-2.38,40.54361],[-2.3814,40.54768],[-2.39366,40.56337],[-2.41531,40.57976],[-2.41628,40.58843],[-2.41607,40.59353],[-2.41245,40.60213],[-2.40971,40.60549],[-2.40655,40.60834],[-2.40437,40.60919],[-2.40091,40.61257],[-2.39873,40.61378],[-2.3964,40.61211],[-2.39315,40.61162],[-2.38739,40.60935],[-2.38492,40.60959],[-2.38081,40.60727],[-2.37644,40.6077],[-2.37456,40.60699],[-2.37257,40.60717],[-2.36714,40.60126],[-2.36107,40.59818],[-2.35705,40.59529],[-2.35439,40.59274],[-2.35396,40.58954],[-2.35708,40.58579],[-2.35984,40.58065],[-2.35288,40.57523],[-2.33385,40.56746],[-2.30765,40.57387],[-2.29766,40.57286],[-2.28635,40.59165],[-2.29436,40.61316],[-2.294,40.62432],[-2.29001,40.62998],[-2.27848,40.63557],[-2.2746,40.64477],[-2.25536,40.63277],[-2.23281,40.62387],[-2.22567,40.61939],[-2.21381,40.61919],[-2.18977,40.63031],[-2.18495,40.62896],[-2.17034,40.62989],[-2.15693,40.65871]]]}},{"type":"Feature","properties":{"region_key":"ES243","name_pt":"Zaragoza","name_es":"Zaragoza","name_en":"Zaragoza","kind":"district_province","source_nuts_id":"ES243"},"geometry":{"type":"Polygon","coordinates":[[[-0.90304,42.70149],[-0.88012,42.69393],[-0.88774,42.66915],[-0.89395,42.66277],[-0.9038,42.65688],[-0.92764,42.65621],[-0.91128,42.63301],[-0.90533,42.61488],[-0.90587,42.61076],[-0.91468,42.6023],[-0.9053,42.59973],[-0.90802,42.58928],[-0.92451,42.58715],[-0.9332,42.57431],[-0.93066,42.5704],[-0.92245,42.57055],[-0.91785,42.55613],[-0.89969,42.55921],[-0.89536,42.54762],[-0.89857,42.53943],[-0.91252,42.53823],[-0.91849,42.53489],[-0.92711,42.52348],[-0.93342,42.50585],[-0.91701,42.50353],[-0.90213,42.51114],[-0.89298,42.50983],[-0.89125,42.48987],[-0.89629,42.48014],[-0.87821,42.46755],[-0.87802,42.46206],[-0.88189,42.45703],[-0.89518,42.45962],[-0.9036,42.45291],[-0.90497,42.44925],[-0.89745,42.44359],[-0.90562,42.43643],[-0.88277,42.42044],[-0.84419,42.40815],[-0.83615,42.39613],[-0.82872,42.39469],[-0.82133,42.3973],[-0.81533,42.39494],[-0.82345,42.38425],[-0.83269,42.38242],[-0.84332,42.38463],[-0.84265,42.3682],[-0.84957,42.35941],[-0.85491,42.34174],[-0.87896,42.31819],[-0.88862,42.3026],[-0.89207,42.29475],[-0.88999,42.28714],[-0.91281,42.26464],[-0.918,42.25548],[-0.89955,42.24966],[-0.89573,42.24229],[-0.89027,42.24088],[-0.88748,42.24447],[-0.89031,42.24936],[-0.88816,42.25504],[-0.89039,42.26281],[-0.88334,42.27465],[-0.87491,42.28135],[-0.85821,42.27558],[-0.84329,42.28202],[-0.81308,42.26447],[-0.80487,42.27283],[-0.78755,42.30656],[-0.78108,42.31736],[-0.77986,42.32172],[-0.77529,42.33346],[-0.7718,42.34669],[-0.77253,42.35233],[-0.77187,42.35554],[-0.77189,42.36267],[-0.77301,42.3643],[-0.77705,42.36548],[-0.77798,42.36923],[-0.7793,42.37152],[-0.77991,42.37469],[-0.78094,42.37669],[-0.77825,42.37854],[-0.77799,42.38351],[-0.78068,42.38605],[-0.77566,42.38999],[-0.74686,42.37783],[-0.73723,42.36977],[-0.74403,42.36156],[-0.73588,42.35309],[-0.73835,42.34454],[-0.7436,42.33909],[-0.73857,42.31875],[-0.72892,42.29771],[-0.73144,42.29068],[-0.7479,42.27706],[-0.75194,42.2636],[-0.75936,42.26363],[-0.75796,42.2594],[-0.75917,42.25694],[-0.758,42.25106],[-0.75965,42.2483],[-0.76121,42.23471],[-0.7619,42.23132],[-0.76033,42.2111],[-0.75153,42.1995],[-0.75345,42.18522],[-0.75855,42.17853],[-0.7516,42.17291],[-0.75781,42.17054],[-0.7575,42.16619],[-0.74834,42.15694],[-0.75511,42.15253],[-0.75612,42.1487],[-0.75844,42.14612],[-0.75511,42.13649],[-0.75272,42.13399],[-0.75353,42.13135],[-0.75956,42.12998],[-0.7539,42.12398],[-0.75737,42.11525],[-0.75519,42.10949],[-0.76171,42.10023],[-0.75511,42.09136],[-0.76787,42.08677],[-0.76276,42.07904],[-0.76594,42.06572],[-0.77798,42.05611],[-0.78815,42.05332],[-0.79612,42.05779],[-0.80352,42.07206],[-0.80477,42.09643],[-0.82721,42.08296],[-0.84455,42.06023],[-0.85541,42.05322],[-0.85629,42.04826],[-0.84915,42.04081],[-0.85094,42.02634],[-0.88492,42.00356],[-0.86484,41.99858],[-0.84461,41.98474],[-0.81525,41.97394],[-0.7961,41.96276],[-0.77774,41.95748],[-0.73793,41.95368],[-0.7254,41.96044],[-0.70081,41.95664],[-0.66349,41.9586],[-0.6578,41.95748],[-0.65213,41.94736],[-0.62975,41.91345],[-0.59637,41.89884],[-0.5962,41.8946],[-0.60127,41.88401],[-0.59179,41.88114],[-0.58454,41.87624],[-0.55634,41.87113],[-0.54576,41.86212],[-0.52758,41.85144],[-0.5171,41.8366],[-0.51586,41.82864],[-0.517,41.81678],[-0.51114,41.80634],[-0.50943,41.79141],[-0.51198,41.78435],[-0.50772,41.77957],[-0.50156,41.76019],[-0.50482,41.74623],[-0.51934,41.72936],[-0.4893,41.73121],[-0.48202,41.72504],[-0.46774,41.72143],[-0.46434,41.71514],[-0.45963,41.71508],[-0.44485,41.7047],[-0.42896,41.70544],[-0.40997,41.70075],[-0.38551,41.68826],[-0.37562,41.68828],[-0.36708,41.67989],[-0.3611,41.63718],[-0.35572,41.6331],[-0.33618,41.63014],[-0.32713,41.62426],[-0.30947,41.62228],[-0.30176,41.60794],[-0.2739,41.59058],[-0.26342,41.58818],[-0.24629,41.57444],[-0.24074,41.57293],[-0.22656,41.58734],[-0.2062,41.60175],[-0.18329,41.59827],[-0.1564,41.58997],[-0.15941,41.58531],[-0.16626,41.58041],[-0.15769,41.56752],[-0.15934,41.55069],[-0.15662,41.53529],[-0.15448,41.53442],[-0.15092,41.53226],[-0.1485,41.5314],[-0.14342,41.52727],[-0.13475,41.52238],[-0.13331,41.5209],[-0.13004,41.51456],[-0.12066,41.50255],[-0.11582,41.49708],[-0.11113,41.49352],[-0.10493,41.48547],[-0.10381,41.48025],[-0.09961,41.47238],[-0.0998,41.47046],[-0.09315,41.45396],[-0.0885,41.43937],[-0.08586,41.43497],[-0.08441,41.43143],[-0.08509,41.42715],[-0.08425,41.42205],[-0.084,41.41532],[-0.08264,41.41098],[-0.0789,41.40454],[-0.07793,41.39984],[-0.07409,41.39381],[-0.07391,41.38947],[-0.07439,41.38608],[-0.07221,41.38147],[-0.07266,41.37715],[-0.04632,41.3606],[-0.01794,41.35363],[-0.027,41.37716],[-0.02388,41.39687],[-0.00299,41.38725],[0.01102,41.36079],[0.03627,41.35535],[0.0792,41.35453],[0.08809,41.35048],[0.10635,41.35081],[0.11727,41.36254],[0.12227,41.38036],[0.13138,41.38883],[0.15609,41.39757],[0.16637,41.40616],[0.17235,41.40371],[0.17674,41.3965],[0.1822,41.3948],[0.19996,41.40326],[0.21815,41.40399],[0.23523,41.42469],[0.24516,41.4287],[0.31089,41.4183],[0.33595,41.40743],[0.32129,41.3944],[0.3373,41.38354],[0.36054,41.37009],[0.37382,41.34983],[0.36675,41.34262],[0.35942,41.34017],[0.3492,41.32925],[0.35116,41.32526],[0.36825,41.31814],[0.36961,41.31158],[0.36571,41.30397],[0.38556,41.27861],[0.37927,41.26924],[0.37791,41.25504],[0.37392,41.24727],[0.38137,41.23642],[0.36516,41.23796],[0.36404,41.22863],[0.36078,41.226],[0.34137,41.23037],[0.3373,41.22888],[0.33091,41.22318],[0.3224,41.22524],[0.31268,41.19615],[0.30643,41.1861],[0.30177,41.16674],[0.30338,41.16438],[0.27421,41.14937],[0.25299,41.15015],[0.25542,41.14365],[0.2492,41.13019],[0.23821,41.12999],[0.22277,41.13419],[0.21975,41.13209],[0.20165,41.12631],[0.20838,41.11638],[0.20055,41.10034],[0.20181,41.08517],[0.21813,41.0834],[0.21828,41.07525],[0.22075,41.07133],[0.19792,41.06833],[0.16843,41.07073],[0.14591,41.06304],[0.11614,41.07712],[0.07746,41.08004],[0.05854,41.07529],[0.05098,41.0547],[0.03697,41.04657],[0.02439,41.06498],[-0.00157,41.09203],[-0.00764,41.1023],[-0.01218,41.12025],[-0.02502,41.12749],[-0.03782,41.1294],[-0.05133,41.13772],[-0.07011,41.14367],[-0.07956,41.15054],[-0.10194,41.14956],[-0.12275,41.15692],[-0.15016,41.17377],[-0.17995,41.18757],[-0.20466,41.19175],[-0.21534,41.19072],[-0.22243,41.18886],[-0.22524,41.19001],[-0.23082,41.19447],[-0.23213,41.19588],[-0.2361,41.20169],[-0.24312,41.20979],[-0.24637,41.21192],[-0.25398,41.21332],[-0.26857,41.21481],[-0.27971,41.22767],[-0.31453,41.25561],[-0.32359,41.25411],[-0.32623,41.24542],[-0.34569,41.24116],[-0.34887,41.24703],[-0.37826,41.26541],[-0.38159,41.26468],[-0.38581,41.26544],[-0.39134,41.26765],[-0.3981,41.26952],[-0.4009,41.27076],[-0.42758,41.29273],[-0.42515,41.3084],[-0.42072,41.31174],[-0.4434,41.31328],[-0.45749,41.31767],[-0.45974,41.31599],[-0.47013,41.31825],[-0.47468,41.32407],[-0.47703,41.32931],[-0.47735,41.3346],[-0.47874,41.34279],[-0.47989,41.34593],[-0.49294,41.35111],[-0.51007,41.35359],[-0.52439,41.34843],[-0.55041,41.34616],[-0.55921,41.35372],[-0.56769,41.35391],[-0.58175,41.34812],[-0.58214,41.3248],[-0.57824,41.31559],[-0.56624,41.30411],[-0.54714,41.30129],[-0.52836,41.28913],[-0.50988,41.25923],[-0.50677,41.24707],[-0.50965,41.23828],[-0.5141,41.23463],[-0.53154,41.22781],[-0.53439,41.23172],[-0.53654,41.23612],[-0.53913,41.23964],[-0.53964,41.24168],[-0.54222,41.247],[-0.54612,41.25746],[-0.54688,41.26063],[-0.54732,41.26507],[-0.54845,41.26774],[-0.5749,41.2952],[-0.58355,41.30332],[-0.59499,41.31475],[-0.60522,41.32331],[-0.62797,41.31236],[-0.63033,41.30876],[-0.63158,41.2994],[-0.62715,41.27667],[-0.62837,41.25948],[-0.62542,41.24817],[-0.627,41.247],[-0.63751,41.24179],[-0.64274,41.23836],[-0.65097,41.23796],[-0.65614,41.23833],[-0.66311,41.23941],[-0.66555,41.23891],[-0.66918,41.23684],[-0.64002,41.21774],[-0.62347,41.20014],[-0.61132,41.19482],[-0.61203,41.18995],[-0.64219,41.16907],[-0.66543,41.14515],[-0.67872,41.12266],[-0.69394,41.11229],[-0.71393,41.12374],[-0.72778,41.14285],[-0.75511,41.16746],[-0.76138,41.16966],[-0.76607,41.15807],[-0.78059,41.14676],[-0.78031,41.13871],[-0.78452,41.13442],[-0.7842,41.11862],[-0.79025,41.11214],[-0.7898,41.10775],[-0.81174,41.10077],[-0.82944,41.09689],[-0.86118,41.10905],[-0.8828,41.12987],[-0.8855,41.14089],[-0.88323,41.14876],[-0.8911,41.14474],[-0.89183,41.12444],[-0.89946,41.11967],[-0.9029,41.1115],[-0.91528,41.10516],[-0.91433,41.0925],[-0.93643,41.08379],[-0.94552,41.07572],[-0.95723,41.07635],[-0.97916,41.09083],[-0.98956,41.09114],[-0.99502,41.09257],[-0.99857,41.09523],[-1.00055,41.11471],[-0.99559,41.11915],[-0.99211,41.12414],[-0.9913,41.12835],[-0.9866,41.13346],[-0.98424,41.13908],[-0.97408,41.1516],[-0.98071,41.14545],[-1.00104,41.13434],[-1.0263,41.13802],[-1.03928,41.13472],[-1.04194,41.13841],[-1.04449,41.14084],[-1.04949,41.14419],[-1.05608,41.1479],[-1.05982,41.15099],[-1.08118,41.16132],[-1.08618,41.16414],[-1.09493,41.16287],[-1.10486,41.16678],[-1.10861,41.16468],[-1.11703,41.15548],[-1.11762,41.15086],[-1.1131,41.14277],[-1.12124,41.13886],[-1.12158,41.13493],[-1.15631,41.12904],[-1.15474,41.12771],[-1.17318,41.12444],[-1.17699,41.12806],[-1.19244,41.12701],[-1.19986,41.13083],[-1.20551,41.13519],[-1.20748,41.13616],[-1.20996,41.13881],[-1.21526,41.13752],[-1.2271,41.13023],[-1.23933,41.12684],[-1.2444,41.12661],[-1.2493,41.12562],[-1.25468,41.12258],[-1.26411,41.11091],[-1.267,41.10553],[-1.27135,41.10328],[-1.27079,41.1011],[-1.26671,41.09745],[-1.26377,41.0935],[-1.25863,41.08901],[-1.25683,41.08671],[-1.25328,41.07733],[-1.26378,41.06149],[-1.27091,41.05478],[-1.28148,41.05593],[-1.28741,41.04887],[-1.30124,41.05209],[-1.31814,41.04998],[-1.32645,41.05464],[-1.33502,41.05221],[-1.34172,41.05762],[-1.35357,41.05779],[-1.35755,41.06569],[-1.35629,41.06921],[-1.35979,41.07466],[-1.35345,41.08213],[-1.35578,41.08853],[-1.3607,41.08794],[-1.37784,41.0735],[-1.39374,41.0669],[-1.4052,41.06631],[-1.40923,41.05813],[-1.40597,41.05064],[-1.41559,41.04387],[-1.41182,41.03659],[-1.41479,41.03247],[-1.42229,41.02717],[-1.43365,41.02567],[-1.44002,41.02618],[-1.45223,41.02016],[-1.45792,41.01836],[-1.47638,41.01494],[-1.47166,41.01042],[-1.46393,41.00967],[-1.4585,41.00533],[-1.44753,40.98754],[-1.4469,40.97654],[-1.46986,40.95919],[-1.47297,40.94881],[-1.50533,40.96413],[-1.50805,40.96065],[-1.51484,40.955],[-1.557,40.93972],[-1.58171,40.94081],[-1.58955,40.93622],[-1.61743,40.94374],[-1.62843,40.94864],[-1.63207,40.95063],[-1.63481,40.9526],[-1.64194,40.95972],[-1.65126,40.96711],[-1.65407,40.96901],[-1.65704,40.96941],[-1.65887,40.973],[-1.65985,40.97637],[-1.661,40.97833],[-1.6664,40.98174],[-1.67477,40.98404],[-1.6792,40.98933],[-1.68495,40.99245],[-1.69184,40.99564],[-1.70006,41.00233],[-1.70883,41.00766],[-1.71476,41.01208],[-1.7246,41.02121],[-1.72981,41.02403],[-1.73617,41.0302],[-1.74676,41.03446],[-1.74967,41.04161],[-1.75878,41.04861],[-1.75774,41.05508],[-1.76097,41.05691],[-1.7619,41.05851],[-1.76993,41.06608],[-1.77734,41.06967],[-1.78014,41.07054],[-1.78348,41.07253],[-1.78624,41.07346],[-1.7947,41.0788],[-1.79779,41.08326],[-1.80107,41.08695],[-1.80321,41.08998],[-1.80532,41.09065],[-1.81192,41.09178],[-1.81448,41.09308],[-1.81738,41.09517],[-1.82638,41.09538],[-1.86949,41.10826],[-1.87784,41.12211],[-1.88716,41.12938],[-1.89053,41.13304],[-1.89907,41.13528],[-1.92164,41.1343],[-1.93244,41.1386],[-1.93598,41.14467],[-1.93915,41.14734],[-1.93846,41.14966],[-1.93915,41.15248],[-1.94679,41.15991],[-1.94773,41.16148],[-1.94832,41.16685],[-1.95069,41.1689],[-1.95402,41.16977],[-1.95901,41.17249],[-1.96633,41.16957],[-1.96978,41.16914],[-1.9828,41.16507],[-1.9878,41.16115],[-1.99203,41.15997],[-2.00843,41.15644],[-2.01567,41.15687],[-2.02946,41.15627],[-2.0384,41.15509],[-2.04761,41.15266],[-2.05169,41.14686],[-2.07733,41.16314],[-2.07989,41.17099],[-2.10675,41.17523],[-2.14624,41.1844],[-2.149,41.21881],[-2.14983,41.22079],[-2.15061,41.22544],[-2.15489,41.24039],[-2.15645,41.25864],[-2.15869,41.26489],[-2.16351,41.2832],[-2.17367,41.28809],[-2.17293,41.2958],[-2.16907,41.30111],[-2.16887,41.30388],[-2.16805,41.30651],[-2.16895,41.30865],[-2.16717,41.31165],[-2.16757,41.31405],[-2.16883,41.31655],[-2.17049,41.31884],[-2.16905,41.32257],[-2.1573,41.33482],[-2.16241,41.35475],[-2.14934,41.35667],[-2.12512,41.37069],[-2.11727,41.38195],[-2.12071,41.38997],[-2.11945,41.39034],[-2.12028,41.39398],[-2.11816,41.39704],[-2.11613,41.40859],[-2.11635,41.426],[-2.11062,41.43532],[-2.10333,41.43965],[-2.10152,41.44579],[-2.0471,41.43433],[-2.03556,41.42507],[-2.03466,41.40616],[-2.04318,41.39533],[-2.04198,41.38999],[-2.03419,41.38635],[-2.03203,41.38684],[-2.02927,41.38416],[-2.02511,41.3838],[-2.00987,41.38619],[-2.00152,41.39335],[-1.98775,41.39635],[-1.9813,41.40181],[-1.96906,41.40153],[-1.95275,41.40836],[-1.93787,41.40739],[-1.93915,41.41693],[-1.93652,41.4199],[-1.95368,41.42427],[-1.9488,41.43253],[-1.95251,41.45962],[-1.96997,41.48145],[-1.98001,41.48689],[-1.97543,41.51562],[-1.97818,41.52669],[-1.96733,41.54607],[-1.97043,41.54867],[-1.96856,41.55127],[-1.97128,41.55565],[-1.97355,41.55796],[-1.97673,41.55741],[-1.97835,41.5586],[-1.98186,41.56203],[-1.98066,41.5647],[-1.98312,41.56757],[-1.98545,41.56884],[-1.98892,41.5728],[-1.99368,41.57709],[-1.99503,41.58172],[-1.99197,41.59035],[-1.99289,41.59516],[-1.99333,41.60013],[-1.98451,41.60707],[-1.97713,41.60347],[-1.95917,41.60489],[-1.9231,41.59833],[-1.90792,41.62109],[-1.9008,41.62587],[-1.89789,41.63241],[-1.88716,41.63743],[-1.87329,41.63947],[-1.85831,41.66101],[-1.81311,41.66055],[-1.81078,41.66258],[-1.80622,41.66426],[-1.80907,41.68467],[-1.8126,41.68607],[-1.80244,41.69599],[-1.78816,41.69996],[-1.78515,41.71675],[-1.77536,41.72478],[-1.78875,41.73332],[-1.79884,41.73265],[-1.80794,41.7363],[-1.80356,41.75157],[-1.82114,41.76609],[-1.82525,41.77351],[-1.82599,41.77864],[-1.8518,41.79043],[-1.84409,41.80547],[-1.83411,41.81538],[-1.82709,41.81848],[-1.81957,41.82877],[-1.81918,41.85703],[-1.82291,41.8638],[-1.83213,41.86332],[-1.83506,41.86648],[-1.83998,41.87528],[-1.83946,41.88932],[-1.85703,41.91051],[-1.85654,41.96639],[-1.86411,41.97705],[-1.84523,41.98726],[-1.85048,41.99721],[-1.84718,42.00799],[-1.83414,41.99586],[-1.8253,41.99561],[-1.81062,41.99756],[-1.79873,41.99258],[-1.79049,41.99006],[-1.76658,41.99511],[-1.73975,41.96832],[-1.72772,41.96171],[-1.71483,41.95727],[-1.68623,41.95346],[-1.67607,41.96646],[-1.65818,41.96036],[-1.65414,41.96534],[-1.64282,41.95886],[-1.61435,41.94996],[-1.59763,41.92847],[-1.58016,41.92096],[-1.5595,41.91411],[-1.5233,41.90988],[-1.50574,41.91667],[-1.50176,41.92426],[-1.49511,41.92437],[-1.48665,41.92402],[-1.48252,41.92462],[-1.47759,41.92489],[-1.47305,41.92446],[-1.46582,41.92193],[-1.45706,41.91688],[-1.45329,41.91571],[-1.45095,41.91599],[-1.44544,41.9156],[-1.44072,41.91641],[-1.43829,41.91597],[-1.43628,41.91448],[-1.42177,41.91306],[-1.41778,41.91383],[-1.41577,41.91693],[-1.40938,41.92109],[-1.40187,41.9358],[-1.38341,41.94326],[-1.38008,41.95039],[-1.38604,41.95701],[-1.37999,41.95955],[-1.37418,41.96312],[-1.36459,41.98482],[-1.33828,42.01894],[-1.30481,42.04293],[-1.30717,42.04641],[-1.3043,42.05274],[-1.31197,42.06538],[-1.31163,42.07172],[-1.35149,42.07321],[-1.36485,42.09327],[-1.36756,42.10686],[-1.39876,42.12683],[-1.39326,42.14912],[-1.39761,42.1579],[-1.39236,42.18202],[-1.39623,42.19114],[-1.41337,42.20221],[-1.41492,42.20547],[-1.41566,42.2086],[-1.4169,42.21024],[-1.41752,42.21235],[-1.41699,42.21924],[-1.41635,42.22198],[-1.40588,42.23692],[-1.40037,42.24536],[-1.39932,42.25645],[-1.3905,42.27611],[-1.39772,42.29261],[-1.38366,42.30371],[-1.37515,42.3157],[-1.35885,42.3335],[-1.35227,42.3395],[-1.34317,42.3425],[-1.32908,42.35536],[-1.33604,42.37124],[-1.35194,42.37114],[-1.35849,42.37673],[-1.3572,42.38144],[-1.34305,42.40867],[-1.34151,42.42392],[-1.31571,42.44862],[-1.29173,42.45664],[-1.28206,42.46473],[-1.27344,42.4815],[-1.27551,42.49445],[-1.28624,42.49945],[-1.28804,42.50799],[-1.29347,42.51093],[-1.26468,42.55598],[-1.22778,42.54266],[-1.21821,42.54867],[-1.20096,42.55249],[-1.20403,42.56589],[-1.20108,42.57718],[-1.16289,42.59876],[-1.17525,42.60595],[-1.17955,42.60939],[-1.17575,42.61567],[-1.16824,42.61614],[-1.15765,42.61044],[-1.15241,42.64753],[-1.10324,42.64605],[-1.05863,42.64182],[-1.04023,42.64791],[-1.03681,42.65161],[-1.03811,42.65301],[-1.03946,42.65774],[-1.03923,42.65976],[-1.03962,42.66417],[-1.03249,42.67557],[-1.03683,42.68159],[-1.03782,42.68734],[-1.03918,42.6916],[-1.03343,42.69283],[-1.02905,42.69484],[-1.03008,42.69649],[-1.02661,42.70011],[-1.01851,42.70184],[-1.00079,42.70009],[-0.97058,42.70404],[-0.95798,42.71143],[-0.94847,42.7123],[-0.93518,42.7336],[-0.92619,42.73813],[-0.92298,42.74397],[-0.90108,42.74269],[-0.89877,42.73553],[-0.90548,42.72644],[-0.90544,42.71381],[-0.91606,42.70261],[-0.90304,42.70149]],[[-1.12936,42.4467],[-1.05903,42.43441],[-1.05191,42.44019],[-1.05435,42.44878],[-1.06438,42.45393],[-1.06996,42.466],[-1.08663,42.47427],[-1.08514,42.48334],[-1.09582,42.48584],[-1.10208,42.48277],[-1.12527,42.45583],[-1.12936,42.4467]],[[-1.14559,42.43681],[-1.14497,42.44185],[-1.15315,42.44092],[-1.16214,42.43332],[-1.18282,42.42387],[-1.18103,42.41726],[-1.18589,42.40213],[-1.15961,42.40968],[-1.15445,42.41506],[-1.15232,42.42894],[-1.14559,42.43681]]]}},{"type":"Feature","properties":{"region_key":"ES413","name_pt":"Le\u00f3n","name_es":"Le\u00f3n","name_en":"Le\u00f3n","kind":"district_province","source_nuts_id":"ES413"},"geometry":{"type":"Polygon","coordinates":[[[-4.85075,43.17325],[-4.84027,43.16706],[-4.83558,43.15693],[-4.83863,43.14827],[-4.84337,43.14488],[-4.84332,43.13352],[-4.85023,43.12612],[-4.83712,43.1157],[-4.83563,43.1091],[-4.83328,43.10263],[-4.82119,43.09823],[-4.81631,43.09312],[-4.79271,43.0856],[-4.76684,43.07469],[-4.76521,43.05608],[-4.74401,43.05519],[-4.73465,43.04703],[-4.74253,43.02818],[-4.73785,43.02094],[-4.75633,43.01501],[-4.76721,43.00203],[-4.77998,42.99795],[-4.79271,42.98846],[-4.79616,42.97405],[-4.80649,42.96683],[-4.80378,42.946],[-4.81518,42.92389],[-4.82701,42.9178],[-4.83663,42.90746],[-4.83811,42.89653],[-4.8477,42.89658],[-4.85587,42.89052],[-4.86535,42.86181],[-4.87978,42.86547],[-4.89839,42.86308],[-4.90093,42.85362],[-4.88978,42.84173],[-4.89206,42.83218],[-4.90206,42.80991],[-4.89623,42.79706],[-4.89693,42.78483],[-4.90799,42.78003],[-4.92039,42.75863],[-4.93558,42.75641],[-4.93351,42.75329],[-4.93637,42.74442],[-4.92835,42.73686],[-4.91848,42.73419],[-4.91544,42.72359],[-4.91591,42.72052],[-4.91105,42.71874],[-4.89728,42.72433],[-4.8913,42.72336],[-4.88264,42.71239],[-4.87168,42.70795],[-4.89164,42.69112],[-4.90043,42.6692],[-4.90021,42.66673],[-4.89612,42.65834],[-4.8973,42.6439],[-4.89527,42.62368],[-4.90468,42.60201],[-4.90126,42.59316],[-4.90174,42.58189],[-4.91448,42.56135],[-4.91557,42.5502],[-4.91041,42.54171],[-4.88905,42.53652],[-4.89097,42.51623],[-4.88789,42.50891],[-4.89252,42.48626],[-4.8934,42.47688],[-4.89408,42.47405],[-4.89686,42.46904],[-4.89606,42.46584],[-4.8984,42.46007],[-4.8985,42.45741],[-4.89945,42.4544],[-4.90001,42.45065],[-4.90637,42.44878],[-4.91426,42.44053],[-4.91913,42.43784],[-4.92095,42.4373],[-4.91061,42.43337],[-4.90568,42.4242],[-4.91425,42.41344],[-4.91016,42.39215],[-4.90423,42.38631],[-4.91143,42.38153],[-4.93149,42.38449],[-4.94273,42.38175],[-4.94656,42.37656],[-4.96709,42.37796],[-4.97189,42.37404],[-4.97778,42.34907],[-4.98422,42.33784],[-4.98212,42.33765],[-4.94432,42.34636],[-4.94118,42.33812],[-4.9423,42.32989],[-4.94621,42.32402],[-4.94833,42.31078],[-4.95589,42.29628],[-4.9741,42.28939],[-4.98669,42.29383],[-5.00215,42.2891],[-5.03836,42.2971],[-5.04057,42.29314],[-5.03755,42.28573],[-5.04245,42.26673],[-5.04627,42.26162],[-5.05482,42.2575],[-5.06724,42.26159],[-5.063,42.27675],[-5.07485,42.27974],[-5.07882,42.29132],[-5.08594,42.29342],[-5.09349,42.30823],[-5.1096,42.31181],[-5.11201,42.31182],[-5.12134,42.30588],[-5.14433,42.28153],[-5.1543,42.27825],[-5.16102,42.2722],[-5.17959,42.27018],[-5.18273,42.26419],[-5.19734,42.26111],[-5.21841,42.27776],[-5.22844,42.26344],[-5.23092,42.26449],[-5.23164,42.27485],[-5.2447,42.26385],[-5.24638,42.25033],[-5.25312,42.24032],[-5.25195,42.23692],[-5.24024,42.23131],[-5.22778,42.22988],[-5.22716,42.22582],[-5.23406,42.21893],[-5.24162,42.21489],[-5.26465,42.21105],[-5.27698,42.21731],[-5.28854,42.22902],[-5.30039,42.22285],[-5.30063,42.21433],[-5.31046,42.20014],[-5.32097,42.20676],[-5.33187,42.2088],[-5.33682,42.21617],[-5.34577,42.21973],[-5.35306,42.22002],[-5.36095,42.22453],[-5.37365,42.2226],[-5.38122,42.22467],[-5.389,42.21792],[-5.38854,42.20642],[-5.38125,42.19794],[-5.38702,42.18847],[-5.38861,42.17428],[-5.3805,42.16318],[-5.38117,42.15067],[-5.37241,42.13055],[-5.3751,42.1249],[-5.37379,42.11825],[-5.37761,42.11288],[-5.38001,42.11279],[-5.38074,42.10721],[-5.37973,42.10383],[-5.37725,42.10318],[-5.37641,42.0995],[-5.38162,42.09644],[-5.38921,42.0878],[-5.37445,42.06812],[-5.37315,42.06405],[-5.37121,42.05142],[-5.37275,42.04993],[-5.37365,42.04829],[-5.37565,42.04677],[-5.37445,42.04319],[-5.37631,42.04146],[-5.37843,42.04166],[-5.38077,42.04112],[-5.38443,42.0421],[-5.38777,42.0412],[-5.38968,42.04028],[-5.3911,42.03915],[-5.39344,42.03813],[-5.39781,42.03462],[-5.41209,42.03045],[-5.42029,42.02922],[-5.42664,42.03534],[-5.44053,42.03252],[-5.47887,42.05144],[-5.47837,42.05666],[-5.49878,42.08358],[-5.52091,42.09713],[-5.52702,42.10429],[-5.54338,42.09937],[-5.54185,42.09809],[-5.54437,42.09244],[-5.54404,42.08621],[-5.55133,42.06698],[-5.56071,42.05596],[-5.57761,42.06428],[-5.58662,42.0509],[-5.5882,42.05483],[-5.585,42.0654],[-5.58876,42.07565],[-5.60085,42.07998],[-5.63706,42.08376],[-5.6236,42.09426],[-5.6201,42.10521],[-5.64524,42.13215],[-5.66409,42.13655],[-5.66535,42.14114],[-5.68158,42.14092],[-5.68702,42.13825],[-5.67998,42.13168],[-5.67678,42.12032],[-5.69179,42.12011],[-5.69781,42.12076],[-5.70408,42.11904],[-5.707,42.11749],[-5.71082,42.11619],[-5.71752,42.11499],[-5.73454,42.11451],[-5.73732,42.11371],[-5.74324,42.11341],[-5.7474,42.116],[-5.75208,42.12134],[-5.751,42.12427],[-5.75279,42.12802],[-5.75514,42.13435],[-5.7552,42.13661],[-5.75949,42.13435],[-5.76998,42.13593],[-5.77338,42.13513],[-5.77671,42.1358],[-5.78011,42.13526],[-5.78689,42.13336],[-5.79136,42.1281],[-5.80534,42.12457],[-5.80759,42.12944],[-5.83711,42.1185],[-5.84486,42.11071],[-5.85025,42.11308],[-5.85628,42.11493],[-5.86484,42.11939],[-5.86681,42.12007],[-5.86927,42.12217],[-5.87854,42.1329],[-5.88483,42.13844],[-5.88219,42.14541],[-5.89743,42.15609],[-5.91152,42.14101],[-5.94761,42.14148],[-5.95228,42.13425],[-5.95347,42.12367],[-5.9566,42.12407],[-5.96091,42.12718],[-5.96289,42.12796],[-5.96763,42.12848],[-5.9743,42.1302],[-5.98178,42.13563],[-5.98316,42.13816],[-5.98987,42.14336],[-6.01667,42.15262],[-6.021,42.15383],[-6.02878,42.15758],[-6.04628,42.15931],[-6.04931,42.15985],[-6.05729,42.15958],[-6.0675,42.1602],[-6.07561,42.16186],[-6.07757,42.15903],[-6.0896,42.16164],[-6.09619,42.16087],[-6.10552,42.16198],[-6.11605,42.15967],[-6.12471,42.15886],[-6.12849,42.16121],[-6.13099,42.16152],[-6.13727,42.16471],[-6.1381,42.16305],[-6.13967,42.16126],[-6.14341,42.15881],[-6.15405,42.16131],[-6.16021,42.16576],[-6.17039,42.15816],[-6.18019,42.15552],[-6.18767,42.15401],[-6.21239,42.14807],[-6.21586,42.14917],[-6.2187,42.15096],[-6.21986,42.15277],[-6.22079,42.1559],[-6.22247,42.15878],[-6.22582,42.16194],[-6.23013,42.16314],[-6.23175,42.16441],[-6.24032,42.16683],[-6.2422,42.16762],[-6.24587,42.16748],[-6.24761,42.16682],[-6.25412,42.16703],[-6.25196,42.17305],[-6.25523,42.17356],[-6.27787,42.17894],[-6.29373,42.17802],[-6.30757,42.20272],[-6.31258,42.20657],[-6.32926,42.20054],[-6.34124,42.20437],[-6.34865,42.2007],[-6.37371,42.20124],[-6.38569,42.20252],[-6.39566,42.20091],[-6.3984,42.19788],[-6.40941,42.19595],[-6.42851,42.20134],[-6.44319,42.19398],[-6.45905,42.19674],[-6.46828,42.19255],[-6.47678,42.18358],[-6.49732,42.18247],[-6.5061,42.18559],[-6.50694,42.19397],[-6.51418,42.19863],[-6.52631,42.20292],[-6.55547,42.20623],[-6.58806,42.20756],[-6.59829,42.2038],[-6.61326,42.2032],[-6.62155,42.21095],[-6.63953,42.21704],[-6.65821,42.2129],[-6.68879,42.21457],[-6.70189,42.20963],[-6.72371,42.21687],[-6.72487,42.22222],[-6.73334,42.2251],[-6.73413,42.23369],[-6.73852,42.23692],[-6.74304,42.23951],[-6.75934,42.23935],[-6.76737,42.24606],[-6.78431,42.25361],[-6.76757,42.25758],[-6.76463,42.2725],[-6.74226,42.29817],[-6.74219,42.30424],[-6.73398,42.31799],[-6.74021,42.32958],[-6.73488,42.35855],[-6.75795,42.3669],[-6.766,42.36588],[-6.77414,42.37881],[-6.80351,42.38573],[-6.82039,42.38643],[-6.82449,42.39223],[-6.83354,42.39605],[-6.84237,42.40464],[-6.83903,42.40835],[-6.8299,42.41008],[-6.82847,42.41629],[-6.8221,42.42134],[-6.82354,42.42552],[-6.81593,42.42751],[-6.8211,42.43296],[-6.82217,42.45178],[-6.81144,42.46115],[-6.80935,42.4692],[-6.82424,42.48544],[-6.82389,42.49091],[-6.83357,42.49285],[-6.83712,42.49436],[-6.8418,42.48939],[-6.85355,42.48763],[-6.88019,42.49939],[-6.90911,42.50813],[-6.91484,42.50801],[-6.92587,42.51929],[-6.93494,42.51916],[-6.96083,42.51676],[-6.96604,42.51124],[-6.97355,42.49401],[-6.98123,42.49389],[-6.99688,42.4996],[-7.00096,42.5057],[-7.00446,42.50393],[-7.01963,42.50156],[-7.02868,42.49786],[-7.03264,42.50434],[-7.04575,42.50778],[-7.05188,42.50864],[-7.05604,42.50785],[-7.05988,42.5066],[-7.06244,42.50708],[-7.07382,42.50671],[-7.07707,42.508],[-7.07101,42.5113],[-7.06028,42.529],[-7.06168,42.53649],[-7.06971,42.53868],[-7.06278,42.55326],[-7.05701,42.55876],[-7.05566,42.56624],[-7.03538,42.58268],[-7.03427,42.58747],[-7.04277,42.58982],[-7.04915,42.59759],[-7.04629,42.60419],[-7.04775,42.62552],[-7.04447,42.6343],[-7.02207,42.64364],[-7.00434,42.64284],[-7.01026,42.64938],[-7.02039,42.6523],[-7.01389,42.65781],[-7.01656,42.66429],[-7.0314,42.67574],[-7.03533,42.68508],[-7.04405,42.69454],[-7.01313,42.72196],[-6.99017,42.72657],[-6.98372,42.71866],[-6.97286,42.72497],[-6.96909,42.72934],[-6.97189,42.73721],[-6.96691,42.74149],[-6.96647,42.74868],[-6.96031,42.75397],[-6.95485,42.75374],[-6.94697,42.74216],[-6.93777,42.74094],[-6.90417,42.75953],[-6.89229,42.77582],[-6.86724,42.78794],[-6.86441,42.79408],[-6.86716,42.80284],[-6.85433,42.81058],[-6.85108,42.8182],[-6.84148,42.82358],[-6.84327,42.82835],[-6.84132,42.83231],[-6.84315,42.83282],[-6.84565,42.83286],[-6.84819,42.83337],[-6.85121,42.83734],[-6.85311,42.83868],[-6.85433,42.84219],[-6.85948,42.84848],[-6.87126,42.87379],[-6.85787,42.87625],[-6.83372,42.88201],[-6.83737,42.87845],[-6.83314,42.87264],[-6.82203,42.86856],[-6.8167,42.8704],[-6.82636,42.87888],[-6.82848,42.89085],[-6.83922,42.90645],[-6.82417,42.91501],[-6.77351,42.89984],[-6.76818,42.89294],[-6.77285,42.88351],[-6.75665,42.88301],[-6.74762,42.89491],[-6.72073,42.91641],[-6.71139,42.91541],[-6.68944,42.92222],[-6.63876,42.92541],[-6.62768,42.92012],[-6.61373,42.92397],[-6.60511,42.91635],[-6.58049,42.91839],[-6.56905,42.91473],[-6.54271,42.91271],[-6.5347,42.9217],[-6.51967,42.92582],[-6.5097,42.92787],[-6.49071,42.92085],[-6.48541,42.92905],[-6.47889,42.93302],[-6.44927,42.93606],[-6.44736,42.93707],[-6.44503,42.93763],[-6.44159,42.93952],[-6.43309,42.93971],[-6.44098,42.94838],[-6.43535,42.96443],[-6.473,42.9677],[-6.47315,42.9759],[-6.47789,42.98289],[-6.47673,42.99032],[-6.47143,42.99077],[-6.46125,42.9848],[-6.45074,42.98288],[-6.43725,42.99139],[-6.42294,42.98911],[-6.40976,42.99873],[-6.41037,43.01565],[-6.3945,43.01794],[-6.39121,43.02758],[-6.39626,43.0373],[-6.38969,43.04041],[-6.37474,43.0414],[-6.35907,43.05952],[-6.34785,43.05044],[-6.33242,43.04456],[-6.32568,43.03277],[-6.29759,43.02784],[-6.28476,43.03448],[-6.25973,43.01545],[-6.23743,43.01361],[-6.22763,43.00987],[-6.22862,43.02122],[-6.21754,43.04532],[-6.19608,43.04312],[-6.18642,43.04913],[-6.16753,43.04182],[-6.16239,43.0342],[-6.1503,43.03369],[-6.13627,43.02164],[-6.12038,43.02426],[-6.11404,43.02849],[-6.09736,43.03139],[-6.09064,43.03793],[-6.09424,43.04933],[-6.09081,43.05789],[-6.09125,43.06575],[-6.08455,43.06982],[-6.08129,43.0759],[-6.06738,43.06633],[-6.05222,43.06741],[-6.01937,43.05418],[-6.00426,43.05805],[-5.99677,43.05847],[-5.98835,43.06684],[-5.97457,43.06447],[-5.97257,43.05953],[-5.96348,43.05419],[-5.96352,43.04866],[-5.9687,43.04033],[-5.95984,43.029],[-5.95587,43.01794],[-5.9225,43.00393],[-5.91022,42.99251],[-5.89166,42.99196],[-5.88849,42.97919],[-5.86498,42.98084],[-5.84442,42.96508],[-5.82324,42.96724],[-5.80401,42.96262],[-5.76348,42.97159],[-5.76434,42.98779],[-5.75094,43.00641],[-5.74636,43.01794],[-5.73656,43.02305],[-5.73475,43.03204],[-5.72782,43.04157],[-5.68838,43.05687],[-5.65047,43.04373],[-5.64314,43.0378],[-5.62948,43.03396],[-5.60371,43.03536],[-5.57739,43.03239],[-5.56848,43.02239],[-5.54165,43.01879],[-5.52722,43.02588],[-5.50953,43.02834],[-5.49376,43.02129],[-5.48227,43.03977],[-5.48032,43.05241],[-5.47709,43.05475],[-5.4659,43.05091],[-5.44628,43.05507],[-5.39886,43.04783],[-5.39046,43.04927],[-5.38318,43.08678],[-5.36567,43.09384],[-5.3454,43.09318],[-5.33926,43.08678],[-5.33838,43.08334],[-5.32469,43.07997],[-5.30993,43.08335],[-5.28419,43.07845],[-5.26804,43.08678],[-5.26597,43.08735],[-5.24782,43.08862],[-5.2358,43.0859],[-5.2181,43.08429],[-5.21099,43.08678],[-5.20683,43.09238],[-5.20396,43.09053],[-5.2012,43.09017],[-5.18769,43.09949],[-5.16894,43.10256],[-5.1608,43.10981],[-5.14853,43.11403],[-5.13846,43.10264],[-5.10527,43.10215],[-5.09669,43.10732],[-5.09875,43.11628],[-5.09216,43.13021],[-5.09271,43.14352],[-5.07894,43.16111],[-5.07589,43.16788],[-5.07656,43.17762],[-5.06099,43.17475],[-5.05367,43.18143],[-5.04097,43.1841],[-5.02144,43.18305],[-5.00397,43.17615],[-4.99762,43.17026],[-4.99538,43.18578],[-4.98126,43.19904],[-4.97076,43.20295],[-4.96378,43.2114],[-4.95359,43.21437],[-4.94272,43.22477],[-4.92103,43.22705],[-4.90891,43.23786],[-4.89351,43.23761],[-4.87029,43.22701],[-4.86146,43.21787],[-4.85989,43.20548],[-4.84973,43.194],[-4.8408,43.19007],[-4.84102,43.18078],[-4.85075,43.17325]],[[-5.34169,42.24573],[-5.34146,42.23692],[-5.34076,42.23298],[-5.33713,42.23081],[-5.33416,42.23692],[-5.31766,42.24132],[-5.31466,42.25012],[-5.30476,42.25101],[-5.30177,42.26921],[-5.30645,42.27156],[-5.31993,42.26773],[-5.32931,42.27333],[-5.34466,42.26716],[-5.34595,42.25294],[-5.34169,42.24573]]]}},{"type":"Feature","properties":{"region_key":"ES424","name_pt":"Guadalajara","name_es":"Guadalajara","name_en":"Guadalajara","kind":"district_province","source_nuts_id":"ES424"},"geometry":{"type":"Polygon","coordinates":[[[-2.90285,41.32594],[-2.89795,41.32481],[-2.88843,41.32525],[-2.88272,41.32177],[-2.87423,41.32044],[-2.86686,41.31308],[-2.8724,41.29968],[-2.86425,41.28689],[-2.8669,41.27447],[-2.85902,41.27288],[-2.85517,41.27052],[-2.84141,41.26613],[-2.83922,41.26607],[-2.83029,41.26267],[-2.82177,41.25838],[-2.82226,41.25663],[-2.8196,41.25735],[-2.81069,41.25574],[-2.80355,41.25652],[-2.79727,41.25538],[-2.79402,41.25435],[-2.7825,41.25377],[-2.77798,41.25203],[-2.77552,41.25009],[-2.77538,41.25869],[-2.76095,41.27403],[-2.73073,41.27192],[-2.71743,41.27482],[-2.70996,41.25319],[-2.69536,41.2456],[-2.66887,41.23763],[-2.64739,41.24005],[-2.63576,41.2321],[-2.63626,41.22382],[-2.62921,41.21522],[-2.62391,41.22374],[-2.61698,41.21944],[-2.60828,41.22165],[-2.59941,41.22291],[-2.59233,41.22445],[-2.58949,41.22454],[-2.58843,41.22313],[-2.58707,41.21696],[-2.58741,41.214],[-2.58944,41.20954],[-2.5899,41.20722],[-2.59319,41.20094],[-2.60055,41.19506],[-2.60332,41.19397],[-2.60616,41.19361],[-2.61994,41.1952],[-2.62197,41.18808],[-2.61935,41.1833],[-2.60224,41.18819],[-2.57926,41.17936],[-2.58231,41.16521],[-2.59545,41.15236],[-2.58007,41.14064],[-2.54374,41.15042],[-2.53614,41.16152],[-2.51694,41.14646],[-2.517,41.13764],[-2.51177,41.13086],[-2.50822,41.11929],[-2.48503,41.11751],[-2.48032,41.11346],[-2.46977,41.08981],[-2.46947,41.07812],[-2.44303,41.0765],[-2.4395,41.07177],[-2.43082,41.07177],[-2.42883,41.06571],[-2.41891,41.05772],[-2.41603,41.05941],[-2.4143,41.06092],[-2.41018,41.06054],[-2.40213,41.06166],[-2.39786,41.06427],[-2.39603,41.06468],[-2.38307,41.07416],[-2.38135,41.07701],[-2.37767,41.07824],[-2.37258,41.07916],[-2.3605,41.08399],[-2.35533,41.08646],[-2.35221,41.0811],[-2.34924,41.07742],[-2.33927,41.07154],[-2.33388,41.06735],[-2.33149,41.0669],[-2.3234,41.05652],[-2.31877,41.05982],[-2.31559,41.06163],[-2.31138,41.06248],[-2.30225,41.06543],[-2.29817,41.06863],[-2.29522,41.06965],[-2.29358,41.07126],[-2.29111,41.07086],[-2.284,41.06506],[-2.27988,41.06553],[-2.2764,41.06537],[-2.2664,41.06814],[-2.26354,41.06754],[-2.2323,41.09628],[-2.17661,41.08434],[-2.16652,41.09557],[-2.14398,41.10289],[-2.13638,41.11538],[-2.13192,41.1171],[-2.11077,41.09851],[-2.08132,41.08606],[-2.07308,41.07354],[-2.05643,41.0697],[-2.04817,41.07838],[-2.05751,41.0847],[-2.06027,41.08939],[-2.06562,41.0958],[-2.06365,41.10352],[-2.06038,41.10521],[-2.06272,41.11312],[-2.05918,41.1198],[-2.05058,41.1259],[-2.05169,41.14686],[-2.04761,41.15266],[-2.0384,41.15509],[-2.02946,41.15627],[-2.01567,41.15687],[-2.00843,41.15644],[-1.99203,41.15997],[-1.9878,41.16115],[-1.9828,41.16507],[-1.96978,41.16914],[-1.96633,41.16957],[-1.95901,41.17249],[-1.95402,41.16977],[-1.95069,41.1689],[-1.94832,41.16685],[-1.94773,41.16148],[-1.94679,41.15991],[-1.93915,41.15248],[-1.93846,41.14966],[-1.93915,41.14734],[-1.93598,41.14467],[-1.93244,41.1386],[-1.92164,41.1343],[-1.89907,41.13528],[-1.89053,41.13304],[-1.88716,41.12938],[-1.87784,41.12211],[-1.86949,41.10826],[-1.82638,41.09538],[-1.81738,41.09517],[-1.81448,41.09308],[-1.81192,41.09178],[-1.80532,41.09065],[-1.80321,41.08998],[-1.80107,41.08695],[-1.79779,41.08326],[-1.7947,41.0788],[-1.78624,41.07346],[-1.78348,41.07253],[-1.78014,41.07054],[-1.77734,41.06967],[-1.76993,41.06608],[-1.7619,41.05851],[-1.76097,41.05691],[-1.75774,41.05508],[-1.75878,41.04861],[-1.74967,41.04161],[-1.74676,41.03446],[-1.73617,41.0302],[-1.72981,41.02403],[-1.7246,41.02121],[-1.71476,41.01208],[-1.70883,41.00766],[-1.70006,41.00233],[-1.69184,40.99564],[-1.68495,40.99245],[-1.6792,40.98933],[-1.67477,40.98404],[-1.6664,40.98174],[-1.661,40.97833],[-1.65985,40.97637],[-1.65887,40.973],[-1.65704,40.96941],[-1.65407,40.96901],[-1.65126,40.96711],[-1.64194,40.95972],[-1.63481,40.9526],[-1.63207,40.95063],[-1.62843,40.94864],[-1.61743,40.94374],[-1.6083,40.92689],[-1.61249,40.91338],[-1.62527,40.89828],[-1.62029,40.87949],[-1.60277,40.8594],[-1.59367,40.85327],[-1.59221,40.84987],[-1.57131,40.83138],[-1.55674,40.82882],[-1.55334,40.82349],[-1.54466,40.8162],[-1.54232,40.81123],[-1.53922,40.79265],[-1.54268,40.77094],[-1.5402,40.76385],[-1.54161,40.75969],[-1.55528,40.75009],[-1.562,40.73976],[-1.56066,40.73812],[-1.55885,40.71928],[-1.55594,40.7165],[-1.55411,40.7156],[-1.55259,40.70897],[-1.53834,40.68937],[-1.53897,40.6581],[-1.55154,40.64339],[-1.55571,40.62872],[-1.56484,40.61475],[-1.55537,40.6072],[-1.55491,40.60484],[-1.55302,40.60241],[-1.54549,40.59521],[-1.54964,40.59313],[-1.55568,40.586],[-1.56667,40.57973],[-1.58288,40.56947],[-1.58716,40.56942],[-1.59873,40.56207],[-1.60229,40.56458],[-1.62969,40.57608],[-1.63423,40.57981],[-1.64327,40.58016],[-1.65369,40.58197],[-1.66644,40.58206],[-1.67431,40.59219],[-1.67808,40.59097],[-1.6858,40.57992],[-1.69327,40.57766],[-1.69032,40.5658],[-1.70149,40.53903],[-1.6955,40.51135],[-1.69516,40.49372],[-1.69249,40.48684],[-1.70048,40.48312],[-1.70933,40.48156],[-1.71415,40.47988],[-1.72571,40.47478],[-1.73503,40.47205],[-1.74803,40.46329],[-1.75819,40.45106],[-1.77721,40.42915],[-1.78541,40.41446],[-1.79364,40.41718],[-1.80012,40.4139],[-1.80566,40.39799],[-1.8192,40.4069],[-1.83634,40.42407],[-1.84612,40.41923],[-1.8554,40.42593],[-1.86465,40.4499],[-1.86287,40.46239],[-1.87368,40.47204],[-1.88078,40.49313],[-1.88873,40.50576],[-1.88716,40.50687],[-1.88425,40.51011],[-1.88189,40.51774],[-1.88716,40.526],[-1.88855,40.52746],[-1.88906,40.52952],[-1.89831,40.53475],[-1.90128,40.54064],[-1.90816,40.5419],[-1.9056,40.54677],[-1.91496,40.56916],[-1.91694,40.58216],[-1.9243,40.5923],[-1.94314,40.60009],[-1.95344,40.6008],[-1.96219,40.61102],[-1.96811,40.60859],[-1.9649,40.59499],[-1.96792,40.59101],[-1.97346,40.58979],[-1.98552,40.58545],[-1.99236,40.58942],[-1.99645,40.59026],[-2.00099,40.59162],[-2.00556,40.59143],[-2.00763,40.59222],[-2.01406,40.5957],[-2.01877,40.5969],[-2.02337,40.599],[-2.02796,40.59884],[-2.03125,40.59945],[-2.03579,40.60158],[-2.04431,40.60688],[-2.04749,40.60923],[-2.04951,40.61126],[-2.05225,40.61491],[-2.05376,40.61615],[-2.05744,40.61829],[-2.05752,40.62412],[-2.06346,40.62753],[-2.06879,40.62913],[-2.07095,40.62848],[-2.08318,40.63474],[-2.0918,40.64328],[-2.09119,40.64638],[-2.11011,40.6514],[-2.1112,40.65044],[-2.11935,40.65066],[-2.12126,40.65121],[-2.12595,40.65373],[-2.13373,40.65593],[-2.14362,40.65717],[-2.14699,40.65798],[-2.1521,40.65771],[-2.15693,40.65871],[-2.17034,40.62989],[-2.18495,40.62896],[-2.18977,40.63031],[-2.21381,40.61919],[-2.22567,40.61939],[-2.23281,40.62387],[-2.25536,40.63277],[-2.2746,40.64477],[-2.27848,40.63557],[-2.29001,40.62998],[-2.294,40.62432],[-2.29436,40.61316],[-2.28635,40.59165],[-2.29766,40.57286],[-2.30765,40.57387],[-2.33385,40.56746],[-2.35288,40.57523],[-2.35984,40.58065],[-2.35708,40.58579],[-2.35396,40.58954],[-2.35439,40.59274],[-2.35705,40.59529],[-2.36107,40.59818],[-2.36714,40.60126],[-2.37257,40.60717],[-2.37456,40.60699],[-2.37644,40.6077],[-2.38081,40.60727],[-2.38492,40.60959],[-2.38739,40.60935],[-2.39315,40.61162],[-2.3964,40.61211],[-2.39873,40.61378],[-2.40091,40.61257],[-2.40437,40.60919],[-2.40655,40.60834],[-2.40971,40.60549],[-2.41245,40.60213],[-2.41607,40.59353],[-2.41628,40.58843],[-2.41531,40.57976],[-2.39366,40.56337],[-2.3814,40.54768],[-2.38,40.54361],[-2.41182,40.52565],[-2.42508,40.53962],[-2.43537,40.53455],[-2.44786,40.52515],[-2.46308,40.52284],[-2.49597,40.50883],[-2.51383,40.51656],[-2.52724,40.5443],[-2.53709,40.53566],[-2.54627,40.51898],[-2.54004,40.5076],[-2.52961,40.49826],[-2.53562,40.49318],[-2.54446,40.47465],[-2.54159,40.47464],[-2.527,40.46915],[-2.52198,40.46627],[-2.51977,40.46433],[-2.51622,40.46006],[-2.51073,40.45755],[-2.50509,40.44807],[-2.51053,40.42919],[-2.51981,40.42345],[-2.53258,40.42699],[-2.54228,40.42585],[-2.54665,40.42934],[-2.54762,40.43435],[-2.55642,40.43483],[-2.58705,40.44987],[-2.59818,40.44394],[-2.62604,40.44873],[-2.63398,40.44476],[-2.64154,40.44808],[-2.65131,40.44003],[-2.66504,40.43713],[-2.67136,40.44693],[-2.67519,40.44738],[-2.68425,40.44263],[-2.67719,40.43564],[-2.68326,40.42922],[-2.70154,40.4287],[-2.70214,40.42053],[-2.68077,40.40273],[-2.69112,40.39725],[-2.70578,40.41523],[-2.71353,40.41729],[-2.71354,40.4106],[-2.7179,40.40776],[-2.72416,40.40955],[-2.72062,40.40114],[-2.72512,40.39758],[-2.73608,40.40015],[-2.75935,40.41227],[-2.76893,40.42179],[-2.761,40.44089],[-2.77685,40.44665],[-2.78881,40.4321],[-2.78765,40.42793],[-2.79844,40.42324],[-2.79905,40.41581],[-2.8071,40.40463],[-2.80535,40.39916],[-2.80927,40.39436],[-2.80779,40.38963],[-2.81165,40.38486],[-2.81267,40.3714],[-2.81693,40.36382],[-2.81747,40.34841],[-2.81125,40.34151],[-2.81477,40.33193],[-2.81204,40.33161],[-2.81102,40.32816],[-2.8085,40.32695],[-2.80894,40.31142],[-2.80482,40.28742],[-2.80592,40.2713],[-2.80294,40.26228],[-2.81299,40.22823],[-2.8193,40.22019],[-2.82235,40.2056],[-2.82598,40.20227],[-2.86313,40.20014],[-2.87487,40.17364],[-2.88759,40.16466],[-2.90526,40.15814],[-2.91921,40.15931],[-2.94538,40.16891],[-2.95968,40.18266],[-2.98061,40.19386],[-2.99819,40.20911],[-3.00547,40.20812],[-3.00891,40.19924],[-3.01977,40.19321],[-3.02031,40.18211],[-3.01276,40.17263],[-3.01652,40.15248],[-3.0191,40.15469],[-3.02092,40.15577],[-3.02591,40.15679],[-3.06377,40.16828],[-3.06781,40.15802],[-3.07696,40.1666],[-3.08479,40.18636],[-3.08528,40.1978],[-3.08807,40.20029],[-3.0802,40.20679],[-3.0799,40.2261],[-3.08864,40.23739],[-3.08741,40.24698],[-3.09846,40.26031],[-3.09708,40.27087],[-3.10936,40.28517],[-3.11252,40.28545],[-3.12675,40.2792],[-3.14331,40.26683],[-3.1527,40.26382],[-3.16929,40.24483],[-3.17324,40.23414],[-3.18246,40.24245],[-3.19429,40.24801],[-3.19467,40.25505],[-3.19705,40.25752],[-3.19207,40.26013],[-3.18474,40.26934],[-3.18638,40.27825],[-3.18098,40.28981],[-3.18008,40.30206],[-3.18154,40.30425],[-3.17985,40.31335],[-3.15254,40.33383],[-3.1542,40.34262],[-3.1423,40.35076],[-3.14325,40.3581],[-3.14843,40.36055],[-3.15211,40.36685],[-3.1499,40.37308],[-3.13943,40.37571],[-3.14249,40.38664],[-3.13552,40.39101],[-3.13041,40.40515],[-3.14211,40.41315],[-3.15536,40.43939],[-3.17299,40.43704],[-3.19845,40.44222],[-3.19964,40.46501],[-3.19533,40.47859],[-3.20127,40.49879],[-3.19896,40.50478],[-3.19995,40.51445],[-3.22257,40.52627],[-3.23222,40.5397],[-3.23335,40.53322],[-3.24966,40.54333],[-3.28985,40.53175],[-3.29604,40.53777],[-3.28412,40.54971],[-3.28727,40.5585],[-3.2843,40.56323],[-3.28703,40.57224],[-3.31333,40.58232],[-3.32821,40.59506],[-3.33072,40.60092],[-3.32957,40.60569],[-3.3216,40.61172],[-3.33495,40.62442],[-3.32431,40.63004],[-3.32236,40.64057],[-3.31463,40.64971],[-3.31635,40.65514],[-3.32422,40.64254],[-3.33992,40.63684],[-3.34518,40.63802],[-3.34714,40.64214],[-3.36391,40.64692],[-3.36519,40.65077],[-3.36327,40.65462],[-3.37399,40.67847],[-3.38306,40.68331],[-3.38556,40.68404],[-3.38675,40.68593],[-3.38928,40.68752],[-3.3932,40.69242],[-3.39689,40.69151],[-3.39976,40.69143],[-3.40574,40.67048],[-3.41486,40.67237],[-3.42354,40.68159],[-3.42761,40.6731],[-3.44068,40.67485],[-3.45549,40.68718],[-3.4684,40.6899],[-3.46307,40.69374],[-3.45926,40.70301],[-3.43723,40.72344],[-3.43488,40.73106],[-3.43843,40.73499],[-3.43983,40.73645],[-3.44173,40.73769],[-3.44426,40.73598],[-3.44607,40.73421],[-3.44858,40.73292],[-3.45026,40.73485],[-3.45112,40.73809],[-3.44439,40.74956],[-3.44404,40.75904],[-3.4468,40.76338],[-3.44946,40.77075],[-3.46062,40.78176],[-3.49799,40.78877],[-3.50239,40.78806],[-3.51142,40.78845],[-3.50912,40.79049],[-3.5041,40.78919],[-3.50244,40.79132],[-3.5022,40.79347],[-3.5032,40.79546],[-3.50205,40.79759],[-3.49244,40.79864],[-3.49056,40.80796],[-3.48331,40.81454],[-3.47656,40.82806],[-3.47831,40.83748],[-3.47059,40.84348],[-3.47486,40.85092],[-3.47009,40.85202],[-3.46674,40.85681],[-3.47137,40.86166],[-3.47089,40.86491],[-3.44868,40.87561],[-3.44124,40.87609],[-3.44098,40.88044],[-3.44378,40.88632],[-3.44082,40.8904],[-3.44263,40.8933],[-3.45944,40.89946],[-3.45872,40.90732],[-3.44569,40.90692],[-3.44611,40.91005],[-3.45113,40.91282],[-3.4472,40.92404],[-3.43713,40.93364],[-3.43547,40.94574],[-3.42143,40.96724],[-3.41715,40.97455],[-3.41692,40.98765],[-3.3943,41.00023],[-3.39692,41.00461],[-3.39734,41.00677],[-3.40072,41.00903],[-3.40211,41.01072],[-3.40568,41.01333],[-3.4074,41.01581],[-3.41309,41.01851],[-3.42592,41.03157],[-3.42959,41.04018],[-3.43103,41.04163],[-3.43879,41.04263],[-3.42657,41.0662],[-3.42522,41.07417],[-3.42796,41.08241],[-3.43224,41.08415],[-3.44972,41.08146],[-3.475,41.09522],[-3.48294,41.09353],[-3.48919,41.0957],[-3.494,41.11342],[-3.50944,41.13598],[-3.52654,41.13966],[-3.53322,41.14672],[-3.54095,41.14962],[-3.53748,41.15529],[-3.53656,41.16053],[-3.53957,41.16499],[-3.52833,41.16605],[-3.51721,41.16286],[-3.50645,41.16945],[-3.49991,41.17793],[-3.46888,41.18426],[-3.45914,41.19245],[-3.45377,41.20218],[-3.44258,41.21522],[-3.40251,41.21363],[-3.40561,41.23422],[-3.39876,41.24274],[-3.40007,41.25392],[-3.41065,41.25996],[-3.4146,41.26594],[-3.41552,41.27136],[-3.41517,41.27321],[-3.41039,41.26197],[-3.39722,41.25772],[-3.36844,41.26],[-3.33672,41.25354],[-3.32443,41.26102],[-3.29185,41.25794],[-3.28724,41.26582],[-3.27578,41.27505],[-3.27323,41.26072],[-3.2547,41.25879],[-3.23898,41.27857],[-3.23943,41.28607],[-3.23685,41.28982],[-3.2275,41.29718],[-3.21597,41.29871],[-3.20737,41.30425],[-3.20369,41.30319],[-3.19978,41.30444],[-3.19216,41.30268],[-3.18857,41.30392],[-3.17862,41.29982],[-3.16491,41.29537],[-3.15781,41.29368],[-3.14843,41.29201],[-3.14131,41.2922],[-3.13007,41.28817],[-3.12507,41.2909],[-3.12124,41.28948],[-3.10868,41.2879],[-3.10018,41.28009],[-3.09784,41.27995],[-3.09123,41.28348],[-3.06192,41.27344],[-3.05958,41.27624],[-3.01881,41.28842],[-3.006,41.28441],[-2.99756,41.2868],[-2.99492,41.28661],[-2.98987,41.28738],[-2.98809,41.28878],[-2.97628,41.29136],[-2.96971,41.29223],[-2.96745,41.29192],[-2.96613,41.29324],[-2.9612,41.29237],[-2.95354,41.29196],[-2.95014,41.29265],[-2.94253,41.30082],[-2.94038,41.31321],[-2.91174,41.32152],[-2.90668,41.32764],[-2.90285,41.32594]]]}},{"type":"Feature","properties":{"region_key":"ES300","name_pt":"Madrid","name_es":"Madrid","name_en":"Madrid","kind":"district_province","source_nuts_id":"ES300"},"geometry":{"type":"Polygon","coordinates":[[[-3.53656,41.16053],[-3.53748,41.15529],[-3.54095,41.14962],[-3.53322,41.14672],[-3.52654,41.13966],[-3.50944,41.13598],[-3.494,41.11342],[-3.48919,41.0957],[-3.48294,41.09353],[-3.475,41.09522],[-3.44972,41.08146],[-3.43224,41.08415],[-3.42796,41.08241],[-3.42522,41.07417],[-3.42657,41.0662],[-3.43879,41.04263],[-3.43103,41.04163],[-3.42959,41.04018],[-3.42592,41.03157],[-3.41309,41.01851],[-3.4074,41.01581],[-3.40568,41.01333],[-3.40211,41.01072],[-3.40072,41.00903],[-3.39734,41.00677],[-3.39692,41.00461],[-3.3943,41.00023],[-3.41692,40.98765],[-3.41715,40.97455],[-3.42143,40.96724],[-3.43547,40.94574],[-3.43713,40.93364],[-3.4472,40.92404],[-3.45113,40.91282],[-3.44611,40.91005],[-3.44569,40.90692],[-3.45872,40.90732],[-3.45944,40.89946],[-3.44263,40.8933],[-3.44082,40.8904],[-3.44378,40.88632],[-3.44098,40.88044],[-3.44124,40.87609],[-3.44868,40.87561],[-3.47089,40.86491],[-3.47137,40.86166],[-3.46674,40.85681],[-3.47009,40.85202],[-3.47486,40.85092],[-3.47059,40.84348],[-3.47831,40.83748],[-3.47656,40.82806],[-3.48331,40.81454],[-3.49056,40.80796],[-3.49244,40.79864],[-3.50205,40.79759],[-3.5032,40.79546],[-3.5022,40.79347],[-3.50244,40.79132],[-3.5041,40.78919],[-3.50912,40.79049],[-3.51142,40.78845],[-3.50239,40.78806],[-3.49799,40.78877],[-3.46062,40.78176],[-3.44946,40.77075],[-3.4468,40.76338],[-3.44404,40.75904],[-3.44439,40.74956],[-3.45112,40.73809],[-3.45026,40.73485],[-3.44858,40.73292],[-3.44607,40.73421],[-3.44426,40.73598],[-3.44173,40.73769],[-3.43983,40.73645],[-3.43843,40.73499],[-3.43488,40.73106],[-3.43723,40.72344],[-3.45926,40.70301],[-3.46307,40.69374],[-3.4684,40.6899],[-3.45549,40.68718],[-3.44068,40.67485],[-3.42761,40.6731],[-3.42354,40.68159],[-3.41486,40.67237],[-3.40574,40.67048],[-3.39976,40.69143],[-3.39689,40.69151],[-3.3932,40.69242],[-3.38928,40.68752],[-3.38675,40.68593],[-3.38556,40.68404],[-3.38306,40.68331],[-3.37399,40.67847],[-3.36327,40.65462],[-3.36519,40.65077],[-3.36391,40.64692],[-3.34714,40.64214],[-3.34518,40.63802],[-3.33992,40.63684],[-3.32422,40.64254],[-3.31635,40.65514],[-3.31463,40.64971],[-3.32236,40.64057],[-3.32431,40.63004],[-3.33495,40.62442],[-3.3216,40.61172],[-3.32957,40.60569],[-3.33072,40.60092],[-3.32821,40.59506],[-3.31333,40.58232],[-3.28703,40.57224],[-3.2843,40.56323],[-3.28727,40.5585],[-3.28412,40.54971],[-3.29604,40.53777],[-3.28985,40.53175],[-3.24966,40.54333],[-3.23335,40.53322],[-3.23222,40.5397],[-3.22257,40.52627],[-3.19995,40.51445],[-3.19896,40.50478],[-3.20127,40.49879],[-3.19533,40.47859],[-3.19964,40.46501],[-3.19845,40.44222],[-3.17299,40.43704],[-3.15536,40.43939],[-3.14211,40.41315],[-3.13041,40.40515],[-3.13552,40.39101],[-3.14249,40.38664],[-3.13943,40.37571],[-3.1499,40.37308],[-3.15211,40.36685],[-3.14843,40.36055],[-3.14325,40.3581],[-3.1423,40.35076],[-3.1542,40.34262],[-3.15254,40.33383],[-3.17985,40.31335],[-3.18154,40.30425],[-3.18008,40.30206],[-3.18098,40.28981],[-3.18638,40.27825],[-3.18474,40.26934],[-3.19207,40.26013],[-3.19705,40.25752],[-3.19467,40.25505],[-3.19429,40.24801],[-3.18246,40.24245],[-3.17324,40.23414],[-3.16929,40.24483],[-3.1527,40.26382],[-3.14331,40.26683],[-3.12675,40.2792],[-3.11252,40.28545],[-3.10936,40.28517],[-3.09708,40.27087],[-3.09846,40.26031],[-3.08741,40.24698],[-3.08864,40.23739],[-3.0799,40.2261],[-3.0802,40.20679],[-3.08807,40.20029],[-3.08528,40.1978],[-3.08479,40.18636],[-3.07696,40.1666],[-3.06781,40.15802],[-3.0761,40.15681],[-3.08445,40.16279],[-3.08864,40.16273],[-3.0966,40.15462],[-3.09461,40.1506],[-3.09646,40.1442],[-3.0778,40.13475],[-3.06194,40.11533],[-3.05714,40.11289],[-3.05298,40.09939],[-3.06231,40.08934],[-3.0952,40.06852],[-3.11803,40.0614],[-3.14075,40.06318],[-3.14945,40.06599],[-3.15796,40.06445],[-3.16142,40.0649],[-3.16254,40.08074],[-3.16705,40.0858],[-3.16703,40.09019],[-3.17786,40.09141],[-3.17984,40.08899],[-3.17796,40.08605],[-3.18846,40.08247],[-3.19133,40.07534],[-3.21129,40.06149],[-3.24075,40.05393],[-3.25382,40.05718],[-3.25823,40.05161],[-3.26463,40.05621],[-3.27655,40.04784],[-3.28627,40.0523],[-3.29151,40.05214],[-3.3023,40.0538],[-3.31193,40.06789],[-3.32621,40.07826],[-3.34487,40.08007],[-3.37696,40.07415],[-3.37863,40.06649],[-3.37511,40.05332],[-3.39196,40.0474],[-3.3942,40.03546],[-3.4041,40.0352],[-3.41081,40.04141],[-3.42372,40.04592],[-3.43,40.03926],[-3.44554,40.03783],[-3.44771,40.04755],[-3.45433,40.04932],[-3.46768,40.0418],[-3.47305,40.04209],[-3.47444,40.04544],[-3.48754,40.04199],[-3.49283,40.04744],[-3.50575,40.04651],[-3.51136,40.04308],[-3.51504,40.04325],[-3.51706,40.03644],[-3.52188,40.02607],[-3.51953,40.02104],[-3.55049,40.01756],[-3.5892,40.01266],[-3.59508,40.00204],[-3.6156,39.99393],[-3.63667,39.98837],[-3.63035,39.9686],[-3.66596,39.96344],[-3.67699,39.96058],[-3.69667,39.9475],[-3.71152,39.95381],[-3.7425,39.94082],[-3.74835,39.92966],[-3.75729,39.92088],[-3.77819,39.91092],[-3.80465,39.88809],[-3.80429,39.88476],[-3.81188,39.88577],[-3.81489,39.88574],[-3.83445,39.89976],[-3.86204,39.90325],[-3.87543,39.91069],[-3.86831,39.91778],[-3.8745,39.92775],[-3.86739,39.93196],[-3.84096,39.94131],[-3.83603,39.93297],[-3.83285,39.93237],[-3.82636,39.94431],[-3.82194,39.9467],[-3.80644,39.95328],[-3.79808,39.94657],[-3.78529,39.9457],[-3.78354,39.95535],[-3.76444,39.9654],[-3.76015,39.95839],[-3.76897,39.95207],[-3.76308,39.94863],[-3.75286,39.95438],[-3.75554,39.96636],[-3.74274,39.96214],[-3.73003,39.96437],[-3.72648,39.97024],[-3.73813,39.97001],[-3.74458,39.97939],[-3.74073,39.98104],[-3.73499,39.97856],[-3.7324,39.98539],[-3.72176,39.98738],[-3.72274,39.99737],[-3.71576,40.00347],[-3.70963,40.0122],[-3.70001,40.01921],[-3.68861,40.02152],[-3.68095,40.01616],[-3.66774,40.02782],[-3.66447,40.03553],[-3.65903,40.03642],[-3.65102,40.03264],[-3.64702,40.0405],[-3.6367,40.04298],[-3.63913,40.04767],[-3.63772,40.05082],[-3.62094,40.05692],[-3.62319,40.06206],[-3.61778,40.06894],[-3.62819,40.07773],[-3.60983,40.0834],[-3.60482,40.09318],[-3.61339,40.09315],[-3.61561,40.09591],[-3.60763,40.10897],[-3.62547,40.11533],[-3.66076,40.12916],[-3.66731,40.14329],[-3.68562,40.1325],[-3.71291,40.1417],[-3.71811,40.14636],[-3.72222,40.14771],[-3.72989,40.14387],[-3.73567,40.13915],[-3.73978,40.13521],[-3.74213,40.13409],[-3.74885,40.13281],[-3.77143,40.13978],[-3.77747,40.14713],[-3.78118,40.15916],[-3.79988,40.17536],[-3.80601,40.17713],[-3.80659,40.17719],[-3.8108,40.16974],[-3.81841,40.17044],[-3.83335,40.16202],[-3.84084,40.16266],[-3.85171,40.16935],[-3.85337,40.17935],[-3.87632,40.19122],[-3.88319,40.18877],[-3.91193,40.19039],[-3.92599,40.20087],[-3.93863,40.20323],[-3.94935,40.19021],[-3.95093,40.19649],[-3.95618,40.19868],[-3.95287,40.2128],[-3.99192,40.2105],[-4.00896,40.22051],[-4.02526,40.23579],[-4.02624,40.24364],[-4.02386,40.24893],[-4.0258,40.24954],[-4.0417,40.24967],[-4.05192,40.25149],[-4.05686,40.25391],[-4.06237,40.2577],[-4.06605,40.26148],[-4.07273,40.26541],[-4.07521,40.26517],[-4.08029,40.2669],[-4.08558,40.25595],[-4.08697,40.25422],[-4.09503,40.24772],[-4.10043,40.24609],[-4.10217,40.24341],[-4.10411,40.2418],[-4.11105,40.24425],[-4.11366,40.24375],[-4.12058,40.24365],[-4.12434,40.24603],[-4.12731,40.246],[-4.13226,40.24832],[-4.14356,40.24479],[-4.1497,40.2491],[-4.14483,40.26469],[-4.16538,40.27192],[-4.17232,40.28806],[-4.19215,40.29641],[-4.20358,40.28629],[-4.20519,40.26952],[-4.21054,40.26872],[-4.21818,40.27217],[-4.22603,40.26986],[-4.23131,40.27663],[-4.24901,40.27224],[-4.27029,40.23565],[-4.28596,40.22771],[-4.29422,40.21966],[-4.3063,40.22264],[-4.30895,40.23347],[-4.32183,40.22767],[-4.33513,40.23869],[-4.34142,40.2399],[-4.34832,40.23671],[-4.34587,40.25299],[-4.35788,40.27564],[-4.35622,40.30858],[-4.37994,40.3183],[-4.37907,40.31495],[-4.38586,40.30182],[-4.38358,40.29852],[-4.38458,40.28891],[-4.39896,40.28274],[-4.4278,40.2583],[-4.43484,40.25924],[-4.43479,40.24358],[-4.43771,40.2379],[-4.44962,40.23326],[-4.47398,40.23081],[-4.49733,40.22158],[-4.51473,40.2162],[-4.51714,40.20604],[-4.52121,40.20211],[-4.53657,40.19969],[-4.55071,40.20167],[-4.57344,40.20667],[-4.57364,40.21319],[-4.57908,40.2172],[-4.56599,40.21864],[-4.56084,40.22446],[-4.56003,40.23382],[-4.56691,40.2409],[-4.56948,40.2573],[-4.55609,40.26614],[-4.55541,40.27685],[-4.53019,40.29327],[-4.54051,40.32709],[-4.5444,40.33015],[-4.54623,40.34183],[-4.53888,40.34045],[-4.53496,40.34155],[-4.52957,40.34409],[-4.52662,40.34483],[-4.52611,40.33819],[-4.50542,40.31616],[-4.49855,40.31605],[-4.48792,40.32078],[-4.456,40.31987],[-4.45364,40.33305],[-4.46078,40.34043],[-4.4398,40.35093],[-4.44246,40.38607],[-4.42147,40.40624],[-4.40082,40.41089],[-4.36719,40.40717],[-4.35674,40.41137],[-4.33152,40.40873],[-4.32092,40.41027],[-4.32551,40.41463],[-4.32384,40.41826],[-4.32483,40.42286],[-4.33295,40.42412],[-4.33887,40.4286],[-4.33912,40.43828],[-4.32906,40.448],[-4.32023,40.45201],[-4.32507,40.46006],[-4.31973,40.45917],[-4.31674,40.46469],[-4.32401,40.48109],[-4.32302,40.5025],[-4.3266,40.5088],[-4.32187,40.51713],[-4.32067,40.53044],[-4.32702,40.53423],[-4.32389,40.54771],[-4.30954,40.55723],[-4.2891,40.56415],[-4.27898,40.60212],[-4.2895,40.60836],[-4.29054,40.62778],[-4.28223,40.63077],[-4.27218,40.62884],[-4.26275,40.60634],[-4.24445,40.60247],[-4.21412,40.60558],[-4.16102,40.62342],[-4.17167,40.63051],[-4.16778,40.64787],[-4.17303,40.67464],[-4.17051,40.68118],[-4.16029,40.68985],[-4.14571,40.6953],[-4.13702,40.7156],[-4.12731,40.72409],[-4.12553,40.72445],[-4.12365,40.73109],[-4.11213,40.74233],[-4.09683,40.74769],[-4.09528,40.76524],[-4.08161,40.77624],[-4.07651,40.78815],[-4.06993,40.79387],[-4.05943,40.79226],[-4.05335,40.79059],[-4.0468,40.79013],[-4.04534,40.78887],[-4.04204,40.78374],[-4.03939,40.78412],[-4.03614,40.78348],[-4.03224,40.78156],[-4.02116,40.78115],[-4.01501,40.78295],[-4.01235,40.7843],[-4.00749,40.78786],[-4.00269,40.7886],[-3.98959,40.78543],[-3.98407,40.7859],[-3.97952,40.78451],[-3.97796,40.78737],[-3.9793,40.79899],[-3.96486,40.8163],[-3.96342,40.82806],[-3.96479,40.83783],[-3.94692,40.86446],[-3.94238,40.88687],[-3.95115,40.89382],[-3.9448,40.9033],[-3.93697,40.91679],[-3.93779,40.92714],[-3.92964,40.927],[-3.92721,40.9276],[-3.9216,40.92991],[-3.91982,40.93783],[-3.90417,40.95648],[-3.90222,40.9569],[-3.89849,40.95879],[-3.89502,40.96548],[-3.88679,40.97111],[-3.88338,40.97119],[-3.88063,40.97277],[-3.88011,40.97442],[-3.86906,40.9719],[-3.85904,40.97861],[-3.83912,40.98387],[-3.83502,40.98415],[-3.82909,40.98665],[-3.82026,40.98549],[-3.79248,40.99475],[-3.78052,41.00158],[-3.76986,41.01366],[-3.76714,41.01593],[-3.76677,41.01889],[-3.76576,41.02078],[-3.75889,41.02703],[-3.75539,41.02789],[-3.7531,41.03162],[-3.7481,41.03663],[-3.73972,41.04932],[-3.7403,41.0536],[-3.73041,41.06138],[-3.72547,41.06246],[-3.72127,41.06499],[-3.71594,41.07151],[-3.70604,41.07681],[-3.70089,41.08005],[-3.69529,41.08265],[-3.68745,41.08489],[-3.68392,41.08495],[-3.67938,41.08418],[-3.67591,41.08665],[-3.65172,41.10757],[-3.64487,41.12124],[-3.63417,41.12563],[-3.63289,41.13482],[-3.61985,41.14311],[-3.61355,41.14901],[-3.60058,41.15443],[-3.59231,41.15481],[-3.58365,41.16071],[-3.56962,41.15973],[-3.55448,41.16493],[-3.53957,41.16499],[-3.53656,41.16053]],[[-3.38198,40.63043],[-3.37158,40.62573],[-3.36393,40.63273],[-3.3644,40.63785],[-3.37302,40.63825],[-3.37384,40.63518],[-3.3801,40.63281],[-3.38198,40.63043]]]}},{"type":"Feature","properties":{"region_key":"ES411","name_pt":"\u00c1vila","name_es":"\u00c1vila","name_en":"\u00c1vila","kind":"district_province","source_nuts_id":"ES411"},"geometry":{"type":"Polygon","coordinates":[[[-5.01389,41.16426],[-5.00383,41.15949],[-4.98976,41.16082],[-4.98263,41.15212],[-4.96668,41.1512],[-4.96258,41.14086],[-4.95802,41.13902],[-4.95423,41.13965],[-4.95084,41.14072],[-4.93879,41.13197],[-4.87556,41.10372],[-4.86371,41.09403],[-4.85558,41.10075],[-4.85324,41.0998],[-4.84659,41.10049],[-4.83995,41.10005],[-4.83753,41.09943],[-4.83467,41.09925],[-4.83259,41.09968],[-4.82799,41.09917],[-4.81499,41.10347],[-4.81843,41.10977],[-4.81301,41.12396],[-4.81355,41.12939],[-4.8051,41.13534],[-4.79496,41.13653],[-4.7844,41.14391],[-4.77769,41.14487],[-4.76665,41.14273],[-4.74898,41.14955],[-4.72981,41.15071],[-4.72213,41.14933],[-4.72039,41.14542],[-4.71968,41.14092],[-4.71998,41.13491],[-4.71675,41.13266],[-4.7231,41.12851],[-4.72427,41.12365],[-4.71574,41.10735],[-4.71092,41.09899],[-4.71422,41.09001],[-4.70718,41.08879],[-4.71342,41.08214],[-4.7161,41.07195],[-4.7127,41.06258],[-4.70588,41.05512],[-4.70156,41.05254],[-4.68021,41.05073],[-4.65962,41.04149],[-4.6597,41.0404],[-4.65214,41.03418],[-4.63907,41.02973],[-4.62653,41.01532],[-4.62362,41.00694],[-4.62117,41.00623],[-4.61728,41.00367],[-4.61807,41.00019],[-4.61827,40.99747],[-4.61235,40.98657],[-4.61226,40.98285],[-4.60889,40.97367],[-4.60678,40.97083],[-4.59598,40.96582],[-4.56688,40.95551],[-4.56685,40.94546],[-4.56192,40.94052],[-4.55839,40.94017],[-4.5593,40.91653],[-4.55353,40.90719],[-4.55959,40.88587],[-4.5369,40.8729],[-4.53362,40.86414],[-4.53363,40.85708],[-4.55018,40.8527],[-4.55779,40.84156],[-4.54927,40.828],[-4.52417,40.82628],[-4.49872,40.83353],[-4.49411,40.83259],[-4.48887,40.8231],[-4.48534,40.81395],[-4.4732,40.80007],[-4.47727,40.79687],[-4.47999,40.79528],[-4.48098,40.79372],[-4.48142,40.79161],[-4.48031,40.78684],[-4.47344,40.78234],[-4.47285,40.774],[-4.45926,40.75848],[-4.43882,40.74944],[-4.43148,40.74193],[-4.42787,40.73014],[-4.435,40.71411],[-4.42199,40.67314],[-4.41965,40.63345],[-4.38862,40.63498],[-4.35945,40.63824],[-4.35339,40.63715],[-4.34671,40.63718],[-4.34175,40.63683],[-4.33266,40.63716],[-4.33381,40.64009],[-4.32826,40.64642],[-4.28693,40.65269],[-4.25656,40.65206],[-4.25466,40.66193],[-4.2741,40.67707],[-4.27131,40.68225],[-4.25325,40.68875],[-4.22875,40.68922],[-4.18447,40.69726],[-4.16029,40.68985],[-4.17051,40.68118],[-4.17303,40.67464],[-4.16778,40.64787],[-4.17167,40.63051],[-4.16102,40.62342],[-4.21412,40.60558],[-4.24445,40.60247],[-4.26275,40.60634],[-4.27218,40.62884],[-4.28223,40.63077],[-4.29054,40.62778],[-4.2895,40.60836],[-4.27898,40.60212],[-4.2891,40.56415],[-4.30954,40.55723],[-4.32389,40.54771],[-4.32702,40.53423],[-4.32067,40.53044],[-4.32187,40.51713],[-4.3266,40.5088],[-4.32302,40.5025],[-4.32401,40.48109],[-4.31674,40.46469],[-4.31973,40.45917],[-4.32507,40.46006],[-4.32023,40.45201],[-4.32906,40.448],[-4.33912,40.43828],[-4.33887,40.4286],[-4.33295,40.42412],[-4.32483,40.42286],[-4.32384,40.41826],[-4.32551,40.41463],[-4.32092,40.41027],[-4.33152,40.40873],[-4.35674,40.41137],[-4.36719,40.40717],[-4.40082,40.41089],[-4.42147,40.40624],[-4.44246,40.38607],[-4.4398,40.35093],[-4.46078,40.34043],[-4.45364,40.33305],[-4.456,40.31987],[-4.48792,40.32078],[-4.49855,40.31605],[-4.50542,40.31616],[-4.52611,40.33819],[-4.52662,40.34483],[-4.52957,40.34409],[-4.53496,40.34155],[-4.53888,40.34045],[-4.54623,40.34183],[-4.5444,40.33015],[-4.54051,40.32709],[-4.53019,40.29327],[-4.55541,40.27685],[-4.55609,40.26614],[-4.56948,40.2573],[-4.56691,40.2409],[-4.56003,40.23382],[-4.56084,40.22446],[-4.56599,40.21864],[-4.57908,40.2172],[-4.61675,40.2],[-4.62978,40.20158],[-4.64048,40.19759],[-4.65344,40.19815],[-4.67394,40.20951],[-4.67984,40.20707],[-4.68608,40.21177],[-4.68913,40.22778],[-4.68757,40.23572],[-4.69262,40.24099],[-4.6872,40.24961],[-4.70186,40.25894],[-4.70188,40.26298],[-4.69512,40.26682],[-4.69817,40.28223],[-4.71193,40.28055],[-4.71371,40.27613],[-4.72752,40.27357],[-4.73098,40.27098],[-4.74291,40.27463],[-4.75348,40.26448],[-4.76222,40.26139],[-4.78789,40.27169],[-4.80428,40.27513],[-4.81106,40.25936],[-4.8173,40.25447],[-4.80863,40.2358],[-4.81879,40.231],[-4.82321,40.22157],[-4.83541,40.2125],[-4.84938,40.20904],[-4.85969,40.20351],[-4.86401,40.20428],[-4.87193,40.20029],[-4.87856,40.1909],[-4.89668,40.1851],[-4.90068,40.1822],[-4.90261,40.1801],[-4.91375,40.17364],[-4.91887,40.17151],[-4.92471,40.17002],[-4.92316,40.16768],[-4.92375,40.16499],[-4.91809,40.15533],[-4.91811,40.15269],[-4.92113,40.14732],[-4.92251,40.14158],[-4.9256,40.13829],[-4.92549,40.13607],[-4.93416,40.13465],[-4.93677,40.13385],[-4.94226,40.13357],[-4.94587,40.13268],[-4.94875,40.13315],[-4.9582,40.13113],[-4.95458,40.12116],[-4.99044,40.11552],[-5.00493,40.11022],[-5.01338,40.1111],[-5.0081,40.12171],[-5.00736,40.13053],[-5.01663,40.14651],[-5.01892,40.15814],[-5.02946,40.15783],[-5.04211,40.15163],[-5.05704,40.14926],[-5.06869,40.14973],[-5.07843,40.13688],[-5.08481,40.13475],[-5.08734,40.12595],[-5.1001,40.12711],[-5.10676,40.11794],[-5.12687,40.10291],[-5.13875,40.09762],[-5.14235,40.09209],[-5.15531,40.09231],[-5.16697,40.08799],[-5.17281,40.08522],[-5.18194,40.08775],[-5.20127,40.08325],[-5.21078,40.0921],[-5.21283,40.10636],[-5.24939,40.10877],[-5.29351,40.10963],[-5.31588,40.10707],[-5.32014,40.10792],[-5.32333,40.11009],[-5.32728,40.11188],[-5.32944,40.11383],[-5.33602,40.11586],[-5.3376,40.12374],[-5.34493,40.12897],[-5.35723,40.1519],[-5.36748,40.16333],[-5.36493,40.17929],[-5.36723,40.19815],[-5.36501,40.20272],[-5.36946,40.21704],[-5.3594,40.22714],[-5.34325,40.26409],[-5.35492,40.26374],[-5.36461,40.25804],[-5.37886,40.25761],[-5.39505,40.2505],[-5.41232,40.25506],[-5.42987,40.2523],[-5.43038,40.24893],[-5.43386,40.24495],[-5.43435,40.2428],[-5.4361,40.23894],[-5.43981,40.23367],[-5.45056,40.22786],[-5.45233,40.22719],[-5.45515,40.22639],[-5.46811,40.22419],[-5.46922,40.22197],[-5.46985,40.21568],[-5.46973,40.21278],[-5.47095,40.20789],[-5.47888,40.20711],[-5.48314,40.20578],[-5.48811,40.20478],[-5.49151,40.2033],[-5.49711,40.20003],[-5.50808,40.20195],[-5.51879,40.19691],[-5.52107,40.19614],[-5.53101,40.19476],[-5.54729,40.19753],[-5.59841,40.21684],[-5.61008,40.21552],[-5.61778,40.22268],[-5.61446,40.23324],[-5.62297,40.24592],[-5.65051,40.25093],[-5.65911,40.25863],[-5.658,40.27053],[-5.6927,40.29215],[-5.69989,40.28945],[-5.7376,40.29416],[-5.72966,40.30347],[-5.72777,40.3116],[-5.7148,40.32482],[-5.69011,40.33778],[-5.68606,40.3438],[-5.68214,40.34623],[-5.67583,40.34765],[-5.67307,40.34858],[-5.68563,40.35607],[-5.68695,40.37419],[-5.67938,40.38672],[-5.68573,40.39792],[-5.69123,40.42203],[-5.6838,40.42446],[-5.65773,40.43686],[-5.64088,40.45144],[-5.64008,40.45338],[-5.63421,40.46048],[-5.62647,40.46276],[-5.6228,40.46579],[-5.60981,40.46811],[-5.5993,40.46803],[-5.58984,40.46729],[-5.58599,40.47009],[-5.57788,40.47443],[-5.57514,40.47642],[-5.57272,40.47644],[-5.56965,40.47749],[-5.56527,40.47757],[-5.56096,40.47713],[-5.56335,40.47282],[-5.56017,40.46679],[-5.56135,40.46214],[-5.57057,40.45558],[-5.5732,40.44812],[-5.57343,40.44433],[-5.55937,40.43744],[-5.54479,40.42313],[-5.51635,40.4237],[-5.51115,40.42807],[-5.5106,40.44104],[-5.51902,40.44867],[-5.50807,40.46289],[-5.50017,40.4593],[-5.48243,40.45749],[-5.46559,40.46595],[-5.46089,40.47513],[-5.46184,40.48513],[-5.4629,40.48727],[-5.46199,40.49122],[-5.45145,40.49598],[-5.44637,40.52059],[-5.43327,40.53425],[-5.43103,40.54743],[-5.42984,40.552],[-5.42559,40.55667],[-5.42854,40.5645],[-5.43111,40.56727],[-5.50821,40.54883],[-5.52473,40.54077],[-5.52865,40.5528],[-5.51804,40.56502],[-5.51683,40.57733],[-5.51745,40.58097],[-5.51736,40.58295],[-5.51626,40.58542],[-5.51324,40.58686],[-5.51011,40.5904],[-5.50075,40.59467],[-5.49786,40.58169],[-5.48892,40.58302],[-5.46171,40.57769],[-5.44962,40.57964],[-5.44177,40.58857],[-5.42503,40.59774],[-5.42162,40.60596],[-5.41438,40.6098],[-5.40865,40.60897],[-5.39681,40.61423],[-5.38308,40.62164],[-5.38032,40.62786],[-5.38178,40.63073],[-5.37417,40.63824],[-5.37704,40.64566],[-5.36593,40.6488],[-5.38325,40.66104],[-5.38655,40.66758],[-5.37796,40.67681],[-5.36853,40.68101],[-5.33869,40.6885],[-5.33285,40.69474],[-5.33565,40.69963],[-5.32784,40.70506],[-5.31827,40.70333],[-5.30765,40.70583],[-5.29371,40.71036],[-5.27576,40.72424],[-5.25739,40.73525],[-5.25383,40.73431],[-5.25508,40.73949],[-5.21569,40.75781],[-5.21902,40.773],[-5.18888,40.7865],[-5.17831,40.79642],[-5.17766,40.8053],[-5.16328,40.81323],[-5.15871,40.82032],[-5.15787,40.8231],[-5.1682,40.83884],[-5.16369,40.85305],[-5.1634,40.86552],[-5.16384,40.86841],[-5.15155,40.87516],[-5.13289,40.89779],[-5.12558,40.90158],[-5.11556,40.90232],[-5.11224,40.91719],[-5.11704,40.92999],[-5.1198,40.93095],[-5.12417,40.94766],[-5.1282,40.9486],[-5.12763,40.95414],[-5.11533,40.95518],[-5.10618,40.96069],[-5.0981,40.97717],[-5.09862,40.98948],[-5.09087,40.99607],[-5.09224,41.00567],[-5.10236,41.01836],[-5.10663,41.02952],[-5.13661,41.03857],[-5.14082,41.03727],[-5.14657,41.04366],[-5.15252,41.06429],[-5.15229,41.08195],[-5.1465,41.09418],[-5.12919,41.10539],[-5.12796,41.11815],[-5.12665,41.12576],[-5.12496,41.13206],[-5.12278,41.13543],[-5.10902,41.13791],[-5.10016,41.14711],[-5.0869,41.14339],[-5.08357,41.14286],[-5.08187,41.14181],[-5.07602,41.13942],[-5.07097,41.13898],[-5.06802,41.13836],[-5.06268,41.13834],[-5.05989,41.13863],[-5.05227,41.14099],[-5.04081,41.14622],[-5.02968,41.1503],[-5.02688,41.15171],[-5.02466,41.15227],[-5.02181,41.15357],[-5.02245,41.15766],[-5.01389,41.16426]]]}},{"type":"Feature","properties":{"region_key":"ES414","name_pt":"Palencia","name_es":"Palencia","name_en":"Palencia","kind":"district_province","source_nuts_id":"ES414"},"geometry":{"type":"Polygon","coordinates":[[[-4.4312,43.0456],[-4.40419,43.03796],[-4.39763,43.03406],[-4.38553,43.01613],[-4.37695,43.00798],[-4.37341,42.99626],[-4.36291,42.98487],[-4.34572,42.97208],[-4.26425,42.96538],[-4.23832,42.95415],[-4.23875,42.946],[-4.23714,42.91877],[-4.22351,42.91004],[-4.22983,42.90311],[-4.23063,42.89664],[-4.22429,42.87992],[-4.22477,42.8581],[-4.21858,42.85033],[-4.20987,42.84527],[-4.19947,42.8452],[-4.1813,42.85811],[-4.16874,42.85926],[-4.15012,42.87144],[-4.14585,42.86304],[-4.12735,42.85645],[-4.12814,42.84625],[-4.13611,42.84005],[-4.14265,42.82997],[-4.1481,42.83024],[-4.15761,42.83702],[-4.16585,42.82881],[-4.17873,42.82613],[-4.16425,42.82062],[-4.16187,42.81573],[-4.17335,42.8125],[-4.18257,42.81819],[-4.1824,42.81233],[-4.15277,42.79184],[-4.12118,42.79413],[-4.10125,42.79113],[-4.09524,42.77688],[-4.08511,42.77048],[-4.08146,42.76162],[-4.08531,42.76265],[-4.0902,42.7505],[-4.11017,42.7343],[-4.12284,42.73647],[-4.12095,42.7454],[-4.12735,42.75198],[-4.14151,42.75294],[-4.15864,42.74765],[-4.17277,42.738],[-4.18463,42.73619],[-4.20234,42.71798],[-4.21476,42.71357],[-4.21895,42.70502],[-4.23787,42.69782],[-4.24781,42.69751],[-4.24919,42.69338],[-4.25598,42.68906],[-4.26712,42.69503],[-4.26925,42.70472],[-4.29192,42.69087],[-4.28769,42.68637],[-4.28847,42.67809],[-4.27605,42.67303],[-4.2725,42.65773],[-4.27633,42.64176],[-4.26856,42.6326],[-4.26982,42.62397],[-4.26664,42.61903],[-4.29262,42.60593],[-4.29341,42.60261],[-4.2836,42.58677],[-4.28494,42.58287],[-4.27083,42.58136],[-4.3034,42.56928],[-4.29878,42.56137],[-4.30278,42.55772],[-4.30148,42.55393],[-4.27771,42.54466],[-4.27896,42.54273],[-4.27809,42.53995],[-4.27744,42.53538],[-4.27963,42.53379],[-4.27753,42.5298],[-4.27538,42.52872],[-4.27217,42.51995],[-4.27768,42.51255],[-4.26142,42.50965],[-4.24706,42.49469],[-4.24613,42.49237],[-4.25008,42.48095],[-4.24686,42.4721],[-4.25303,42.46862],[-4.24686,42.46542],[-4.24395,42.45661],[-4.26823,42.45377],[-4.30792,42.45421],[-4.31711,42.4589],[-4.32325,42.44473],[-4.33477,42.43],[-4.33319,42.41769],[-4.32085,42.41097],[-4.32921,42.40476],[-4.33018,42.39141],[-4.32161,42.37987],[-4.27891,42.38978],[-4.2721,42.38073],[-4.27333,42.3763],[-4.28013,42.3754],[-4.27652,42.36504],[-4.27951,42.36264],[-4.26553,42.35223],[-4.26975,42.34147],[-4.26252,42.32763],[-4.26395,42.31239],[-4.26225,42.31172],[-4.26191,42.30966],[-4.25191,42.30997],[-4.24996,42.29717],[-4.25179,42.2905],[-4.24644,42.27847],[-4.24153,42.27006],[-4.24287,42.25951],[-4.23146,42.25607],[-4.22933,42.24348],[-4.23713,42.23692],[-4.22695,42.22954],[-4.23129,42.21864],[-4.23146,42.20842],[-4.21531,42.20687],[-4.2066,42.19702],[-4.20586,42.19242],[-4.19291,42.18271],[-4.18913,42.17627],[-4.19223,42.16258],[-4.20488,42.15401],[-4.20169,42.14969],[-4.20469,42.13529],[-4.20058,42.13201],[-4.18935,42.12692],[-4.18692,42.1264],[-4.17834,42.13074],[-4.17581,42.12672],[-4.15182,42.13113],[-4.14429,42.12848],[-4.14072,42.11996],[-4.12731,42.12233],[-4.12133,42.12743],[-4.11524,42.12477],[-4.10303,42.10982],[-4.08547,42.10374],[-4.07566,42.10499],[-4.05623,42.1009],[-4.06056,42.09181],[-4.07053,42.08481],[-4.07797,42.08309],[-4.10212,42.08648],[-4.10414,42.06161],[-4.08445,42.03888],[-4.07904,42.0375],[-4.06361,42.04304],[-4.04791,42.03903],[-4.04591,42.0508],[-4.03914,42.05276],[-4.03055,42.0498],[-4.01095,42.05131],[-3.99506,42.04548],[-3.98261,42.05009],[-3.9711,42.0332],[-3.97828,42.02364],[-3.98605,42.02113],[-3.99639,42.00545],[-4.01427,41.99762],[-4.02912,41.97655],[-4.03243,41.95508],[-4.02525,41.95434],[-4.01963,41.95835],[-3.99064,41.96022],[-3.97471,41.96624],[-3.95738,41.97997],[-3.94907,41.98031],[-3.91592,41.99189],[-3.91023,41.99695],[-3.89202,41.99538],[-3.89007,41.98776],[-3.89354,41.97273],[-3.89243,41.95755],[-3.91071,41.9563],[-3.92323,41.96015],[-3.93532,41.95724],[-3.95179,41.9359],[-3.98173,41.92967],[-3.9842,41.92273],[-3.98316,41.91329],[-3.9822,41.911],[-3.98234,41.905],[-3.98172,41.90234],[-3.98073,41.9006],[-3.98278,41.8998],[-3.98791,41.89638],[-3.99826,41.8924],[-4.00714,41.88515],[-4.01274,41.88237],[-4.01742,41.87946],[-4.01958,41.87853],[-4.02825,41.87644],[-4.0376,41.87276],[-4.0415,41.87391],[-4.04364,41.87323],[-4.04541,41.87416],[-4.04745,41.87374],[-4.06636,41.87647],[-4.08776,41.8704],[-4.0811,41.86092],[-4.07971,41.85045],[-4.08901,41.84251],[-4.09006,41.83229],[-4.06071,41.80652],[-4.04868,41.80175],[-4.03863,41.78887],[-4.03892,41.7727],[-4.0395,41.77055],[-4.0409,41.76834],[-4.05881,41.77431],[-4.06532,41.77053],[-4.07107,41.77083],[-4.08727,41.77914],[-4.09998,41.77545],[-4.10829,41.78562],[-4.11105,41.79446],[-4.11792,41.80027],[-4.12322,41.8073],[-4.15464,41.79685],[-4.16414,41.80081],[-4.18603,41.80239],[-4.19529,41.80346],[-4.21511,41.79999],[-4.23295,41.80811],[-4.23605,41.81396],[-4.2473,41.8038],[-4.26023,41.80464],[-4.27932,41.78748],[-4.28661,41.77488],[-4.30682,41.77592],[-4.31693,41.76806],[-4.31767,41.76344],[-4.32978,41.76868],[-4.37784,41.78126],[-4.38334,41.78686],[-4.40399,41.78317],[-4.40862,41.77853],[-4.41213,41.77606],[-4.42145,41.76813],[-4.42898,41.76486],[-4.43401,41.76178],[-4.44222,41.75864],[-4.44687,41.75821],[-4.4501,41.75836],[-4.45427,41.75916],[-4.46815,41.76332],[-4.48065,41.76776],[-4.48466,41.76953],[-4.49182,41.76964],[-4.49706,41.7702],[-4.50121,41.7714],[-4.49332,41.77878],[-4.48704,41.81917],[-4.46118,41.82035],[-4.46288,41.82168],[-4.47461,41.82632],[-4.47834,41.82858],[-4.47543,41.83029],[-4.47337,41.83204],[-4.47243,41.84071],[-4.47612,41.84306],[-4.48015,41.83891],[-4.49027,41.83842],[-4.50436,41.83183],[-4.50703,41.82675],[-4.51372,41.82341],[-4.54837,41.83028],[-4.54626,41.82481],[-4.54866,41.81914],[-4.55374,41.81669],[-4.56468,41.81772],[-4.56611,41.81257],[-4.58223,41.82281],[-4.5908,41.836],[-4.60493,41.83956],[-4.61811,41.85122],[-4.63168,41.86268],[-4.63748,41.88751],[-4.65454,41.8929],[-4.65846,41.8968],[-4.66863,41.90018],[-4.67841,41.89986],[-4.68568,41.89164],[-4.70153,41.88674],[-4.72827,41.86882],[-4.73147,41.86536],[-4.73233,41.86177],[-4.72972,41.85797],[-4.72647,41.85451],[-4.7432,41.84336],[-4.74808,41.84055],[-4.75139,41.83731],[-4.75539,41.83243],[-4.75701,41.8295],[-4.75845,41.82578],[-4.76271,41.82632],[-4.76713,41.82623],[-4.76926,41.82585],[-4.77011,41.82311],[-4.77641,41.82118],[-4.78404,41.81951],[-4.78927,41.81802],[-4.81262,41.86092],[-4.82799,41.87345],[-4.83814,41.89763],[-4.85597,41.91558],[-4.85918,41.9151],[-4.86059,41.91746],[-4.86305,41.91827],[-4.86772,41.91759],[-4.87139,41.93136],[-4.8898,41.93277],[-4.90111,41.92718],[-4.91205,41.91658],[-4.92963,41.91634],[-4.93262,41.92609],[-4.94961,41.93382],[-4.96701,41.92429],[-4.98371,41.91002],[-4.98851,41.92333],[-5.00366,41.93676],[-5.00238,41.94314],[-5.00513,41.94722],[-4.9936,41.96228],[-4.98329,41.96667],[-4.97619,41.97437],[-4.97286,41.98323],[-4.97215,41.98888],[-4.97552,41.99353],[-4.96488,42.00685],[-4.93603,42.0179],[-4.93815,42.01986],[-4.94558,42.0423],[-4.94972,42.051],[-4.94765,42.05429],[-4.93957,42.06126],[-4.93205,42.06871],[-4.92777,42.07348],[-4.91678,42.07829],[-4.9042,42.07838],[-4.9101,42.08346],[-4.91784,42.09078],[-4.9157,42.09316],[-4.92032,42.0976],[-4.9278,42.11733],[-4.92587,42.12194],[-4.92965,42.14271],[-4.92751,42.1502],[-4.94517,42.15249],[-4.96323,42.15051],[-4.96775,42.15499],[-4.9793,42.15102],[-4.98127,42.14683],[-4.99078,42.14462],[-5.00832,42.14909],[-5.0168,42.15642],[-5.02698,42.15389],[-5.02674,42.16468],[-5.03191,42.17361],[-5.0197,42.17931],[-5.0136,42.18858],[-5.01296,42.19461],[-5.02491,42.21727],[-5.02468,42.21987],[-5.02008,42.22259],[-5.01591,42.22561],[-5.01035,42.22809],[-5.01017,42.23692],[-5.00899,42.24223],[-5.01157,42.24553],[-5.01552,42.24833],[-5.01882,42.25383],[-5.01656,42.25895],[-5.00867,42.26143],[-5.00993,42.26654],[-5.00732,42.27383],[-5.00622,42.27527],[-5.00649,42.27846],[-5.00594,42.2811],[-5.00215,42.2891],[-4.98669,42.29383],[-4.9741,42.28939],[-4.95589,42.29628],[-4.94833,42.31078],[-4.94621,42.32402],[-4.9423,42.32989],[-4.94118,42.33812],[-4.94432,42.34636],[-4.98212,42.33765],[-4.98422,42.33784],[-4.97778,42.34907],[-4.97189,42.37404],[-4.96709,42.37796],[-4.94656,42.37656],[-4.94273,42.38175],[-4.93149,42.38449],[-4.91143,42.38153],[-4.90423,42.38631],[-4.91016,42.39215],[-4.91425,42.41344],[-4.90568,42.4242],[-4.91061,42.43337],[-4.92095,42.4373],[-4.91913,42.43784],[-4.91426,42.44053],[-4.90637,42.44878],[-4.90001,42.45065],[-4.89945,42.4544],[-4.8985,42.45741],[-4.8984,42.46007],[-4.89606,42.46584],[-4.89686,42.46904],[-4.89408,42.47405],[-4.8934,42.47688],[-4.89252,42.48626],[-4.88789,42.50891],[-4.89097,42.51623],[-4.88905,42.53652],[-4.91041,42.54171],[-4.91557,42.5502],[-4.91448,42.56135],[-4.90174,42.58189],[-4.90126,42.59316],[-4.90468,42.60201],[-4.89527,42.62368],[-4.8973,42.6439],[-4.89612,42.65834],[-4.90021,42.66673],[-4.90043,42.6692],[-4.89164,42.69112],[-4.87168,42.70795],[-4.88264,42.71239],[-4.8913,42.72336],[-4.89728,42.72433],[-4.91105,42.71874],[-4.91591,42.72052],[-4.91544,42.72359],[-4.91848,42.73419],[-4.92835,42.73686],[-4.93637,42.74442],[-4.93351,42.75329],[-4.93558,42.75641],[-4.92039,42.75863],[-4.90799,42.78003],[-4.89693,42.78483],[-4.89623,42.79706],[-4.90206,42.80991],[-4.89206,42.83218],[-4.88978,42.84173],[-4.90093,42.85362],[-4.89839,42.86308],[-4.87978,42.86547],[-4.86535,42.86181],[-4.85587,42.89052],[-4.8477,42.89658],[-4.83811,42.89653],[-4.83663,42.90746],[-4.82701,42.9178],[-4.81518,42.92389],[-4.80378,42.946],[-4.80649,42.96683],[-4.79616,42.97405],[-4.79271,42.98846],[-4.77998,42.99795],[-4.76721,43.00203],[-4.75633,43.01501],[-4.73785,43.02094],[-4.72128,43.0183],[-4.70558,43.02559],[-4.68595,43.02617],[-4.67249,43.02132],[-4.65225,43.02084],[-4.64105,43.01679],[-4.60644,43.03543],[-4.5901,43.02597],[-4.57365,43.02654],[-4.55895,43.02016],[-4.52131,43.04695],[-4.49642,43.0383],[-4.47682,43.03897],[-4.47086,43.05121],[-4.46207,43.06099],[-4.45616,43.05713],[-4.44546,43.05708],[-4.4312,43.0456]],[[-4.26411,42.73016],[-4.25167,42.72659],[-4.24512,42.73537],[-4.26016,42.73882],[-4.26411,42.73016]]]}},{"type":"Feature","properties":{"region_key":"ES415","name_pt":"Salamanca","name_es":"Salamanca","name_en":"Salamanca","kind":"district_province","source_nuts_id":"ES415"},"geometry":{"type":"Polygon","coordinates":[[[-6.47376,41.28775],[-6.46556,41.28707],[-6.45453,41.29051],[-6.44168,41.28359],[-6.41748,41.28171],[-6.41294,41.27681],[-6.40009,41.27875],[-6.39174,41.27925],[-6.38194,41.28548],[-6.37371,41.28632],[-6.35539,41.27926],[-6.34765,41.27271],[-6.34439,41.27207],[-6.33494,41.27166],[-6.33319,41.27122],[-6.33099,41.26943],[-6.31791,41.27014],[-6.31037,41.26329],[-6.28859,41.25474],[-6.27334,41.25647],[-6.26708,41.25385],[-6.26399,41.25206],[-6.26283,41.25026],[-6.25461,41.24547],[-6.25286,41.24302],[-6.25113,41.24177],[-6.24556,41.24058],[-6.2389,41.24012],[-6.23602,41.23935],[-6.23447,41.23842],[-6.22522,41.22809],[-6.19305,41.21515],[-6.19142,41.21402],[-6.16252,41.20676],[-6.13452,41.19041],[-6.12357,41.20258],[-6.10933,41.21264],[-6.07555,41.2115],[-6.06203,41.22107],[-6.05775,41.21463],[-6.04766,41.20959],[-6.00886,41.20052],[-6.01109,41.19459],[-6.02087,41.18735],[-6.02761,41.17624],[-6.02789,41.16686],[-6.02284,41.15691],[-6.01213,41.15264],[-6.00398,41.15314],[-5.9851,41.1727],[-5.97795,41.17396],[-5.9723,41.16939],[-5.971,41.16065],[-5.96233,41.14638],[-5.95134,41.14029],[-5.94648,41.14366],[-5.9454,41.14938],[-5.93516,41.15177],[-5.9367,41.15675],[-5.93147,41.1591],[-5.93168,41.16647],[-5.92678,41.17184],[-5.92507,41.17457],[-5.92212,41.17585],[-5.91561,41.17435],[-5.91485,41.17724],[-5.91316,41.17836],[-5.92088,41.21755],[-5.91259,41.23053],[-5.8977,41.23861],[-5.89013,41.23597],[-5.87662,41.23664],[-5.86116,41.2285],[-5.84398,41.22224],[-5.83341,41.22065],[-5.81069,41.22437],[-5.79036,41.2164],[-5.76846,41.21608],[-5.75618,41.22375],[-5.75128,41.22588],[-5.74872,41.22585],[-5.74332,41.22731],[-5.73911,41.22724],[-5.73492,41.22766],[-5.70044,41.23429],[-5.67982,41.23238],[-5.66768,41.24434],[-5.65609,41.24487],[-5.63448,41.23189],[-5.62792,41.21523],[-5.61188,41.21396],[-5.60342,41.20775],[-5.58796,41.20246],[-5.57118,41.21633],[-5.55461,41.2134],[-5.51458,41.19091],[-5.51244,41.18492],[-5.50624,41.18046],[-5.48764,41.17784],[-5.48793,41.15509],[-5.48442,41.14671],[-5.47339,41.15348],[-5.47063,41.15832],[-5.4751,41.16835],[-5.47525,41.17833],[-5.42704,41.18737],[-5.40762,41.18561],[-5.39737,41.1643],[-5.40074,41.14704],[-5.3838,41.13434],[-5.35701,41.14084],[-5.34129,41.12464],[-5.33209,41.12374],[-5.32744,41.11766],[-5.29789,41.12589],[-5.29635,41.12942],[-5.29514,41.13396],[-5.29154,41.15153],[-5.29781,41.16235],[-5.2889,41.17681],[-5.28877,41.18201],[-5.29163,41.18664],[-5.28811,41.19501],[-5.27001,41.19856],[-5.2511,41.19907],[-5.22928,41.18986],[-5.21851,41.16758],[-5.22134,41.16262],[-5.21825,41.1596],[-5.20863,41.16583],[-5.19223,41.16259],[-5.18017,41.16677],[-5.13802,41.14461],[-5.12496,41.13206],[-5.12665,41.12576],[-5.12796,41.11815],[-5.12919,41.10539],[-5.1465,41.09418],[-5.15229,41.08195],[-5.15252,41.06429],[-5.14657,41.04366],[-5.14082,41.03727],[-5.13661,41.03857],[-5.10663,41.02952],[-5.10236,41.01836],[-5.09224,41.00567],[-5.09087,40.99607],[-5.09862,40.98948],[-5.0981,40.97717],[-5.10618,40.96069],[-5.11533,40.95518],[-5.12763,40.95414],[-5.1282,40.9486],[-5.12417,40.94766],[-5.1198,40.93095],[-5.11704,40.92999],[-5.11224,40.91719],[-5.11556,40.90232],[-5.12558,40.90158],[-5.13289,40.89779],[-5.15155,40.87516],[-5.16384,40.86841],[-5.1634,40.86552],[-5.16369,40.85305],[-5.1682,40.83884],[-5.15787,40.8231],[-5.15871,40.82032],[-5.16328,40.81323],[-5.17766,40.8053],[-5.17831,40.79642],[-5.18888,40.7865],[-5.21902,40.773],[-5.21569,40.75781],[-5.25508,40.73949],[-5.25383,40.73431],[-5.25739,40.73525],[-5.27576,40.72424],[-5.29371,40.71036],[-5.30765,40.70583],[-5.31827,40.70333],[-5.32784,40.70506],[-5.33565,40.69963],[-5.33285,40.69474],[-5.33869,40.6885],[-5.36853,40.68101],[-5.37796,40.67681],[-5.38655,40.66758],[-5.38325,40.66104],[-5.36593,40.6488],[-5.37704,40.64566],[-5.37417,40.63824],[-5.38178,40.63073],[-5.38032,40.62786],[-5.38308,40.62164],[-5.39681,40.61423],[-5.40865,40.60897],[-5.41438,40.6098],[-5.42162,40.60596],[-5.42503,40.59774],[-5.44177,40.58857],[-5.44962,40.57964],[-5.46171,40.57769],[-5.48892,40.58302],[-5.49786,40.58169],[-5.50075,40.59467],[-5.51011,40.5904],[-5.51324,40.58686],[-5.51626,40.58542],[-5.51736,40.58295],[-5.51745,40.58097],[-5.51683,40.57733],[-5.51804,40.56502],[-5.52865,40.5528],[-5.52473,40.54077],[-5.50821,40.54883],[-5.43111,40.56727],[-5.42854,40.5645],[-5.42559,40.55667],[-5.42984,40.552],[-5.43103,40.54743],[-5.43327,40.53425],[-5.44637,40.52059],[-5.45145,40.49598],[-5.46199,40.49122],[-5.4629,40.48727],[-5.46184,40.48513],[-5.46089,40.47513],[-5.46559,40.46595],[-5.48243,40.45749],[-5.50017,40.4593],[-5.50807,40.46289],[-5.51902,40.44867],[-5.5106,40.44104],[-5.51115,40.42807],[-5.51635,40.4237],[-5.54479,40.42313],[-5.55937,40.43744],[-5.57343,40.44433],[-5.5732,40.44812],[-5.57057,40.45558],[-5.56135,40.46214],[-5.56017,40.46679],[-5.56335,40.47282],[-5.56096,40.47713],[-5.56527,40.47757],[-5.56965,40.47749],[-5.57272,40.47644],[-5.57514,40.47642],[-5.57788,40.47443],[-5.58599,40.47009],[-5.58984,40.46729],[-5.5993,40.46803],[-5.60981,40.46811],[-5.6228,40.46579],[-5.62647,40.46276],[-5.63421,40.46048],[-5.64008,40.45338],[-5.64088,40.45144],[-5.65773,40.43686],[-5.6838,40.42446],[-5.69123,40.42203],[-5.68573,40.39792],[-5.67938,40.38672],[-5.68695,40.37419],[-5.68563,40.35607],[-5.67307,40.34858],[-5.67583,40.34765],[-5.68214,40.34623],[-5.68606,40.3438],[-5.69011,40.33778],[-5.7148,40.32482],[-5.72777,40.3116],[-5.72966,40.30347],[-5.7376,40.29416],[-5.74442,40.2889],[-5.76503,40.28082],[-5.77674,40.28243],[-5.79319,40.28675],[-5.80149,40.29753],[-5.79314,40.30113],[-5.78261,40.31432],[-5.79755,40.35329],[-5.81905,40.34976],[-5.84717,40.32809],[-5.85272,40.33175],[-5.84997,40.33824],[-5.87609,40.32672],[-5.88429,40.32664],[-5.89214,40.32018],[-5.89485,40.3077],[-5.91412,40.28596],[-5.91722,40.27774],[-5.92088,40.28094],[-5.93783,40.28111],[-5.94171,40.28446],[-5.95377,40.28755],[-5.96499,40.29153],[-5.96853,40.2896],[-5.98081,40.29759],[-6.00332,40.30447],[-6.01647,40.31656],[-6.01722,40.31916],[-6.01963,40.32268],[-6.01823,40.3335],[-6.01636,40.33676],[-6.01606,40.34034],[-6.0531,40.34215],[-6.10576,40.35684],[-6.08308,40.36458],[-6.08468,40.37716],[-6.07468,40.38521],[-6.0811,40.39095],[-6.06747,40.39715],[-6.0752,40.40345],[-6.08212,40.40346],[-6.10162,40.41422],[-6.11802,40.4159],[-6.12008,40.41935],[-6.12842,40.42185],[-6.11617,40.44163],[-6.13556,40.43642],[-6.14596,40.43644],[-6.15475,40.44683],[-6.15521,40.45483],[-6.18246,40.46351],[-6.19873,40.48148],[-6.23777,40.48602],[-6.2549,40.47089],[-6.26484,40.47091],[-6.26849,40.46761],[-6.27105,40.46093],[-6.27537,40.45856],[-6.28717,40.4574],[-6.29604,40.45203],[-6.33586,40.44671],[-6.34378,40.44285],[-6.34822,40.43504],[-6.3656,40.42242],[-6.36527,40.41798],[-6.3615,40.41541],[-6.36191,40.40713],[-6.37371,40.40113],[-6.39297,40.39919],[-6.40621,40.40197],[-6.41875,40.3989],[-6.43949,40.38119],[-6.43836,40.37282],[-6.44044,40.37291],[-6.44495,40.37141],[-6.45029,40.37092],[-6.45538,40.37115],[-6.46326,40.37289],[-6.46759,40.37237],[-6.47143,40.37068],[-6.47477,40.37017],[-6.47784,40.36852],[-6.4859,40.36329],[-6.48823,40.36313],[-6.49349,40.36206],[-6.51643,40.35429],[-6.5181,40.35309],[-6.52328,40.35208],[-6.52686,40.35094],[-6.5306,40.34951],[-6.53412,40.34769],[-6.53633,40.34729],[-6.53865,40.34529],[-6.54352,40.34227],[-6.54808,40.33849],[-6.55301,40.33516],[-6.56046,40.3291],[-6.56027,40.32629],[-6.5629,40.31911],[-6.56305,40.31684],[-6.5648,40.31466],[-6.55692,40.30586],[-6.55897,40.29605],[-6.55623,40.29083],[-6.55839,40.29026],[-6.56438,40.28572],[-6.56848,40.28315],[-6.5711,40.27951],[-6.57473,40.27767],[-6.57949,40.27639],[-6.58314,40.27481],[-6.58707,40.27077],[-6.59244,40.27084],[-6.59747,40.27169],[-6.60689,40.26829],[-6.61486,40.26612],[-6.62529,40.26662],[-6.63276,40.26485],[-6.63465,40.2647],[-6.63615,40.26655],[-6.64001,40.26897],[-6.64311,40.26787],[-6.67181,40.26329],[-6.67346,40.26155],[-6.67778,40.25805],[-6.67782,40.25101],[-6.68279,40.24873],[-6.68852,40.24665],[-6.68983,40.24481],[-6.69019,40.24271],[-6.70252,40.25071],[-6.7121,40.26656],[-6.71839,40.26873],[-6.75221,40.24944],[-6.75566,40.23898],[-6.77816,40.24557],[-6.78161,40.24915],[-6.80044,40.24961],[-6.80098,40.24293],[-6.80517,40.24183],[-6.81965,40.24454],[-6.82445,40.24797],[-6.83485,40.24803],[-6.84056,40.25492],[-6.84687,40.25449],[-6.86514,40.27069],[-6.8612,40.29969],[-6.84024,40.31422],[-6.81998,40.32383],[-6.8007,40.32602],[-6.79101,40.33388],[-6.79323,40.35544],[-6.78204,40.36557],[-6.80059,40.379],[-6.80888,40.38448],[-6.81127,40.38986],[-6.8234,40.39731],[-6.83532,40.40937],[-6.84505,40.43633],[-6.84811,40.45544],[-6.83346,40.4768],[-6.82277,40.48381],[-6.82176,40.48626],[-6.81996,40.48821],[-6.81404,40.50194],[-6.79599,40.51237],[-6.79761,40.52279],[-6.80302,40.52978],[-6.80492,40.54013],[-6.80173,40.54972],[-6.80584,40.55423],[-6.84464,40.56679],[-6.84361,40.57067],[-6.84144,40.57472],[-6.84103,40.57648],[-6.83781,40.57978],[-6.83699,40.58298],[-6.83676,40.58569],[-6.83771,40.58937],[-6.836,40.59599],[-6.82082,40.61065],[-6.81301,40.62237],[-6.81131,40.62569],[-6.80791,40.62958],[-6.80601,40.63343],[-6.79912,40.65456],[-6.79393,40.66174],[-6.80363,40.66727],[-6.80459,40.673],[-6.80308,40.68202],[-6.8127,40.70708],[-6.81216,40.71891],[-6.82394,40.73009],[-6.82932,40.7407],[-6.83074,40.75283],[-6.82835,40.75948],[-6.82546,40.78353],[-6.8199,40.79455],[-6.81732,40.80536],[-6.82252,40.8231],[-6.82441,40.84383],[-6.8022,40.84514],[-6.80194,40.86105],[-6.80746,40.87668],[-6.81001,40.88198],[-6.81955,40.88154],[-6.83818,40.88966],[-6.84966,40.90322],[-6.84955,40.92395],[-6.85743,40.94242],[-6.85811,40.94317],[-6.86136,40.95012],[-6.87072,40.95881],[-6.8863,40.97124],[-6.9085,40.99827],[-6.92121,41.00374],[-6.93067,41.01708],[-6.92986,41.02934],[-6.91426,41.03854],[-6.87705,41.02824],[-6.85306,41.02702],[-6.83292,41.02911],[-6.82796,41.03109],[-6.82243,41.03185],[-6.81254,41.0359],[-6.80837,41.03653],[-6.80794,41.04459],[-6.79192,41.05572],[-6.77476,41.0739],[-6.77056,41.08555],[-6.75473,41.10262],[-6.76973,41.12442],[-6.76789,41.13351],[-6.74921,41.1429],[-6.72938,41.16278],[-6.71005,41.17308],[-6.69932,41.18308],[-6.69683,41.18926],[-6.69799,41.19271],[-6.68967,41.19862],[-6.68979,41.20524],[-6.6906,41.20871],[-6.68012,41.21844],[-6.65304,41.23643],[-6.6479,41.24727],[-6.63012,41.24307],[-6.60893,41.24932],[-6.59926,41.24495],[-6.59119,41.25469],[-6.5871,41.25209],[-6.58558,41.24385],[-6.58135,41.23952],[-6.57643,41.23882],[-6.57127,41.23906],[-6.56741,41.2427],[-6.55308,41.24575],[-6.54599,41.2581],[-6.51915,41.27525],[-6.51137,41.26483],[-6.50111,41.26515],[-6.48044,41.27453],[-6.48027,41.27748],[-6.49099,41.28597],[-6.47971,41.29438],[-6.47376,41.28775]]]}},{"type":"Feature","properties":{"region_key":"ES412","name_pt":"Burgos","name_es":"Burgos","name_en":"Burgos","kind":"district_province","source_nuts_id":"ES412"},"geometry":{"type":"MultiPolygon","coordinates":[[[[-3.23314,43.17912],[-3.22323,43.17271],[-3.21434,43.17427],[-3.20853,43.17849],[-3.19926,43.1714],[-3.18699,43.16959],[-3.17908,43.17523],[-3.17556,43.17545],[-3.17409,43.17731],[-3.17153,43.17716],[-3.16807,43.17853],[-3.16476,43.17769],[-3.16301,43.17686],[-3.16101,43.17784],[-3.15801,43.17797],[-3.15617,43.17715],[-3.15421,43.17691],[-3.15047,43.17445],[-3.14829,43.174],[-3.14224,43.16672],[-3.14184,43.16114],[-3.15002,43.16034],[-3.16233,43.15327],[-3.16585,43.14754],[-3.16294,43.14174],[-3.1812,43.11943],[-3.17108,43.11049],[-3.15375,43.10498],[-3.14146,43.1096],[-3.13397,43.09718],[-3.15711,43.07406],[-3.14115,43.06677],[-3.14661,43.03481],[-3.14347,43.02864],[-3.16884,43.02853],[-3.17783,43.02193],[-3.17129,43.01794],[-3.16987,43.01613],[-3.14565,43.00727],[-3.12605,43.00768],[-3.08915,43.0015],[-3.07644,43.00773],[-3.06238,43.00336],[-3.05908,42.99728],[-3.04307,42.98405],[-3.03753,42.98244],[-3.04284,42.97109],[-3.02176,42.96053],[-3.02092,42.95657],[-3.01183,42.95268],[-2.99608,42.95227],[-2.98142,42.93988],[-2.98515,42.93628],[-2.98786,42.9354],[-2.99209,42.93518],[-2.99748,42.92777],[-3.00445,42.92777],[-3.01336,42.91998],[-3.01617,42.91051],[-3.03316,42.90582],[-3.05919,42.90196],[-3.07032,42.90311],[-3.08955,42.89895],[-3.10469,42.91011],[-3.11121,42.90625],[-3.12587,42.90533],[-3.13386,42.91271],[-3.14817,42.91763],[-3.14871,42.93175],[-3.15136,42.93614],[-3.18077,42.94408],[-3.21243,42.94521],[-3.22333,42.94878],[-3.2341,42.94338],[-3.236,42.935],[-3.24543,42.92396],[-3.24959,42.91218],[-3.27585,42.90179],[-3.27707,42.88772],[-3.2868,42.8851],[-3.28264,42.87547],[-3.26916,42.86405],[-3.25364,42.85277],[-3.23679,42.83789],[-3.22769,42.83204],[-3.22587,42.83007],[-3.217,42.82647],[-3.20556,42.82735],[-3.22088,42.83846],[-3.21022,42.84417],[-3.19094,42.86832],[-3.17349,42.8578],[-3.16415,42.85688],[-3.15117,42.861],[-3.13875,42.87125],[-3.13663,42.87786],[-3.12437,42.89106],[-3.11662,42.88951],[-3.1124,42.88214],[-3.10599,42.87897],[-3.1145,42.85964],[-3.12332,42.84964],[-3.12794,42.84953],[-3.13173,42.83894],[-3.14104,42.83479],[-3.148,42.82197],[-3.1497,42.81259],[-3.15926,42.80455],[-3.13177,42.7903],[-3.12328,42.78928],[-3.14285,42.75997],[-3.1313,42.75765],[-3.11579,42.75976],[-3.09927,42.7668],[-3.08427,42.75851],[-3.0808,42.76678],[-3.06708,42.76086],[-3.06037,42.76184],[-3.05771,42.76289],[-3.04797,42.76404],[-3.04903,42.75114],[-3.04076,42.73849],[-3.03292,42.73721],[-3.01719,42.74029],[-3.01508,42.73366],[-3.00639,42.73214],[-3.00975,42.72787],[-3.00758,42.72401],[-2.98984,42.71902],[-2.98636,42.70891],[-2.98123,42.70452],[-2.97293,42.70822],[-2.94701,42.70965],[-2.93126,42.70779],[-2.92844,42.70064],[-2.90542,42.69399],[-2.90234,42.68437],[-2.89505,42.67931],[-2.89662,42.6768],[-2.89933,42.66621],[-2.89526,42.65386],[-2.87057,42.63955],[-2.85807,42.63838],[-2.86461,42.6334],[-2.87757,42.62972],[-2.88252,42.62486],[-2.88217,42.62069],[-2.89259,42.62154],[-2.89165,42.62607],[-2.89531,42.62736],[-2.90363,42.62595],[-2.90446,42.62013],[-2.90873,42.62048],[-2.91099,42.61973],[-2.91314,42.62003],[-2.91604,42.61948],[-2.92052,42.62043],[-2.92422,42.6217],[-2.93349,42.63399],[-2.94502,42.63865],[-2.96983,42.64076],[-2.97794,42.63657],[-2.98406,42.636],[-2.99067,42.64184],[-3.00478,42.64423],[-3.01439,42.63953],[-3.01804,42.63214],[-3.02229,42.63384],[-3.02591,42.63644],[-3.04081,42.64001],[-3.05081,42.64015],[-3.05851,42.63965],[-3.065,42.63964],[-3.06938,42.63874],[-3.07774,42.63935],[-3.08418,42.64065],[-3.08216,42.63144],[-3.08388,42.62806],[-3.07822,42.6237],[-3.07052,42.62025],[-3.06104,42.60216],[-3.06481,42.59469],[-3.05985,42.58916],[-3.06842,42.58861],[-3.08622,42.58218],[-3.08314,42.57415],[-3.08831,42.56707],[-3.10044,42.56063],[-3.10668,42.55339],[-3.13429,42.54202],[-3.12614,42.53384],[-3.10902,42.52946],[-3.09995,42.5353],[-3.0894,42.53757],[-3.08418,42.53529],[-3.08292,42.53217],[-3.0729,42.52824],[-3.07612,42.52016],[-3.07446,42.51234],[-3.0783,42.50121],[-3.09381,42.48956],[-3.09045,42.47786],[-3.0828,42.47592],[-3.07285,42.4758],[-3.06423,42.47092],[-3.06101,42.46196],[-3.05529,42.45578],[-3.0503,42.45157],[-3.04603,42.44513],[-3.0625,42.42531],[-3.05788,42.41594],[-3.06338,42.40256],[-3.05316,42.37339],[-3.05772,42.3701],[-3.06028,42.37075],[-3.06197,42.37203],[-3.06444,42.37332],[-3.07518,42.3905],[-3.08267,42.39736],[-3.07996,42.4026],[-3.07894,42.4059],[-3.0782,42.41572],[-3.09038,42.42234],[-3.10056,42.41586],[-3.09637,42.40364],[-3.10442,42.38538],[-3.08466,42.38453],[-3.07083,42.36945],[-3.06384,42.36245],[-3.06512,42.35604],[-3.10742,42.35181],[-3.10956,42.34618],[-3.10975,42.33834],[-3.09682,42.32632],[-3.10394,42.31918],[-3.10607,42.31273],[-3.09648,42.28827],[-3.09557,42.2791],[-3.08964,42.27303],[-3.09682,42.26276],[-3.08963,42.24635],[-3.1025,42.23221],[-3.09971,42.2245],[-3.10149,42.21713],[-3.12841,42.19992],[-3.12641,42.19456],[-3.11559,42.18764],[-3.11499,42.17878],[-3.10279,42.17186],[-3.09049,42.15948],[-3.09006,42.14701],[-3.08383,42.13344],[-3.07367,42.13583],[-3.06619,42.13331],[-3.05915,42.12711],[-3.05255,42.1187],[-3.03439,42.08594],[-3.0229,42.08894],[-3.00483,42.08374],[-2.99188,42.08713],[-2.97687,42.08402],[-2.95866,42.08589],[-2.93885,42.08926],[-2.9322,42.08691],[-2.91565,42.03952],[-2.91364,42.02284],[-2.93182,42.01752],[-2.95054,41.99389],[-2.96611,41.96439],[-2.96689,41.95761],[-2.96095,41.95055],[-2.96481,41.93706],[-2.9708,41.92926],[-2.98147,41.92851],[-2.9985,41.93259],[-3.00927,41.91836],[-3.01107,41.91528],[-3.01129,41.91335],[-3.01023,41.91102],[-3.00775,41.90878],[-3.01317,41.90244],[-3.01493,41.90158],[-3.01652,41.89842],[-3.01501,41.89618],[-3.01678,41.8869],[-3.03418,41.88906],[-3.03815,41.88576],[-3.04286,41.88662],[-3.0447,41.88732],[-3.04525,41.88948],[-3.05526,41.89114],[-3.05865,41.89132],[-3.06096,41.88614],[-3.06363,41.88336],[-3.06597,41.88361],[-3.06972,41.88255],[-3.07547,41.88311],[-3.08931,41.87632],[-3.09718,41.88105],[-3.10115,41.87507],[-3.09719,41.86516],[-3.09817,41.86021],[-3.11186,41.85096],[-3.13372,41.8213],[-3.13622,41.81194],[-3.17137,41.79301],[-3.18998,41.80393],[-3.19753,41.81668],[-3.19638,41.82989],[-3.22296,41.83951],[-3.23441,41.84064],[-3.23956,41.84579],[-3.24263,41.84722],[-3.24683,41.85632],[-3.24336,41.86399],[-3.25631,41.86999],[-3.26792,41.86913],[-3.27312,41.88054],[-3.28378,41.8838],[-3.28617,41.87998],[-3.28959,41.8764],[-3.27984,41.86693],[-3.28433,41.84656],[-3.28889,41.84027],[-3.28847,41.82979],[-3.28192,41.82289],[-3.28489,41.81459],[-3.28301,41.8112],[-3.28516,41.80845],[-3.28673,41.80535],[-3.27851,41.81161],[-3.27541,41.7999],[-3.27635,41.79421],[-3.28512,41.78754],[-3.28314,41.77879],[-3.27664,41.76926],[-3.28383,41.76222],[-3.30582,41.76021],[-3.31129,41.75065],[-3.3217,41.74919],[-3.32427,41.74122],[-3.35094,41.73824],[-3.35515,41.73377],[-3.35249,41.72915],[-3.35637,41.72507],[-3.36068,41.72158],[-3.35992,41.7188],[-3.35988,41.71367],[-3.36183,41.71031],[-3.36046,41.70444],[-3.36094,41.69946],[-3.35871,41.69594],[-3.35842,41.69343],[-3.39217,41.6907],[-3.40631,41.67611],[-3.41775,41.65625],[-3.41663,41.64789],[-3.41909,41.64411],[-3.42152,41.64606],[-3.42978,41.64629],[-3.43262,41.64318],[-3.43303,41.63977],[-3.43526,41.63938],[-3.43991,41.6289],[-3.43679,41.62146],[-3.45883,41.59093],[-3.46558,41.58928],[-3.47503,41.59612],[-3.50837,41.59712],[-3.5239,41.61003],[-3.53219,41.61087],[-3.54147,41.60817],[-3.54091,41.5991],[-3.54805,41.59602],[-3.53738,41.58676],[-3.5416,41.5776],[-3.55115,41.5805],[-3.56814,41.57889],[-3.57356,41.5733],[-3.57265,41.56539],[-3.59911,41.57001],[-3.60746,41.56617],[-3.61686,41.57715],[-3.61974,41.57544],[-3.62615,41.57],[-3.63284,41.57103],[-3.64528,41.5721],[-3.65888,41.5659],[-3.66108,41.56607],[-3.66948,41.56067],[-3.67175,41.56043],[-3.67554,41.55444],[-3.68142,41.55203],[-3.6892,41.54059],[-3.69157,41.53453],[-3.70174,41.53275],[-3.70871,41.52524],[-3.72833,41.51764],[-3.72551,41.50853],[-3.72821,41.50111],[-3.72803,41.48617],[-3.72478,41.47911],[-3.73201,41.46933],[-3.72912,41.45762],[-3.73951,41.45078],[-3.74213,41.45566],[-3.74416,41.46106],[-3.74707,41.46057],[-3.75006,41.46054],[-3.75775,41.46152],[-3.76377,41.46014],[-3.76978,41.46015],[-3.77024,41.46505],[-3.7712,41.46768],[-3.77166,41.47166],[-3.7699,41.47972],[-3.77028,41.48238],[-3.76776,41.50539],[-3.77102,41.52256],[-3.76622,41.53792],[-3.78034,41.53328],[-3.78606,41.52687],[-3.79624,41.52247],[-3.79914,41.52162],[-3.80381,41.52457],[-3.8,41.51829],[-3.80312,41.5138],[-3.79773,41.5039],[-3.79981,41.49811],[-3.79825,41.49192],[-3.79432,41.49096],[-3.79065,41.48777],[-3.78767,41.48586],[-3.79528,41.48447],[-3.80022,41.48587],[-3.81622,41.48365],[-3.8239,41.48113],[-3.82826,41.49133],[-3.83051,41.4951],[-3.83418,41.49964],[-3.8423,41.50062],[-3.86672,41.53134],[-3.87555,41.53449],[-3.88581,41.5323],[-3.88605,41.5347],[-3.8947,41.55157],[-3.91452,41.56345],[-3.9208,41.56637],[-3.92455,41.56771],[-3.93112,41.56919],[-3.94226,41.56913],[-3.94622,41.57112],[-3.95307,41.57343],[-3.96051,41.57797],[-3.96274,41.58153],[-3.96385,41.58608],[-3.98069,41.58337],[-3.98543,41.59711],[-3.99169,41.60024],[-3.99365,41.60808],[-4.00779,41.61053],[-4.00334,41.61596],[-4.01752,41.61982],[-4.02874,41.6144],[-4.03219,41.61713],[-4.03497,41.62362],[-4.03026,41.63207],[-4.02725,41.65711],[-4.02477,41.66166],[-4.02409,41.66691],[-4.02385,41.67133],[-4.02632,41.69194],[-4.03912,41.70668],[-4.05419,41.71973],[-4.06813,41.72609],[-4.07638,41.72608],[-4.07573,41.734],[-4.07024,41.7398],[-4.05581,41.74068],[-4.0548,41.74516],[-4.05429,41.75075],[-4.05276,41.75948],[-4.04961,41.7682],[-4.04451,41.76742],[-4.0409,41.76834],[-4.0395,41.77055],[-4.03892,41.7727],[-4.03863,41.78887],[-4.04868,41.80175],[-4.06071,41.80652],[-4.09006,41.83229],[-4.08901,41.84251],[-4.07971,41.85045],[-4.0811,41.86092],[-4.08776,41.8704],[-4.06636,41.87647],[-4.04745,41.87374],[-4.04541,41.87416],[-4.04364,41.87323],[-4.0415,41.87391],[-4.0376,41.87276],[-4.02825,41.87644],[-4.01958,41.87853],[-4.01742,41.87946],[-4.01274,41.88237],[-4.00714,41.88515],[-3.99826,41.8924],[-3.98791,41.89638],[-3.98278,41.8998],[-3.98073,41.9006],[-3.98172,41.90234],[-3.98234,41.905],[-3.9822,41.911],[-3.98316,41.91329],[-3.9842,41.92273],[-3.98173,41.92967],[-3.95179,41.9359],[-3.93532,41.95724],[-3.92323,41.96015],[-3.91071,41.9563],[-3.89243,41.95755],[-3.89354,41.97273],[-3.89007,41.98776],[-3.89202,41.99538],[-3.91023,41.99695],[-3.91592,41.99189],[-3.94907,41.98031],[-3.95738,41.97997],[-3.97471,41.96624],[-3.99064,41.96022],[-4.01963,41.95835],[-4.02525,41.95434],[-4.03243,41.95508],[-4.02912,41.97655],[-4.01427,41.99762],[-3.99639,42.00545],[-3.98605,42.02113],[-3.97828,42.02364],[-3.9711,42.0332],[-3.98261,42.05009],[-3.99506,42.04548],[-4.01095,42.05131],[-4.03055,42.0498],[-4.03914,42.05276],[-4.04591,42.0508],[-4.04791,42.03903],[-4.06361,42.04304],[-4.07904,42.0375],[-4.08445,42.03888],[-4.10414,42.06161],[-4.10212,42.08648],[-4.07797,42.08309],[-4.07053,42.08481],[-4.06056,42.09181],[-4.05623,42.1009],[-4.07566,42.10499],[-4.08547,42.10374],[-4.10303,42.10982],[-4.11524,42.12477],[-4.12133,42.12743],[-4.12731,42.12233],[-4.14072,42.11996],[-4.14429,42.12848],[-4.15182,42.13113],[-4.17581,42.12672],[-4.17834,42.13074],[-4.18692,42.1264],[-4.18935,42.12692],[-4.20058,42.13201],[-4.20469,42.13529],[-4.20169,42.14969],[-4.20488,42.15401],[-4.19223,42.16258],[-4.18913,42.17627],[-4.19291,42.18271],[-4.20586,42.19242],[-4.2066,42.19702],[-4.21531,42.20687],[-4.23146,42.20842],[-4.23129,42.21864],[-4.22695,42.22954],[-4.23713,42.23692],[-4.22933,42.24348],[-4.23146,42.25607],[-4.24287,42.25951],[-4.24153,42.27006],[-4.24644,42.27847],[-4.25179,42.2905],[-4.24996,42.29717],[-4.25191,42.30997],[-4.26191,42.30966],[-4.26225,42.31172],[-4.26395,42.31239],[-4.26252,42.32763],[-4.26975,42.34147],[-4.26553,42.35223],[-4.27951,42.36264],[-4.27652,42.36504],[-4.28013,42.3754],[-4.27333,42.3763],[-4.2721,42.38073],[-4.27891,42.38978],[-4.32161,42.37987],[-4.33018,42.39141],[-4.32921,42.40476],[-4.32085,42.41097],[-4.33319,42.41769],[-4.33477,42.43],[-4.32325,42.44473],[-4.31711,42.4589],[-4.30792,42.45421],[-4.26823,42.45377],[-4.24395,42.45661],[-4.24686,42.46542],[-4.25303,42.46862],[-4.24686,42.4721],[-4.25008,42.48095],[-4.24613,42.49237],[-4.24706,42.49469],[-4.26142,42.50965],[-4.27768,42.51255],[-4.27217,42.51995],[-4.27538,42.52872],[-4.27753,42.5298],[-4.27963,42.53379],[-4.27744,42.53538],[-4.27809,42.53995],[-4.27896,42.54273],[-4.27771,42.54466],[-4.30148,42.55393],[-4.30278,42.55772],[-4.29878,42.56137],[-4.3034,42.56928],[-4.27083,42.58136],[-4.28494,42.58287],[-4.2836,42.58677],[-4.29341,42.60261],[-4.29262,42.60593],[-4.26664,42.61903],[-4.26982,42.62397],[-4.26856,42.6326],[-4.27633,42.64176],[-4.2725,42.65773],[-4.27605,42.67303],[-4.28847,42.67809],[-4.28769,42.68637],[-4.29192,42.69087],[-4.26925,42.70472],[-4.26712,42.69503],[-4.25598,42.68906],[-4.24919,42.69338],[-4.24781,42.69751],[-4.23787,42.69782],[-4.21895,42.70502],[-4.21476,42.71357],[-4.20234,42.71798],[-4.18463,42.73619],[-4.17277,42.738],[-4.15864,42.74765],[-4.14151,42.75294],[-4.12735,42.75198],[-4.12095,42.7454],[-4.12284,42.73647],[-4.11017,42.7343],[-4.0902,42.7505],[-4.08531,42.76265],[-4.08146,42.76162],[-4.07193,42.76068],[-4.06261,42.7624],[-4.05448,42.7634],[-4.04611,42.7668],[-4.04088,42.76726],[-4.0346,42.76578],[-4.03045,42.76636],[-4.01855,42.76389],[-4.0153,42.76415],[-4.0094,42.76564],[-4.00311,42.76331],[-4.00255,42.76842],[-3.99967,42.76893],[-3.997,42.76835],[-3.99458,42.76856],[-3.99068,42.77094],[-3.98796,42.77055],[-3.98378,42.76837],[-3.98161,42.76826],[-3.98037,42.76176],[-3.9789,42.75803],[-3.96571,42.75855],[-3.95657,42.76217],[-3.9525,42.76153],[-3.9466,42.76186],[-3.9471,42.76829],[-3.9318,42.77363],[-3.9236,42.76955],[-3.91112,42.76925],[-3.90902,42.78608],[-3.90041,42.79044],[-3.89428,42.80346],[-3.86368,42.78683],[-3.85368,42.78796],[-3.8295,42.79888],[-3.82362,42.79988],[-3.81623,42.81327],[-3.81924,42.8269],[-3.81752,42.83619],[-3.83427,42.85414],[-3.82537,42.86858],[-3.83838,42.87906],[-3.86184,42.88728],[-3.87178,42.87577],[-3.8705,42.85878],[-3.87445,42.85361],[-3.88249,42.85291],[-3.91227,42.86294],[-3.90005,42.87656],[-3.89471,42.88902],[-3.90094,42.90601],[-3.88646,42.90263],[-3.86239,42.90203],[-3.85143,42.91699],[-3.83891,42.91781],[-3.83272,42.92181],[-3.83231,42.93018],[-3.84076,42.94065],[-3.84988,42.946],[-3.86653,42.95422],[-3.87251,42.94906],[-3.8781,42.94787],[-3.88738,42.94877],[-3.88699,42.946],[-3.89182,42.92581],[-3.91022,42.92353],[-3.92305,42.91487],[-3.92655,42.90531],[-3.93308,42.90061],[-3.93697,42.90538],[-3.93372,42.9112],[-3.94542,42.90943],[-3.97327,42.91159],[-3.98755,42.92607],[-3.98979,42.93341],[-3.98339,42.946],[-3.98131,42.952],[-3.98027,42.95401],[-3.97816,42.96046],[-3.97285,42.97026],[-3.97259,42.97225],[-3.97176,42.97458],[-3.9697,42.97652],[-3.96639,42.9837],[-3.96084,42.9924],[-3.95609,42.99796],[-3.94502,43.00649],[-3.90994,43.01613],[-3.89111,43.04028],[-3.87818,43.04249],[-3.86171,43.04273],[-3.85112,43.03909],[-3.84901,43.04797],[-3.83655,43.05638],[-3.8341,43.06133],[-3.84978,43.07599],[-3.84699,43.08434],[-3.82509,43.08056],[-3.81097,43.0861],[-3.78991,43.07835],[-3.76058,43.08346],[-3.75801,43.08678],[-3.75911,43.09267],[-3.75604,43.09892],[-3.74814,43.10227],[-3.71925,43.10835],[-3.71419,43.11348],[-3.70495,43.11679],[-3.7028,43.1233],[-3.68535,43.13535],[-3.67709,43.15451],[-3.66924,43.15741],[-3.6604,43.16845],[-3.65452,43.17092],[-3.65565,43.17672],[-3.64664,43.17907],[-3.61325,43.16956],[-3.60714,43.16244],[-3.60275,43.15059],[-3.58646,43.15417],[-3.57459,43.15301],[-3.54345,43.14781],[-3.50891,43.13606],[-3.49,43.13384],[-3.46166,43.13618],[-3.44509,43.1321],[-3.41761,43.13332],[-3.38773,43.14091],[-3.36889,43.15097],[-3.35042,43.15421],[-3.3412,43.16636],[-3.33239,43.16608],[-3.31054,43.17235],[-3.29654,43.18257],[-3.2788,43.18991],[-3.27815,43.19437],[-3.25611,43.19539],[-3.25327,43.19875],[-3.23996,43.18759],[-3.23314,43.17912]],[[-4.26116,42.32445],[-4.25873,42.32053],[-4.25494,42.32259],[-4.25678,42.32643],[-4.26116,42.32445]],[[-4.08963,42.16054],[-4.09425,42.1577],[-4.10116,42.15874],[-4.1078,42.158],[-4.10933,42.15919],[-4.11187,42.15855],[-4.11117,42.14647],[-4.11006,42.14316],[-4.10276,42.13722],[-4.08778,42.14156],[-4.07064,42.13645],[-4.06216,42.13156],[-4.06088,42.13631],[-4.07363,42.15428],[-4.06719,42.16099],[-4.07632,42.16783],[-4.08357,42.16294],[-4.08963,42.16054]],[[-4.03346,42.10696],[-4.03772,42.10257],[-4.02827,42.08884],[-4.03197,42.07862],[-4.02435,42.08105],[-4.0244,42.08353],[-4.02567,42.09153],[-4.03346,42.10696]]],[[[-2.8355,42.79623],[-2.8262,42.78543],[-2.81082,42.79134],[-2.7792,42.79271],[-2.74644,42.79259],[-2.73187,42.7938],[-2.71078,42.7841],[-2.70088,42.78387],[-2.69157,42.77911],[-2.67981,42.77936],[-2.66918,42.77333],[-2.65541,42.77244],[-2.64336,42.76548],[-2.60237,42.77059],[-2.60174,42.76573],[-2.59268,42.75843],[-2.58974,42.75101],[-2.57581,42.75478],[-2.56358,42.7626],[-2.55909,42.76202],[-2.55876,42.75674],[-2.56348,42.74708],[-2.56361,42.73936],[-2.57362,42.72447],[-2.58934,42.7119],[-2.60038,42.714],[-2.6074,42.70645],[-2.60829,42.69677],[-2.59378,42.68938],[-2.57984,42.67565],[-2.57631,42.6685],[-2.54921,42.66933],[-2.53717,42.68693],[-2.52317,42.68386],[-2.523,42.66565],[-2.51799,42.65499],[-2.51777,42.64756],[-2.53827,42.63868],[-2.54956,42.63858],[-2.54894,42.64558],[-2.55408,42.64927],[-2.56518,42.64521],[-2.58424,42.65108],[-2.61245,42.64724],[-2.61868,42.64862],[-2.63807,42.64972],[-2.65101,42.66085],[-2.65429,42.66942],[-2.65857,42.67185],[-2.66675,42.66715],[-2.70125,42.6744],[-2.71334,42.66994],[-2.71741,42.66263],[-2.73771,42.66308],[-2.74064,42.66417],[-2.74644,42.66508],[-2.74894,42.66591],[-2.75331,42.66531],[-2.75756,42.66597],[-2.76064,42.66563],[-2.7679,42.66601],[-2.77283,42.67041],[-2.77127,42.67699],[-2.7843,42.69785],[-2.7967,42.69849],[-2.81216,42.70669],[-2.82433,42.70903],[-2.82972,42.7186],[-2.85299,42.72664],[-2.8539,42.72865],[-2.84917,42.73167],[-2.85476,42.7361],[-2.86886,42.74014],[-2.862,42.74585],[-2.8545,42.74773],[-2.85275,42.75911],[-2.8526,42.76947],[-2.84722,42.77635],[-2.84069,42.77851],[-2.8355,42.79623]]]]}},{"type":"Feature","properties":{"region_key":"ES416","name_pt":"Segovia","name_es":"Segovia","name_en":"Segovia","kind":"district_province","source_nuts_id":"ES416"},"geometry":{"type":"Polygon","coordinates":[[[-3.94622,41.57112],[-3.94226,41.56913],[-3.93112,41.56919],[-3.92455,41.56771],[-3.9208,41.56637],[-3.91452,41.56345],[-3.8947,41.55157],[-3.88605,41.5347],[-3.88581,41.5323],[-3.87555,41.53449],[-3.86672,41.53134],[-3.8423,41.50062],[-3.83418,41.49964],[-3.83051,41.4951],[-3.82826,41.49133],[-3.8239,41.48113],[-3.81622,41.48365],[-3.80022,41.48587],[-3.79528,41.48447],[-3.78767,41.48586],[-3.79065,41.48777],[-3.79432,41.49096],[-3.79825,41.49192],[-3.79981,41.49811],[-3.79773,41.5039],[-3.80312,41.5138],[-3.8,41.51829],[-3.80381,41.52457],[-3.79914,41.52162],[-3.79624,41.52247],[-3.78606,41.52687],[-3.78034,41.53328],[-3.76622,41.53792],[-3.77102,41.52256],[-3.76776,41.50539],[-3.77028,41.48238],[-3.7699,41.47972],[-3.77166,41.47166],[-3.7712,41.46768],[-3.77024,41.46505],[-3.76978,41.46015],[-3.76377,41.46014],[-3.75775,41.46152],[-3.75006,41.46054],[-3.74707,41.46057],[-3.74416,41.46106],[-3.74213,41.45566],[-3.73951,41.45078],[-3.72912,41.45762],[-3.73201,41.46933],[-3.72478,41.47911],[-3.72803,41.48617],[-3.72821,41.50111],[-3.72551,41.50853],[-3.72833,41.51764],[-3.70871,41.52524],[-3.70174,41.53275],[-3.69157,41.53453],[-3.6892,41.54059],[-3.68142,41.55203],[-3.67554,41.55444],[-3.67175,41.56043],[-3.66948,41.56067],[-3.66108,41.56607],[-3.65888,41.5659],[-3.64528,41.5721],[-3.63284,41.57103],[-3.62615,41.57],[-3.61974,41.57544],[-3.61686,41.57715],[-3.60746,41.56617],[-3.59911,41.57001],[-3.57265,41.56539],[-3.57356,41.5733],[-3.56814,41.57889],[-3.55115,41.5805],[-3.5416,41.5776],[-3.54321,41.57161],[-3.53723,41.55949],[-3.53642,41.55065],[-3.5018,41.52938],[-3.47901,41.52158],[-3.46499,41.5278],[-3.45809,41.53685],[-3.44011,41.52297],[-3.42192,41.51376],[-3.42635,41.49641],[-3.42407,41.48273],[-3.41334,41.47612],[-3.40362,41.47572],[-3.38005,41.46496],[-3.36499,41.46756],[-3.34909,41.4579],[-3.3304,41.46072],[-3.3368,41.45519],[-3.3394,41.45229],[-3.34052,41.44911],[-3.34068,41.44699],[-3.34012,41.44447],[-3.34346,41.43674],[-3.34606,41.42903],[-3.3435,41.42699],[-3.34138,41.42332],[-3.34265,41.41907],[-3.34169,41.41703],[-3.34818,41.40981],[-3.34925,41.39491],[-3.34115,41.39083],[-3.33033,41.37748],[-3.3076,41.36875],[-3.30149,41.363],[-3.28886,41.36],[-3.28085,41.35254],[-3.27268,41.35199],[-3.26779,41.34086],[-3.24889,41.33071],[-3.23749,41.32987],[-3.23547,41.31824],[-3.2099,41.3078],[-3.20737,41.30425],[-3.21597,41.29871],[-3.2275,41.29718],[-3.23685,41.28982],[-3.23943,41.28607],[-3.23898,41.27857],[-3.2547,41.25879],[-3.27323,41.26072],[-3.27578,41.27505],[-3.28724,41.26582],[-3.29185,41.25794],[-3.32443,41.26102],[-3.33672,41.25354],[-3.36844,41.26],[-3.39722,41.25772],[-3.41039,41.26197],[-3.41517,41.27321],[-3.41552,41.27136],[-3.4146,41.26594],[-3.41065,41.25996],[-3.40007,41.25392],[-3.39876,41.24274],[-3.40561,41.23422],[-3.40251,41.21363],[-3.44258,41.21522],[-3.45377,41.20218],[-3.45914,41.19245],[-3.46888,41.18426],[-3.49991,41.17793],[-3.50645,41.16945],[-3.51721,41.16286],[-3.52833,41.16605],[-3.53957,41.16499],[-3.55448,41.16493],[-3.56962,41.15973],[-3.58365,41.16071],[-3.59231,41.15481],[-3.60058,41.15443],[-3.61355,41.14901],[-3.61985,41.14311],[-3.63289,41.13482],[-3.63417,41.12563],[-3.64487,41.12124],[-3.65172,41.10757],[-3.67591,41.08665],[-3.67938,41.08418],[-3.68392,41.08495],[-3.68745,41.08489],[-3.69529,41.08265],[-3.70089,41.08005],[-3.70604,41.07681],[-3.71594,41.07151],[-3.72127,41.06499],[-3.72547,41.06246],[-3.73041,41.06138],[-3.7403,41.0536],[-3.73972,41.04932],[-3.7481,41.03663],[-3.7531,41.03162],[-3.75539,41.02789],[-3.75889,41.02703],[-3.76576,41.02078],[-3.76677,41.01889],[-3.76714,41.01593],[-3.76986,41.01366],[-3.78052,41.00158],[-3.79248,40.99475],[-3.82026,40.98549],[-3.82909,40.98665],[-3.83502,40.98415],[-3.83912,40.98387],[-3.85904,40.97861],[-3.86906,40.9719],[-3.88011,40.97442],[-3.88063,40.97277],[-3.88338,40.97119],[-3.88679,40.97111],[-3.89502,40.96548],[-3.89849,40.95879],[-3.90222,40.9569],[-3.90417,40.95648],[-3.91982,40.93783],[-3.9216,40.92991],[-3.92721,40.9276],[-3.92964,40.927],[-3.93779,40.92714],[-3.93697,40.91679],[-3.9448,40.9033],[-3.95115,40.89382],[-3.94238,40.88687],[-3.94692,40.86446],[-3.96479,40.83783],[-3.96342,40.82806],[-3.96486,40.8163],[-3.9793,40.79899],[-3.97796,40.78737],[-3.97952,40.78451],[-3.98407,40.7859],[-3.98959,40.78543],[-4.00269,40.7886],[-4.00749,40.78786],[-4.01235,40.7843],[-4.01501,40.78295],[-4.02116,40.78115],[-4.03224,40.78156],[-4.03614,40.78348],[-4.03939,40.78412],[-4.04204,40.78374],[-4.04534,40.78887],[-4.0468,40.79013],[-4.05335,40.79059],[-4.05943,40.79226],[-4.06993,40.79387],[-4.07651,40.78815],[-4.08161,40.77624],[-4.09528,40.76524],[-4.09683,40.74769],[-4.11213,40.74233],[-4.12365,40.73109],[-4.12553,40.72445],[-4.12731,40.72409],[-4.13702,40.7156],[-4.14571,40.6953],[-4.16029,40.68985],[-4.18447,40.69726],[-4.22875,40.68922],[-4.25325,40.68875],[-4.27131,40.68225],[-4.2741,40.67707],[-4.28821,40.68059],[-4.31456,40.66723],[-4.3232,40.65737],[-4.31934,40.6476],[-4.32826,40.64642],[-4.33381,40.64009],[-4.33266,40.63716],[-4.34175,40.63683],[-4.34671,40.63718],[-4.35339,40.63715],[-4.35945,40.63824],[-4.38862,40.63498],[-4.41965,40.63345],[-4.42199,40.67314],[-4.435,40.71411],[-4.42787,40.73014],[-4.43148,40.74193],[-4.43882,40.74944],[-4.45926,40.75848],[-4.47285,40.774],[-4.47344,40.78234],[-4.48031,40.78684],[-4.48142,40.79161],[-4.48098,40.79372],[-4.47999,40.79528],[-4.47727,40.79687],[-4.4732,40.80007],[-4.48534,40.81395],[-4.48887,40.8231],[-4.49411,40.83259],[-4.49872,40.83353],[-4.52417,40.82628],[-4.54927,40.828],[-4.55779,40.84156],[-4.55018,40.8527],[-4.53363,40.85708],[-4.53362,40.86414],[-4.5369,40.8729],[-4.55959,40.88587],[-4.55353,40.90719],[-4.5593,40.91653],[-4.55839,40.94017],[-4.56192,40.94052],[-4.56685,40.94546],[-4.56688,40.95551],[-4.59598,40.96582],[-4.60678,40.97083],[-4.60889,40.97367],[-4.61226,40.98285],[-4.61235,40.98657],[-4.61827,40.99747],[-4.61807,41.00019],[-4.61728,41.00367],[-4.62117,41.00623],[-4.62362,41.00694],[-4.62653,41.01532],[-4.63907,41.02973],[-4.65214,41.03418],[-4.6597,41.0404],[-4.65962,41.04149],[-4.68021,41.05073],[-4.70156,41.05254],[-4.70588,41.05512],[-4.7127,41.06258],[-4.7161,41.07195],[-4.71342,41.08214],[-4.70718,41.08879],[-4.71422,41.09001],[-4.71092,41.09899],[-4.71574,41.10735],[-4.72427,41.12365],[-4.7231,41.12851],[-4.71675,41.13266],[-4.71998,41.13491],[-4.71968,41.14092],[-4.72039,41.14542],[-4.72213,41.14933],[-4.72242,41.15141],[-4.72136,41.15698],[-4.71596,41.16173],[-4.70898,41.16693],[-4.70682,41.16935],[-4.70536,41.17041],[-4.70237,41.17452],[-4.69288,41.17725],[-4.68446,41.18069],[-4.68304,41.18448],[-4.68059,41.18575],[-4.67378,41.18299],[-4.66594,41.18034],[-4.65516,41.17415],[-4.65274,41.17218],[-4.64694,41.1698],[-4.64372,41.16811],[-4.64153,41.16785],[-4.63421,41.16825],[-4.62778,41.17081],[-4.62845,41.1767],[-4.63207,41.18274],[-4.63195,41.18485],[-4.6345,41.18722],[-4.63638,41.19062],[-4.63839,41.18992],[-4.64046,41.19369],[-4.64269,41.19402],[-4.64541,41.19727],[-4.65065,41.20012],[-4.64711,41.20881],[-4.65005,41.22084],[-4.64784,41.22412],[-4.64267,41.22579],[-4.63991,41.22634],[-4.63728,41.22736],[-4.63312,41.22953],[-4.63116,41.23172],[-4.62914,41.23289],[-4.62396,41.23435],[-4.61701,41.24038],[-4.6152,41.24138],[-4.61256,41.24413],[-4.59737,41.26482],[-4.57391,41.27521],[-4.57755,41.28541],[-4.59342,41.29641],[-4.60104,41.30261],[-4.60416,41.31258],[-4.59687,41.32059],[-4.58643,41.31654],[-4.57426,41.30705],[-4.56085,41.30273],[-4.53272,41.3196],[-4.5265,41.32053],[-4.50604,41.31112],[-4.50009,41.30092],[-4.49062,41.3011],[-4.47149,41.29157],[-4.46995,41.29399],[-4.46781,41.2959],[-4.46982,41.31307],[-4.47391,41.32227],[-4.49347,41.32695],[-4.50208,41.34353],[-4.50175,41.34836],[-4.49774,41.34935],[-4.49965,41.35641],[-4.49615,41.36264],[-4.48402,41.36566],[-4.48402,41.36681],[-4.5153,41.3941],[-4.51598,41.40142],[-4.51436,41.40599],[-4.51652,41.40853],[-4.51464,41.40963],[-4.49965,41.41288],[-4.48657,41.40953],[-4.46893,41.41357],[-4.46597,41.41664],[-4.43356,41.42813],[-4.43143,41.4327],[-4.40751,41.44185],[-4.39151,41.43869],[-4.37741,41.44126],[-4.36494,41.436],[-4.36242,41.44994],[-4.33877,41.44867],[-4.33039,41.44559],[-4.32154,41.44843],[-4.3173,41.45365],[-4.30065,41.45772],[-4.29226,41.45527],[-4.2699,41.46034],[-4.26236,41.45404],[-4.25015,41.46114],[-4.24319,41.4609],[-4.24134,41.45925],[-4.23552,41.45706],[-4.23352,41.45574],[-4.22786,41.45997],[-4.19577,41.47144],[-4.16819,41.47634],[-4.15834,41.4821],[-4.14276,41.47091],[-4.1357,41.47699],[-4.12731,41.47956],[-4.10872,41.48327],[-4.10026,41.48686],[-4.09497,41.48963],[-4.08156,41.49458],[-4.07868,41.4954],[-4.0746,41.49497],[-4.0653,41.49474],[-4.05649,41.50059],[-4.04759,41.50795],[-4.03625,41.51056],[-4.0263,41.51772],[-3.99993,41.5161],[-3.99436,41.53083],[-3.99373,41.53097],[-3.9937,41.53373],[-3.99312,41.53699],[-3.99368,41.53944],[-3.99389,41.55477],[-3.98133,41.57439],[-3.98069,41.58337],[-3.96385,41.58608],[-3.96274,41.58153],[-3.96051,41.57797],[-3.95307,41.57343],[-3.94622,41.57112]]]}},{"type":"Feature","properties":{"region_key":"ES425","name_pt":"Toledo","name_es":"Toledo","name_en":"Toledo","kind":"district_province","source_nuts_id":"ES425"},"geometry":{"type":"Polygon","coordinates":[[[-4.35788,40.27564],[-4.34587,40.25299],[-4.34832,40.23671],[-4.34142,40.2399],[-4.33513,40.23869],[-4.32183,40.22767],[-4.30895,40.23347],[-4.3063,40.22264],[-4.29422,40.21966],[-4.28596,40.22771],[-4.27029,40.23565],[-4.24901,40.27224],[-4.23131,40.27663],[-4.22603,40.26986],[-4.21818,40.27217],[-4.21054,40.26872],[-4.20519,40.26952],[-4.20358,40.28629],[-4.19215,40.29641],[-4.17232,40.28806],[-4.16538,40.27192],[-4.14483,40.26469],[-4.1497,40.2491],[-4.14356,40.24479],[-4.13226,40.24832],[-4.12731,40.246],[-4.12434,40.24603],[-4.12058,40.24365],[-4.11366,40.24375],[-4.11105,40.24425],[-4.10411,40.2418],[-4.10217,40.24341],[-4.10043,40.24609],[-4.09503,40.24772],[-4.08697,40.25422],[-4.08558,40.25595],[-4.08029,40.2669],[-4.07521,40.26517],[-4.07273,40.26541],[-4.06605,40.26148],[-4.06237,40.2577],[-4.05686,40.25391],[-4.05192,40.25149],[-4.0417,40.24967],[-4.0258,40.24954],[-4.02386,40.24893],[-4.02624,40.24364],[-4.02526,40.23579],[-4.00896,40.22051],[-3.99192,40.2105],[-3.95287,40.2128],[-3.95618,40.19868],[-3.95093,40.19649],[-3.94935,40.19021],[-3.93863,40.20323],[-3.92599,40.20087],[-3.91193,40.19039],[-3.88319,40.18877],[-3.87632,40.19122],[-3.85337,40.17935],[-3.85171,40.16935],[-3.84084,40.16266],[-3.83335,40.16202],[-3.81841,40.17044],[-3.8108,40.16974],[-3.80659,40.17719],[-3.80601,40.17713],[-3.79988,40.17536],[-3.78118,40.15916],[-3.77747,40.14713],[-3.77143,40.13978],[-3.74885,40.13281],[-3.74213,40.13409],[-3.73978,40.13521],[-3.73567,40.13915],[-3.72989,40.14387],[-3.72222,40.14771],[-3.71811,40.14636],[-3.71291,40.1417],[-3.68562,40.1325],[-3.66731,40.14329],[-3.66076,40.12916],[-3.62547,40.11533],[-3.60763,40.10897],[-3.61561,40.09591],[-3.61339,40.09315],[-3.60482,40.09318],[-3.60983,40.0834],[-3.62819,40.07773],[-3.61778,40.06894],[-3.62319,40.06206],[-3.62094,40.05692],[-3.63772,40.05082],[-3.63913,40.04767],[-3.6367,40.04298],[-3.64702,40.0405],[-3.65102,40.03264],[-3.65903,40.03642],[-3.66447,40.03553],[-3.66774,40.02782],[-3.68095,40.01616],[-3.68861,40.02152],[-3.70001,40.01921],[-3.70963,40.0122],[-3.71576,40.00347],[-3.72274,39.99737],[-3.72176,39.98738],[-3.7324,39.98539],[-3.73499,39.97856],[-3.74073,39.98104],[-3.74458,39.97939],[-3.73813,39.97001],[-3.72648,39.97024],[-3.73003,39.96437],[-3.74274,39.96214],[-3.75554,39.96636],[-3.75286,39.95438],[-3.76308,39.94863],[-3.76897,39.95207],[-3.76015,39.95839],[-3.76444,39.9654],[-3.78354,39.95535],[-3.78529,39.9457],[-3.79808,39.94657],[-3.80644,39.95328],[-3.82194,39.9467],[-3.82636,39.94431],[-3.83285,39.93237],[-3.83603,39.93297],[-3.84096,39.94131],[-3.86739,39.93196],[-3.8745,39.92775],[-3.86831,39.91778],[-3.87543,39.91069],[-3.86204,39.90325],[-3.83445,39.89976],[-3.81489,39.88574],[-3.81188,39.88577],[-3.80429,39.88476],[-3.80465,39.88809],[-3.77819,39.91092],[-3.75729,39.92088],[-3.74835,39.92966],[-3.7425,39.94082],[-3.71152,39.95381],[-3.69667,39.9475],[-3.67699,39.96058],[-3.66596,39.96344],[-3.63035,39.9686],[-3.63667,39.98837],[-3.6156,39.99393],[-3.59508,40.00204],[-3.5892,40.01266],[-3.55049,40.01756],[-3.51953,40.02104],[-3.52188,40.02607],[-3.51706,40.03644],[-3.51504,40.04325],[-3.51136,40.04308],[-3.50575,40.04651],[-3.49283,40.04744],[-3.48754,40.04199],[-3.47444,40.04544],[-3.47305,40.04209],[-3.46768,40.0418],[-3.45433,40.04932],[-3.44771,40.04755],[-3.44554,40.03783],[-3.43,40.03926],[-3.42372,40.04592],[-3.41081,40.04141],[-3.4041,40.0352],[-3.3942,40.03546],[-3.39196,40.0474],[-3.37511,40.05332],[-3.37863,40.06649],[-3.37696,40.07415],[-3.34487,40.08007],[-3.32621,40.07826],[-3.31193,40.06789],[-3.3023,40.0538],[-3.29151,40.05214],[-3.28627,40.0523],[-3.27655,40.04784],[-3.26463,40.05621],[-3.25823,40.05161],[-3.25382,40.05718],[-3.24075,40.05393],[-3.21129,40.06149],[-3.19133,40.07534],[-3.18846,40.08247],[-3.17796,40.08605],[-3.17984,40.08899],[-3.17786,40.09141],[-3.16703,40.09019],[-3.16705,40.0858],[-3.16254,40.08074],[-3.16142,40.0649],[-3.16928,40.04835],[-3.16559,40.03033],[-3.151,40.01122],[-3.1421,39.98578],[-3.0966,39.98697],[-3.09816,39.97642],[-3.09484,39.95598],[-3.09811,39.95232],[-3.09741,39.93426],[-3.10042,39.92306],[-3.10703,39.91321],[-3.10689,39.90317],[-3.11329,39.89952],[-3.11293,39.89434],[-3.12219,39.88596],[-3.12524,39.87801],[-3.12723,39.87471],[-3.11253,39.8746],[-3.09737,39.8689],[-3.07557,39.85461],[-3.05865,39.8354],[-3.05178,39.81284],[-3.03883,39.79218],[-3.03912,39.78635],[-3.02091,39.77109],[-3.01553,39.76478],[-3.00891,39.74412],[-2.99855,39.7206],[-2.97816,39.70362],[-2.97622,39.69617],[-2.9689,39.6898],[-2.95475,39.68619],[-2.9475,39.67482],[-2.92049,39.64777],[-2.90824,39.64236],[-2.91199,39.63772],[-2.91486,39.63196],[-2.91554,39.62529],[-2.91786,39.62309],[-2.91671,39.62068],[-2.91613,39.6174],[-2.91375,39.61376],[-2.91647,39.60955],[-2.92127,39.60431],[-2.92327,39.60245],[-2.92551,39.60183],[-2.92085,39.58171],[-2.92118,39.56011],[-2.92479,39.55575],[-2.92751,39.54963],[-2.92908,39.52995],[-2.93529,39.52568],[-2.93164,39.51871],[-2.93638,39.5112],[-2.93435,39.50477],[-2.9358,39.49382],[-2.93497,39.48205],[-2.93177,39.47145],[-2.9543,39.45546],[-2.9579,39.44775],[-2.97796,39.44519],[-2.99584,39.45061],[-2.9999,39.44819],[-2.99944,39.44158],[-3.00891,39.44347],[-3.01487,39.44508],[-3.02093,39.45336],[-3.02259,39.45703],[-3.04981,39.45075],[-3.055,39.4513],[-3.06185,39.44991],[-3.0696,39.45031],[-3.07265,39.45379],[-3.07575,39.4581],[-3.08297,39.46392],[-3.08666,39.46603],[-3.09717,39.47382],[-3.10017,39.47538],[-3.10482,39.47512],[-3.10733,39.47577],[-3.11006,39.47604],[-3.12181,39.48225],[-3.13536,39.49112],[-3.14343,39.49556],[-3.14838,39.49599],[-3.15732,39.49615],[-3.17066,39.49259],[-3.18414,39.48818],[-3.18516,39.475],[-3.2005,39.47524],[-3.20539,39.4762],[-3.20795,39.47628],[-3.22764,39.47366],[-3.25534,39.47075],[-3.26817,39.4713],[-3.27911,39.46972],[-3.29418,39.47065],[-3.29749,39.45944],[-3.31549,39.43493],[-3.31562,39.42462],[-3.30928,39.4108],[-3.30987,39.3997],[-3.32966,39.4055],[-3.34306,39.40811],[-3.34957,39.40835],[-3.36991,39.40725],[-3.40162,39.40421],[-3.41029,39.40463],[-3.41245,39.40128],[-3.41546,39.40072],[-3.41998,39.39931],[-3.42404,39.39704],[-3.42703,39.39439],[-3.43887,39.39092],[-3.44792,39.38705],[-3.45615,39.3813],[-3.47049,39.37218],[-3.47313,39.35694],[-3.47357,39.35252],[-3.47689,39.34318],[-3.48513,39.34106],[-3.52496,39.31485],[-3.5326,39.3042],[-3.54835,39.30213],[-3.55618,39.29908],[-3.56302,39.29988],[-3.56712,39.29937],[-3.58578,39.30727],[-3.6117,39.30342],[-3.6575,39.29937],[-3.67794,39.29697],[-3.69152,39.28282],[-3.72056,39.27045],[-3.73936,39.27618],[-3.74486,39.28286],[-3.76547,39.29304],[-3.79294,39.29228],[-3.81072,39.2872],[-3.81752,39.27759],[-3.82791,39.26957],[-3.83678,39.26663],[-3.84217,39.26023],[-3.85731,39.25877],[-3.87601,39.26243],[-3.90366,39.28067],[-3.92983,39.28474],[-3.96549,39.29822],[-3.95906,39.3091],[-3.96558,39.31673],[-3.96761,39.32394],[-3.96569,39.33056],[-3.97348,39.35184],[-4.00305,39.3519],[-4.02664,39.35835],[-4.0396,39.35799],[-4.07278,39.36491],[-4.0801,39.36035],[-4.08678,39.34937],[-4.09991,39.34272],[-4.10413,39.342],[-4.10884,39.34787],[-4.11369,39.34879],[-4.11844,39.36005],[-4.12731,39.36501],[-4.14769,39.36417],[-4.13467,39.39281],[-4.13418,39.40085],[-4.12858,39.40805],[-4.1294,39.41422],[-4.12731,39.41944],[-4.11621,39.4577],[-4.10613,39.45939],[-4.09813,39.45523],[-4.07955,39.45236],[-4.06579,39.46043],[-4.05975,39.47182],[-4.06699,39.48535],[-4.0676,39.50207],[-4.05994,39.52067],[-4.0301,39.52201],[-4.03041,39.52535],[-4.03354,39.53356],[-4.03415,39.53814],[-4.03577,39.5443],[-4.0363,39.54903],[-4.03875,39.55351],[-4.03861,39.55741],[-4.03993,39.55926],[-4.03886,39.56087],[-4.03786,39.56569],[-4.03967,39.56776],[-4.03961,39.57394],[-4.0418,39.57539],[-4.12731,39.56447],[-4.13787,39.56612],[-4.15876,39.5768],[-4.16698,39.56543],[-4.19396,39.49513],[-4.20728,39.48735],[-4.2373,39.47917],[-4.32086,39.48399],[-4.36299,39.49591],[-4.37298,39.49606],[-4.42139,39.50749],[-4.43213,39.51904],[-4.44253,39.52271],[-4.45283,39.51642],[-4.4621,39.4889],[-4.46162,39.47859],[-4.48176,39.48726],[-4.48785,39.50089],[-4.50809,39.52366],[-4.50036,39.53528],[-4.48534,39.53655],[-4.48346,39.53887],[-4.50693,39.54803],[-4.52029,39.55573],[-4.52406,39.56111],[-4.53035,39.55527],[-4.52922,39.54502],[-4.53517,39.53507],[-4.5414,39.53802],[-4.54392,39.54307],[-4.56085,39.53298],[-4.55959,39.51765],[-4.55566,39.51009],[-4.56908,39.49765],[-4.59155,39.4989],[-4.61846,39.48469],[-4.61403,39.4853],[-4.61392,39.48196],[-4.61474,39.46597],[-4.61163,39.46018],[-4.61817,39.45444],[-4.64055,39.44987],[-4.65976,39.45396],[-4.68694,39.44973],[-4.6914,39.45062],[-4.71242,39.43622],[-4.75541,39.41576],[-4.75574,39.42518],[-4.76625,39.42483],[-4.76766,39.43089],[-4.75244,39.44797],[-4.74167,39.45539],[-4.749,39.46804],[-4.74393,39.48943],[-4.76312,39.5139],[-4.78734,39.52539],[-4.81132,39.53025],[-4.84788,39.55188],[-4.86316,39.55619],[-4.8722,39.54399],[-4.87978,39.53841],[-4.88899,39.52662],[-4.89166,39.51917],[-4.89606,39.5154],[-4.89808,39.51266],[-4.89936,39.5063],[-4.90304,39.50374],[-4.90825,39.49373],[-4.91033,39.4886],[-4.91176,39.4825],[-4.91102,39.4792],[-4.91228,39.47713],[-4.91304,39.4733],[-4.91997,39.45642],[-4.9238,39.44341],[-4.92519,39.44084],[-4.92648,39.43726],[-4.92669,39.43429],[-4.93183,39.42562],[-4.94146,39.40248],[-4.94221,39.3994],[-4.94078,39.39516],[-4.95255,39.39504],[-4.95567,39.3978],[-4.9573,39.39986],[-4.96129,39.40236],[-4.96447,39.40492],[-4.97231,39.40892],[-4.97837,39.41483],[-4.98523,39.41951],[-4.98956,39.42144],[-4.99179,39.42328],[-4.9954,39.42483],[-4.99811,39.42669],[-5.0009,39.43036],[-5.00863,39.435],[-5.01018,39.43657],[-5.01299,39.44043],[-5.01825,39.44574],[-5.02085,39.44743],[-5.02462,39.45094],[-5.02619,39.45281],[-5.02669,39.45495],[-5.02853,39.45691],[-5.03,39.45928],[-5.03206,39.46064],[-5.03297,39.46293],[-5.03838,39.46844],[-5.03948,39.47046],[-5.05851,39.48871],[-5.0731,39.48703],[-5.08409,39.49123],[-5.10369,39.50875],[-5.12357,39.52193],[-5.14605,39.54939],[-5.20211,39.59206],[-5.20545,39.59896],[-5.18232,39.61905],[-5.17269,39.63544],[-5.16336,39.64167],[-5.16206,39.64618],[-5.16178,39.65447],[-5.15363,39.65934],[-5.14889,39.66815],[-5.15567,39.67423],[-5.15309,39.69029],[-5.14721,39.70453],[-5.13784,39.71504],[-5.14019,39.71996],[-5.14148,39.72191],[-5.14521,39.72658],[-5.15516,39.73597],[-5.15662,39.73902],[-5.1626,39.74059],[-5.1654,39.74233],[-5.17067,39.74685],[-5.17383,39.7509],[-5.17444,39.75525],[-5.16445,39.75594],[-5.16232,39.75757],[-5.1585,39.7597],[-5.16589,39.7824],[-5.16694,39.79993],[-5.16813,39.8],[-5.16972,39.79909],[-5.17203,39.79836],[-5.17868,39.7992],[-5.18124,39.79884],[-5.20613,39.79777],[-5.20791,39.79655],[-5.20949,39.79366],[-5.21117,39.79177],[-5.2148,39.78998],[-5.24249,39.76802],[-5.24549,39.76096],[-5.25426,39.75259],[-5.26697,39.7528],[-5.29311,39.76051],[-5.30867,39.76088],[-5.31558,39.77084],[-5.31225,39.7864],[-5.31521,39.78873],[-5.31054,39.83045],[-5.28469,39.85669],[-5.28409,39.86392],[-5.2875,39.86366],[-5.28928,39.86465],[-5.29495,39.87452],[-5.30897,39.88007],[-5.31634,39.88994],[-5.34009,39.89066],[-5.35303,39.88908],[-5.3606,39.88948],[-5.36863,39.88863],[-5.3828,39.88335],[-5.38459,39.88309],[-5.39338,39.87924],[-5.39687,39.87911],[-5.40615,39.87777],[-5.40112,39.8857],[-5.3943,39.91962],[-5.36514,39.98389],[-5.36482,39.98621],[-5.36553,39.98902],[-5.36571,39.99281],[-5.36433,40.00236],[-5.3624,40.01202],[-5.36444,40.03038],[-5.36543,40.03648],[-5.37362,40.05936],[-5.3679,40.08107],[-5.36901,40.10009],[-5.36511,40.10463],[-5.35949,40.10844],[-5.33602,40.11586],[-5.32944,40.11383],[-5.32728,40.11188],[-5.32333,40.11009],[-5.32014,40.10792],[-5.31588,40.10707],[-5.29351,40.10963],[-5.24939,40.10877],[-5.21283,40.10636],[-5.21078,40.0921],[-5.20127,40.08325],[-5.18194,40.08775],[-5.17281,40.08522],[-5.16697,40.08799],[-5.15531,40.09231],[-5.14235,40.09209],[-5.13875,40.09762],[-5.12687,40.10291],[-5.10676,40.11794],[-5.1001,40.12711],[-5.08734,40.12595],[-5.08481,40.13475],[-5.07843,40.13688],[-5.06869,40.14973],[-5.05704,40.14926],[-5.04211,40.15163],[-5.02946,40.15783],[-5.01892,40.15814],[-5.01663,40.14651],[-5.00736,40.13053],[-5.0081,40.12171],[-5.01338,40.1111],[-5.00493,40.11022],[-4.99044,40.11552],[-4.95458,40.12116],[-4.9582,40.13113],[-4.94875,40.13315],[-4.94587,40.13268],[-4.94226,40.13357],[-4.93677,40.13385],[-4.93416,40.13465],[-4.92549,40.13607],[-4.9256,40.13829],[-4.92251,40.14158],[-4.92113,40.14732],[-4.91811,40.15269],[-4.91809,40.15533],[-4.92375,40.16499],[-4.92316,40.16768],[-4.92471,40.17002],[-4.91887,40.17151],[-4.91375,40.17364],[-4.90261,40.1801],[-4.90068,40.1822],[-4.89668,40.1851],[-4.87856,40.1909],[-4.87193,40.20029],[-4.86401,40.20428],[-4.85969,40.20351],[-4.84938,40.20904],[-4.83541,40.2125],[-4.82321,40.22157],[-4.81879,40.231],[-4.80863,40.2358],[-4.8173,40.25447],[-4.81106,40.25936],[-4.80428,40.27513],[-4.78789,40.27169],[-4.76222,40.26139],[-4.75348,40.26448],[-4.74291,40.27463],[-4.73098,40.27098],[-4.72752,40.27357],[-4.71371,40.27613],[-4.71193,40.28055],[-4.69817,40.28223],[-4.69512,40.26682],[-4.70188,40.26298],[-4.70186,40.25894],[-4.6872,40.24961],[-4.69262,40.24099],[-4.68757,40.23572],[-4.68913,40.22778],[-4.68608,40.21177],[-4.67984,40.20707],[-4.67394,40.20951],[-4.65344,40.19815],[-4.64048,40.19759],[-4.62978,40.20158],[-4.61675,40.2],[-4.57908,40.2172],[-4.57364,40.21319],[-4.57344,40.20667],[-4.55071,40.20167],[-4.53657,40.19969],[-4.52121,40.20211],[-4.51714,40.20604],[-4.51473,40.2162],[-4.49733,40.22158],[-4.47398,40.23081],[-4.44962,40.23326],[-4.43771,40.2379],[-4.43479,40.24358],[-4.43484,40.25924],[-4.4278,40.2583],[-4.39896,40.28274],[-4.38458,40.28891],[-4.38358,40.29852],[-4.38586,40.30182],[-4.37907,40.31495],[-4.37994,40.3183],[-4.35622,40.30858],[-4.35788,40.27564]],[[-3.20097,40.06009],[-3.20317,40.06346],[-3.20829,40.06145],[-3.20481,40.05826],[-3.20097,40.06009]]]}},{"type":"Feature","properties":{"region_key":"ES130","name_pt":"Cantabria","name_es":"Cantabria","name_en":"Cantabria","kind":"district_province","source_nuts_id":"ES130"},"geometry":{"type":"Polygon","coordinates":[[[-3.58301,43.51245],[-3.5785,43.50643],[-3.54858,43.50832],[-3.54174,43.50211],[-3.54251,43.49319],[-3.53071,43.491],[-3.51689,43.49392],[-3.51405,43.49196],[-3.51374,43.48106],[-3.50957,43.47735],[-3.49637,43.47181],[-3.47554,43.46885],[-3.4351,43.4642],[-3.42656,43.45511],[-3.42691,43.44377],[-3.4374,43.43773],[-3.45906,43.43935],[-3.46492,43.44461],[-3.46552,43.43561],[-3.48299,43.43229],[-3.49144,43.42317],[-3.48226,43.43092],[-3.46208,43.43153],[-3.46272,43.40371],[-3.46024,43.40335],[-3.45451,43.42991],[-3.45084,43.435],[-3.42861,43.41456],[-3.41929,43.41368],[-3.41253,43.41805],[-3.40692,43.41567],[-3.38222,43.41533],[-3.37282,43.41657],[-3.36334,43.41201],[-3.34543,43.41592],[-3.33621,43.41458],[-3.32802,43.41518],[-3.32511,43.40628],[-3.31908,43.40314],[-3.31359,43.40408],[-3.30968,43.40885],[-3.30223,43.40896],[-3.28659,43.40389],[-3.2563,43.40273],[-3.22298,43.39368],[-3.22528,43.38629],[-3.2166,43.3856],[-3.21371,43.37707],[-3.19778,43.37248],[-3.1935,43.36509],[-3.18559,43.36507],[-3.18071,43.35858],[-3.17139,43.35791],[-3.16302,43.352],[-3.15334,43.35322],[-3.15126,43.34725],[-3.1539,43.33806],[-3.15,43.31881],[-3.15146,43.30717],[-3.15866,43.30137],[-3.193,43.29812],[-3.20717,43.28692],[-3.20954,43.28348],[-3.21455,43.28581],[-3.21837,43.28687],[-3.22785,43.28649],[-3.26435,43.29507],[-3.28913,43.29063],[-3.2976,43.29951],[-3.32168,43.2935],[-3.33277,43.2998],[-3.34313,43.29428],[-3.33858,43.27806],[-3.35925,43.27243],[-3.37,43.27383],[-3.38281,43.26974],[-3.38864,43.26419],[-3.39732,43.24734],[-3.4092,43.24824],[-3.41539,43.24103],[-3.45024,43.23611],[-3.44445,43.22194],[-3.4339,43.20691],[-3.43543,43.19798],[-3.43288,43.17027],[-3.42202,43.15104],[-3.41761,43.13332],[-3.44509,43.1321],[-3.46166,43.13618],[-3.49,43.13384],[-3.50891,43.13606],[-3.54345,43.14781],[-3.57459,43.15301],[-3.58646,43.15417],[-3.60275,43.15059],[-3.60714,43.16244],[-3.61325,43.16956],[-3.64664,43.17907],[-3.65565,43.17672],[-3.65452,43.17092],[-3.6604,43.16845],[-3.66924,43.15741],[-3.67709,43.15451],[-3.68535,43.13535],[-3.7028,43.1233],[-3.70495,43.11679],[-3.71419,43.11348],[-3.71925,43.10835],[-3.74814,43.10227],[-3.75604,43.09892],[-3.75911,43.09267],[-3.75801,43.08678],[-3.76058,43.08346],[-3.78991,43.07835],[-3.81097,43.0861],[-3.82509,43.08056],[-3.84699,43.08434],[-3.84978,43.07599],[-3.8341,43.06133],[-3.83655,43.05638],[-3.84901,43.04797],[-3.85112,43.03909],[-3.86171,43.04273],[-3.87818,43.04249],[-3.89111,43.04028],[-3.90994,43.01613],[-3.94502,43.00649],[-3.95609,42.99796],[-3.96084,42.9924],[-3.96639,42.9837],[-3.9697,42.97652],[-3.97176,42.97458],[-3.97259,42.97225],[-3.97285,42.97026],[-3.97816,42.96046],[-3.98027,42.95401],[-3.98131,42.952],[-3.98339,42.946],[-3.98979,42.93341],[-3.98755,42.92607],[-3.97327,42.91159],[-3.94542,42.90943],[-3.93372,42.9112],[-3.93697,42.90538],[-3.93308,42.90061],[-3.92655,42.90531],[-3.92305,42.91487],[-3.91022,42.92353],[-3.89182,42.92581],[-3.88699,42.946],[-3.88738,42.94877],[-3.8781,42.94787],[-3.87251,42.94906],[-3.86653,42.95422],[-3.84988,42.946],[-3.84076,42.94065],[-3.83231,42.93018],[-3.83272,42.92181],[-3.83891,42.91781],[-3.85143,42.91699],[-3.86239,42.90203],[-3.88646,42.90263],[-3.90094,42.90601],[-3.89471,42.88902],[-3.90005,42.87656],[-3.91227,42.86294],[-3.88249,42.85291],[-3.87445,42.85361],[-3.8705,42.85878],[-3.87178,42.87577],[-3.86184,42.88728],[-3.83838,42.87906],[-3.82537,42.86858],[-3.83427,42.85414],[-3.81752,42.83619],[-3.81924,42.8269],[-3.81623,42.81327],[-3.82362,42.79988],[-3.8295,42.79888],[-3.85368,42.78796],[-3.86368,42.78683],[-3.89428,42.80346],[-3.90041,42.79044],[-3.90902,42.78608],[-3.91112,42.76925],[-3.9236,42.76955],[-3.9318,42.77363],[-3.9471,42.76829],[-3.9466,42.76186],[-3.9525,42.76153],[-3.95657,42.76217],[-3.96571,42.75855],[-3.9789,42.75803],[-3.98037,42.76176],[-3.98161,42.76826],[-3.98378,42.76837],[-3.98796,42.77055],[-3.99068,42.77094],[-3.99458,42.76856],[-3.997,42.76835],[-3.99967,42.76893],[-3.99628,42.78533],[-3.99709,42.8014],[-4.00048,42.81005],[-4.00132,42.82766],[-4.00561,42.83099],[-4.01166,42.82935],[-4.01975,42.82007],[-4.01648,42.80864],[-4.03227,42.80054],[-4.02995,42.78939],[-4.03349,42.78747],[-4.04175,42.78936],[-4.04879,42.78168],[-4.04974,42.7744],[-4.04611,42.7668],[-4.05448,42.7634],[-4.06261,42.7624],[-4.07193,42.76068],[-4.08146,42.76162],[-4.08511,42.77048],[-4.09524,42.77688],[-4.10125,42.79113],[-4.12118,42.79413],[-4.15277,42.79184],[-4.1824,42.81233],[-4.18257,42.81819],[-4.17335,42.8125],[-4.16187,42.81573],[-4.16425,42.82062],[-4.17873,42.82613],[-4.16585,42.82881],[-4.15761,42.83702],[-4.1481,42.83024],[-4.14265,42.82997],[-4.13611,42.84005],[-4.12814,42.84625],[-4.12735,42.85645],[-4.14585,42.86304],[-4.15012,42.87144],[-4.16874,42.85926],[-4.1813,42.85811],[-4.19947,42.8452],[-4.20987,42.84527],[-4.21858,42.85033],[-4.22477,42.8581],[-4.22429,42.87992],[-4.23063,42.89664],[-4.22983,42.90311],[-4.22351,42.91004],[-4.23714,42.91877],[-4.23875,42.946],[-4.23832,42.95415],[-4.26425,42.96538],[-4.34572,42.97208],[-4.36291,42.98487],[-4.37341,42.99626],[-4.37695,43.00798],[-4.38553,43.01613],[-4.39763,43.03406],[-4.40419,43.03796],[-4.4312,43.0456],[-4.44546,43.05708],[-4.45616,43.05713],[-4.46207,43.06099],[-4.47086,43.05121],[-4.47682,43.03897],[-4.49642,43.0383],[-4.52131,43.04695],[-4.55895,43.02016],[-4.57365,43.02654],[-4.5901,43.02597],[-4.60644,43.03543],[-4.64105,43.01679],[-4.65225,43.02084],[-4.67249,43.02132],[-4.68595,43.02617],[-4.70558,43.02559],[-4.72128,43.0183],[-4.73785,43.02094],[-4.74253,43.02818],[-4.73465,43.04703],[-4.74401,43.05519],[-4.76521,43.05608],[-4.76684,43.07469],[-4.79271,43.0856],[-4.81631,43.09312],[-4.82119,43.09823],[-4.83328,43.10263],[-4.83563,43.1091],[-4.83712,43.1157],[-4.85023,43.12612],[-4.84332,43.13352],[-4.84337,43.14488],[-4.83863,43.14827],[-4.83558,43.15693],[-4.84027,43.16706],[-4.85075,43.17325],[-4.84102,43.18078],[-4.82295,43.17856],[-4.81562,43.18271],[-4.79271,43.18452],[-4.77778,43.19148],[-4.75397,43.1843],[-4.7439,43.18464],[-4.73554,43.18873],[-4.7335,43.19424],[-4.73647,43.19694],[-4.73589,43.20713],[-4.72864,43.21589],[-4.72962,43.2235],[-4.72194,43.22973],[-4.7226,43.24058],[-4.73094,43.25734],[-4.71306,43.26069],[-4.70604,43.26687],[-4.69255,43.26501],[-4.67629,43.26765],[-4.65958,43.26434],[-4.6481,43.268],[-4.63325,43.2673],[-4.63322,43.278],[-4.62326,43.28745],[-4.60365,43.29858],[-4.58028,43.29039],[-4.56792,43.2908],[-4.55427,43.28689],[-4.55247,43.27647],[-4.54737,43.26898],[-4.53724,43.27026],[-4.52152,43.28041],[-4.51859,43.29396],[-4.51912,43.30984],[-4.52019,43.31457],[-4.52705,43.32753],[-4.523,43.33331],[-4.52237,43.3357],[-4.52302,43.33801],[-4.53665,43.34238],[-4.53946,43.34396],[-4.53511,43.35163],[-4.53734,43.3557],[-4.53148,43.35978],[-4.53431,43.36719],[-4.52361,43.3669],[-4.51178,43.37993],[-4.5123,43.3932],[-4.4943,43.39715],[-4.48663,43.39347],[-4.47586,43.39439],[-4.47131,43.39024],[-4.4433,43.39665],[-4.43105,43.39322],[-4.42916,43.39668],[-4.41506,43.39789],[-4.3755,43.39116],[-4.34372,43.40562],[-4.33931,43.40408],[-4.33797,43.39637],[-4.33329,43.39204],[-4.3201,43.38941],[-4.29249,43.39236],[-4.28099,43.38714],[-4.26425,43.39386],[-4.23207,43.40025],[-4.22237,43.39551],[-4.20928,43.40065],[-4.2002,43.39963],[-4.18114,43.40445],[-4.17379,43.40178],[-4.148,43.41192],[-4.13236,43.41374],[-4.09783,43.42648],[-4.09274,43.43234],[-4.08351,43.43665],[-4.0755,43.43116],[-4.05625,43.43376],[-4.0486,43.43808],[-4.04667,43.4435],[-4.04331,43.44171],[-4.04209,43.43661],[-4.03531,43.4352],[-4.03194,43.43974],[-4.01723,43.4477],[-4.00118,43.43981],[-3.98663,43.44512],[-3.98208,43.44119],[-3.95882,43.45439],[-3.94439,43.46863],[-3.93297,43.46884],[-3.91627,43.47448],[-3.89444,43.4767],[-3.88951,43.47403],[-3.88174,43.47473],[-3.87563,43.47785],[-3.86259,43.47719],[-3.84663,43.48202],[-3.83665,43.48205],[-3.82403,43.48974],[-3.81143,43.49335],[-3.78547,43.48809],[-3.7837,43.47677],[-3.77559,43.46836],[-3.79967,43.46092],[-3.81538,43.45018],[-3.82493,43.44815],[-3.83033,43.44137],[-3.83043,43.43499],[-3.83113,43.43188],[-3.81976,43.43017],[-3.80691,43.42395],[-3.82201,43.4128],[-3.81448,43.40205],[-3.80623,43.41626],[-3.79814,43.41479],[-3.78022,43.42146],[-3.78936,43.43079],[-3.77909,43.43393],[-3.7703,43.44782],[-3.75611,43.44694],[-3.75547,43.44195],[-3.76146,43.43383],[-3.75568,43.4305],[-3.74256,43.43221],[-3.74857,43.43752],[-3.74775,43.44956],[-3.75305,43.45676],[-3.73133,43.46163],[-3.71718,43.47529],[-3.70446,43.47851],[-3.68553,43.47743],[-3.64328,43.49815],[-3.61283,43.49867],[-3.60394,43.50805],[-3.59431,43.51318],[-3.58301,43.51245]],[[-3.91016,42.89183],[-3.91568,42.88927],[-3.91922,42.89156],[-3.92336,42.88921],[-3.91908,42.88704],[-3.91522,42.889],[-3.90867,42.8855],[-3.90494,42.88618],[-3.91016,42.89183]],[[-4.10943,42.81329],[-4.10582,42.80839],[-4.10935,42.80306],[-4.10157,42.79373],[-4.09146,42.79806],[-4.08949,42.80032],[-4.0889,42.80304],[-4.08773,42.80555],[-4.08933,42.80908],[-4.08884,42.81316],[-4.08887,42.81853],[-4.09184,42.82102],[-4.09593,42.8231],[-4.10305,42.82551],[-4.1073,42.8277],[-4.10921,42.82509],[-4.11246,42.82227],[-4.11224,42.81843],[-4.11322,42.81621],[-4.10943,42.81329]]]}},{"type":"Feature","properties":{"region_key":"ES417","name_pt":"Soria","name_es":"Soria","name_en":"Soria","kind":"district_province","source_nuts_id":"ES417"},"geometry":{"type":"Polygon","coordinates":[[[-2.31497,42.14388],[-2.28342,42.13142],[-2.27995,42.12351],[-2.28063,42.10822],[-2.2696,42.08854],[-2.25858,42.08804],[-2.23718,42.1019],[-2.22313,42.09857],[-2.20844,42.1042],[-2.19554,42.1026],[-2.17562,42.10475],[-2.14812,42.10443],[-2.12842,42.09733],[-2.12732,42.08202],[-2.13488,42.07522],[-2.16067,42.06658],[-2.15832,42.05573],[-2.14968,42.04278],[-2.12903,42.0267],[-2.1179,42.02173],[-2.1147,42.01124],[-2.10763,42.00276],[-2.1083,42.00108],[-2.11024,41.99829],[-2.11211,41.99701],[-2.1232,41.99458],[-2.11515,41.96608],[-2.11467,41.96245],[-2.10882,41.95769],[-2.08099,41.95408],[-2.07622,41.95087],[-2.0657,41.95361],[-2.05125,41.95085],[-2.04583,41.94948],[-2.03639,41.93939],[-2.03399,41.9465],[-2.02694,41.95213],[-2.01281,41.94131],[-2.00217,41.93864],[-1.99634,41.929],[-1.98209,41.91925],[-1.96388,41.92],[-1.95431,41.92682],[-1.94032,41.92571],[-1.92192,41.93359],[-1.91517,41.93224],[-1.9114,41.93963],[-1.90602,41.94318],[-1.90667,41.94558],[-1.8907,41.94778],[-1.87759,41.95242],[-1.86668,41.95921],[-1.85654,41.96639],[-1.85703,41.91051],[-1.83946,41.88932],[-1.83998,41.87528],[-1.83506,41.86648],[-1.83213,41.86332],[-1.82291,41.8638],[-1.81918,41.85703],[-1.81957,41.82877],[-1.82709,41.81848],[-1.83411,41.81538],[-1.84409,41.80547],[-1.8518,41.79043],[-1.82599,41.77864],[-1.82525,41.77351],[-1.82114,41.76609],[-1.80356,41.75157],[-1.80794,41.7363],[-1.79884,41.73265],[-1.78875,41.73332],[-1.77536,41.72478],[-1.78515,41.71675],[-1.78816,41.69996],[-1.80244,41.69599],[-1.8126,41.68607],[-1.80907,41.68467],[-1.80622,41.66426],[-1.81078,41.66258],[-1.81311,41.66055],[-1.85831,41.66101],[-1.87329,41.63947],[-1.88716,41.63743],[-1.89789,41.63241],[-1.9008,41.62587],[-1.90792,41.62109],[-1.9231,41.59833],[-1.95917,41.60489],[-1.97713,41.60347],[-1.98451,41.60707],[-1.99333,41.60013],[-1.99289,41.59516],[-1.99197,41.59035],[-1.99503,41.58172],[-1.99368,41.57709],[-1.98892,41.5728],[-1.98545,41.56884],[-1.98312,41.56757],[-1.98066,41.5647],[-1.98186,41.56203],[-1.97835,41.5586],[-1.97673,41.55741],[-1.97355,41.55796],[-1.97128,41.55565],[-1.96856,41.55127],[-1.97043,41.54867],[-1.96733,41.54607],[-1.97818,41.52669],[-1.97543,41.51562],[-1.98001,41.48689],[-1.96997,41.48145],[-1.95251,41.45962],[-1.9488,41.43253],[-1.95368,41.42427],[-1.93652,41.4199],[-1.93915,41.41693],[-1.93787,41.40739],[-1.95275,41.40836],[-1.96906,41.40153],[-1.9813,41.40181],[-1.98775,41.39635],[-2.00152,41.39335],[-2.00987,41.38619],[-2.02511,41.3838],[-2.02927,41.38416],[-2.03203,41.38684],[-2.03419,41.38635],[-2.04198,41.38999],[-2.04318,41.39533],[-2.03466,41.40616],[-2.03556,41.42507],[-2.0471,41.43433],[-2.10152,41.44579],[-2.10333,41.43965],[-2.11062,41.43532],[-2.11635,41.426],[-2.11613,41.40859],[-2.11816,41.39704],[-2.12028,41.39398],[-2.11945,41.39034],[-2.12071,41.38997],[-2.11727,41.38195],[-2.12512,41.37069],[-2.14934,41.35667],[-2.16241,41.35475],[-2.1573,41.33482],[-2.16905,41.32257],[-2.17049,41.31884],[-2.16883,41.31655],[-2.16757,41.31405],[-2.16717,41.31165],[-2.16895,41.30865],[-2.16805,41.30651],[-2.16887,41.30388],[-2.16907,41.30111],[-2.17293,41.2958],[-2.17367,41.28809],[-2.16351,41.2832],[-2.15869,41.26489],[-2.15645,41.25864],[-2.15489,41.24039],[-2.15061,41.22544],[-2.14983,41.22079],[-2.149,41.21881],[-2.14624,41.1844],[-2.10675,41.17523],[-2.07989,41.17099],[-2.07733,41.16314],[-2.05169,41.14686],[-2.05058,41.1259],[-2.05918,41.1198],[-2.06272,41.11312],[-2.06038,41.10521],[-2.06365,41.10352],[-2.06562,41.0958],[-2.06027,41.08939],[-2.05751,41.0847],[-2.04817,41.07838],[-2.05643,41.0697],[-2.07308,41.07354],[-2.08132,41.08606],[-2.11077,41.09851],[-2.13192,41.1171],[-2.13638,41.11538],[-2.14398,41.10289],[-2.16652,41.09557],[-2.17661,41.08434],[-2.2323,41.09628],[-2.26354,41.06754],[-2.2664,41.06814],[-2.2764,41.06537],[-2.27988,41.06553],[-2.284,41.06506],[-2.29111,41.07086],[-2.29358,41.07126],[-2.29522,41.06965],[-2.29817,41.06863],[-2.30225,41.06543],[-2.31138,41.06248],[-2.31559,41.06163],[-2.31877,41.05982],[-2.3234,41.05652],[-2.33149,41.0669],[-2.33388,41.06735],[-2.33927,41.07154],[-2.34924,41.07742],[-2.35221,41.0811],[-2.35533,41.08646],[-2.3605,41.08399],[-2.37258,41.07916],[-2.37767,41.07824],[-2.38135,41.07701],[-2.38307,41.07416],[-2.39603,41.06468],[-2.39786,41.06427],[-2.40213,41.06166],[-2.41018,41.06054],[-2.4143,41.06092],[-2.41603,41.05941],[-2.41891,41.05772],[-2.42883,41.06571],[-2.43082,41.07177],[-2.4395,41.07177],[-2.44303,41.0765],[-2.46947,41.07812],[-2.46977,41.08981],[-2.48032,41.11346],[-2.48503,41.11751],[-2.50822,41.11929],[-2.51177,41.13086],[-2.517,41.13764],[-2.51694,41.14646],[-2.53614,41.16152],[-2.54374,41.15042],[-2.58007,41.14064],[-2.59545,41.15236],[-2.58231,41.16521],[-2.57926,41.17936],[-2.60224,41.18819],[-2.61935,41.1833],[-2.62197,41.18808],[-2.61994,41.1952],[-2.60616,41.19361],[-2.60332,41.19397],[-2.60055,41.19506],[-2.59319,41.20094],[-2.5899,41.20722],[-2.58944,41.20954],[-2.58741,41.214],[-2.58707,41.21696],[-2.58843,41.22313],[-2.58949,41.22454],[-2.59233,41.22445],[-2.59941,41.22291],[-2.60828,41.22165],[-2.61698,41.21944],[-2.62391,41.22374],[-2.62921,41.21522],[-2.63626,41.22382],[-2.63576,41.2321],[-2.64739,41.24005],[-2.66887,41.23763],[-2.69536,41.2456],[-2.70996,41.25319],[-2.71743,41.27482],[-2.73073,41.27192],[-2.76095,41.27403],[-2.77538,41.25869],[-2.77552,41.25009],[-2.77798,41.25203],[-2.7825,41.25377],[-2.79402,41.25435],[-2.79727,41.25538],[-2.80355,41.25652],[-2.81069,41.25574],[-2.8196,41.25735],[-2.82226,41.25663],[-2.82177,41.25838],[-2.83029,41.26267],[-2.83922,41.26607],[-2.84141,41.26613],[-2.85517,41.27052],[-2.85902,41.27288],[-2.8669,41.27447],[-2.86425,41.28689],[-2.8724,41.29968],[-2.86686,41.31308],[-2.87423,41.32044],[-2.88272,41.32177],[-2.88843,41.32525],[-2.89795,41.32481],[-2.90285,41.32594],[-2.90668,41.32764],[-2.91174,41.32152],[-2.94038,41.31321],[-2.94253,41.30082],[-2.95014,41.29265],[-2.95354,41.29196],[-2.9612,41.29237],[-2.96613,41.29324],[-2.96745,41.29192],[-2.96971,41.29223],[-2.97628,41.29136],[-2.98809,41.28878],[-2.98987,41.28738],[-2.99492,41.28661],[-2.99756,41.2868],[-3.006,41.28441],[-3.01881,41.28842],[-3.05958,41.27624],[-3.06192,41.27344],[-3.09123,41.28348],[-3.09784,41.27995],[-3.10018,41.28009],[-3.10868,41.2879],[-3.12124,41.28948],[-3.12507,41.2909],[-3.13007,41.28817],[-3.14131,41.2922],[-3.14843,41.29201],[-3.15781,41.29368],[-3.16491,41.29537],[-3.17862,41.29982],[-3.18857,41.30392],[-3.19216,41.30268],[-3.19978,41.30444],[-3.20369,41.30319],[-3.20737,41.30425],[-3.2099,41.3078],[-3.23547,41.31824],[-3.23749,41.32987],[-3.24889,41.33071],[-3.26779,41.34086],[-3.27268,41.35199],[-3.28085,41.35254],[-3.28886,41.36],[-3.30149,41.363],[-3.3076,41.36875],[-3.33033,41.37748],[-3.34115,41.39083],[-3.34925,41.39491],[-3.34818,41.40981],[-3.34169,41.41703],[-3.34265,41.41907],[-3.34138,41.42332],[-3.3435,41.42699],[-3.34606,41.42903],[-3.34346,41.43674],[-3.34012,41.44447],[-3.34068,41.44699],[-3.34052,41.44911],[-3.3394,41.45229],[-3.3368,41.45519],[-3.3304,41.46072],[-3.34909,41.4579],[-3.36499,41.46756],[-3.38005,41.46496],[-3.40362,41.47572],[-3.41334,41.47612],[-3.42407,41.48273],[-3.42635,41.49641],[-3.42192,41.51376],[-3.44011,41.52297],[-3.45809,41.53685],[-3.46499,41.5278],[-3.47901,41.52158],[-3.5018,41.52938],[-3.53642,41.55065],[-3.53723,41.55949],[-3.54321,41.57161],[-3.5416,41.5776],[-3.53738,41.58676],[-3.54805,41.59602],[-3.54091,41.5991],[-3.54147,41.60817],[-3.53219,41.61087],[-3.5239,41.61003],[-3.50837,41.59712],[-3.47503,41.59612],[-3.46558,41.58928],[-3.45883,41.59093],[-3.43679,41.62146],[-3.43991,41.6289],[-3.43526,41.63938],[-3.43303,41.63977],[-3.43262,41.64318],[-3.42978,41.64629],[-3.42152,41.64606],[-3.41909,41.64411],[-3.41663,41.64789],[-3.41775,41.65625],[-3.40631,41.67611],[-3.39217,41.6907],[-3.35842,41.69343],[-3.35871,41.69594],[-3.36094,41.69946],[-3.36046,41.70444],[-3.36183,41.71031],[-3.35988,41.71367],[-3.35992,41.7188],[-3.36068,41.72158],[-3.35637,41.72507],[-3.35249,41.72915],[-3.35515,41.73377],[-3.35094,41.73824],[-3.32427,41.74122],[-3.3217,41.74919],[-3.31129,41.75065],[-3.30582,41.76021],[-3.28383,41.76222],[-3.27664,41.76926],[-3.28314,41.77879],[-3.28512,41.78754],[-3.27635,41.79421],[-3.27541,41.7999],[-3.27851,41.81161],[-3.28673,41.80535],[-3.28516,41.80845],[-3.28301,41.8112],[-3.28489,41.81459],[-3.28192,41.82289],[-3.28847,41.82979],[-3.28889,41.84027],[-3.28433,41.84656],[-3.27984,41.86693],[-3.28959,41.8764],[-3.28617,41.87998],[-3.28378,41.8838],[-3.27312,41.88054],[-3.26792,41.86913],[-3.25631,41.86999],[-3.24336,41.86399],[-3.24683,41.85632],[-3.24263,41.84722],[-3.23956,41.84579],[-3.23441,41.84064],[-3.22296,41.83951],[-3.19638,41.82989],[-3.19753,41.81668],[-3.18998,41.80393],[-3.17137,41.79301],[-3.13622,41.81194],[-3.13372,41.8213],[-3.11186,41.85096],[-3.09817,41.86021],[-3.09719,41.86516],[-3.10115,41.87507],[-3.09718,41.88105],[-3.08931,41.87632],[-3.07547,41.88311],[-3.06972,41.88255],[-3.06597,41.88361],[-3.06363,41.88336],[-3.06096,41.88614],[-3.05865,41.89132],[-3.05526,41.89114],[-3.04525,41.88948],[-3.0447,41.88732],[-3.04286,41.88662],[-3.03815,41.88576],[-3.03418,41.88906],[-3.01678,41.8869],[-3.01501,41.89618],[-3.01652,41.89842],[-3.01493,41.90158],[-3.01317,41.90244],[-3.00775,41.90878],[-3.01023,41.91102],[-3.01129,41.91335],[-3.01107,41.91528],[-3.00927,41.91836],[-2.9985,41.93259],[-2.98147,41.92851],[-2.9708,41.92926],[-2.96481,41.93706],[-2.96095,41.95055],[-2.96689,41.95761],[-2.96611,41.96439],[-2.95054,41.99389],[-2.93182,42.01752],[-2.91364,42.02284],[-2.89119,42.01699],[-2.88869,42.01056],[-2.87847,42.01139],[-2.86173,42.02008],[-2.85579,42.02896],[-2.84465,42.03446],[-2.82441,42.04038],[-2.81312,42.03703],[-2.8048,42.04546],[-2.798,42.04683],[-2.79552,42.06593],[-2.80252,42.07991],[-2.79139,42.09348],[-2.79162,42.10873],[-2.77223,42.12423],[-2.76587,42.12469],[-2.75195,42.11858],[-2.74577,42.12363],[-2.73845,42.1248],[-2.72896,42.12268],[-2.70741,42.10545],[-2.70993,42.09671],[-2.70814,42.08842],[-2.73376,42.06033],[-2.73874,42.04982],[-2.7576,42.0326],[-2.74837,42.01149],[-2.74457,42.00921],[-2.72415,42.01531],[-2.70493,42.0145],[-2.68659,42.00174],[-2.67359,41.99805],[-2.6598,42.00535],[-2.65628,42.00541],[-2.65352,42.00499],[-2.65003,42.00378],[-2.64549,42.00419],[-2.64252,42.00388],[-2.63136,42.00539],[-2.62665,42.00649],[-2.62448,42.00491],[-2.621,42.00485],[-2.61512,42.00577],[-2.6097,42.0029],[-2.60734,42.00239],[-2.60182,42.00188],[-2.59662,42.00193],[-2.59332,42.00017],[-2.57992,41.99625],[-2.5747,42.00695],[-2.56508,42.01528],[-2.55192,42.03919],[-2.54887,42.0511],[-2.5324,42.05551],[-2.51489,42.06885],[-2.51561,42.07517],[-2.52204,42.08368],[-2.51827,42.09076],[-2.51469,42.11452],[-2.50852,42.11542],[-2.4836,42.10723],[-2.47109,42.11399],[-2.45848,42.11601],[-2.44036,42.13649],[-2.40141,42.13956],[-2.39722,42.13693],[-2.38781,42.14213],[-2.33216,42.14601],[-2.31497,42.14388]]]}},{"type":"Feature","properties":{"region_key":"ES211","name_pt":"Araba/\u00c1lava","name_es":"Araba/\u00c1lava","name_en":"Araba/\u00c1lava","kind":"district_province","source_nuts_id":"ES211"},"geometry":{"type":"Polygon","coordinates":[[[-3.02211,43.21305],[-3.00683,43.19667],[-2.98153,43.20195],[-2.97295,43.18623],[-2.96008,43.17523],[-2.94742,43.1701],[-2.95291,43.15954],[-2.93948,43.14583],[-2.9385,43.14525],[-2.93708,43.13524],[-2.9652,43.10412],[-2.97512,43.09904],[-2.97269,43.09506],[-2.95877,43.09042],[-2.93048,43.07211],[-2.91783,43.05969],[-2.89018,43.04572],[-2.88912,43.04837],[-2.88009,43.05111],[-2.87023,43.05103],[-2.86417,43.05174],[-2.85503,43.04835],[-2.84797,43.04449],[-2.83612,43.04168],[-2.82171,43.0356],[-2.81142,43.03598],[-2.80671,43.03566],[-2.80042,43.0342],[-2.78898,43.03451],[-2.78121,43.03395],[-2.77475,43.0311],[-2.7738,43.02896],[-2.75147,43.02715],[-2.74644,43.03285],[-2.7403,43.03333],[-2.72896,43.02467],[-2.71489,43.03025],[-2.70762,43.03006],[-2.68661,43.02186],[-2.66613,43.03053],[-2.63362,43.01991],[-2.63122,43.02796],[-2.63443,43.04446],[-2.66113,43.06576],[-2.65881,43.07492],[-2.63382,43.08626],[-2.58949,43.08129],[-2.54726,43.08767],[-2.54639,43.08801],[-2.54291,43.07866],[-2.54541,43.07212],[-2.5286,43.05191],[-2.52474,43.04527],[-2.5334,43.04062],[-2.54433,43.02312],[-2.56429,43.01794],[-2.58127,43.00869],[-2.59683,43.008],[-2.60008,43.00068],[-2.59304,42.98701],[-2.60271,42.98218],[-2.59683,42.97593],[-2.57985,42.96438],[-2.55119,42.95858],[-2.5482,42.95308],[-2.54393,42.95061],[-2.54116,42.95264],[-2.53988,42.96553],[-2.53533,42.9734],[-2.50284,42.95989],[-2.47885,42.96587],[-2.45197,42.95698],[-2.4449,42.95806],[-2.42273,42.95607],[-2.40728,42.95873],[-2.38484,42.951],[-2.3631,42.94705],[-2.35483,42.94999],[-2.35309,42.94868],[-2.35195,42.94717],[-2.35169,42.94487],[-2.35093,42.94257],[-2.33904,42.93635],[-2.32299,42.93156],[-2.30196,42.92381],[-2.28868,42.90305],[-2.25081,42.89569],[-2.25173,42.89229],[-2.2417,42.88511],[-2.24026,42.86478],[-2.23596,42.85093],[-2.23271,42.84378],[-2.23583,42.83445],[-2.24171,42.83011],[-2.25297,42.82064],[-2.25635,42.8187],[-2.26771,42.81337],[-2.27044,42.80888],[-2.27029,42.80268],[-2.26893,42.79722],[-2.26872,42.79468],[-2.27195,42.7921],[-2.2738,42.79115],[-2.28103,42.7851],[-2.27884,42.78344],[-2.27806,42.78178],[-2.27533,42.77895],[-2.27559,42.77624],[-2.27371,42.77074],[-2.2733,42.76854],[-2.26341,42.74986],[-2.27346,42.74183],[-2.28548,42.74251],[-2.30633,42.73578],[-2.31687,42.73931],[-2.31696,42.73573],[-2.31859,42.73318],[-2.31833,42.73006],[-2.31978,42.7287],[-2.32358,42.72081],[-2.31772,42.71722],[-2.31338,42.70848],[-2.3128,42.68924],[-2.31575,42.68271],[-2.30922,42.67247],[-2.30235,42.67652],[-2.29357,42.67651],[-2.28872,42.65761],[-2.29335,42.65083],[-2.30809,42.65226],[-2.33149,42.64573],[-2.34731,42.63404],[-2.36596,42.637],[-2.38197,42.63426],[-2.37315,42.64246],[-2.38028,42.64733],[-2.37844,42.65194],[-2.39462,42.66055],[-2.41732,42.66132],[-2.42808,42.65857],[-2.43001,42.65422],[-2.43332,42.65388],[-2.44061,42.65067],[-2.44259,42.65039],[-2.44416,42.64935],[-2.45009,42.64722],[-2.4517,42.64505],[-2.45313,42.64173],[-2.45502,42.63956],[-2.45461,42.63483],[-2.46454,42.62728],[-2.47108,42.62723],[-2.47267,42.62454],[-2.47429,42.62365],[-2.47811,42.61879],[-2.479,42.61591],[-2.48121,42.61442],[-2.48309,42.61213],[-2.49074,42.61451],[-2.5001,42.61644],[-2.49937,42.61152],[-2.49065,42.58532],[-2.48232,42.5891],[-2.4635,42.58736],[-2.45326,42.56708],[-2.44331,42.57564],[-2.42371,42.60501],[-2.41857,42.60711],[-2.41695,42.60413],[-2.412,42.60025],[-2.40645,42.59846],[-2.40116,42.5983],[-2.39934,42.59785],[-2.39677,42.59907],[-2.39747,42.59544],[-2.39922,42.59352],[-2.39934,42.59111],[-2.40005,42.58907],[-2.39821,42.58616],[-2.39017,42.55143],[-2.40021,42.54314],[-2.39302,42.51765],[-2.42208,42.51169],[-2.42313,42.49847],[-2.42072,42.48927],[-2.43725,42.48945],[-2.45063,42.49642],[-2.47113,42.49259],[-2.47743,42.48664],[-2.51617,42.49145],[-2.51791,42.49855],[-2.50541,42.51271],[-2.50869,42.5188],[-2.5138,42.51802],[-2.52036,42.50725],[-2.53653,42.49529],[-2.53714,42.49011],[-2.5308,42.48509],[-2.53737,42.48317],[-2.5488,42.48391],[-2.55601,42.48498],[-2.56898,42.49345],[-2.57804,42.4837],[-2.59136,42.48251],[-2.58808,42.47477],[-2.59564,42.47296],[-2.60136,42.47825],[-2.60093,42.48453],[-2.59355,42.4931],[-2.60538,42.50154],[-2.61216,42.49603],[-2.62797,42.49521],[-2.63391,42.48836],[-2.64453,42.4834],[-2.64878,42.4853],[-2.65382,42.49581],[-2.65685,42.50334],[-2.66835,42.5099],[-2.67767,42.51065],[-2.67903,42.52494],[-2.69492,42.51854],[-2.69973,42.51693],[-2.70551,42.51674],[-2.69931,42.52724],[-2.69145,42.54274],[-2.68177,42.59539],[-2.68566,42.59493],[-2.68863,42.59626],[-2.70022,42.59844],[-2.70412,42.59966],[-2.70634,42.5998],[-2.7215,42.60802],[-2.73089,42.6168],[-2.74644,42.62335],[-2.7568,42.61939],[-2.76588,42.62016],[-2.7729,42.60731],[-2.77197,42.59527],[-2.77889,42.58158],[-2.79755,42.57386],[-2.80366,42.5645],[-2.80819,42.5677],[-2.81608,42.56799],[-2.81794,42.55739],[-2.8252,42.5549],[-2.82745,42.56216],[-2.83714,42.57063],[-2.83994,42.58041],[-2.82013,42.5919],[-2.81862,42.59818],[-2.82364,42.60146],[-2.82198,42.60354],[-2.81946,42.60908],[-2.81879,42.61268],[-2.81992,42.61447],[-2.82432,42.61272],[-2.82631,42.61251],[-2.82803,42.6119],[-2.83437,42.60915],[-2.83717,42.60868],[-2.8418,42.6086],[-2.84679,42.61791],[-2.84305,42.62889],[-2.85807,42.63838],[-2.87057,42.63955],[-2.89526,42.65386],[-2.89933,42.66621],[-2.89662,42.6768],[-2.89505,42.67931],[-2.90234,42.68437],[-2.90542,42.69399],[-2.92844,42.70064],[-2.93126,42.70779],[-2.94701,42.70965],[-2.97293,42.70822],[-2.98123,42.70452],[-2.98636,42.70891],[-2.98984,42.71902],[-3.00758,42.72401],[-3.00975,42.72787],[-3.00639,42.73214],[-3.01508,42.73366],[-3.01719,42.74029],[-3.03292,42.73721],[-3.04076,42.73849],[-3.04903,42.75114],[-3.04797,42.76404],[-3.05771,42.76289],[-3.06037,42.76184],[-3.06708,42.76086],[-3.0808,42.76678],[-3.08427,42.75851],[-3.09927,42.7668],[-3.11579,42.75976],[-3.1313,42.75765],[-3.14285,42.75997],[-3.12328,42.78928],[-3.13177,42.7903],[-3.15926,42.80455],[-3.1497,42.81259],[-3.148,42.82197],[-3.14104,42.83479],[-3.13173,42.83894],[-3.12794,42.84953],[-3.12332,42.84964],[-3.1145,42.85964],[-3.10599,42.87897],[-3.1124,42.88214],[-3.11662,42.88951],[-3.12437,42.89106],[-3.13663,42.87786],[-3.13875,42.87125],[-3.15117,42.861],[-3.16415,42.85688],[-3.17349,42.8578],[-3.19094,42.86832],[-3.21022,42.84417],[-3.22088,42.83846],[-3.20556,42.82735],[-3.217,42.82647],[-3.22587,42.83007],[-3.22769,42.83204],[-3.23679,42.83789],[-3.25364,42.85277],[-3.26916,42.86405],[-3.28264,42.87547],[-3.2868,42.8851],[-3.27707,42.88772],[-3.27585,42.90179],[-3.24959,42.91218],[-3.24543,42.92396],[-3.236,42.935],[-3.2341,42.94338],[-3.22333,42.94878],[-3.21243,42.94521],[-3.18077,42.94408],[-3.15136,42.93614],[-3.14871,42.93175],[-3.14817,42.91763],[-3.13386,42.91271],[-3.12587,42.90533],[-3.11121,42.90625],[-3.10469,42.91011],[-3.08955,42.89895],[-3.07032,42.90311],[-3.05919,42.90196],[-3.03316,42.90582],[-3.01617,42.91051],[-3.01336,42.91998],[-3.00445,42.92777],[-2.99748,42.92777],[-2.99209,42.93518],[-2.98786,42.9354],[-2.98515,42.93628],[-2.98142,42.93988],[-2.99608,42.95227],[-3.01183,42.95268],[-3.02092,42.95657],[-3.02176,42.96053],[-3.04284,42.97109],[-3.03753,42.98244],[-3.00785,42.98197],[-3.00059,42.98905],[-2.97471,42.98921],[-2.95823,42.99441],[-2.95558,42.9989],[-2.96512,43.00063],[-2.98476,42.99263],[-2.99072,43.00025],[-2.98513,43.00762],[-2.9868,43.01151],[-3.03108,43.01968],[-3.03185,43.023],[-3.01834,43.03735],[-3.02804,43.03702],[-3.02993,43.04567],[-3.05099,43.04552],[-3.06264,43.03484],[-3.06537,43.02352],[-3.08935,43.00979],[-3.08915,43.0015],[-3.12605,43.00768],[-3.14565,43.00727],[-3.16987,43.01613],[-3.17129,43.01794],[-3.17783,43.02193],[-3.16884,43.02853],[-3.14347,43.02864],[-3.14661,43.03481],[-3.14115,43.06677],[-3.15711,43.07406],[-3.13397,43.09718],[-3.14146,43.1096],[-3.15375,43.10498],[-3.17108,43.11049],[-3.1812,43.11943],[-3.16294,43.14174],[-3.16585,43.14754],[-3.16233,43.15327],[-3.15002,43.16034],[-3.13791,43.16172],[-3.13371,43.15675],[-3.12419,43.15402],[-3.11642,43.14603],[-3.10886,43.14327],[-3.09298,43.1507],[-3.07469,43.14635],[-3.06514,43.15543],[-3.02741,43.16171],[-3.02717,43.17064],[-3.01922,43.18192],[-3.02072,43.19151],[-3.01842,43.19469],[-3.02032,43.20301],[-3.02842,43.20512],[-3.03848,43.21041],[-3.03464,43.21549],[-3.02211,43.21305]],[[-2.8526,42.76947],[-2.85275,42.75911],[-2.8545,42.74773],[-2.862,42.74585],[-2.86886,42.74014],[-2.85476,42.7361],[-2.84917,42.73167],[-2.8539,42.72865],[-2.85299,42.72664],[-2.82972,42.7186],[-2.82433,42.70903],[-2.81216,42.70669],[-2.7967,42.69849],[-2.7843,42.69785],[-2.77127,42.67699],[-2.77283,42.67041],[-2.7679,42.66601],[-2.76064,42.66563],[-2.75756,42.66597],[-2.75331,42.66531],[-2.74894,42.66591],[-2.74644,42.66508],[-2.74064,42.66417],[-2.73771,42.66308],[-2.71741,42.66263],[-2.71334,42.66994],[-2.70125,42.6744],[-2.66675,42.66715],[-2.65857,42.67185],[-2.65429,42.66942],[-2.65101,42.66085],[-2.63807,42.64972],[-2.61868,42.64862],[-2.61245,42.64724],[-2.58424,42.65108],[-2.56518,42.64521],[-2.55408,42.64927],[-2.54894,42.64558],[-2.54956,42.63858],[-2.53827,42.63868],[-2.51777,42.64756],[-2.51799,42.65499],[-2.523,42.66565],[-2.52317,42.68386],[-2.53717,42.68693],[-2.54921,42.66933],[-2.57631,42.6685],[-2.57984,42.67565],[-2.59378,42.68938],[-2.60829,42.69677],[-2.6074,42.70645],[-2.60038,42.714],[-2.58934,42.7119],[-2.57362,42.72447],[-2.56361,42.73936],[-2.56348,42.74708],[-2.55876,42.75674],[-2.55909,42.76202],[-2.56358,42.7626],[-2.57581,42.75478],[-2.58974,42.75101],[-2.59268,42.75843],[-2.60174,42.76573],[-2.60237,42.77059],[-2.64336,42.76548],[-2.65541,42.77244],[-2.66918,42.77333],[-2.67981,42.77936],[-2.69157,42.77911],[-2.70088,42.78387],[-2.71078,42.7841],[-2.73187,42.7938],[-2.74644,42.79259],[-2.7792,42.79271],[-2.81082,42.79134],[-2.8262,42.78543],[-2.8355,42.79623],[-2.84069,42.77851],[-2.84722,42.77635],[-2.8526,42.76947]]]}},{"type":"Feature","properties":{"region_key":"ES212","name_pt":"Gipuzkoa","name_es":"Gipuzkoa","name_en":"Gipuzkoa","kind":"district_province","source_nuts_id":"ES212"},"geometry":{"type":"Polygon","coordinates":[[[-1.78598,43.35058],[-1.77226,43.34283],[-1.76054,43.34425],[-1.754,43.34033],[-1.75019,43.33294],[-1.73915,43.32943],[-1.74068,43.31565],[-1.7289,43.29609],[-1.7307,43.29427],[-1.74148,43.29415],[-1.7644,43.28687],[-1.77297,43.28886],[-1.78326,43.28677],[-1.7837,43.28445],[-1.79339,43.27555],[-1.79498,43.24693],[-1.8078,43.23975],[-1.82009,43.2378],[-1.82579,43.2289],[-1.84116,43.22453],[-1.85132,43.22638],[-1.85439,43.21729],[-1.86181,43.21332],[-1.86574,43.21822],[-1.86788,43.22916],[-1.87289,43.22814],[-1.87594,43.23103],[-1.87902,43.22703],[-1.87598,43.21996],[-1.87945,43.2172],[-1.87579,43.21395],[-1.87927,43.21154],[-1.88188,43.20587],[-1.88504,43.20817],[-1.88516,43.21266],[-1.89148,43.20925],[-1.90006,43.21084],[-1.90997,43.22297],[-1.9109,43.22718],[-1.91463,43.22279],[-1.91168,43.20361],[-1.92154,43.18616],[-1.92094,43.17251],[-1.91926,43.17049],[-1.91686,43.16919],[-1.91967,43.15012],[-1.90285,43.14072],[-1.9032,43.13551],[-1.91633,43.12766],[-1.92319,43.11641],[-1.93813,43.10848],[-1.94714,43.10081],[-1.94755,43.09748],[-1.97338,43.09153],[-1.97162,43.08734],[-1.97316,43.08457],[-1.97883,43.08167],[-1.98373,43.08043],[-1.98847,43.0784],[-1.98977,43.07947],[-2.00989,43.07341],[-2.01238,43.07305],[-2.01609,43.06632],[-2.02285,43.06515],[-2.01861,43.05514],[-2.02023,43.04785],[-2.03247,43.03206],[-2.04142,43.02966],[-2.04052,43.0215],[-2.03215,43.00665],[-2.03228,43.00007],[-2.02833,42.99879],[-2.03868,42.98147],[-2.0526,42.97628],[-2.08312,42.97574],[-2.09532,42.97227],[-2.10442,42.94912],[-2.11744,42.94214],[-2.13335,42.94095],[-2.1514,42.94217],[-2.17389,42.93515],[-2.17999,42.93568],[-2.19306,42.9488],[-2.21028,42.94987],[-2.21096,42.94531],[-2.21626,42.94195],[-2.21621,42.93945],[-2.21554,42.93685],[-2.22035,42.93315],[-2.22217,42.9336],[-2.22661,42.93298],[-2.23218,42.93175],[-2.23559,42.92657],[-2.23785,42.92141],[-2.23678,42.91661],[-2.23778,42.89596],[-2.23995,42.89521],[-2.24845,42.89738],[-2.25081,42.89569],[-2.28868,42.90305],[-2.30196,42.92381],[-2.32299,42.93156],[-2.33904,42.93635],[-2.35093,42.94257],[-2.35169,42.94487],[-2.35195,42.94717],[-2.35309,42.94868],[-2.35483,42.94999],[-2.3631,42.94705],[-2.38484,42.951],[-2.40728,42.95873],[-2.42273,42.95607],[-2.4449,42.95806],[-2.45197,42.95698],[-2.47885,42.96587],[-2.50284,42.95989],[-2.53533,42.9734],[-2.53988,42.96553],[-2.54116,42.95264],[-2.54393,42.95061],[-2.5482,42.95308],[-2.55119,42.95858],[-2.57985,42.96438],[-2.59683,42.97593],[-2.60271,42.98218],[-2.59304,42.98701],[-2.60008,43.00068],[-2.59683,43.008],[-2.58127,43.00869],[-2.56429,43.01794],[-2.54433,43.02312],[-2.5334,43.04062],[-2.52474,43.04527],[-2.5286,43.05191],[-2.54541,43.07212],[-2.54291,43.07866],[-2.54639,43.08801],[-2.54297,43.09151],[-2.52684,43.09495],[-2.51384,43.0906],[-2.50181,43.095],[-2.50472,43.09856],[-2.50191,43.11555],[-2.49625,43.12336],[-2.50294,43.13859],[-2.5013,43.15121],[-2.50478,43.15577],[-2.50885,43.16006],[-2.5077,43.16497],[-2.48487,43.17161],[-2.49248,43.18088],[-2.48765,43.20021],[-2.49641,43.20764],[-2.499,43.21209],[-2.49413,43.2247],[-2.46325,43.22347],[-2.43683,43.24344],[-2.43901,43.25183],[-2.42522,43.25932],[-2.41806,43.2676],[-2.43362,43.28445],[-2.43649,43.286],[-2.43963,43.28947],[-2.43722,43.29837],[-2.41285,43.32108],[-2.40722,43.32242],[-2.39341,43.31873],[-2.37909,43.30873],[-2.35829,43.30376],[-2.3557,43.2996],[-2.34863,43.29942],[-2.34384,43.30262],[-2.32519,43.29715],[-2.28505,43.29472],[-2.26294,43.29989],[-2.2581,43.30333],[-2.24735,43.30112],[-2.24561,43.30243],[-2.22941,43.30989],[-2.20861,43.30529],[-2.20278,43.30759],[-2.20123,43.30186],[-2.19361,43.29796],[-2.18956,43.29219],[-2.18303,43.29376],[-2.17469,43.28797],[-2.14133,43.29306],[-2.12987,43.2878],[-2.11002,43.30059],[-2.08298,43.30786],[-2.01212,43.32316],[-2.00053,43.317],[-1.993,43.31665],[-1.98828,43.31995],[-1.98966,43.32516],[-1.9755,43.32691],[-1.97025,43.3335],[-1.96272,43.33669],[-1.94919,43.33308],[-1.93761,43.33497],[-1.93117,43.33292],[-1.92532,43.33211],[-1.92513,43.33567],[-1.8872,43.34849],[-1.88018,43.35396],[-1.87113,43.36803],[-1.85724,43.37505],[-1.84435,43.37626],[-1.8288,43.38398],[-1.80477,43.38784],[-1.79212,43.39433],[-1.78941,43.39002],[-1.79741,43.38108],[-1.79769,43.37676],[-1.78984,43.36547],[-1.78187,43.36057],[-1.78935,43.35329],[-1.78598,43.35058]]]}},{"type":"Feature","properties":{"region_key":"ES213","name_pt":"Bizkaia","name_es":"Bizkaia","name_en":"Bizkaia","kind":"district_province","source_nuts_id":"ES213"},"geometry":{"type":"MultiPolygon","coordinates":[[[[-2.7475,43.45203],[-2.74644,43.4434],[-2.73592,43.42836],[-2.72263,43.42557],[-2.71779,43.4187],[-2.71395,43.41768],[-2.70215,43.41575],[-2.6951,43.40535],[-2.68834,43.40472],[-2.67675,43.41208],[-2.66071,43.41017],[-2.6548,43.41265],[-2.64658,43.4155],[-2.6388,43.41314],[-2.63703,43.40407],[-2.63114,43.39878],[-2.61903,43.39237],[-2.61164,43.392],[-2.60211,43.39386],[-2.58144,43.38687],[-2.56154,43.39024],[-2.55035,43.37405],[-2.51367,43.37713],[-2.50811,43.37571],[-2.49994,43.36388],[-2.49585,43.36484],[-2.48796,43.36324],[-2.48336,43.35702],[-2.4707,43.3497],[-2.464,43.33868],[-2.44286,43.33289],[-2.43802,43.33395],[-2.42385,43.33013],[-2.42048,43.32402],[-2.41285,43.32108],[-2.43722,43.29837],[-2.43963,43.28947],[-2.43649,43.286],[-2.43362,43.28445],[-2.41806,43.2676],[-2.42522,43.25932],[-2.43901,43.25183],[-2.43683,43.24344],[-2.46325,43.22347],[-2.49413,43.2247],[-2.499,43.21209],[-2.49641,43.20764],[-2.48765,43.20021],[-2.49248,43.18088],[-2.48487,43.17161],[-2.5077,43.16497],[-2.50885,43.16006],[-2.50478,43.15577],[-2.5013,43.15121],[-2.50294,43.13859],[-2.49625,43.12336],[-2.50191,43.11555],[-2.50472,43.09856],[-2.50181,43.095],[-2.51384,43.0906],[-2.52684,43.09495],[-2.54297,43.09151],[-2.54639,43.08801],[-2.54726,43.08767],[-2.58949,43.08129],[-2.63382,43.08626],[-2.65881,43.07492],[-2.66113,43.06576],[-2.63443,43.04446],[-2.63122,43.02796],[-2.63362,43.01991],[-2.66613,43.03053],[-2.68661,43.02186],[-2.70762,43.03006],[-2.71489,43.03025],[-2.72896,43.02467],[-2.7403,43.03333],[-2.74644,43.03285],[-2.75147,43.02715],[-2.7738,43.02896],[-2.77475,43.0311],[-2.78121,43.03395],[-2.78898,43.03451],[-2.80042,43.0342],[-2.80671,43.03566],[-2.81142,43.03598],[-2.82171,43.0356],[-2.83612,43.04168],[-2.84797,43.04449],[-2.85503,43.04835],[-2.86417,43.05174],[-2.87023,43.05103],[-2.88009,43.05111],[-2.88912,43.04837],[-2.89018,43.04572],[-2.91783,43.05969],[-2.93048,43.07211],[-2.95877,43.09042],[-2.97269,43.09506],[-2.97512,43.09904],[-2.9652,43.10412],[-2.93708,43.13524],[-2.9385,43.14525],[-2.93948,43.14583],[-2.95291,43.15954],[-2.94742,43.1701],[-2.96008,43.17523],[-2.97295,43.18623],[-2.98153,43.20195],[-3.00683,43.19667],[-3.02211,43.21305],[-3.03464,43.21549],[-3.03848,43.21041],[-3.02842,43.20512],[-3.02032,43.20301],[-3.01842,43.19469],[-3.02072,43.19151],[-3.01922,43.18192],[-3.02717,43.17064],[-3.02741,43.16171],[-3.06514,43.15543],[-3.07469,43.14635],[-3.09298,43.1507],[-3.10886,43.14327],[-3.11642,43.14603],[-3.12419,43.15402],[-3.13371,43.15675],[-3.13791,43.16172],[-3.14184,43.16114],[-3.14224,43.16672],[-3.14829,43.174],[-3.15047,43.17445],[-3.15421,43.17691],[-3.15617,43.17715],[-3.15801,43.17797],[-3.16101,43.17784],[-3.16301,43.17686],[-3.16476,43.17769],[-3.16807,43.17853],[-3.17153,43.17716],[-3.17409,43.17731],[-3.17556,43.17545],[-3.17908,43.17523],[-3.18699,43.16959],[-3.19926,43.1714],[-3.20853,43.17849],[-3.21434,43.17427],[-3.22323,43.17271],[-3.23314,43.17912],[-3.23996,43.18759],[-3.25327,43.19875],[-3.25611,43.19539],[-3.27815,43.19437],[-3.2788,43.18991],[-3.29654,43.18257],[-3.31054,43.17235],[-3.33239,43.16608],[-3.3412,43.16636],[-3.35042,43.15421],[-3.36889,43.15097],[-3.38773,43.14091],[-3.41761,43.13332],[-3.42202,43.15104],[-3.43288,43.17027],[-3.43543,43.19798],[-3.4339,43.20691],[-3.44445,43.22194],[-3.45024,43.23611],[-3.41539,43.24103],[-3.4092,43.24824],[-3.39732,43.24734],[-3.38864,43.26419],[-3.38281,43.26974],[-3.37,43.27383],[-3.35925,43.27243],[-3.33858,43.27806],[-3.34313,43.29428],[-3.33277,43.2998],[-3.32168,43.2935],[-3.2976,43.29951],[-3.28913,43.29063],[-3.26435,43.29507],[-3.22785,43.28649],[-3.21837,43.28687],[-3.21455,43.28581],[-3.20954,43.28348],[-3.20717,43.28692],[-3.193,43.29812],[-3.15866,43.30137],[-3.15146,43.30717],[-3.15,43.31881],[-3.1539,43.33806],[-3.15126,43.34725],[-3.15334,43.35322],[-3.14339,43.35138],[-3.12805,43.35374],[-3.11755,43.34995],[-3.11154,43.36146],[-3.10563,43.36454],[-3.09458,43.36295],[-3.06974,43.34701],[-3.04855,43.3394],[-3.03604,43.34007],[-3.03498,43.33402],[-3.02195,43.32672],[-3.01759,43.32303],[-3.01116,43.3358],[-3.01375,43.34724],[-3.02127,43.35322],[-3.02062,43.35863],[-3.03713,43.37301],[-3.03052,43.37844],[-3.00618,43.38414],[-2.98539,43.39552],[-2.97398,43.40502],[-2.9696,43.41313],[-2.96039,43.41479],[-2.94956,43.41214],[-2.94556,43.41266],[-2.95093,43.41867],[-2.95277,43.4285],[-2.94492,43.43481],[-2.92232,43.43745],[-2.90804,43.4383],[-2.90045,43.43373],[-2.87836,43.43562],[-2.85408,43.43026],[-2.84437,43.43206],[-2.82281,43.43361],[-2.80567,43.43128],[-2.7845,43.44704],[-2.78302,43.44545],[-2.76251,43.44947],[-2.75186,43.4559],[-2.7475,43.45203]],[[-3.30452,43.25204],[-3.29332,43.24061],[-3.29702,43.22474],[-3.29317,43.2171],[-3.29653,43.20686],[-3.28482,43.19717],[-3.26667,43.20578],[-3.27063,43.21754],[-3.26751,43.22317],[-3.26984,43.23072],[-3.25347,43.24443],[-3.24918,43.25965],[-3.26731,43.26684],[-3.27936,43.26218],[-3.30463,43.25863],[-3.30452,43.25204]]],[[[-3.02993,43.04567],[-3.02804,43.03702],[-3.01834,43.03735],[-3.03185,43.023],[-3.03108,43.01968],[-2.9868,43.01151],[-2.98513,43.00762],[-2.99072,43.00025],[-2.98476,42.99263],[-2.96512,43.00063],[-2.95558,42.9989],[-2.95823,42.99441],[-2.97471,42.98921],[-3.00059,42.98905],[-3.00785,42.98197],[-3.03753,42.98244],[-3.04307,42.98405],[-3.05908,42.99728],[-3.06238,43.00336],[-3.07644,43.00773],[-3.08915,43.0015],[-3.08935,43.00979],[-3.06537,43.02352],[-3.06264,43.03484],[-3.05099,43.04552],[-3.02993,43.04567]]]]}},{"type":"Feature","properties":{"region_key":"ES111","name_pt":"A Coru\u00f1a","name_es":"A Coru\u00f1a","name_en":"A Coru\u00f1a","kind":"district_province","source_nuts_id":"ES111"},"geometry":{"type":"Polygon","coordinates":[[[-7.69974,43.73511],[-7.69567,43.71843],[-7.70463,43.70876],[-7.70306,43.68916],[-7.71577,43.68466],[-7.69265,43.65487],[-7.70092,43.64551],[-7.71384,43.64432],[-7.72087,43.63113],[-7.73225,43.6208],[-7.73129,43.61615],[-7.72476,43.61295],[-7.72744,43.61045],[-7.72439,43.60674],[-7.72798,43.60135],[-7.72161,43.59682],[-7.7197,43.58265],[-7.74426,43.58011],[-7.74484,43.57038],[-7.75065,43.5569],[-7.75511,43.55539],[-7.75649,43.54822],[-7.74982,43.54062],[-7.75317,43.53297],[-7.74423,43.52863],[-7.74874,43.51887],[-7.7457,43.51174],[-7.74832,43.5085],[-7.75636,43.50907],[-7.75973,43.50639],[-7.75846,43.49805],[-7.76712,43.48862],[-7.77045,43.47303],[-7.78394,43.44611],[-7.79564,43.44501],[-7.80666,43.43724],[-7.80952,43.42976],[-7.80658,43.42511],[-7.82333,43.40146],[-7.84657,43.40039],[-7.86774,43.40767],[-7.88053,43.40704],[-7.89715,43.39089],[-7.89742,43.38657],[-7.89047,43.38401],[-7.88557,43.37535],[-7.88207,43.35374],[-7.88781,43.33628],[-7.91341,43.31196],[-7.935,43.29835],[-7.93889,43.29168],[-7.94711,43.28602],[-7.94063,43.27902],[-7.935,43.2769],[-7.92943,43.27664],[-7.92585,43.2751],[-7.92325,43.27247],[-7.92185,43.26946],[-7.92466,43.26368],[-7.93239,43.2424],[-7.96023,43.19177],[-7.95821,43.18306],[-7.95045,43.17619],[-7.95035,43.1639],[-7.94228,43.12971],[-7.9373,43.11148],[-7.93266,43.10648],[-7.9282,43.09999],[-7.91789,43.09223],[-7.91654,43.08828],[-7.92159,43.08236],[-7.92867,43.07687],[-7.935,43.0734],[-7.94242,43.06719],[-7.93888,43.0592],[-7.93081,43.04862],[-7.93118,43.04261],[-7.92905,43.03572],[-7.92617,43.03572],[-7.92651,43.03207],[-7.90594,42.98625],[-7.90638,42.97644],[-7.90852,42.96302],[-7.90812,42.95121],[-7.91146,42.94551],[-7.91626,42.93226],[-7.91799,42.93093],[-7.93854,42.92292],[-7.94327,42.91731],[-7.93546,42.90341],[-7.95401,42.88927],[-7.95613,42.88442],[-7.9647,42.87985],[-7.97784,42.87738],[-7.99968,42.84886],[-8.02479,42.84642],[-8.04694,42.83191],[-8.05361,42.83333],[-8.05598,42.83669],[-8.06296,42.83688],[-8.06435,42.83913],[-8.06145,42.84312],[-8.07277,42.85207],[-8.08338,42.85418],[-8.11842,42.84214],[-8.12201,42.85004],[-8.13728,42.8434],[-8.14247,42.8472],[-8.16147,42.85066],[-8.17525,42.85826],[-8.18588,42.85861],[-8.20526,42.84378],[-8.21491,42.84622],[-8.22033,42.8428],[-8.20692,42.8318],[-8.20867,42.82465],[-8.22499,42.82563],[-8.23525,42.83178],[-8.24548,42.82831],[-8.24763,42.83382],[-8.255,42.83601],[-8.2756,42.82212],[-8.27508,42.81309],[-8.27837,42.81156],[-8.2986,42.81944],[-8.29471,42.82935],[-8.3097,42.83077],[-8.3155,42.84491],[-8.3249,42.83211],[-8.3298,42.84094],[-8.3401,42.83979],[-8.34545,42.83282],[-8.3416,42.82893],[-8.33343,42.82903],[-8.33073,42.8259],[-8.33335,42.81809],[-8.33051,42.81112],[-8.3323,42.80179],[-8.33267,42.79582],[-8.34618,42.78955],[-8.34777,42.78388],[-8.35326,42.77986],[-8.35752,42.78066],[-8.36414,42.78432],[-8.38015,42.7846],[-8.38415,42.78899],[-8.39222,42.78914],[-8.39142,42.77913],[-8.39934,42.7792],[-8.41379,42.76488],[-8.40819,42.75426],[-8.4229,42.75374],[-8.4323,42.74631],[-8.44634,42.74795],[-8.47063,42.74417],[-8.49406,42.75615],[-8.50734,42.75613],[-8.51829,42.75153],[-8.5293,42.7556],[-8.53662,42.75225],[-8.54514,42.75397],[-8.5497,42.7606],[-8.55477,42.76067],[-8.55913,42.75693],[-8.55596,42.74729],[-8.57053,42.74295],[-8.59941,42.74243],[-8.60666,42.72814],[-8.60658,42.71513],[-8.6174,42.7181],[-8.62545,42.71653],[-8.65113,42.72814],[-8.65587,42.72091],[-8.66486,42.71967],[-8.66896,42.71878],[-8.672,42.71856],[-8.67875,42.7119],[-8.71885,42.70528],[-8.72395,42.69981],[-8.72512,42.68933],[-8.73101,42.6849],[-8.72883,42.67556],[-8.74421,42.66289],[-8.74898,42.65145],[-8.75706,42.64774],[-8.76922,42.65231],[-8.77934,42.64195],[-8.79603,42.63732],[-8.82045,42.64581],[-8.81526,42.66296],[-8.82906,42.6676],[-8.84133,42.68639],[-8.84279,42.66465],[-8.85154,42.66328],[-8.85916,42.64628],[-8.85622,42.64178],[-8.84616,42.63921],[-8.8396,42.63286],[-8.84283,42.62967],[-8.85668,42.62725],[-8.85875,42.60822],[-8.86315,42.6074],[-8.88516,42.6166],[-8.88367,42.62398],[-8.87563,42.6298],[-8.87933,42.63646],[-8.89988,42.64138],[-8.90662,42.63175],[-8.93682,42.60779],[-8.93646,42.60361],[-8.93171,42.59776],[-8.9215,42.59499],[-8.92065,42.58769],[-8.94107,42.58304],[-8.95083,42.58479],[-8.95735,42.58084],[-8.96435,42.5696],[-8.98134,42.56758],[-8.98945,42.56322],[-8.99039,42.55665],[-8.98415,42.54563],[-8.98791,42.53819],[-9.0217,42.51792],[-9.03201,42.5203],[-9.04087,42.51873],[-9.04029,42.53467],[-9.03208,42.5437],[-9.03089,42.54986],[-9.04175,42.56657],[-9.05831,42.57679],[-9.07077,42.57353],[-9.07767,42.56821],[-9.09016,42.57416],[-9.08946,42.57726],[-9.08186,42.57942],[-9.07766,42.58418],[-9.07804,42.59683],[-9.065,42.59976],[-9.05963,42.6116],[-9.06072,42.61766],[-9.05837,42.6188],[-9.04701,42.62775],[-9.03934,42.63975],[-9.03763,42.64865],[-9.04196,42.65548],[-9.0412,42.66878],[-9.03109,42.67714],[-9.02846,42.70148],[-9.02199,42.70867],[-9.01058,42.71175],[-9.00676,42.72595],[-8.9965,42.72842],[-8.98923,42.74133],[-8.97692,42.74358],[-8.96891,42.74145],[-8.95691,42.74685],[-8.95236,42.75209],[-8.95142,42.75819],[-8.94093,42.76718],[-8.93962,42.77393],[-8.9328,42.77728],[-8.92792,42.7839],[-8.91256,42.79111],[-8.89119,42.78092],[-8.89209,42.78835],[-8.89893,42.79164],[-8.89613,42.79583],[-8.89946,42.80444],[-8.89567,42.81501],[-8.8866,42.81352],[-8.87871,42.817],[-8.87577,42.82835],[-8.8794,42.8259],[-8.88138,42.81863],[-8.88669,42.81698],[-8.8989,42.82708],[-8.90514,42.81828],[-8.90929,42.80173],[-8.92116,42.79747],[-8.93385,42.80513],[-8.94374,42.7996],[-8.95114,42.78406],[-8.95793,42.78093],[-8.96453,42.77961],[-8.96706,42.78702],[-8.97433,42.79014],[-8.98288,42.7792],[-9.01337,42.78418],[-9.01563,42.78966],[-9.01265,42.79592],[-9.01906,42.80009],[-9.02909,42.79777],[-9.04078,42.78811],[-9.05837,42.78639],[-9.06323,42.78655],[-9.0649,42.78452],[-9.05837,42.77679],[-9.04919,42.77023],[-9.05837,42.7595],[-9.07648,42.75655],[-9.07968,42.75224],[-9.07722,42.74079],[-9.08617,42.73844],[-9.0997,42.75443],[-9.11433,42.75456],[-9.11382,42.76101],[-9.1253,42.77131],[-9.12578,42.7767],[-9.13476,42.79041],[-9.14998,42.79979],[-9.14803,42.80294],[-9.1127,42.81116],[-9.10583,42.82324],[-9.10635,42.83325],[-9.11018,42.84053],[-9.12064,42.84699],[-9.12947,42.84449],[-9.13769,42.85059],[-9.1497,42.87187],[-9.14662,42.88264],[-9.14003,42.88514],[-9.14176,42.89447],[-9.12536,42.90543],[-9.13756,42.91039],[-9.16037,42.91261],[-9.17003,42.92946],[-9.17437,42.94347],[-9.18321,42.94591],[-9.18909,42.95389],[-9.19096,42.9511],[-9.19214,42.94597],[-9.18461,42.93128],[-9.18403,42.91637],[-9.20854,42.91755],[-9.20855,42.92736],[-9.2143,42.92987],[-9.21594,42.93377],[-9.22092,42.94277],[-9.23199,42.93925],[-9.23511,42.92781],[-9.25186,42.9247],[-9.26201,42.91873],[-9.26234,42.89626],[-9.26882,42.88297],[-9.27396,42.88251],[-9.28069,42.89257],[-9.27657,42.9104],[-9.28255,42.91836],[-9.2926,42.92077],[-9.29609,42.925],[-9.2889,42.94052],[-9.28298,42.94525],[-9.28213,42.95522],[-9.26869,42.96485],[-9.26054,42.97591],[-9.26229,42.98208],[-9.26012,43.00002],[-9.25712,43.00249],[-9.26417,43.01096],[-9.27738,43.01232],[-9.28488,43.03937],[-9.28788,43.04413],[-9.2973,43.0484],[-9.29787,43.05567],[-9.29258,43.05719],[-9.28634,43.04763],[-9.2775,43.04468],[-9.27196,43.04521],[-9.26825,43.05031],[-9.26238,43.04934],[-9.24966,43.07185],[-9.25518,43.09061],[-9.24784,43.09213],[-9.24459,43.08678],[-9.24258,43.08678],[-9.23464,43.09117],[-9.22207,43.08896],[-9.22251,43.09861],[-9.22008,43.10291],[-9.22206,43.10952],[-9.21927,43.1125],[-9.21234,43.10243],[-9.19903,43.10282],[-9.1931,43.09136],[-9.18623,43.09104],[-9.18278,43.09344],[-9.18253,43.10245],[-9.16694,43.10563],[-9.15819,43.12743],[-9.16558,43.13311],[-9.16819,43.14455],[-9.18461,43.12568],[-9.19272,43.12519],[-9.20304,43.13169],[-9.20511,43.14183],[-9.21185,43.15146],[-9.21151,43.15806],[-9.20118,43.15613],[-9.18636,43.16293],[-9.17343,43.1863],[-9.15738,43.18463],[-9.14825,43.19149],[-9.1366,43.19203],[-9.12892,43.19601],[-9.11752,43.19345],[-9.10997,43.18744],[-9.09553,43.18881],[-9.08032,43.18127],[-9.07753,43.18187],[-9.0749,43.18614],[-9.06634,43.18535],[-9.0594,43.18516],[-9.04056,43.19446],[-9.03541,43.20081],[-9.03381,43.21307],[-9.02076,43.21541],[-9.01084,43.22478],[-9.01209,43.23257],[-9.00403,43.2299],[-9.00179,43.21828],[-8.9939,43.21668],[-8.99052,43.21938],[-8.98142,43.22832],[-8.971,43.22436],[-8.96482,43.22823],[-8.95379,43.22961],[-8.94303,43.22666],[-8.93914,43.22828],[-8.93788,43.23292],[-8.94265,43.24061],[-8.95091,43.24659],[-8.95296,43.26346],[-8.97694,43.26299],[-8.98808,43.27498],[-8.98336,43.28155],[-8.96407,43.2869],[-8.95642,43.29305],[-8.9371,43.28893],[-8.92803,43.28322],[-8.92666,43.29197],[-8.90816,43.29398],[-8.90961,43.30175],[-8.90645,43.30623],[-8.91184,43.31556],[-8.91002,43.32051],[-8.88532,43.3198],[-8.87594,43.31311],[-8.87058,43.32146],[-8.86073,43.31789],[-8.84791,43.32038],[-8.84719,43.33767],[-8.83756,43.3447],[-8.83011,43.34063],[-8.8277,43.33053],[-8.81497,43.3247],[-8.80722,43.3247],[-8.79943,43.3122],[-8.77805,43.30157],[-8.76121,43.30099],[-8.74422,43.29396],[-8.73067,43.29577],[-8.71183,43.28975],[-8.69048,43.29518],[-8.63752,43.30786],[-8.62407,43.31506],[-8.61041,43.3154],[-8.60637,43.32102],[-8.60212,43.31828],[-8.59189,43.32087],[-8.58987,43.3164],[-8.58606,43.31555],[-8.57984,43.31738],[-8.55729,43.31136],[-8.54545,43.31213],[-8.53332,43.31622],[-8.51773,43.32732],[-8.50774,43.3283],[-8.50139,43.33733],[-8.4942,43.35076],[-8.49739,43.35535],[-8.49337,43.35896],[-8.48722,43.35888],[-8.4877,43.35451],[-8.48479,43.35316],[-8.47608,43.3535],[-8.46901,43.35765],[-8.45894,43.36094],[-8.45718,43.36858],[-8.44753,43.37328],[-8.43973,43.38115],[-8.42196,43.37714],[-8.41702,43.37153],[-8.40809,43.3699],[-8.40439,43.37424],[-8.41022,43.37973],[-8.41018,43.38363],[-8.40677,43.38728],[-8.39667,43.38819],[-8.3927,43.38566],[-8.39504,43.3803],[-8.389,43.3692],[-8.39892,43.3678],[-8.40314,43.36212],[-8.38819,43.35414],[-8.38415,43.34696],[-8.38415,43.33944],[-8.36224,43.3419],[-8.34981,43.34669],[-8.34722,43.36042],[-8.33878,43.37719],[-8.34292,43.38191],[-8.35049,43.38251],[-8.34711,43.39635],[-8.32907,43.40239],[-8.30582,43.40304],[-8.29823,43.3972],[-8.29728,43.38666],[-8.28775,43.38345],[-8.27517,43.38585],[-8.26615,43.38324],[-8.25886,43.36978],[-8.25042,43.3647],[-8.25284,43.35132],[-8.24885,43.34824],[-8.24407,43.34875],[-8.24078,43.34386],[-8.23006,43.34231],[-8.22584,43.33733],[-8.22347,43.33373],[-8.20978,43.32763],[-8.2087,43.3319],[-8.21342,43.33733],[-8.21317,43.33958],[-8.21149,43.34048],[-8.2046,43.33733],[-8.2027,43.33733],[-8.21124,43.34922],[-8.21856,43.35333],[-8.20876,43.36261],[-8.21785,43.36872],[-8.21473,43.37767],[-8.21966,43.38489],[-8.21944,43.39155],[-8.20674,43.40727],[-8.18936,43.41285],[-8.17444,43.4126],[-8.17498,43.41916],[-8.18531,43.42401],[-8.19558,43.42616],[-8.21262,43.41985],[-8.22459,43.42695],[-8.23682,43.42902],[-8.24128,43.42617],[-8.24145,43.41961],[-8.24603,43.41871],[-8.25698,43.4214],[-8.27935,43.43625],[-8.29513,43.43636],[-8.31203,43.44377],[-8.30654,43.44776],[-8.30986,43.4534],[-8.27973,43.4594],[-8.27169,43.46327],[-8.26764,43.4564],[-8.25391,43.46564],[-8.2479,43.46163],[-8.22054,43.45886],[-8.20489,43.45975],[-8.17368,43.47632],[-8.1681,43.48355],[-8.16437,43.49765],[-8.15252,43.51409],[-8.16843,43.5135],[-8.16724,43.50883],[-8.17422,43.49724],[-8.19843,43.48733],[-8.19352,43.48192],[-8.20341,43.47799],[-8.21384,43.48285],[-8.22098,43.47744],[-8.23272,43.48019],[-8.2454,43.47784],[-8.24804,43.48282],[-8.24481,43.48999],[-8.24844,43.49189],[-8.25805,43.48673],[-8.26596,43.46946],[-8.28789,43.46229],[-8.29601,43.46141],[-8.31519,43.46924],[-8.33765,43.46019],[-8.34441,43.46321],[-8.34009,43.47301],[-8.32627,43.48325],[-8.31999,43.49467],[-8.31977,43.50139],[-8.32866,43.50806],[-8.32694,43.51876],[-8.31584,43.52625],[-8.30402,43.5259],[-8.29736,43.53432],[-8.30378,43.54493],[-8.31179,43.54687],[-8.31556,43.55273],[-8.32325,43.55605],[-8.321,43.56437],[-8.30966,43.56742],[-8.29454,43.55651],[-8.26872,43.55558],[-8.25791,43.55883],[-8.22366,43.57717],[-8.21748,43.58217],[-8.21626,43.5897],[-8.19265,43.6038],[-8.19391,43.61045],[-8.18527,43.61978],[-8.17268,43.61369],[-8.15297,43.61677],[-8.13704,43.6335],[-8.1228,43.641],[-8.11363,43.64126],[-8.10265,43.64808],[-8.09186,43.66226],[-8.08809,43.66014],[-8.08144,43.64589],[-8.06704,43.64357],[-8.06982,43.64948],[-8.05473,43.64926],[-8.05221,43.65278],[-8.05636,43.65886],[-8.07379,43.66001],[-8.07115,43.67552],[-8.07409,43.6813],[-8.06677,43.68318],[-8.06292,43.70309],[-8.04849,43.71208],[-8.03252,43.71335],[-8.02557,43.70991],[-8.01735,43.71169],[-8.00197,43.70479],[-7.96021,43.72322],[-7.94693,43.73447],[-7.94632,43.74068],[-7.9305,43.74058],[-7.92397,43.74317],[-7.90467,43.76631],[-7.88925,43.76403],[-7.8657,43.76854],[-7.86123,43.75947],[-7.86907,43.73269],[-7.85492,43.72074],[-7.85178,43.7125],[-7.8611,43.71116],[-7.87344,43.71606],[-7.87223,43.70689],[-7.88055,43.69009],[-7.88792,43.68778],[-7.88994,43.68324],[-7.87544,43.6804],[-7.8738,43.67447],[-7.88783,43.67606],[-7.89726,43.67141],[-7.89705,43.66885],[-7.87522,43.66337],[-7.84676,43.67003],[-7.84634,43.67549],[-7.85903,43.68683],[-7.86202,43.70039],[-7.85097,43.70363],[-7.83258,43.69502],[-7.81854,43.69505],[-7.82754,43.7098],[-7.82447,43.71347],[-7.81263,43.7156],[-7.81069,43.72439],[-7.79962,43.72395],[-7.79072,43.73398],[-7.77715,43.73428],[-7.7494,43.74533],[-7.72453,43.74898],[-7.72152,43.75466],[-7.71581,43.75675],[-7.71551,43.76463],[-7.6878,43.77605],[-7.68584,43.78924],[-7.67653,43.78632],[-7.66245,43.77625],[-7.66579,43.77167],[-7.6751,43.76938],[-7.67634,43.76144],[-7.68584,43.75745],[-7.69078,43.74948],[-7.68798,43.74291],[-7.69877,43.73805],[-7.69974,43.73511]]]}},{"type":"Feature","properties":{"region_key":"ES418","name_pt":"Valladolid","name_es":"Valladolid","name_en":"Valladolid","kind":"district_province","source_nuts_id":"ES418"},"geometry":{"type":"Polygon","coordinates":[[[-5.06724,42.26159],[-5.05482,42.2575],[-5.04627,42.26162],[-5.04245,42.26673],[-5.03755,42.28573],[-5.04057,42.29314],[-5.03836,42.2971],[-5.00215,42.2891],[-5.00594,42.2811],[-5.00649,42.27846],[-5.00622,42.27527],[-5.00732,42.27383],[-5.00993,42.26654],[-5.00867,42.26143],[-5.01656,42.25895],[-5.01882,42.25383],[-5.01552,42.24833],[-5.01157,42.24553],[-5.00899,42.24223],[-5.01017,42.23692],[-5.01035,42.22809],[-5.01591,42.22561],[-5.02008,42.22259],[-5.02468,42.21987],[-5.02491,42.21727],[-5.01296,42.19461],[-5.0136,42.18858],[-5.0197,42.17931],[-5.03191,42.17361],[-5.02674,42.16468],[-5.02698,42.15389],[-5.0168,42.15642],[-5.00832,42.14909],[-4.99078,42.14462],[-4.98127,42.14683],[-4.9793,42.15102],[-4.96775,42.15499],[-4.96323,42.15051],[-4.94517,42.15249],[-4.92751,42.1502],[-4.92965,42.14271],[-4.92587,42.12194],[-4.9278,42.11733],[-4.92032,42.0976],[-4.9157,42.09316],[-4.91784,42.09078],[-4.9101,42.08346],[-4.9042,42.07838],[-4.91678,42.07829],[-4.92777,42.07348],[-4.93205,42.06871],[-4.93957,42.06126],[-4.94765,42.05429],[-4.94972,42.051],[-4.94558,42.0423],[-4.93815,42.01986],[-4.93603,42.0179],[-4.96488,42.00685],[-4.97552,41.99353],[-4.97215,41.98888],[-4.97286,41.98323],[-4.97619,41.97437],[-4.98329,41.96667],[-4.9936,41.96228],[-5.00513,41.94722],[-5.00238,41.94314],[-5.00366,41.93676],[-4.98851,41.92333],[-4.98371,41.91002],[-4.96701,41.92429],[-4.94961,41.93382],[-4.93262,41.92609],[-4.92963,41.91634],[-4.91205,41.91658],[-4.90111,41.92718],[-4.8898,41.93277],[-4.87139,41.93136],[-4.86772,41.91759],[-4.86305,41.91827],[-4.86059,41.91746],[-4.85918,41.9151],[-4.85597,41.91558],[-4.83814,41.89763],[-4.82799,41.87345],[-4.81262,41.86092],[-4.78927,41.81802],[-4.78404,41.81951],[-4.77641,41.82118],[-4.77011,41.82311],[-4.76926,41.82585],[-4.76713,41.82623],[-4.76271,41.82632],[-4.75845,41.82578],[-4.75701,41.8295],[-4.75539,41.83243],[-4.75139,41.83731],[-4.74808,41.84055],[-4.7432,41.84336],[-4.72647,41.85451],[-4.72972,41.85797],[-4.73233,41.86177],[-4.73147,41.86536],[-4.72827,41.86882],[-4.70153,41.88674],[-4.68568,41.89164],[-4.67841,41.89986],[-4.66863,41.90018],[-4.65846,41.8968],[-4.65454,41.8929],[-4.63748,41.88751],[-4.63168,41.86268],[-4.61811,41.85122],[-4.60493,41.83956],[-4.5908,41.836],[-4.58223,41.82281],[-4.56611,41.81257],[-4.56468,41.81772],[-4.55374,41.81669],[-4.54866,41.81914],[-4.54626,41.82481],[-4.54837,41.83028],[-4.51372,41.82341],[-4.50703,41.82675],[-4.50436,41.83183],[-4.49027,41.83842],[-4.48015,41.83891],[-4.47612,41.84306],[-4.47243,41.84071],[-4.47337,41.83204],[-4.47543,41.83029],[-4.47834,41.82858],[-4.47461,41.82632],[-4.46288,41.82168],[-4.46118,41.82035],[-4.48704,41.81917],[-4.49332,41.77878],[-4.50121,41.7714],[-4.49706,41.7702],[-4.49182,41.76964],[-4.48466,41.76953],[-4.48065,41.76776],[-4.46815,41.76332],[-4.45427,41.75916],[-4.4501,41.75836],[-4.44687,41.75821],[-4.44222,41.75864],[-4.43401,41.76178],[-4.42898,41.76486],[-4.42145,41.76813],[-4.41213,41.77606],[-4.40862,41.77853],[-4.40399,41.78317],[-4.38334,41.78686],[-4.37784,41.78126],[-4.32978,41.76868],[-4.31767,41.76344],[-4.31693,41.76806],[-4.30682,41.77592],[-4.28661,41.77488],[-4.27932,41.78748],[-4.26023,41.80464],[-4.2473,41.8038],[-4.23605,41.81396],[-4.23295,41.80811],[-4.21511,41.79999],[-4.19529,41.80346],[-4.18603,41.80239],[-4.16414,41.80081],[-4.15464,41.79685],[-4.12322,41.8073],[-4.11792,41.80027],[-4.11105,41.79446],[-4.10829,41.78562],[-4.09998,41.77545],[-4.08727,41.77914],[-4.07107,41.77083],[-4.06532,41.77053],[-4.05881,41.77431],[-4.0409,41.76834],[-4.04451,41.76742],[-4.04961,41.7682],[-4.05276,41.75948],[-4.05429,41.75075],[-4.0548,41.74516],[-4.05581,41.74068],[-4.07024,41.7398],[-4.07573,41.734],[-4.07638,41.72608],[-4.06813,41.72609],[-4.05419,41.71973],[-4.03912,41.70668],[-4.02632,41.69194],[-4.02385,41.67133],[-4.02409,41.66691],[-4.02477,41.66166],[-4.02725,41.65711],[-4.03026,41.63207],[-4.03497,41.62362],[-4.03219,41.61713],[-4.02874,41.6144],[-4.01752,41.61982],[-4.00334,41.61596],[-4.00779,41.61053],[-3.99365,41.60808],[-3.99169,41.60024],[-3.98543,41.59711],[-3.98069,41.58337],[-3.98133,41.57439],[-3.99389,41.55477],[-3.99368,41.53944],[-3.99312,41.53699],[-3.9937,41.53373],[-3.99373,41.53097],[-3.99436,41.53083],[-3.99993,41.5161],[-4.0263,41.51772],[-4.03625,41.51056],[-4.04759,41.50795],[-4.05649,41.50059],[-4.0653,41.49474],[-4.0746,41.49497],[-4.07868,41.4954],[-4.08156,41.49458],[-4.09497,41.48963],[-4.10026,41.48686],[-4.10872,41.48327],[-4.12731,41.47956],[-4.1357,41.47699],[-4.14276,41.47091],[-4.15834,41.4821],[-4.16819,41.47634],[-4.19577,41.47144],[-4.22786,41.45997],[-4.23352,41.45574],[-4.23552,41.45706],[-4.24134,41.45925],[-4.24319,41.4609],[-4.25015,41.46114],[-4.26236,41.45404],[-4.2699,41.46034],[-4.29226,41.45527],[-4.30065,41.45772],[-4.3173,41.45365],[-4.32154,41.44843],[-4.33039,41.44559],[-4.33877,41.44867],[-4.36242,41.44994],[-4.36494,41.436],[-4.37741,41.44126],[-4.39151,41.43869],[-4.40751,41.44185],[-4.43143,41.4327],[-4.43356,41.42813],[-4.46597,41.41664],[-4.46893,41.41357],[-4.48657,41.40953],[-4.49965,41.41288],[-4.51464,41.40963],[-4.51652,41.40853],[-4.51436,41.40599],[-4.51598,41.40142],[-4.5153,41.3941],[-4.48402,41.36681],[-4.48402,41.36566],[-4.49615,41.36264],[-4.49965,41.35641],[-4.49774,41.34935],[-4.50175,41.34836],[-4.50208,41.34353],[-4.49347,41.32695],[-4.47391,41.32227],[-4.46982,41.31307],[-4.46781,41.2959],[-4.46995,41.29399],[-4.47149,41.29157],[-4.49062,41.3011],[-4.50009,41.30092],[-4.50604,41.31112],[-4.5265,41.32053],[-4.53272,41.3196],[-4.56085,41.30273],[-4.57426,41.30705],[-4.58643,41.31654],[-4.59687,41.32059],[-4.60416,41.31258],[-4.60104,41.30261],[-4.59342,41.29641],[-4.57755,41.28541],[-4.57391,41.27521],[-4.59737,41.26482],[-4.61256,41.24413],[-4.6152,41.24138],[-4.61701,41.24038],[-4.62396,41.23435],[-4.62914,41.23289],[-4.63116,41.23172],[-4.63312,41.22953],[-4.63728,41.22736],[-4.63991,41.22634],[-4.64267,41.22579],[-4.64784,41.22412],[-4.65005,41.22084],[-4.64711,41.20881],[-4.65065,41.20012],[-4.64541,41.19727],[-4.64269,41.19402],[-4.64046,41.19369],[-4.63839,41.18992],[-4.63638,41.19062],[-4.6345,41.18722],[-4.63195,41.18485],[-4.63207,41.18274],[-4.62845,41.1767],[-4.62778,41.17081],[-4.63421,41.16825],[-4.64153,41.16785],[-4.64372,41.16811],[-4.64694,41.1698],[-4.65274,41.17218],[-4.65516,41.17415],[-4.66594,41.18034],[-4.67378,41.18299],[-4.68059,41.18575],[-4.68304,41.18448],[-4.68446,41.18069],[-4.69288,41.17725],[-4.70237,41.17452],[-4.70536,41.17041],[-4.70682,41.16935],[-4.70898,41.16693],[-4.71596,41.16173],[-4.72136,41.15698],[-4.72242,41.15141],[-4.72213,41.14933],[-4.72981,41.15071],[-4.74898,41.14955],[-4.76665,41.14273],[-4.77769,41.14487],[-4.7844,41.14391],[-4.79496,41.13653],[-4.8051,41.13534],[-4.81355,41.12939],[-4.81301,41.12396],[-4.81843,41.10977],[-4.81499,41.10347],[-4.82799,41.09917],[-4.83259,41.09968],[-4.83467,41.09925],[-4.83753,41.09943],[-4.83995,41.10005],[-4.84659,41.10049],[-4.85324,41.0998],[-4.85558,41.10075],[-4.86371,41.09403],[-4.87556,41.10372],[-4.93879,41.13197],[-4.95084,41.14072],[-4.95423,41.13965],[-4.95802,41.13902],[-4.96258,41.14086],[-4.96668,41.1512],[-4.98263,41.15212],[-4.98976,41.16082],[-5.00383,41.15949],[-5.01389,41.16426],[-5.02245,41.15766],[-5.02181,41.15357],[-5.02466,41.15227],[-5.02688,41.15171],[-5.02968,41.1503],[-5.04081,41.14622],[-5.05227,41.14099],[-5.05989,41.13863],[-5.06268,41.13834],[-5.06802,41.13836],[-5.07097,41.13898],[-5.07602,41.13942],[-5.08187,41.14181],[-5.08357,41.14286],[-5.0869,41.14339],[-5.10016,41.14711],[-5.10902,41.13791],[-5.12278,41.13543],[-5.12496,41.13206],[-5.13802,41.14461],[-5.18017,41.16677],[-5.19223,41.16259],[-5.20863,41.16583],[-5.21825,41.1596],[-5.22134,41.16262],[-5.21851,41.16758],[-5.22928,41.18986],[-5.2511,41.19907],[-5.27001,41.19856],[-5.28811,41.19501],[-5.29163,41.18664],[-5.28877,41.18201],[-5.29639,41.18162],[-5.30268,41.18476],[-5.33138,41.17856],[-5.32914,41.18313],[-5.34032,41.19412],[-5.31553,41.21236],[-5.30688,41.22498],[-5.29692,41.22766],[-5.29587,41.24079],[-5.30155,41.26283],[-5.29942,41.26402],[-5.29698,41.26646],[-5.29177,41.2692],[-5.29659,41.27073],[-5.29498,41.28255],[-5.29729,41.29236],[-5.3037,41.30035],[-5.30327,41.30839],[-5.3065,41.31161],[-5.30354,41.31599],[-5.30551,41.31822],[-5.31534,41.32059],[-5.32214,41.32635],[-5.33352,41.3648],[-5.33307,41.38155],[-5.31955,41.40191],[-5.30756,41.41406],[-5.31844,41.42059],[-5.33822,41.42611],[-5.33241,41.44354],[-5.3285,41.44719],[-5.33098,41.45061],[-5.32481,41.45535],[-5.33821,41.46256],[-5.34377,41.4793],[-5.33371,41.47586],[-5.31099,41.49031],[-5.29838,41.50033],[-5.27741,41.50586],[-5.26222,41.50426],[-5.25395,41.5097],[-5.24185,41.51892],[-5.23326,41.51884],[-5.22991,41.52754],[-5.24781,41.54678],[-5.27262,41.55111],[-5.27319,41.55878],[-5.2931,41.57438],[-5.26797,41.59078],[-5.27123,41.59579],[-5.27056,41.60114],[-5.29073,41.60841],[-5.31946,41.61094],[-5.32891,41.61592],[-5.32414,41.63237],[-5.31953,41.63677],[-5.32401,41.64296],[-5.32364,41.64914],[-5.32411,41.65048],[-5.32483,41.67357],[-5.32862,41.68153],[-5.3386,41.68808],[-5.34084,41.69911],[-5.34609,41.70157],[-5.35746,41.70064],[-5.35659,41.71711],[-5.36232,41.72843],[-5.36811,41.72793],[-5.37522,41.71979],[-5.37645,41.72976],[-5.38947,41.75044],[-5.39076,41.7575],[-5.38877,41.76285],[-5.36981,41.77742],[-5.34952,41.78087],[-5.34258,41.78821],[-5.33358,41.78934],[-5.32916,41.78895],[-5.32633,41.78984],[-5.32267,41.78821],[-5.32042,41.79032],[-5.31638,41.79098],[-5.31403,41.7938],[-5.28089,41.81285],[-5.27684,41.82289],[-5.28636,41.82702],[-5.30952,41.82609],[-5.32957,41.83114],[-5.30792,41.85656],[-5.30861,41.86356],[-5.30536,41.86708],[-5.30803,41.87171],[-5.3099,41.87584],[-5.3115,41.88268],[-5.31008,41.8938],[-5.30054,41.90704],[-5.29375,41.91993],[-5.31878,41.93645],[-5.33523,41.93747],[-5.32896,41.94331],[-5.30711,41.95276],[-5.28742,41.97201],[-5.27606,41.97841],[-5.26343,41.98149],[-5.25463,41.98032],[-5.2547,41.98164],[-5.26175,41.98412],[-5.28327,41.98036],[-5.3007,41.99081],[-5.30892,42.00157],[-5.31621,42.00523],[-5.32333,42.01886],[-5.3484,42.02292],[-5.35015,42.02364],[-5.36835,42.03347],[-5.37631,42.04146],[-5.37445,42.04319],[-5.37565,42.04677],[-5.37365,42.04829],[-5.37275,42.04993],[-5.37121,42.05142],[-5.37315,42.06405],[-5.37445,42.06812],[-5.38921,42.0878],[-5.38162,42.09644],[-5.37641,42.0995],[-5.37725,42.10318],[-5.37973,42.10383],[-5.38074,42.10721],[-5.38001,42.11279],[-5.37761,42.11288],[-5.37379,42.11825],[-5.3751,42.1249],[-5.37241,42.13055],[-5.38117,42.15067],[-5.3805,42.16318],[-5.38861,42.17428],[-5.38702,42.18847],[-5.38125,42.19794],[-5.38854,42.20642],[-5.389,42.21792],[-5.38122,42.22467],[-5.37365,42.2226],[-5.36095,42.22453],[-5.35306,42.22002],[-5.34577,42.21973],[-5.33682,42.21617],[-5.33187,42.2088],[-5.32097,42.20676],[-5.31046,42.20014],[-5.30063,42.21433],[-5.30039,42.22285],[-5.28854,42.22902],[-5.27698,42.21731],[-5.26465,42.21105],[-5.24162,42.21489],[-5.23406,42.21893],[-5.22716,42.22582],[-5.22778,42.22988],[-5.24024,42.23131],[-5.25195,42.23692],[-5.25312,42.24032],[-5.24638,42.25033],[-5.2447,42.26385],[-5.23164,42.27485],[-5.23092,42.26449],[-5.22844,42.26344],[-5.21841,42.27776],[-5.19734,42.26111],[-5.18273,42.26419],[-5.17959,42.27018],[-5.16102,42.2722],[-5.1543,42.27825],[-5.14433,42.28153],[-5.12134,42.30588],[-5.11201,42.31182],[-5.1096,42.31181],[-5.09349,42.30823],[-5.08594,42.29342],[-5.07882,42.29132],[-5.07485,42.27974],[-5.063,42.27675],[-5.06724,42.26159]]]}},{"type":"Feature","properties":{"region_key":"ES112","name_pt":"Lugo","name_es":"Lugo","name_en":"Lugo","kind":"district_province","source_nuts_id":"ES112"},"geometry":{"type":"Polygon","coordinates":[[[-7.63134,43.74766],[-7.6309,43.74332],[-7.63446,43.73871],[-7.63077,43.73449],[-7.62722,43.72052],[-7.61351,43.71564],[-7.60708,43.71692],[-7.61279,43.70455],[-7.61005,43.69958],[-7.60681,43.70233],[-7.60447,43.70066],[-7.60634,43.69426],[-7.61333,43.68755],[-7.61333,43.68018],[-7.60923,43.67431],[-7.6001,43.67318],[-7.59481,43.67613],[-7.59416,43.68521],[-7.58244,43.68916],[-7.5795,43.69394],[-7.5847,43.709],[-7.57292,43.71127],[-7.56116,43.71053],[-7.55249,43.7168],[-7.55267,43.72979],[-7.54341,43.73184],[-7.53331,43.72991],[-7.52481,43.73506],[-7.51296,43.72406],[-7.50178,43.72349],[-7.49079,43.72684],[-7.47044,43.72359],[-7.47021,43.71939],[-7.47918,43.71126],[-7.47214,43.70485],[-7.44212,43.69722],[-7.43678,43.70059],[-7.436,43.69461],[-7.42784,43.69384],[-7.4093,43.68916],[-7.39497,43.68029],[-7.37594,43.67506],[-7.36775,43.67548],[-7.35792,43.6703],[-7.35395,43.65571],[-7.34328,43.64235],[-7.34056,43.63965],[-7.33606,43.63699],[-7.33284,43.62872],[-7.32354,43.62621],[-7.31075,43.6167],[-7.30625,43.60729],[-7.29799,43.60221],[-7.2942,43.5961],[-7.29572,43.59339],[-7.28209,43.59065],[-7.24719,43.57542],[-7.2616,43.55882],[-7.25374,43.55619],[-7.26154,43.55072],[-7.25476,43.54791],[-7.24404,43.55228],[-7.24361,43.56565],[-7.23513,43.56809],[-7.20269,43.5617],[-7.17789,43.56196],[-7.17238,43.55686],[-7.16366,43.5549],[-7.121,43.55436],[-7.11416,43.56165],[-7.09043,43.55516],[-7.0835,43.55686],[-7.07481,43.55397],[-7.05781,43.55807],[-7.04292,43.55484],[-7.03184,43.54447],[-7.03255,43.53423],[-7.04588,43.51209],[-7.04442,43.49628],[-7.04853,43.48673],[-7.04777,43.47825],[-7.05675,43.47207],[-7.0626,43.47325],[-7.08081,43.46168],[-7.09074,43.45374],[-7.09164,43.44489],[-7.09942,43.44089],[-7.09839,43.43371],[-7.1048,43.43257],[-7.10244,43.4289],[-7.10408,43.42667],[-7.1279,43.42458],[-7.14351,43.4301],[-7.16967,43.43006],[-7.17528,43.41372],[-7.16958,43.40464],[-7.1807,43.39624],[-7.17573,43.38323],[-7.1629,43.37922],[-7.1588,43.37514],[-7.13996,43.38272],[-7.12811,43.37144],[-7.13088,43.36281],[-7.12892,43.35524],[-7.13214,43.34736],[-7.13077,43.33168],[-7.1164,43.32637],[-7.09914,43.30264],[-7.08662,43.3003],[-7.07873,43.3008],[-7.07095,43.3062],[-7.05978,43.30533],[-7.0645,43.29961],[-7.07125,43.26945],[-7.06364,43.24705],[-7.045,43.23055],[-7.0334,43.22707],[-7.02099,43.21453],[-7.01618,43.22148],[-7.01032,43.22233],[-7.00154,43.20819],[-6.99315,43.20846],[-6.98586,43.20263],[-6.97154,43.20354],[-6.96592,43.19426],[-6.96532,43.18761],[-6.97533,43.1768],[-6.98006,43.16624],[-6.97334,43.15064],[-6.96155,43.14565],[-6.95785,43.13647],[-6.94082,43.13262],[-6.93565,43.1398],[-6.92062,43.1411],[-6.90911,43.1486],[-6.90119,43.1546],[-6.885,43.15815],[-6.88622,43.16614],[-6.8786,43.17251],[-6.87404,43.1865],[-6.86936,43.18915],[-6.86802,43.18158],[-6.86351,43.18111],[-6.85088,43.1695],[-6.83891,43.16614],[-6.83582,43.15688],[-6.82317,43.14273],[-6.82802,43.12381],[-6.84101,43.11529],[-6.86351,43.10189],[-6.87198,43.09218],[-6.89429,43.09051],[-6.9151,43.07442],[-6.9223,43.08087],[-6.93374,43.0821],[-6.93811,43.08663],[-6.94195,43.07939],[-6.95105,43.07546],[-6.95134,43.06916],[-6.95637,43.06752],[-6.95737,43.06324],[-6.96611,43.06129],[-6.96356,43.05014],[-6.96643,43.03533],[-6.9739,43.03215],[-6.98179,43.0389],[-6.98693,43.03109],[-6.99537,43.0265],[-6.99519,43.01932],[-6.98734,43.01342],[-6.98022,43.0027],[-6.96682,42.99403],[-6.9594,42.99702],[-6.96263,43.02595],[-6.95702,43.03319],[-6.95228,43.03425],[-6.94668,43.03047],[-6.93905,43.01128],[-6.91043,42.9907],[-6.89407,42.98835],[-6.88002,42.99012],[-6.86351,42.9819],[-6.83679,42.95789],[-6.83485,42.94274],[-6.83736,42.93606],[-6.84185,42.92815],[-6.83577,42.9163],[-6.82417,42.91501],[-6.83922,42.90645],[-6.82848,42.89085],[-6.82636,42.87888],[-6.8167,42.8704],[-6.82203,42.86856],[-6.83314,42.87264],[-6.83737,42.87845],[-6.83372,42.88201],[-6.85787,42.87625],[-6.87126,42.87379],[-6.85948,42.84848],[-6.85433,42.84219],[-6.85311,42.83868],[-6.85121,42.83734],[-6.84819,42.83337],[-6.84565,42.83286],[-6.84315,42.83282],[-6.84132,42.83231],[-6.84327,42.82835],[-6.84148,42.82358],[-6.85108,42.8182],[-6.85433,42.81058],[-6.86716,42.80284],[-6.86441,42.79408],[-6.86724,42.78794],[-6.89229,42.77582],[-6.90417,42.75953],[-6.93777,42.74094],[-6.94697,42.74216],[-6.95485,42.75374],[-6.96031,42.75397],[-6.96647,42.74868],[-6.96691,42.74149],[-6.97189,42.73721],[-6.96909,42.72934],[-6.97286,42.72497],[-6.98372,42.71866],[-6.99017,42.72657],[-7.01313,42.72196],[-7.04405,42.69454],[-7.03533,42.68508],[-7.0314,42.67574],[-7.01656,42.66429],[-7.01389,42.65781],[-7.02039,42.6523],[-7.01026,42.64938],[-7.00434,42.64284],[-7.02207,42.64364],[-7.04447,42.6343],[-7.04775,42.62552],[-7.04629,42.60419],[-7.04915,42.59759],[-7.04277,42.58982],[-7.03427,42.58747],[-7.03538,42.58268],[-7.05566,42.56624],[-7.05701,42.55876],[-7.06278,42.55326],[-7.06971,42.53868],[-7.06168,42.53649],[-7.06028,42.529],[-7.07101,42.5113],[-7.07707,42.508],[-7.07658,42.49711],[-7.09955,42.46763],[-7.10036,42.45953],[-7.1136,42.45656],[-7.12114,42.45182],[-7.13152,42.44174],[-7.14938,42.43523],[-7.15161,42.42827],[-7.14812,42.42133],[-7.16462,42.40629],[-7.1677,42.39249],[-7.17183,42.37921],[-7.17736,42.37629],[-7.17944,42.37675],[-7.18171,42.37632],[-7.18569,42.37135],[-7.1823,42.36562],[-7.1905,42.36403],[-7.19572,42.35255],[-7.19567,42.35037],[-7.19392,42.34461],[-7.19417,42.34254],[-7.19804,42.33295],[-7.20265,42.32569],[-7.2166,42.33589],[-7.23008,42.35825],[-7.22852,42.37755],[-7.21782,42.38474],[-7.23391,42.39097],[-7.24777,42.39047],[-7.25585,42.39991],[-7.26873,42.41378],[-7.28896,42.41416],[-7.30581,42.42891],[-7.31886,42.42675],[-7.34402,42.42922],[-7.36988,42.42134],[-7.38781,42.43301],[-7.39866,42.43481],[-7.40331,42.43097],[-7.41189,42.426],[-7.41717,42.42391],[-7.42454,42.41949],[-7.43533,42.41619],[-7.4475,42.40702],[-7.4649,42.40713],[-7.50111,42.38869],[-7.54,42.38408],[-7.5506,42.38793],[-7.56753,42.402],[-7.57591,42.40433],[-7.61662,42.38421],[-7.62731,42.39524],[-7.63145,42.40636],[-7.65647,42.41559],[-7.66212,42.42302],[-7.67356,42.42192],[-7.68692,42.42457],[-7.70047,42.43191],[-7.70557,42.44433],[-7.71211,42.45112],[-7.73063,42.45383],[-7.73095,42.45443],[-7.7394,42.45609],[-7.75435,42.45174],[-7.78923,42.46946],[-7.78837,42.47272],[-7.78115,42.47274],[-7.77101,42.47744],[-7.75568,42.476],[-7.75006,42.47847],[-7.75328,42.4861],[-7.76622,42.4938],[-7.77602,42.49346],[-7.78606,42.4859],[-7.80089,42.48036],[-7.80644,42.4816],[-7.81834,42.49111],[-7.83041,42.49304],[-7.84205,42.49049],[-7.84403,42.49684],[-7.86049,42.50345],[-7.87709,42.50285],[-7.87785,42.5113],[-7.88841,42.51078],[-7.8975,42.50634],[-7.91314,42.50837],[-7.90349,42.51749],[-7.91225,42.5262],[-7.89147,42.53924],[-7.89033,42.5462],[-7.89518,42.55161],[-7.91293,42.55841],[-7.93071,42.57857],[-7.91475,42.58938],[-7.91254,42.59964],[-7.90508,42.6104],[-7.89289,42.63044],[-7.88798,42.66103],[-7.89192,42.67753],[-7.88748,42.68572],[-7.87472,42.68954],[-7.87437,42.69784],[-7.86673,42.69925],[-7.86239,42.70512],[-7.86635,42.7206],[-7.8745,42.72096],[-7.90166,42.73305],[-7.9212,42.73488],[-7.93533,42.73971],[-7.94184,42.74856],[-7.95292,42.75487],[-7.9777,42.77855],[-7.98143,42.78713],[-7.98026,42.811],[-7.97017,42.82833],[-7.95636,42.83971],[-7.96366,42.84234],[-7.96944,42.84878],[-7.98413,42.84302],[-7.99968,42.84886],[-7.97784,42.87738],[-7.9647,42.87985],[-7.95613,42.88442],[-7.95401,42.88927],[-7.93546,42.90341],[-7.94327,42.91731],[-7.93854,42.92292],[-7.91799,42.93093],[-7.91626,42.93226],[-7.91146,42.94551],[-7.90812,42.95121],[-7.90852,42.96302],[-7.90638,42.97644],[-7.90594,42.98625],[-7.92651,43.03207],[-7.92617,43.03572],[-7.92905,43.03572],[-7.93118,43.04261],[-7.93081,43.04862],[-7.93888,43.0592],[-7.94242,43.06719],[-7.935,43.0734],[-7.92867,43.07687],[-7.92159,43.08236],[-7.91654,43.08828],[-7.91789,43.09223],[-7.9282,43.09999],[-7.93266,43.10648],[-7.9373,43.11148],[-7.94228,43.12971],[-7.95035,43.1639],[-7.95045,43.17619],[-7.95821,43.18306],[-7.96023,43.19177],[-7.93239,43.2424],[-7.92466,43.26368],[-7.92185,43.26946],[-7.92325,43.27247],[-7.92585,43.2751],[-7.92943,43.27664],[-7.935,43.2769],[-7.94063,43.27902],[-7.94711,43.28602],[-7.93889,43.29168],[-7.935,43.29835],[-7.91341,43.31196],[-7.88781,43.33628],[-7.88207,43.35374],[-7.88557,43.37535],[-7.89047,43.38401],[-7.89742,43.38657],[-7.89715,43.39089],[-7.88053,43.40704],[-7.86774,43.40767],[-7.84657,43.40039],[-7.82333,43.40146],[-7.80658,43.42511],[-7.80952,43.42976],[-7.80666,43.43724],[-7.79564,43.44501],[-7.78394,43.44611],[-7.77045,43.47303],[-7.76712,43.48862],[-7.75846,43.49805],[-7.75973,43.50639],[-7.75636,43.50907],[-7.74832,43.5085],[-7.7457,43.51174],[-7.74874,43.51887],[-7.74423,43.52863],[-7.75317,43.53297],[-7.74982,43.54062],[-7.75649,43.54822],[-7.75511,43.55539],[-7.75065,43.5569],[-7.74484,43.57038],[-7.74426,43.58011],[-7.7197,43.58265],[-7.72161,43.59682],[-7.72798,43.60135],[-7.72439,43.60674],[-7.72744,43.61045],[-7.72476,43.61295],[-7.73129,43.61615],[-7.73225,43.6208],[-7.72087,43.63113],[-7.71384,43.64432],[-7.70092,43.64551],[-7.69265,43.65487],[-7.71577,43.68466],[-7.70306,43.68916],[-7.70463,43.70876],[-7.69567,43.71843],[-7.69974,43.73511],[-7.68584,43.73031],[-7.67529,43.73474],[-7.67454,43.74278],[-7.67119,43.7471],[-7.65173,43.74378],[-7.64739,43.75073],[-7.63732,43.75222],[-7.63134,43.74766]]]}},{"type":"Feature","properties":{"region_key":"ES220","name_pt":"Navarra","name_es":"Navarra","name_en":"Navarra","kind":"district_province","source_nuts_id":"ES220"},"geometry":{"type":"Polygon","coordinates":[[[-1.66739,43.31443],[-1.64522,43.30731],[-1.63543,43.30835],[-1.62616,43.30652],[-1.62239,43.3011],[-1.62951,43.28589],[-1.62545,43.27063],[-1.61842,43.25901],[-1.60836,43.25273],[-1.5952,43.25442],[-1.57477,43.25042],[-1.56876,43.25672],[-1.55749,43.27867],[-1.56295,43.28882],[-1.53554,43.29428],[-1.52937,43.29287],[-1.51511,43.29396],[-1.50596,43.29326],[-1.49135,43.28129],[-1.48368,43.2825],[-1.46867,43.2735],[-1.44591,43.26924],[-1.42751,43.26724],[-1.41324,43.27334],[-1.39302,43.26166],[-1.38475,43.25354],[-1.3785,43.23518],[-1.3788,43.22878],[-1.38386,43.22178],[-1.38168,43.21511],[-1.3859,43.1939],[-1.38257,43.18888],[-1.40128,43.17857],[-1.40305,43.15707],[-1.40752,43.15544],[-1.41504,43.1491],[-1.41098,43.14275],[-1.41532,43.1285],[-1.42688,43.1208],[-1.42896,43.1164],[-1.44195,43.11163],[-1.44275,43.10713],[-1.46482,43.09697],[-1.472,43.09011],[-1.47179,43.08119],[-1.44711,43.05305],[-1.43882,43.04587],[-1.35373,43.02798],[-1.34353,43.05372],[-1.34422,43.07147],[-1.34074,43.08035],[-1.34553,43.09201],[-1.3322,43.10771],[-1.31851,43.11274],[-1.27012,43.11825],[-1.2973,43.09484],[-1.30826,43.07121],[-1.27067,43.05475],[-1.26362,43.04421],[-1.24781,43.04288],[-1.22918,43.05506],[-1.21249,43.05136],[-1.20831,43.04671],[-1.18247,43.03315],[-1.17369,43.03706],[-1.14593,43.02456],[-1.14146,43.0076],[-1.13423,43.00908],[-1.11467,43.02296],[-1.09817,43.0134],[-1.08357,43.01066],[-1.0854,43.00302],[-1.07292,42.99877],[-1.01015,42.9916],[-0.99825,42.97624],[-0.98095,42.96998],[-0.97088,42.96177],[-0.93496,42.95292],[-0.92284,42.95545],[-0.91163,42.96401],[-0.89737,42.95898],[-0.89749,42.95586],[-0.8779,42.95521],[-0.86249,42.95087],[-0.83656,42.95411],[-0.81148,42.95158],[-0.7838,42.96452],[-0.76689,42.96853],[-0.7536,42.96731],[-0.74062,42.94869],[-0.73221,42.94524],[-0.73239,42.92887],[-0.7245,42.92016],[-0.74109,42.91894],[-0.75278,42.92407],[-0.78251,42.92138],[-0.80207,42.90764],[-0.81736,42.90159],[-0.82082,42.89341],[-0.81514,42.88752],[-0.8153,42.87668],[-0.82045,42.86768],[-0.83088,42.86539],[-0.84778,42.84853],[-0.85635,42.84623],[-0.85482,42.82349],[-0.85214,42.80821],[-0.8599,42.79999],[-0.85037,42.79198],[-0.84825,42.78628],[-0.85783,42.77107],[-0.86294,42.76895],[-0.86566,42.76324],[-0.87347,42.75921],[-0.89193,42.76243],[-0.89917,42.76072],[-0.90108,42.74269],[-0.92298,42.74397],[-0.92619,42.73813],[-0.93518,42.7336],[-0.94847,42.7123],[-0.95798,42.71143],[-0.97058,42.70404],[-1.00079,42.70009],[-1.01851,42.70184],[-1.02661,42.70011],[-1.03008,42.69649],[-1.02905,42.69484],[-1.03343,42.69283],[-1.03918,42.6916],[-1.03782,42.68734],[-1.03683,42.68159],[-1.03249,42.67557],[-1.03962,42.66417],[-1.03923,42.65976],[-1.03946,42.65774],[-1.03811,42.65301],[-1.03681,42.65161],[-1.04023,42.64791],[-1.05863,42.64182],[-1.10324,42.64605],[-1.15241,42.64753],[-1.15765,42.61044],[-1.16824,42.61614],[-1.17575,42.61567],[-1.17955,42.60939],[-1.17525,42.60595],[-1.16289,42.59876],[-1.20108,42.57718],[-1.20403,42.56589],[-1.20096,42.55249],[-1.21821,42.54867],[-1.22778,42.54266],[-1.26468,42.55598],[-1.29347,42.51093],[-1.28804,42.50799],[-1.28624,42.49945],[-1.27551,42.49445],[-1.27344,42.4815],[-1.28206,42.46473],[-1.29173,42.45664],[-1.31571,42.44862],[-1.34151,42.42392],[-1.34305,42.40867],[-1.3572,42.38144],[-1.35849,42.37673],[-1.35194,42.37114],[-1.33604,42.37124],[-1.32908,42.35536],[-1.34317,42.3425],[-1.35227,42.3395],[-1.35885,42.3335],[-1.37515,42.3157],[-1.38366,42.30371],[-1.39772,42.29261],[-1.3905,42.27611],[-1.39932,42.25645],[-1.40037,42.24536],[-1.40588,42.23692],[-1.41635,42.22198],[-1.41699,42.21924],[-1.41752,42.21235],[-1.4169,42.21024],[-1.41566,42.2086],[-1.41492,42.20547],[-1.41337,42.20221],[-1.39623,42.19114],[-1.39236,42.18202],[-1.39761,42.1579],[-1.39326,42.14912],[-1.39876,42.12683],[-1.36756,42.10686],[-1.36485,42.09327],[-1.35149,42.07321],[-1.31163,42.07172],[-1.31197,42.06538],[-1.3043,42.05274],[-1.30717,42.04641],[-1.30481,42.04293],[-1.33828,42.01894],[-1.36459,41.98482],[-1.37418,41.96312],[-1.37999,41.95955],[-1.38604,41.95701],[-1.38008,41.95039],[-1.38341,41.94326],[-1.40187,41.9358],[-1.40938,41.92109],[-1.41577,41.91693],[-1.41778,41.91383],[-1.42177,41.91306],[-1.43628,41.91448],[-1.43829,41.91597],[-1.44072,41.91641],[-1.44544,41.9156],[-1.45095,41.91599],[-1.45329,41.91571],[-1.45706,41.91688],[-1.46582,41.92193],[-1.47305,41.92446],[-1.47759,41.92489],[-1.48252,41.92462],[-1.48665,41.92402],[-1.49511,41.92437],[-1.50176,41.92426],[-1.50574,41.91667],[-1.5233,41.90988],[-1.5595,41.91411],[-1.58016,41.92096],[-1.59763,41.92847],[-1.61435,41.94996],[-1.64282,41.95886],[-1.65414,41.96534],[-1.65818,41.96036],[-1.67607,41.96646],[-1.68623,41.95346],[-1.71483,41.95727],[-1.72772,41.96171],[-1.73975,41.96832],[-1.76658,41.99511],[-1.79049,41.99006],[-1.79873,41.99258],[-1.81062,41.99756],[-1.8253,41.99561],[-1.83414,41.99586],[-1.84718,42.00799],[-1.85627,42.00362],[-1.86486,42.01401],[-1.873,42.01395],[-1.88716,42.02739],[-1.89623,42.02715],[-1.90147,42.03043],[-1.90409,42.05368],[-1.90924,42.05911],[-1.89733,42.07954],[-1.84277,42.12648],[-1.83614,42.14329],[-1.82351,42.15198],[-1.78287,42.13843],[-1.76373,42.14969],[-1.73888,42.14882],[-1.72627,42.142],[-1.7199,42.13342],[-1.68104,42.15162],[-1.69459,42.15982],[-1.70045,42.17244],[-1.69572,42.18086],[-1.67901,42.1883],[-1.68145,42.1924],[-1.70317,42.19229],[-1.70735,42.20821],[-1.72578,42.21418],[-1.74235,42.21259],[-1.76513,42.22047],[-1.77142,42.21468],[-1.78167,42.2242],[-1.79929,42.2231],[-1.81682,42.22951],[-1.81991,42.23692],[-1.81985,42.23951],[-1.8183,42.24604],[-1.82178,42.24857],[-1.82984,42.24481],[-1.84328,42.25326],[-1.85046,42.25858],[-1.85642,42.25012],[-1.87269,42.25294],[-1.87524,42.25954],[-1.86802,42.26847],[-1.86715,42.27652],[-1.87166,42.28884],[-1.88137,42.28745],[-1.89117,42.28987],[-1.91307,42.30012],[-1.90773,42.30824],[-1.91832,42.31601],[-1.91852,42.32694],[-1.93172,42.32298],[-1.94264,42.33454],[-1.96514,42.33477],[-1.9679,42.33775],[-1.96577,42.34321],[-1.97001,42.34757],[-1.9706,42.35201],[-1.97832,42.35092],[-1.98265,42.35621],[-1.99504,42.36283],[-2.00618,42.36147],[-2.01273,42.3681],[-2.01952,42.36847],[-2.02895,42.36261],[-2.03275,42.36271],[-2.03825,42.36061],[-2.04561,42.35901],[-2.05108,42.35191],[-2.0698,42.34307],[-2.08997,42.34695],[-2.08888,42.35746],[-2.07966,42.36781],[-2.09282,42.3758],[-2.08911,42.38415],[-2.1084,42.39292],[-2.11466,42.39914],[-2.10611,42.41495],[-2.11126,42.41953],[-2.13299,42.42117],[-2.14688,42.41694],[-2.15387,42.41759],[-2.15978,42.40998],[-2.16712,42.40804],[-2.17696,42.40892],[-2.18643,42.41831],[-2.19729,42.41902],[-2.21087,42.41476],[-2.21525,42.41622],[-2.21424,42.4223],[-2.23295,42.42602],[-2.23565,42.42948],[-2.23877,42.44033],[-2.25793,42.4478],[-2.27511,42.44651],[-2.27957,42.45546],[-2.28681,42.46106],[-2.28803,42.46733],[-2.29514,42.4668],[-2.29517,42.46053],[-2.29924,42.45849],[-2.33149,42.46767],[-2.33554,42.4641],[-2.33251,42.45421],[-2.34423,42.45154],[-2.35401,42.46601],[-2.36535,42.46227],[-2.37058,42.46446],[-2.37554,42.47193],[-2.39986,42.47216],[-2.41542,42.48947],[-2.42072,42.48927],[-2.42313,42.49847],[-2.42208,42.51169],[-2.39302,42.51765],[-2.40021,42.54314],[-2.39017,42.55143],[-2.39821,42.58616],[-2.40005,42.58907],[-2.39934,42.59111],[-2.39922,42.59352],[-2.39747,42.59544],[-2.39677,42.59907],[-2.39934,42.59785],[-2.40116,42.5983],[-2.40645,42.59846],[-2.412,42.60025],[-2.41695,42.60413],[-2.41857,42.60711],[-2.42371,42.60501],[-2.44331,42.57564],[-2.45326,42.56708],[-2.4635,42.58736],[-2.48232,42.5891],[-2.49065,42.58532],[-2.49937,42.61152],[-2.5001,42.61644],[-2.49074,42.61451],[-2.48309,42.61213],[-2.48121,42.61442],[-2.479,42.61591],[-2.47811,42.61879],[-2.47429,42.62365],[-2.47267,42.62454],[-2.47108,42.62723],[-2.46454,42.62728],[-2.45461,42.63483],[-2.45502,42.63956],[-2.45313,42.64173],[-2.4517,42.64505],[-2.45009,42.64722],[-2.44416,42.64935],[-2.44259,42.65039],[-2.44061,42.65067],[-2.43332,42.65388],[-2.43001,42.65422],[-2.42808,42.65857],[-2.41732,42.66132],[-2.39462,42.66055],[-2.37844,42.65194],[-2.38028,42.64733],[-2.37315,42.64246],[-2.38197,42.63426],[-2.36596,42.637],[-2.34731,42.63404],[-2.33149,42.64573],[-2.30809,42.65226],[-2.29335,42.65083],[-2.28872,42.65761],[-2.29357,42.67651],[-2.30235,42.67652],[-2.30922,42.67247],[-2.31575,42.68271],[-2.3128,42.68924],[-2.31338,42.70848],[-2.31772,42.71722],[-2.32358,42.72081],[-2.31978,42.7287],[-2.31833,42.73006],[-2.31859,42.73318],[-2.31696,42.73573],[-2.31687,42.73931],[-2.30633,42.73578],[-2.28548,42.74251],[-2.27346,42.74183],[-2.26341,42.74986],[-2.2733,42.76854],[-2.27371,42.77074],[-2.27559,42.77624],[-2.27533,42.77895],[-2.27806,42.78178],[-2.27884,42.78344],[-2.28103,42.7851],[-2.2738,42.79115],[-2.27195,42.7921],[-2.26872,42.79468],[-2.26893,42.79722],[-2.27029,42.80268],[-2.27044,42.80888],[-2.26771,42.81337],[-2.25635,42.8187],[-2.25297,42.82064],[-2.24171,42.83011],[-2.23583,42.83445],[-2.23271,42.84378],[-2.23596,42.85093],[-2.24026,42.86478],[-2.2417,42.88511],[-2.25173,42.89229],[-2.25081,42.89569],[-2.24845,42.89738],[-2.23995,42.89521],[-2.23778,42.89596],[-2.23678,42.91661],[-2.23785,42.92141],[-2.23559,42.92657],[-2.23218,42.93175],[-2.22661,42.93298],[-2.22217,42.9336],[-2.22035,42.93315],[-2.21554,42.93685],[-2.21621,42.93945],[-2.21626,42.94195],[-2.21096,42.94531],[-2.21028,42.94987],[-2.19306,42.9488],[-2.17999,42.93568],[-2.17389,42.93515],[-2.1514,42.94217],[-2.13335,42.94095],[-2.11744,42.94214],[-2.10442,42.94912],[-2.09532,42.97227],[-2.08312,42.97574],[-2.0526,42.97628],[-2.03868,42.98147],[-2.02833,42.99879],[-2.03228,43.00007],[-2.03215,43.00665],[-2.04052,43.0215],[-2.04142,43.02966],[-2.03247,43.03206],[-2.02023,43.04785],[-2.01861,43.05514],[-2.02285,43.06515],[-2.01609,43.06632],[-2.01238,43.07305],[-2.00989,43.07341],[-1.98977,43.07947],[-1.98847,43.0784],[-1.98373,43.08043],[-1.97883,43.08167],[-1.97316,43.08457],[-1.97162,43.08734],[-1.97338,43.09153],[-1.94755,43.09748],[-1.94714,43.10081],[-1.93813,43.10848],[-1.92319,43.11641],[-1.91633,43.12766],[-1.9032,43.13551],[-1.90285,43.14072],[-1.91967,43.15012],[-1.91686,43.16919],[-1.91926,43.17049],[-1.92094,43.17251],[-1.92154,43.18616],[-1.91168,43.20361],[-1.91463,43.22279],[-1.9109,43.22718],[-1.90997,43.22297],[-1.90006,43.21084],[-1.89148,43.20925],[-1.88516,43.21266],[-1.88504,43.20817],[-1.88188,43.20587],[-1.87927,43.21154],[-1.87579,43.21395],[-1.87945,43.2172],[-1.87598,43.21996],[-1.87902,43.22703],[-1.87594,43.23103],[-1.87289,43.22814],[-1.86788,43.22916],[-1.86574,43.21822],[-1.86181,43.21332],[-1.85439,43.21729],[-1.85132,43.22638],[-1.84116,43.22453],[-1.82579,43.2289],[-1.82009,43.2378],[-1.8078,43.23975],[-1.79498,43.24693],[-1.79339,43.27555],[-1.7837,43.28445],[-1.78326,43.28677],[-1.77297,43.28886],[-1.7644,43.28687],[-1.74148,43.29415],[-1.7307,43.29427],[-1.7289,43.29609],[-1.71354,43.30096],[-1.70387,43.30875],[-1.69475,43.31163],[-1.68269,43.30982],[-1.66739,43.31443]]]}},{"type":"Feature","properties":{"region_key":"ES230","name_pt":"La Rioja","name_es":"La Rioja","name_en":"La Rioja","kind":"district_province","source_nuts_id":"ES230"},"geometry":{"type":"Polygon","coordinates":[[[-2.99067,42.64184],[-2.98406,42.636],[-2.97794,42.63657],[-2.96983,42.64076],[-2.94502,42.63865],[-2.93349,42.63399],[-2.92422,42.6217],[-2.92052,42.62043],[-2.91604,42.61948],[-2.91314,42.62003],[-2.91099,42.61973],[-2.90873,42.62048],[-2.90446,42.62013],[-2.90363,42.62595],[-2.89531,42.62736],[-2.89165,42.62607],[-2.89259,42.62154],[-2.88217,42.62069],[-2.88252,42.62486],[-2.87757,42.62972],[-2.86461,42.6334],[-2.85807,42.63838],[-2.84305,42.62889],[-2.84679,42.61791],[-2.8418,42.6086],[-2.83717,42.60868],[-2.83437,42.60915],[-2.82803,42.6119],[-2.82631,42.61251],[-2.82432,42.61272],[-2.81992,42.61447],[-2.81879,42.61268],[-2.81946,42.60908],[-2.82198,42.60354],[-2.82364,42.60146],[-2.81862,42.59818],[-2.82013,42.5919],[-2.83994,42.58041],[-2.83714,42.57063],[-2.82745,42.56216],[-2.8252,42.5549],[-2.81794,42.55739],[-2.81608,42.56799],[-2.80819,42.5677],[-2.80366,42.5645],[-2.79755,42.57386],[-2.77889,42.58158],[-2.77197,42.59527],[-2.7729,42.60731],[-2.76588,42.62016],[-2.7568,42.61939],[-2.74644,42.62335],[-2.73089,42.6168],[-2.7215,42.60802],[-2.70634,42.5998],[-2.70412,42.59966],[-2.70022,42.59844],[-2.68863,42.59626],[-2.68566,42.59493],[-2.68177,42.59539],[-2.69145,42.54274],[-2.69931,42.52724],[-2.70551,42.51674],[-2.69973,42.51693],[-2.69492,42.51854],[-2.67903,42.52494],[-2.67767,42.51065],[-2.66835,42.5099],[-2.65685,42.50334],[-2.65382,42.49581],[-2.64878,42.4853],[-2.64453,42.4834],[-2.63391,42.48836],[-2.62797,42.49521],[-2.61216,42.49603],[-2.60538,42.50154],[-2.59355,42.4931],[-2.60093,42.48453],[-2.60136,42.47825],[-2.59564,42.47296],[-2.58808,42.47477],[-2.59136,42.48251],[-2.57804,42.4837],[-2.56898,42.49345],[-2.55601,42.48498],[-2.5488,42.48391],[-2.53737,42.48317],[-2.5308,42.48509],[-2.53714,42.49011],[-2.53653,42.49529],[-2.52036,42.50725],[-2.5138,42.51802],[-2.50869,42.5188],[-2.50541,42.51271],[-2.51791,42.49855],[-2.51617,42.49145],[-2.47743,42.48664],[-2.47113,42.49259],[-2.45063,42.49642],[-2.43725,42.48945],[-2.41542,42.48947],[-2.39986,42.47216],[-2.37554,42.47193],[-2.37058,42.46446],[-2.36535,42.46227],[-2.35401,42.46601],[-2.34423,42.45154],[-2.33251,42.45421],[-2.33554,42.4641],[-2.33149,42.46767],[-2.29924,42.45849],[-2.29517,42.46053],[-2.29514,42.4668],[-2.28803,42.46733],[-2.28681,42.46106],[-2.27957,42.45546],[-2.27511,42.44651],[-2.25793,42.4478],[-2.23877,42.44033],[-2.23565,42.42948],[-2.23295,42.42602],[-2.21424,42.4223],[-2.21525,42.41622],[-2.21087,42.41476],[-2.19729,42.41902],[-2.18643,42.41831],[-2.17696,42.40892],[-2.16712,42.40804],[-2.15978,42.40998],[-2.15387,42.41759],[-2.14688,42.41694],[-2.13299,42.42117],[-2.11126,42.41953],[-2.10611,42.41495],[-2.11466,42.39914],[-2.1084,42.39292],[-2.08911,42.38415],[-2.09282,42.3758],[-2.07966,42.36781],[-2.08888,42.35746],[-2.08997,42.34695],[-2.0698,42.34307],[-2.05108,42.35191],[-2.04561,42.35901],[-2.03825,42.36061],[-2.03275,42.36271],[-2.02895,42.36261],[-2.01952,42.36847],[-2.01273,42.3681],[-2.00618,42.36147],[-1.99504,42.36283],[-1.98265,42.35621],[-1.97832,42.35092],[-1.9706,42.35201],[-1.97001,42.34757],[-1.96577,42.34321],[-1.9679,42.33775],[-1.96514,42.33477],[-1.94264,42.33454],[-1.93172,42.32298],[-1.91852,42.32694],[-1.91832,42.31601],[-1.90773,42.30824],[-1.91307,42.30012],[-1.89117,42.28987],[-1.88137,42.28745],[-1.87166,42.28884],[-1.86715,42.27652],[-1.86802,42.26847],[-1.87524,42.25954],[-1.87269,42.25294],[-1.85642,42.25012],[-1.85046,42.25858],[-1.84328,42.25326],[-1.82984,42.24481],[-1.82178,42.24857],[-1.8183,42.24604],[-1.81985,42.23951],[-1.81991,42.23692],[-1.81682,42.22951],[-1.79929,42.2231],[-1.78167,42.2242],[-1.77142,42.21468],[-1.76513,42.22047],[-1.74235,42.21259],[-1.72578,42.21418],[-1.70735,42.20821],[-1.70317,42.19229],[-1.68145,42.1924],[-1.67901,42.1883],[-1.69572,42.18086],[-1.70045,42.17244],[-1.69459,42.15982],[-1.68104,42.15162],[-1.7199,42.13342],[-1.72627,42.142],[-1.73888,42.14882],[-1.76373,42.14969],[-1.78287,42.13843],[-1.82351,42.15198],[-1.83614,42.14329],[-1.84277,42.12648],[-1.89733,42.07954],[-1.90924,42.05911],[-1.90409,42.05368],[-1.90147,42.03043],[-1.89623,42.02715],[-1.88716,42.02739],[-1.873,42.01395],[-1.86486,42.01401],[-1.85627,42.00362],[-1.84718,42.00799],[-1.85048,41.99721],[-1.84523,41.98726],[-1.86411,41.97705],[-1.85654,41.96639],[-1.86668,41.95921],[-1.87759,41.95242],[-1.8907,41.94778],[-1.90667,41.94558],[-1.90602,41.94318],[-1.9114,41.93963],[-1.91517,41.93224],[-1.92192,41.93359],[-1.94032,41.92571],[-1.95431,41.92682],[-1.96388,41.92],[-1.98209,41.91925],[-1.99634,41.929],[-2.00217,41.93864],[-2.01281,41.94131],[-2.02694,41.95213],[-2.03399,41.9465],[-2.03639,41.93939],[-2.04583,41.94948],[-2.05125,41.95085],[-2.0657,41.95361],[-2.07622,41.95087],[-2.08099,41.95408],[-2.10882,41.95769],[-2.11467,41.96245],[-2.11515,41.96608],[-2.1232,41.99458],[-2.11211,41.99701],[-2.11024,41.99829],[-2.1083,42.00108],[-2.10763,42.00276],[-2.1147,42.01124],[-2.1179,42.02173],[-2.12903,42.0267],[-2.14968,42.04278],[-2.15832,42.05573],[-2.16067,42.06658],[-2.13488,42.07522],[-2.12732,42.08202],[-2.12842,42.09733],[-2.14812,42.10443],[-2.17562,42.10475],[-2.19554,42.1026],[-2.20844,42.1042],[-2.22313,42.09857],[-2.23718,42.1019],[-2.25858,42.08804],[-2.2696,42.08854],[-2.28063,42.10822],[-2.27995,42.12351],[-2.28342,42.13142],[-2.31497,42.14388],[-2.33216,42.14601],[-2.38781,42.14213],[-2.39722,42.13693],[-2.40141,42.13956],[-2.44036,42.13649],[-2.45848,42.11601],[-2.47109,42.11399],[-2.4836,42.10723],[-2.50852,42.11542],[-2.51469,42.11452],[-2.51827,42.09076],[-2.52204,42.08368],[-2.51561,42.07517],[-2.51489,42.06885],[-2.5324,42.05551],[-2.54887,42.0511],[-2.55192,42.03919],[-2.56508,42.01528],[-2.5747,42.00695],[-2.57992,41.99625],[-2.59332,42.00017],[-2.59662,42.00193],[-2.60182,42.00188],[-2.60734,42.00239],[-2.6097,42.0029],[-2.61512,42.00577],[-2.621,42.00485],[-2.62448,42.00491],[-2.62665,42.00649],[-2.63136,42.00539],[-2.64252,42.00388],[-2.64549,42.00419],[-2.65003,42.00378],[-2.65352,42.00499],[-2.65628,42.00541],[-2.6598,42.00535],[-2.67359,41.99805],[-2.68659,42.00174],[-2.70493,42.0145],[-2.72415,42.01531],[-2.74457,42.00921],[-2.74837,42.01149],[-2.7576,42.0326],[-2.73874,42.04982],[-2.73376,42.06033],[-2.70814,42.08842],[-2.70993,42.09671],[-2.70741,42.10545],[-2.72896,42.12268],[-2.73845,42.1248],[-2.74577,42.12363],[-2.75195,42.11858],[-2.76587,42.12469],[-2.77223,42.12423],[-2.79162,42.10873],[-2.79139,42.09348],[-2.80252,42.07991],[-2.79552,42.06593],[-2.798,42.04683],[-2.8048,42.04546],[-2.81312,42.03703],[-2.82441,42.04038],[-2.84465,42.03446],[-2.85579,42.02896],[-2.86173,42.02008],[-2.87847,42.01139],[-2.88869,42.01056],[-2.89119,42.01699],[-2.91364,42.02284],[-2.91565,42.03952],[-2.9322,42.08691],[-2.93885,42.08926],[-2.95866,42.08589],[-2.97687,42.08402],[-2.99188,42.08713],[-3.00483,42.08374],[-3.0229,42.08894],[-3.03439,42.08594],[-3.05255,42.1187],[-3.05915,42.12711],[-3.06619,42.13331],[-3.07367,42.13583],[-3.08383,42.13344],[-3.09006,42.14701],[-3.09049,42.15948],[-3.10279,42.17186],[-3.11499,42.17878],[-3.11559,42.18764],[-3.12641,42.19456],[-3.12841,42.19992],[-3.10149,42.21713],[-3.09971,42.2245],[-3.1025,42.23221],[-3.08963,42.24635],[-3.09682,42.26276],[-3.08964,42.27303],[-3.09557,42.2791],[-3.09648,42.28827],[-3.10607,42.31273],[-3.10394,42.31918],[-3.09682,42.32632],[-3.10975,42.33834],[-3.10956,42.34618],[-3.10742,42.35181],[-3.06512,42.35604],[-3.06384,42.36245],[-3.07083,42.36945],[-3.08466,42.38453],[-3.10442,42.38538],[-3.09637,42.40364],[-3.10056,42.41586],[-3.09038,42.42234],[-3.0782,42.41572],[-3.07894,42.4059],[-3.07996,42.4026],[-3.08267,42.39736],[-3.07518,42.3905],[-3.06444,42.37332],[-3.06197,42.37203],[-3.06028,42.37075],[-3.05772,42.3701],[-3.05316,42.37339],[-3.06338,42.40256],[-3.05788,42.41594],[-3.0625,42.42531],[-3.04603,42.44513],[-3.0503,42.45157],[-3.05529,42.45578],[-3.06101,42.46196],[-3.06423,42.47092],[-3.07285,42.4758],[-3.0828,42.47592],[-3.09045,42.47786],[-3.09381,42.48956],[-3.0783,42.50121],[-3.07446,42.51234],[-3.07612,42.52016],[-3.0729,42.52824],[-3.08292,42.53217],[-3.08418,42.53529],[-3.0894,42.53757],[-3.09995,42.5353],[-3.10902,42.52946],[-3.12614,42.53384],[-3.13429,42.54202],[-3.10668,42.55339],[-3.10044,42.56063],[-3.08831,42.56707],[-3.08314,42.57415],[-3.08622,42.58218],[-3.06842,42.58861],[-3.05985,42.58916],[-3.06481,42.59469],[-3.06104,42.60216],[-3.07052,42.62025],[-3.07822,42.6237],[-3.08388,42.62806],[-3.08216,42.63144],[-3.08418,42.64065],[-3.07774,42.63935],[-3.06938,42.63874],[-3.065,42.63964],[-3.05851,42.63965],[-3.05081,42.64015],[-3.04081,42.64001],[-3.02591,42.63644],[-3.02229,42.63384],[-3.01804,42.63214],[-3.01439,42.63953],[-3.00478,42.64423],[-2.99067,42.64184]],[[-2.99373,42.61469],[-2.9994,42.60091],[-2.98288,42.61076],[-2.98525,42.61419],[-2.99373,42.61469]],[[-2.94524,42.60385],[-2.94128,42.59653],[-2.93626,42.5941],[-2.92768,42.59611],[-2.92265,42.6008],[-2.92958,42.60622],[-2.92976,42.61119],[-2.9348,42.6132],[-2.94524,42.60385]]]}},{"type":"Feature","properties":{"region_key":"ES113","name_pt":"Ourense","name_es":"Ourense","name_en":"Ourense","kind":"district_province","source_nuts_id":"ES113"},"geometry":{"type":"Polygon","coordinates":[[[-7.93071,42.57857],[-7.91293,42.55841],[-7.89518,42.55161],[-7.89033,42.5462],[-7.89147,42.53924],[-7.91225,42.5262],[-7.90349,42.51749],[-7.91314,42.50837],[-7.8975,42.50634],[-7.88841,42.51078],[-7.87785,42.5113],[-7.87709,42.50285],[-7.86049,42.50345],[-7.84403,42.49684],[-7.84205,42.49049],[-7.83041,42.49304],[-7.81834,42.49111],[-7.80644,42.4816],[-7.80089,42.48036],[-7.78606,42.4859],[-7.77602,42.49346],[-7.76622,42.4938],[-7.75328,42.4861],[-7.75006,42.47847],[-7.75568,42.476],[-7.77101,42.47744],[-7.78115,42.47274],[-7.78837,42.47272],[-7.78923,42.46946],[-7.75435,42.45174],[-7.7394,42.45609],[-7.73095,42.45443],[-7.73063,42.45383],[-7.71211,42.45112],[-7.70557,42.44433],[-7.70047,42.43191],[-7.68692,42.42457],[-7.67356,42.42192],[-7.66212,42.42302],[-7.65647,42.41559],[-7.63145,42.40636],[-7.62731,42.39524],[-7.61662,42.38421],[-7.57591,42.40433],[-7.56753,42.402],[-7.5506,42.38793],[-7.54,42.38408],[-7.50111,42.38869],[-7.4649,42.40713],[-7.4475,42.40702],[-7.43533,42.41619],[-7.42454,42.41949],[-7.41717,42.42391],[-7.41189,42.426],[-7.40331,42.43097],[-7.39866,42.43481],[-7.38781,42.43301],[-7.36988,42.42134],[-7.34402,42.42922],[-7.31886,42.42675],[-7.30581,42.42891],[-7.28896,42.41416],[-7.26873,42.41378],[-7.25585,42.39991],[-7.24777,42.39047],[-7.23391,42.39097],[-7.21782,42.38474],[-7.22852,42.37755],[-7.23008,42.35825],[-7.2166,42.33589],[-7.20265,42.32569],[-7.19804,42.33295],[-7.19417,42.34254],[-7.19392,42.34461],[-7.19567,42.35037],[-7.19572,42.35255],[-7.1905,42.36403],[-7.1823,42.36562],[-7.18569,42.37135],[-7.18171,42.37632],[-7.17944,42.37675],[-7.17736,42.37629],[-7.17183,42.37921],[-7.1677,42.39249],[-7.16462,42.40629],[-7.14812,42.42133],[-7.15161,42.42827],[-7.14938,42.43523],[-7.13152,42.44174],[-7.12114,42.45182],[-7.1136,42.45656],[-7.10036,42.45953],[-7.09955,42.46763],[-7.07658,42.49711],[-7.07707,42.508],[-7.07382,42.50671],[-7.06244,42.50708],[-7.05988,42.5066],[-7.05604,42.50785],[-7.05188,42.50864],[-7.04575,42.50778],[-7.03264,42.50434],[-7.02868,42.49786],[-7.01963,42.50156],[-7.00446,42.50393],[-7.00096,42.5057],[-6.99688,42.4996],[-6.98123,42.49389],[-6.97355,42.49401],[-6.96604,42.51124],[-6.96083,42.51676],[-6.93494,42.51916],[-6.92587,42.51929],[-6.91484,42.50801],[-6.90911,42.50813],[-6.88019,42.49939],[-6.85355,42.48763],[-6.8418,42.48939],[-6.83712,42.49436],[-6.83357,42.49285],[-6.82389,42.49091],[-6.82424,42.48544],[-6.80935,42.4692],[-6.81144,42.46115],[-6.82217,42.45178],[-6.8211,42.43296],[-6.81593,42.42751],[-6.82354,42.42552],[-6.8221,42.42134],[-6.82847,42.41629],[-6.8299,42.41008],[-6.83903,42.40835],[-6.84237,42.40464],[-6.83354,42.39605],[-6.82449,42.39223],[-6.82039,42.38643],[-6.80351,42.38573],[-6.77414,42.37881],[-6.766,42.36588],[-6.75795,42.3669],[-6.73488,42.35855],[-6.74021,42.32958],[-6.73398,42.31799],[-6.74219,42.30424],[-6.74226,42.29817],[-6.76463,42.2725],[-6.76757,42.25758],[-6.78431,42.25361],[-6.78755,42.25417],[-6.79148,42.25214],[-6.79422,42.24954],[-6.79489,42.24442],[-6.80244,42.23692],[-6.79012,42.21573],[-6.79617,42.21042],[-6.80356,42.21864],[-6.82859,42.22574],[-6.85567,42.22666],[-6.88712,42.21374],[-6.89176,42.20805],[-6.88953,42.20126],[-6.90075,42.19005],[-6.91563,42.1882],[-6.94385,42.17186],[-6.94102,42.16858],[-6.94169,42.16176],[-6.94543,42.14534],[-6.94462,42.14239],[-6.95634,42.12955],[-6.98786,42.12251],[-6.99065,42.10108],[-7.00143,42.09734],[-7.00325,42.08516],[-7.02134,42.08208],[-7.03403,42.07155],[-7.03041,42.06379],[-7.01106,42.05243],[-6.99441,42.05157],[-6.97478,42.05516],[-6.97329,42.04041],[-6.96113,42.0272],[-6.9905,41.98893],[-6.9858,41.97145],[-6.99886,41.96261],[-7.00872,41.9501],[-7.03433,41.95099],[-7.04409,41.95465],[-7.05422,41.94918],[-7.07531,41.95134],[-7.08813,41.97362],[-7.11536,41.9837],[-7.14183,41.99029],[-7.15092,41.98637],[-7.15759,41.97733],[-7.17624,41.97981],[-7.18473,41.97246],[-7.18568,41.95849],[-7.18277,41.95195],[-7.18578,41.94078],[-7.17572,41.92133],[-7.17605,41.91836],[-7.18203,41.91324],[-7.18262,41.91205],[-7.18604,41.89599],[-7.19552,41.88225],[-7.20046,41.87975],[-7.21019,41.87957],[-7.23193,41.86794],[-7.25161,41.86715],[-7.28582,41.85243],[-7.30034,41.85155],[-7.31335,41.8438],[-7.32602,41.84427],[-7.35738,41.84201],[-7.36381,41.85273],[-7.38909,41.8419],[-7.39621,41.82788],[-7.4179,41.81147],[-7.42727,41.8075],[-7.42841,41.81177],[-7.42515,41.81674],[-7.42936,41.82312],[-7.42567,41.82813],[-7.42673,41.83296],[-7.44541,41.84179],[-7.44854,41.85114],[-7.44621,41.85683],[-7.45278,41.86516],[-7.48364,41.86186],[-7.49189,41.87084],[-7.50272,41.86926],[-7.51236,41.86263],[-7.50643,41.85049],[-7.52107,41.84194],[-7.54138,41.83709],[-7.57318,41.8307],[-7.59937,41.83266],[-7.61181,41.82948],[-7.6148,41.83354],[-7.61214,41.8455],[-7.60109,41.86076],[-7.60114,41.86699],[-7.5846,41.87703],[-7.58616,41.88095],[-7.60687,41.87968],[-7.6172,41.8845],[-7.6271,41.88021],[-7.639,41.88012],[-7.65491,41.8821],[-7.6691,41.89297],[-7.67869,41.89431],[-7.69378,41.90567],[-7.70408,41.90785],[-7.7137,41.90444],[-7.72233,41.90078],[-7.72596,41.89858],[-7.74425,41.8937],[-7.75458,41.89847],[-7.76336,41.89893],[-7.77504,41.89003],[-7.80258,41.88215],[-7.84372,41.88104],[-7.8427,41.86942],[-7.84558,41.86455],[-7.86241,41.861],[-7.87462,41.85078],[-7.89144,41.859],[-7.88442,41.88138],[-7.887,41.9062],[-7.88409,41.92229],[-7.88855,41.92681],[-7.90576,41.92738],[-7.90904,41.92119],[-7.91009,41.90582],[-7.92207,41.87948],[-7.94626,41.87129],[-7.97142,41.87534],[-7.98083,41.87239],[-7.98779,41.86785],[-7.99008,41.85995],[-8.00008,41.85031],[-8.01332,41.83007],[-8.03657,41.83012],[-8.04499,41.82408],[-8.05186,41.82061],[-8.05817,41.81676],[-8.09551,41.80939],[-8.10677,41.81224],[-8.12901,41.80906],[-8.15258,41.81747],[-8.16508,41.8183],[-8.16189,41.85837],[-8.16633,41.86371],[-8.17026,41.87724],[-8.19716,41.87529],[-8.19969,41.87566],[-8.19864,41.88053],[-8.20385,41.89122],[-8.21368,41.90064],[-8.21641,41.91276],[-8.21022,41.92369],[-8.19713,41.94027],[-8.17629,41.95537],[-8.17532,41.96057],[-8.16936,41.96436],[-8.165,41.97207],[-8.16222,41.98265],[-8.14134,41.98872],[-8.12659,42.00531],[-8.11453,42.00516],[-8.08823,42.01505],[-8.08518,42.01959],[-8.08318,42.03612],[-8.08693,42.05336],[-8.0967,42.07092],[-8.1045,42.07461],[-8.11848,42.08212],[-8.12484,42.08253],[-8.13766,42.07666],[-8.15125,42.07911],[-8.17484,42.067],[-8.1839,42.0694],[-8.18636,42.0739],[-8.18619,42.09761],[-8.18987,42.11554],[-8.19285,42.12637],[-8.18961,42.13714],[-8.199,42.15442],[-8.18231,42.15779],[-8.17378,42.17054],[-8.1663,42.17275],[-8.16123,42.17863],[-8.1615,42.18094],[-8.17449,42.18578],[-8.17622,42.20402],[-8.18044,42.20864],[-8.18883,42.21073],[-8.1832,42.21645],[-8.16451,42.22341],[-8.16405,42.22665],[-8.17158,42.23557],[-8.16181,42.24411],[-8.16327,42.24526],[-8.16499,42.246],[-8.1682,42.24614],[-8.17078,42.24542],[-8.17802,42.24502],[-8.18359,42.24337],[-8.20302,42.24408],[-8.21297,42.23558],[-8.22293,42.23322],[-8.23177,42.2337],[-8.2358,42.23692],[-8.24203,42.24435],[-8.2516,42.24607],[-8.26425,42.25371],[-8.27284,42.28238],[-8.26738,42.28787],[-8.26171,42.31532],[-8.28355,42.31772],[-8.30693,42.341],[-8.32311,42.34493],[-8.3253,42.3495],[-8.31829,42.35627],[-8.32446,42.3692],[-8.3172,42.37529],[-8.31466,42.38097],[-8.3171,42.38282],[-8.31864,42.38892],[-8.33025,42.42062],[-8.33822,42.43342],[-8.33914,42.44135],[-8.3358,42.44799],[-8.33945,42.45288],[-8.34235,42.46536],[-8.3663,42.48734],[-8.35183,42.48128],[-8.34253,42.4847],[-8.33864,42.49205],[-8.31324,42.4951],[-8.30099,42.49119],[-8.29216,42.49593],[-8.28599,42.50489],[-8.27572,42.50861],[-8.27121,42.51951],[-8.26308,42.5256],[-8.23535,42.53884],[-8.21587,42.53504],[-8.20151,42.55019],[-8.18571,42.55689],[-8.18664,42.56421],[-8.17437,42.5712],[-8.16776,42.56706],[-8.16098,42.55756],[-8.14739,42.54949],[-8.13624,42.55369],[-8.11184,42.55574],[-8.09704,42.55404],[-8.08652,42.55661],[-8.05934,42.54867],[-8.04767,42.55405],[-8.03519,42.55016],[-8.02828,42.54438],[-8.01734,42.54298],[-8.00358,42.55812],[-7.99985,42.56683],[-7.98925,42.57224],[-7.9782,42.56846],[-7.9732,42.56638],[-7.96485,42.56659],[-7.96119,42.5672],[-7.95745,42.56936],[-7.94921,42.57085],[-7.94707,42.57177],[-7.94445,42.57393],[-7.93071,42.57857]]]}},{"type":"Feature","properties":{"region_key":"ES419","name_pt":"Zamora","name_es":"Zamora","name_en":"Zamora","kind":"district_province","source_nuts_id":"ES419"},"geometry":{"type":"Polygon","coordinates":[[[-6.76737,42.24606],[-6.75934,42.23935],[-6.74304,42.23951],[-6.73852,42.23692],[-6.73413,42.23369],[-6.73334,42.2251],[-6.72487,42.22222],[-6.72371,42.21687],[-6.70189,42.20963],[-6.68879,42.21457],[-6.65821,42.2129],[-6.63953,42.21704],[-6.62155,42.21095],[-6.61326,42.2032],[-6.59829,42.2038],[-6.58806,42.20756],[-6.55547,42.20623],[-6.52631,42.20292],[-6.51418,42.19863],[-6.50694,42.19397],[-6.5061,42.18559],[-6.49732,42.18247],[-6.47678,42.18358],[-6.46828,42.19255],[-6.45905,42.19674],[-6.44319,42.19398],[-6.42851,42.20134],[-6.40941,42.19595],[-6.3984,42.19788],[-6.39566,42.20091],[-6.38569,42.20252],[-6.37371,42.20124],[-6.34865,42.2007],[-6.34124,42.20437],[-6.32926,42.20054],[-6.31258,42.20657],[-6.30757,42.20272],[-6.29373,42.17802],[-6.27787,42.17894],[-6.25523,42.17356],[-6.25196,42.17305],[-6.25412,42.16703],[-6.24761,42.16682],[-6.24587,42.16748],[-6.2422,42.16762],[-6.24032,42.16683],[-6.23175,42.16441],[-6.23013,42.16314],[-6.22582,42.16194],[-6.22247,42.15878],[-6.22079,42.1559],[-6.21986,42.15277],[-6.2187,42.15096],[-6.21586,42.14917],[-6.21239,42.14807],[-6.18767,42.15401],[-6.18019,42.15552],[-6.17039,42.15816],[-6.16021,42.16576],[-6.15405,42.16131],[-6.14341,42.15881],[-6.13967,42.16126],[-6.1381,42.16305],[-6.13727,42.16471],[-6.13099,42.16152],[-6.12849,42.16121],[-6.12471,42.15886],[-6.11605,42.15967],[-6.10552,42.16198],[-6.09619,42.16087],[-6.0896,42.16164],[-6.07757,42.15903],[-6.07561,42.16186],[-6.0675,42.1602],[-6.05729,42.15958],[-6.04931,42.15985],[-6.04628,42.15931],[-6.02878,42.15758],[-6.021,42.15383],[-6.01667,42.15262],[-5.98987,42.14336],[-5.98316,42.13816],[-5.98178,42.13563],[-5.9743,42.1302],[-5.96763,42.12848],[-5.96289,42.12796],[-5.96091,42.12718],[-5.9566,42.12407],[-5.95347,42.12367],[-5.95228,42.13425],[-5.94761,42.14148],[-5.91152,42.14101],[-5.89743,42.15609],[-5.88219,42.14541],[-5.88483,42.13844],[-5.87854,42.1329],[-5.86927,42.12217],[-5.86681,42.12007],[-5.86484,42.11939],[-5.85628,42.11493],[-5.85025,42.11308],[-5.84486,42.11071],[-5.83711,42.1185],[-5.80759,42.12944],[-5.80534,42.12457],[-5.79136,42.1281],[-5.78689,42.13336],[-5.78011,42.13526],[-5.77671,42.1358],[-5.77338,42.13513],[-5.76998,42.13593],[-5.75949,42.13435],[-5.7552,42.13661],[-5.75514,42.13435],[-5.75279,42.12802],[-5.751,42.12427],[-5.75208,42.12134],[-5.7474,42.116],[-5.74324,42.11341],[-5.73732,42.11371],[-5.73454,42.11451],[-5.71752,42.11499],[-5.71082,42.11619],[-5.707,42.11749],[-5.70408,42.11904],[-5.69781,42.12076],[-5.69179,42.12011],[-5.67678,42.12032],[-5.67998,42.13168],[-5.68702,42.13825],[-5.68158,42.14092],[-5.66535,42.14114],[-5.66409,42.13655],[-5.64524,42.13215],[-5.6201,42.10521],[-5.6236,42.09426],[-5.63706,42.08376],[-5.60085,42.07998],[-5.58876,42.07565],[-5.585,42.0654],[-5.5882,42.05483],[-5.58662,42.0509],[-5.57761,42.06428],[-5.56071,42.05596],[-5.55133,42.06698],[-5.54404,42.08621],[-5.54437,42.09244],[-5.54185,42.09809],[-5.54338,42.09937],[-5.52702,42.10429],[-5.52091,42.09713],[-5.51748,42.08416],[-5.5024,42.0671],[-5.50776,42.05749],[-5.48803,42.03962],[-5.4914,42.03268],[-5.47374,42.01418],[-5.47174,42.00628],[-5.47456,42.00605],[-5.47847,42.00442],[-5.48045,41.99865],[-5.48842,41.99553],[-5.48359,41.98447],[-5.4383,41.96738],[-5.43176,42.00347],[-5.4388,42.01005],[-5.44783,42.01072],[-5.44511,42.01521],[-5.42161,42.03067],[-5.42029,42.02922],[-5.41209,42.03045],[-5.39781,42.03462],[-5.39344,42.03813],[-5.3911,42.03915],[-5.38968,42.04028],[-5.38777,42.0412],[-5.38443,42.0421],[-5.38077,42.04112],[-5.37843,42.04166],[-5.37631,42.04146],[-5.36835,42.03347],[-5.3484,42.02292],[-5.32333,42.01886],[-5.31621,42.00523],[-5.30892,42.00157],[-5.3007,41.99081],[-5.28327,41.98036],[-5.26175,41.98412],[-5.2547,41.98164],[-5.25463,41.98032],[-5.26343,41.98149],[-5.27606,41.97841],[-5.28742,41.97201],[-5.30711,41.95276],[-5.32896,41.94331],[-5.33523,41.93747],[-5.31878,41.93645],[-5.29375,41.91993],[-5.30054,41.90704],[-5.31008,41.8938],[-5.3115,41.88268],[-5.3099,41.87584],[-5.30803,41.87171],[-5.30536,41.86708],[-5.30861,41.86356],[-5.30792,41.85656],[-5.32957,41.83114],[-5.30952,41.82609],[-5.28636,41.82702],[-5.27684,41.82289],[-5.28089,41.81285],[-5.31403,41.7938],[-5.31638,41.79098],[-5.32042,41.79032],[-5.32267,41.78821],[-5.32633,41.78984],[-5.32916,41.78895],[-5.33358,41.78934],[-5.34258,41.78821],[-5.34952,41.78087],[-5.36981,41.77742],[-5.38877,41.76285],[-5.39076,41.7575],[-5.38947,41.75044],[-5.37645,41.72976],[-5.37522,41.71979],[-5.36811,41.72793],[-5.36232,41.72843],[-5.35659,41.71711],[-5.35746,41.70064],[-5.34609,41.70157],[-5.34084,41.69911],[-5.3386,41.68808],[-5.32862,41.68153],[-5.32483,41.67357],[-5.32411,41.65048],[-5.32364,41.64914],[-5.32401,41.64296],[-5.31953,41.63677],[-5.32414,41.63237],[-5.32891,41.61592],[-5.31946,41.61094],[-5.29073,41.60841],[-5.27056,41.60114],[-5.27123,41.59579],[-5.26797,41.59078],[-5.2931,41.57438],[-5.27319,41.55878],[-5.27262,41.55111],[-5.24781,41.54678],[-5.22991,41.52754],[-5.23326,41.51884],[-5.24185,41.51892],[-5.25395,41.5097],[-5.26222,41.50426],[-5.27741,41.50586],[-5.29838,41.50033],[-5.31099,41.49031],[-5.33371,41.47586],[-5.34377,41.4793],[-5.33821,41.46256],[-5.32481,41.45535],[-5.33098,41.45061],[-5.3285,41.44719],[-5.33241,41.44354],[-5.33822,41.42611],[-5.31844,41.42059],[-5.30756,41.41406],[-5.31955,41.40191],[-5.33307,41.38155],[-5.33352,41.3648],[-5.32214,41.32635],[-5.31534,41.32059],[-5.30551,41.31822],[-5.30354,41.31599],[-5.3065,41.31161],[-5.30327,41.30839],[-5.3037,41.30035],[-5.29729,41.29236],[-5.29498,41.28255],[-5.29659,41.27073],[-5.29177,41.2692],[-5.29698,41.26646],[-5.29942,41.26402],[-5.30155,41.26283],[-5.29587,41.24079],[-5.29692,41.22766],[-5.30688,41.22498],[-5.31553,41.21236],[-5.34032,41.19412],[-5.32914,41.18313],[-5.33138,41.17856],[-5.30268,41.18476],[-5.29639,41.18162],[-5.28877,41.18201],[-5.2889,41.17681],[-5.29781,41.16235],[-5.29154,41.15153],[-5.29514,41.13396],[-5.29635,41.12942],[-5.29789,41.12589],[-5.32744,41.11766],[-5.33209,41.12374],[-5.34129,41.12464],[-5.35701,41.14084],[-5.3838,41.13434],[-5.40074,41.14704],[-5.39737,41.1643],[-5.40762,41.18561],[-5.42704,41.18737],[-5.47525,41.17833],[-5.4751,41.16835],[-5.47063,41.15832],[-5.47339,41.15348],[-5.48442,41.14671],[-5.48793,41.15509],[-5.48764,41.17784],[-5.50624,41.18046],[-5.51244,41.18492],[-5.51458,41.19091],[-5.55461,41.2134],[-5.57118,41.21633],[-5.58796,41.20246],[-5.60342,41.20775],[-5.61188,41.21396],[-5.62792,41.21523],[-5.63448,41.23189],[-5.65609,41.24487],[-5.66768,41.24434],[-5.67982,41.23238],[-5.70044,41.23429],[-5.73492,41.22766],[-5.73911,41.22724],[-5.74332,41.22731],[-5.74872,41.22585],[-5.75128,41.22588],[-5.75618,41.22375],[-5.76846,41.21608],[-5.79036,41.2164],[-5.81069,41.22437],[-5.83341,41.22065],[-5.84398,41.22224],[-5.86116,41.2285],[-5.87662,41.23664],[-5.89013,41.23597],[-5.8977,41.23861],[-5.91259,41.23053],[-5.92088,41.21755],[-5.91316,41.17836],[-5.91485,41.17724],[-5.91561,41.17435],[-5.92212,41.17585],[-5.92507,41.17457],[-5.92678,41.17184],[-5.93168,41.16647],[-5.93147,41.1591],[-5.9367,41.15675],[-5.93516,41.15177],[-5.9454,41.14938],[-5.94648,41.14366],[-5.95134,41.14029],[-5.96233,41.14638],[-5.971,41.16065],[-5.9723,41.16939],[-5.97795,41.17396],[-5.9851,41.1727],[-6.00398,41.15314],[-6.01213,41.15264],[-6.02284,41.15691],[-6.02789,41.16686],[-6.02761,41.17624],[-6.02087,41.18735],[-6.01109,41.19459],[-6.00886,41.20052],[-6.04766,41.20959],[-6.05775,41.21463],[-6.06203,41.22107],[-6.07555,41.2115],[-6.10933,41.21264],[-6.12357,41.20258],[-6.13452,41.19041],[-6.16252,41.20676],[-6.19142,41.21402],[-6.19305,41.21515],[-6.22522,41.22809],[-6.23447,41.23842],[-6.23602,41.23935],[-6.2389,41.24012],[-6.24556,41.24058],[-6.25113,41.24177],[-6.25286,41.24302],[-6.25461,41.24547],[-6.26283,41.25026],[-6.26399,41.25206],[-6.26708,41.25385],[-6.27334,41.25647],[-6.28859,41.25474],[-6.31037,41.26329],[-6.31791,41.27014],[-6.33099,41.26943],[-6.33319,41.27122],[-6.33494,41.27166],[-6.34439,41.27207],[-6.34765,41.27271],[-6.35539,41.27926],[-6.37371,41.28632],[-6.38194,41.28548],[-6.39174,41.27925],[-6.40009,41.27875],[-6.41294,41.27681],[-6.41748,41.28171],[-6.44168,41.28359],[-6.45453,41.29051],[-6.46556,41.28707],[-6.47376,41.28775],[-6.47971,41.29438],[-6.46972,41.30054],[-6.45576,41.29843],[-6.43959,41.30453],[-6.43512,41.3184],[-6.42037,41.32632],[-6.42615,41.334],[-6.41998,41.34362],[-6.41294,41.34868],[-6.3872,41.35332],[-6.37775,41.36137],[-6.38748,41.36429],[-6.39306,41.3702],[-6.39147,41.38375],[-6.36689,41.39277],[-6.3614,41.38309],[-6.35202,41.37849],[-6.32668,41.38682],[-6.31831,41.38614],[-6.3165,41.39073],[-6.31902,41.39875],[-6.33125,41.40516],[-6.3332,41.40943],[-6.32802,41.41519],[-6.31047,41.41909],[-6.29685,41.43304],[-6.29696,41.43858],[-6.30599,41.44802],[-6.28657,41.46677],[-6.28537,41.478],[-6.26908,41.48639],[-6.26238,41.4865],[-6.26669,41.49534],[-6.25213,41.49982],[-6.25516,41.51297],[-6.2407,41.52049],[-6.21921,41.5412],[-6.21568,41.55298],[-6.20905,41.56211],[-6.18935,41.57505],[-6.20276,41.59565],[-6.2349,41.60705],[-6.25492,41.63406],[-6.28874,41.65661],[-6.30294,41.6629],[-6.31536,41.66545],[-6.31963,41.6669],[-6.3225,41.66698],[-6.35786,41.67709],[-6.37371,41.67399],[-6.37826,41.67446],[-6.4058,41.68067],[-6.42592,41.6796],[-6.4398,41.6842],[-6.45135,41.68159],[-6.45843,41.66728],[-6.46944,41.66609],[-6.4885,41.65769],[-6.50021,41.65749],[-6.5121,41.66126],[-6.51503,41.66455],[-6.5182,41.66679],[-6.51913,41.66884],[-6.5258,41.67297],[-6.52769,41.67504],[-6.53464,41.67652],[-6.54184,41.68042],[-6.54824,41.68564],[-6.55348,41.6935],[-6.55318,41.70092],[-6.5456,41.69981],[-6.54308,41.70218],[-6.55394,41.72063],[-6.5505,41.72505],[-6.55553,41.72628],[-6.55743,41.73007],[-6.55682,41.73739],[-6.56813,41.7443],[-6.56495,41.75079],[-6.55604,41.75654],[-6.55489,41.76763],[-6.54475,41.78391],[-6.54608,41.79395],[-6.53762,41.81298],[-6.52964,41.82045],[-6.53132,41.83566],[-6.52329,41.85412],[-6.52455,41.86063],[-6.51776,41.86818],[-6.51703,41.8733],[-6.57118,41.88363],[-6.56065,41.89762],[-6.55686,41.91138],[-6.54597,41.93069],[-6.54584,41.93594],[-6.54913,41.94451],[-6.55259,41.94624],[-6.55638,41.94872],[-6.56125,41.95266],[-6.57379,41.96067],[-6.57756,41.96171],[-6.58321,41.96539],[-6.58846,41.96776],[-6.59874,41.94948],[-6.61151,41.94715],[-6.61885,41.94106],[-6.6376,41.94184],[-6.6969,41.93358],[-6.74999,41.94358],[-6.76598,41.97263],[-6.76869,41.98391],[-6.78084,41.98805],[-6.80558,41.99092],[-6.81147,41.99253],[-6.81021,41.9702],[-6.8211,41.94722],[-6.83101,41.94412],[-6.84533,41.94268],[-6.87192,41.94616],[-6.8854,41.94041],[-6.93374,41.94626],[-6.94359,41.9449],[-6.95833,41.96895],[-6.9773,41.97362],[-6.9858,41.97145],[-6.9905,41.98893],[-6.96113,42.0272],[-6.97329,42.04041],[-6.97478,42.05516],[-6.99441,42.05157],[-7.01106,42.05243],[-7.03041,42.06379],[-7.03403,42.07155],[-7.02134,42.08208],[-7.00325,42.08516],[-7.00143,42.09734],[-6.99065,42.10108],[-6.98786,42.12251],[-6.95634,42.12955],[-6.94462,42.14239],[-6.94543,42.14534],[-6.94169,42.16176],[-6.94102,42.16858],[-6.94385,42.17186],[-6.91563,42.1882],[-6.90075,42.19005],[-6.88953,42.20126],[-6.89176,42.20805],[-6.88712,42.21374],[-6.85567,42.22666],[-6.82859,42.22574],[-6.80356,42.21864],[-6.79617,42.21042],[-6.79012,42.21573],[-6.80244,42.23692],[-6.79489,42.24442],[-6.79422,42.24954],[-6.79148,42.25214],[-6.78755,42.25417],[-6.78431,42.25361],[-6.76737,42.24606]]]}},{"type":"Feature","properties":{"region_key":"ES421","name_pt":"Albacete","name_es":"Albacete","name_en":"Albacete","kind":"district_province","source_nuts_id":"ES421"},"geometry":{"type":"Polygon","coordinates":[[[-1.48556,39.42124],[-1.48794,39.40406],[-1.48371,39.4018],[-1.4751,39.40738],[-1.47142,39.40629],[-1.46843,39.40293],[-1.47466,39.39659],[-1.47211,39.39134],[-1.46735,39.39132],[-1.46039,39.39947],[-1.45372,39.39822],[-1.45687,39.3859],[-1.46537,39.38345],[-1.46251,39.38022],[-1.44959,39.37691],[-1.44952,39.36778],[-1.45438,39.36126],[-1.4446,39.36259],[-1.43923,39.37134],[-1.43262,39.37257],[-1.43194,39.37653],[-1.42812,39.37323],[-1.43001,39.36491],[-1.42372,39.3648],[-1.42198,39.36856],[-1.42404,39.3799],[-1.42134,39.38154],[-1.41176,39.37924],[-1.40742,39.37252],[-1.40095,39.37596],[-1.39704,39.37482],[-1.39887,39.3703],[-1.4075,39.36894],[-1.40601,39.36598],[-1.38357,39.36628],[-1.38222,39.35948],[-1.38514,39.35429],[-1.3691,39.35605],[-1.35282,39.3407],[-1.34253,39.33962],[-1.33547,39.33456],[-1.33152,39.33605],[-1.33356,39.33876],[-1.33086,39.34037],[-1.32201,39.33911],[-1.3127,39.34239],[-1.30029,39.33694],[-1.29887,39.3307],[-1.29103,39.33353],[-1.2828,39.32896],[-1.27556,39.33306],[-1.2515,39.3236],[-1.24697,39.32675],[-1.24293,39.32197],[-1.2232,39.31648],[-1.21535,39.3191],[-1.20732,39.32551],[-1.19778,39.3151],[-1.17738,39.31423],[-1.16399,39.30883],[-1.1628,39.30476],[-1.17419,39.27999],[-1.17601,39.26554],[-1.17659,39.25802],[-1.17685,39.24668],[-1.17574,39.23847],[-1.17633,39.23026],[-1.17784,39.22499],[-1.18062,39.21231],[-1.18583,39.2042],[-1.18939,39.20083],[-1.19705,39.17674],[-1.20282,39.17015],[-1.2064,39.16679],[-1.21049,39.16224],[-1.22696,39.15172],[-1.2305,39.13829],[-1.24047,39.11375],[-1.25568,39.10618],[-1.25578,39.08404],[-1.26566,39.07548],[-1.26373,39.06835],[-1.26575,39.05476],[-1.2652,39.05248],[-1.26671,39.05103],[-1.26014,39.04225],[-1.2242,39.02227],[-1.20187,38.99369],[-1.16145,38.95518],[-1.14661,38.92936],[-1.13828,38.9276],[-1.12906,38.92946],[-1.10587,38.92854],[-1.09809,38.92984],[-1.09108,38.93141],[-1.07575,38.93282],[-1.06987,38.93398],[-1.05993,38.93468],[-1.05417,38.93455],[-1.04258,38.93681],[-1.03623,38.9343],[-1.03407,38.93453],[-1.02638,38.93572],[-1.01581,38.93823],[-1.01339,38.93919],[-1.00919,38.94299],[-1.00703,38.94614],[-1.00354,38.94824],[-0.99928,38.94946],[-0.99178,38.94729],[-0.98772,38.94773],[-0.97725,38.94278],[-0.97157,38.94281],[-0.95936,38.94459],[-0.9575,38.93311],[-0.95859,38.92821],[-0.95592,38.92328],[-0.95647,38.92013],[-0.95338,38.91948],[-0.95175,38.91624],[-0.95043,38.91148],[-0.94662,38.90835],[-0.9408,38.89963],[-0.93192,38.89511],[-0.92449,38.89176],[-0.92753,38.8849],[-0.93188,38.87968],[-0.93151,38.8713],[-0.93252,38.86789],[-0.9307,38.86362],[-0.93564,38.85594],[-0.93429,38.84908],[-0.93224,38.84166],[-0.93114,38.82979],[-0.92483,38.82337],[-0.92773,38.81572],[-0.93274,38.81127],[-0.9338,38.79398],[-0.92896,38.78682],[-0.92888,38.78384],[-0.94995,38.77607],[-0.96138,38.7748],[-0.94575,38.73751],[-0.92916,38.71519],[-0.92665,38.70644],[-0.91574,38.69597],[-0.93031,38.67954],[-0.93245,38.67752],[-0.93487,38.67609],[-0.93984,38.67216],[-0.9598,38.65899],[-0.96241,38.65693],[-0.97025,38.6558],[-0.99149,38.65507],[-1.00903,38.65828],[-1.01079,38.65657],[-1.01485,38.6573],[-1.02687,38.65551],[-1.04427,38.66223],[-1.10076,38.70131],[-1.11091,38.70775],[-1.11555,38.7114],[-1.11628,38.71486],[-1.11673,38.73241],[-1.11962,38.73772],[-1.13919,38.74329],[-1.17677,38.75262],[-1.18359,38.75509],[-1.25075,38.73751],[-1.26369,38.72896],[-1.2838,38.70771],[-1.31266,38.69489],[-1.32821,38.68479],[-1.32921,38.68219],[-1.34308,38.67741],[-1.36663,38.70401],[-1.40424,38.68931],[-1.42122,38.67708],[-1.44766,38.64953],[-1.44325,38.63693],[-1.44776,38.61559],[-1.45196,38.58147],[-1.46718,38.57559],[-1.48766,38.56332],[-1.49092,38.55587],[-1.49717,38.53808],[-1.4987,38.53206],[-1.48838,38.5148],[-1.48705,38.5051],[-1.48348,38.4934],[-1.48153,38.48935],[-1.47983,38.47984],[-1.47989,38.46679],[-1.47885,38.46391],[-1.47648,38.44717],[-1.47668,38.43637],[-1.47766,38.42128],[-1.47485,38.40899],[-1.47553,38.39838],[-1.47798,38.38551],[-1.47851,38.37639],[-1.48819,38.37283],[-1.5064,38.3596],[-1.53878,38.34466],[-1.55681,38.32624],[-1.5895,38.31],[-1.59021,38.31221],[-1.60189,38.31366],[-1.62979,38.30917],[-1.66983,38.31183],[-1.67445,38.32221],[-1.68354,38.32681],[-1.69148,38.33838],[-1.6912,38.3464],[-1.68278,38.34923],[-1.68466,38.35386],[-1.68274,38.35989],[-1.70157,38.37389],[-1.71256,38.37121],[-1.71668,38.36365],[-1.72035,38.36808],[-1.73396,38.37093],[-1.73666,38.37594],[-1.74488,38.38019],[-1.75032,38.37909],[-1.75479,38.37335],[-1.7695,38.37876],[-1.77164,38.36483],[-1.79501,38.36903],[-1.79578,38.36436],[-1.78793,38.35775],[-1.78844,38.35528],[-1.81033,38.35101],[-1.82313,38.33585],[-1.852,38.33102],[-1.8677,38.31836],[-1.89312,38.30328],[-1.90827,38.29806],[-1.98266,38.28165],[-2.00027,38.28439],[-2.02176,38.30013],[-2.03265,38.29999],[-2.04896,38.30579],[-2.06478,38.29627],[-2.07583,38.28292],[-2.08417,38.26519],[-2.1138,38.23851],[-2.17044,38.22586],[-2.21329,38.20205],[-2.22999,38.16428],[-2.2495,38.14049],[-2.25319,38.12689],[-2.26628,38.10921],[-2.29479,38.0872],[-2.3122,38.07975],[-2.32877,38.06725],[-2.34218,38.03717],[-2.34362,38.03032],[-2.3412,38.02587],[-2.35786,38.02283],[-2.37446,38.02373],[-2.39515,38.03131],[-2.42232,38.03394],[-2.43259,38.043],[-2.46261,38.05082],[-2.47121,38.05567],[-2.48175,38.05528],[-2.50455,38.06799],[-2.52168,38.07002],[-2.53912,38.07588],[-2.55127,38.08412],[-2.52078,38.10836],[-2.51162,38.12689],[-2.49804,38.133],[-2.48689,38.14692],[-2.47475,38.15658],[-2.46905,38.16557],[-2.46844,38.17282],[-2.46086,38.17466],[-2.44692,38.18544],[-2.44587,38.20456],[-2.45298,38.2115],[-2.45368,38.21827],[-2.44158,38.23217],[-2.44349,38.25207],[-2.43701,38.2611],[-2.43645,38.27054],[-2.44314,38.28618],[-2.48163,38.29568],[-2.48497,38.30161],[-2.48414,38.3159],[-2.48049,38.32738],[-2.47927,38.34722],[-2.48651,38.35569],[-2.4918,38.37167],[-2.48158,38.3931],[-2.48437,38.39761],[-2.49704,38.39967],[-2.50074,38.39916],[-2.50816,38.40046],[-2.51215,38.40008],[-2.52304,38.40474],[-2.53535,38.40604],[-2.55315,38.40383],[-2.56131,38.41155],[-2.57136,38.41453],[-2.57698,38.4252],[-2.57601,38.43426],[-2.57187,38.43789],[-2.56731,38.45846],[-2.57622,38.4785],[-2.57352,38.48616],[-2.56662,38.49049],[-2.57811,38.50178],[-2.59181,38.5101],[-2.60429,38.51291],[-2.64395,38.50715],[-2.67322,38.49688],[-2.69743,38.50022],[-2.72809,38.51193],[-2.73987,38.52235],[-2.75269,38.52623],[-2.76207,38.53278],[-2.75862,38.53542],[-2.74774,38.5462],[-2.757,38.5593],[-2.76549,38.57388],[-2.75766,38.58353],[-2.75053,38.61385],[-2.76368,38.62791],[-2.72927,38.61724],[-2.72366,38.61834],[-2.71612,38.62481],[-2.701,38.62588],[-2.68734,38.63537],[-2.68055,38.64507],[-2.66907,38.65012],[-2.65555,38.67146],[-2.65468,38.68079],[-2.64902,38.69302],[-2.64869,38.69619],[-2.64946,38.69844],[-2.64971,38.70085],[-2.64804,38.70749],[-2.64675,38.71551],[-2.64382,38.71811],[-2.64182,38.72117],[-2.63788,38.73465],[-2.64015,38.74177],[-2.64345,38.74641],[-2.64872,38.74889],[-2.66298,38.75355],[-2.66605,38.75887],[-2.67536,38.76262],[-2.69549,38.78244],[-2.71173,38.78562],[-2.72594,38.78292],[-2.72897,38.78273],[-2.73224,38.78188],[-2.73302,38.7849],[-2.73253,38.78774],[-2.73276,38.791],[-2.73452,38.79532],[-2.74362,38.80332],[-2.748,38.8056],[-2.75027,38.80714],[-2.75144,38.81237],[-2.75268,38.81476],[-2.75283,38.81982],[-2.75238,38.82319],[-2.74932,38.83156],[-2.7501,38.83518],[-2.75025,38.84153],[-2.75116,38.84414],[-2.75114,38.84838],[-2.75218,38.85187],[-2.75523,38.85891],[-2.75629,38.86434],[-2.7564,38.86782],[-2.76084,38.86922],[-2.76344,38.88107],[-2.7901,38.89176],[-2.79375,38.90527],[-2.80151,38.90784],[-2.83598,38.9065],[-2.85757,38.92717],[-2.86497,38.92879],[-2.87622,38.92554],[-2.88218,38.93948],[-2.88078,38.95101],[-2.8774,38.95616],[-2.87259,38.96],[-2.87071,38.96476],[-2.84428,38.98734],[-2.83279,39.02189],[-2.81013,39.02505],[-2.80727,39.0434],[-2.80946,39.05386],[-2.80602,39.07941],[-2.81544,39.09283],[-2.82262,39.09218],[-2.83219,39.10659],[-2.83365,39.11988],[-2.84054,39.13576],[-2.82179,39.15469],[-2.80781,39.17688],[-2.78153,39.19719],[-2.76055,39.22967],[-2.73148,39.25448],[-2.72369,39.26489],[-2.7247,39.28103],[-2.73623,39.29635],[-2.74293,39.3183],[-2.73135,39.32109],[-2.70462,39.3223],[-2.69304,39.31889],[-2.6845,39.32226],[-2.66216,39.32226],[-2.6349,39.32816],[-2.62,39.33931],[-2.60019,39.33964],[-2.59343,39.33867],[-2.5896,39.33697],[-2.58574,39.33645],[-2.57258,39.33014],[-2.57066,39.32865],[-2.56789,39.32763],[-2.55468,39.32491],[-2.552,39.3238],[-2.54754,39.32382],[-2.53206,39.32902],[-2.52897,39.32798],[-2.52155,39.33313],[-2.51614,39.33815],[-2.51104,39.34218],[-2.50566,39.33831],[-2.50024,39.33239],[-2.49429,39.32767],[-2.49179,39.32499],[-2.48637,39.31803],[-2.48321,39.31522],[-2.48055,39.31373],[-2.47477,39.3097],[-2.4718,39.30806],[-2.46847,39.30697],[-2.46645,39.30582],[-2.45647,39.29491],[-2.45534,39.29321],[-2.45252,39.2906],[-2.44702,39.28702],[-2.44397,39.2857],[-2.41178,39.25892],[-2.38437,39.243],[-2.37427,39.23282],[-2.36176,39.24724],[-2.35949,39.25991],[-2.34929,39.278],[-2.33173,39.28508],[-2.32118,39.28376],[-2.31956,39.27893],[-2.30191,39.26318],[-2.30174,39.25033],[-2.28867,39.22668],[-2.28075,39.23085],[-2.27886,39.23074],[-2.24539,39.24494],[-2.21892,39.26154],[-2.20804,39.26165],[-2.20596,39.26644],[-2.19612,39.26741],[-2.18752,39.26883],[-2.18184,39.26933],[-2.18192,39.27351],[-2.17862,39.27829],[-2.17379,39.28003],[-2.17102,39.28037],[-2.16867,39.2811],[-2.15214,39.27583],[-2.13652,39.27494],[-2.12148,39.27464],[-2.11714,39.27329],[-2.11229,39.27234],[-2.09509,39.26973],[-2.07412,39.26591],[-2.05525,39.26579],[-2.05095,39.2667],[-2.05777,39.2722],[-2.05755,39.27759],[-2.06013,39.28483],[-2.06646,39.28853],[-2.06727,39.29724],[-2.07701,39.30768],[-2.07392,39.32025],[-2.07912,39.33179],[-2.08709,39.33888],[-2.0874,39.347],[-2.09625,39.35894],[-2.08116,39.35861],[-2.07642,39.35733],[-2.07424,39.3563],[-2.06667,39.35552],[-2.05455,39.35649],[-2.04434,39.35919],[-2.03057,39.35466],[-2.02032,39.35185],[-2.02892,39.33809],[-2.0271,39.33472],[-2.02474,39.33345],[-2.01881,39.32544],[-2.00935,39.31817],[-1.99506,39.30983],[-1.98978,39.2937],[-1.96658,39.30006],[-1.95582,39.30074],[-1.93685,39.30398],[-1.90963,39.30366],[-1.88696,39.30497],[-1.87111,39.29498],[-1.85419,39.28932],[-1.84884,39.28783],[-1.84517,39.28614],[-1.83077,39.28685],[-1.81699,39.28625],[-1.81241,39.28634],[-1.80682,39.2854],[-1.78636,39.2835],[-1.76983,39.28053],[-1.76782,39.28977],[-1.76664,39.2935],[-1.76309,39.30151],[-1.75513,39.3086],[-1.73926,39.32118],[-1.71658,39.32496],[-1.69592,39.33759],[-1.67398,39.34554],[-1.66813,39.34692],[-1.65985,39.35061],[-1.64739,39.35344],[-1.63815,39.35657],[-1.63408,39.35837],[-1.62491,39.36173],[-1.61571,39.36619],[-1.61288,39.3682],[-1.57055,39.39281],[-1.55565,39.40187],[-1.53465,39.40755],[-1.52994,39.41063],[-1.52082,39.41401],[-1.51592,39.41616],[-1.50524,39.41764],[-1.49846,39.41621],[-1.48556,39.42124]]]}},{"type":"Feature","properties":{"region_key":"ES241","name_pt":"Huesca","name_es":"Huesca","name_en":"Huesca","kind":"district_province","source_nuts_id":"ES241"},"geometry":{"type":"Polygon","coordinates":[[[-0.75278,42.92407],[-0.74109,42.91894],[-0.7245,42.92016],[-0.73539,42.91258],[-0.7313,42.89707],[-0.72363,42.88986],[-0.69785,42.87951],[-0.67866,42.88362],[-0.66275,42.8707],[-0.66142,42.86445],[-0.65553,42.85871],[-0.63617,42.85331],[-0.61926,42.83782],[-0.60316,42.83152],[-0.59909,42.81484],[-0.59977,42.80295],[-0.59313,42.80235],[-0.57603,42.80782],[-0.56793,42.80526],[-0.56548,42.79839],[-0.57028,42.78895],[-0.56776,42.78071],[-0.5597,42.7818],[-0.55105,42.77764],[-0.54363,42.7924],[-0.53019,42.79208],[-0.52312,42.79869],[-0.52471,42.81155],[-0.51017,42.82499],[-0.50127,42.82779],[-0.49641,42.81943],[-0.48436,42.81562],[-0.47855,42.80965],[-0.45287,42.80366],[-0.44461,42.79693],[-0.43961,42.79706],[-0.41097,42.80718],[-0.39409,42.79958],[-0.3851,42.80095],[-0.38053,42.80871],[-0.36616,42.81532],[-0.34844,42.83633],[-0.33617,42.83753],[-0.3247,42.83504],[-0.31334,42.84936],[-0.30494,42.84123],[-0.27879,42.83606],[-0.27409,42.82835],[-0.2562,42.82007],[-0.24753,42.82041],[-0.24369,42.82349],[-0.23883,42.81781],[-0.23738,42.80768],[-0.21381,42.79698],[-0.19972,42.79587],[-0.18736,42.78751],[-0.17794,42.78529],[-0.1597,42.7971],[-0.155,42.79266],[-0.15461,42.78216],[-0.14751,42.7739],[-0.14923,42.76996],[-0.13829,42.76607],[-0.12384,42.75209],[-0.11674,42.73846],[-0.10997,42.73432],[-0.11079,42.72641],[-0.10711,42.72176],[-0.06811,42.71691],[-0.0644,42.71112],[-0.06153,42.69464],[-0.01044,42.68478],[0.00137,42.68594],[0.01183,42.69273],[0.01706,42.70125],[0.02523,42.70203],[0.04656,42.69634],[0.05794,42.698],[0.06956,42.70357],[0.07885,42.71473],[0.09044,42.71656],[0.10591,42.71058],[0.11416,42.71091],[0.13175,42.71527],[0.13663,42.72243],[0.1604,42.72359],[0.16371,42.72893],[0.17693,42.73646],[0.20613,42.72944],[0.22537,42.71819],[0.25992,42.71595],[0.26766,42.70049],[0.26491,42.69331],[0.29505,42.67336],[0.31377,42.68378],[0.32167,42.68524],[0.32575,42.7044],[0.3373,42.70929],[0.34554,42.71151],[0.36013,42.72435],[0.37518,42.71462],[0.38529,42.71181],[0.39296,42.71322],[0.39715,42.69914],[0.42362,42.69061],[0.43631,42.6897],[0.45223,42.69387],[0.4624,42.69343],[0.47767,42.70005],[0.49602,42.69245],[0.51548,42.69158],[0.52628,42.70255],[0.52961,42.70248],[0.57854,42.69503],[0.58879,42.69596],[0.59383,42.70418],[0.59678,42.70544],[0.6187,42.69595],[0.66013,42.69095],[0.66197,42.68631],[0.67302,42.67862],[0.68052,42.66699],[0.69489,42.65786],[0.69671,42.64922],[0.70217,42.64159],[0.69858,42.62947],[0.70793,42.62136],[0.72841,42.61548],[0.76755,42.61122],[0.76048,42.59081],[0.7575,42.57076],[0.74239,42.54574],[0.74462,42.53745],[0.73371,42.53807],[0.72244,42.52462],[0.72156,42.51404],[0.73057,42.51104],[0.73612,42.50555],[0.71531,42.48937],[0.70126,42.49392],[0.69787,42.48813],[0.69126,42.48498],[0.69467,42.47627],[0.70688,42.46173],[0.70648,42.44945],[0.71105,42.43638],[0.71922,42.42897],[0.7263,42.42626],[0.73457,42.41624],[0.73459,42.40922],[0.72719,42.40514],[0.73773,42.3974],[0.74528,42.38512],[0.74304,42.37971],[0.73536,42.37614],[0.73335,42.37176],[0.72415,42.36906],[0.72419,42.36565],[0.74639,42.35704],[0.76065,42.35704],[0.76792,42.35217],[0.76707,42.34882],[0.76331,42.34772],[0.75611,42.34708],[0.74131,42.33623],[0.74411,42.32712],[0.75923,42.32534],[0.76347,42.32231],[0.75621,42.31372],[0.75523,42.30853],[0.74522,42.3006],[0.74317,42.2858],[0.73866,42.28145],[0.73924,42.2702],[0.7353,42.25182],[0.7258,42.24309],[0.72438,42.23524],[0.71536,42.22386],[0.71312,42.20957],[0.70873,42.20553],[0.70795,42.20373],[0.70883,42.19784],[0.70281,42.189],[0.69879,42.1725],[0.71267,42.16285],[0.69613,42.1509],[0.69844,42.12648],[0.7024,42.12024],[0.69935,42.10603],[0.68463,42.09098],[0.68012,42.07547],[0.67028,42.06121],[0.67052,42.04623],[0.65739,42.03937],[0.65696,42.03147],[0.65281,42.02442],[0.65667,42.01609],[0.66218,42.01212],[0.65717,42.00191],[0.64694,41.99559],[0.64209,41.98218],[0.6424,41.98601],[0.6386,41.99459],[0.63532,41.99277],[0.62946,41.99283],[0.62383,41.99175],[0.62061,41.98923],[0.61697,41.98719],[0.61736,41.98345],[0.60486,41.961],[0.59052,41.96864],[0.56723,41.94568],[0.5625,41.93267],[0.60302,41.92183],[0.60446,41.91885],[0.59552,41.91662],[0.60104,41.90853],[0.59607,41.89271],[0.59316,41.88466],[0.60713,41.87854],[0.60736,41.87293],[0.60374,41.86964],[0.58114,41.86328],[0.58011,41.85089],[0.5575,41.85329],[0.55263,41.84903],[0.55142,41.83251],[0.54226,41.82006],[0.53622,41.82116],[0.53111,41.82136],[0.52516,41.82253],[0.51954,41.8209],[0.51552,41.82234],[0.51059,41.82062],[0.50721,41.81781],[0.50219,41.81438],[0.50029,41.8107],[0.499,41.80695],[0.49523,41.80447],[0.48911,41.80514],[0.4855,41.80201],[0.48329,41.80145],[0.48182,41.79769],[0.47764,41.79165],[0.47387,41.78717],[0.47195,41.7736],[0.46972,41.76561],[0.46448,41.76331],[0.44807,41.76466],[0.40875,41.7591],[0.39861,41.75514],[0.39524,41.73182],[0.38812,41.73668],[0.3848,41.7403],[0.38192,41.73584],[0.37283,41.7239],[0.36927,41.72466],[0.36871,41.71418],[0.36005,41.70914],[0.35134,41.70253],[0.34208,41.69653],[0.34103,41.69365],[0.33441,41.68811],[0.32882,41.68202],[0.32707,41.67816],[0.326,41.67464],[0.32573,41.67188],[0.3263,41.66219],[0.33297,41.65959],[0.33622,41.65408],[0.34947,41.63617],[0.35142,41.63488],[0.35545,41.63429],[0.35804,41.63171],[0.34662,41.62135],[0.34967,41.59946],[0.40182,41.59313],[0.42756,41.60162],[0.43352,41.59294],[0.43559,41.5876],[0.43591,41.58491],[0.4308,41.57875],[0.4314,41.56473],[0.44619,41.54337],[0.43566,41.53478],[0.4269,41.5224],[0.42112,41.51858],[0.4178,41.51685],[0.41462,41.51157],[0.41236,41.50876],[0.41075,41.50767],[0.40816,41.50238],[0.39739,41.49057],[0.38226,41.48572],[0.36696,41.48595],[0.35092,41.487],[0.34873,41.48726],[0.34658,41.48811],[0.33999,41.48203],[0.34318,41.46395],[0.35438,41.45101],[0.34801,41.44023],[0.34778,41.42669],[0.3373,41.40917],[0.33595,41.40743],[0.31089,41.4183],[0.24516,41.4287],[0.23523,41.42469],[0.21815,41.40399],[0.19996,41.40326],[0.1822,41.3948],[0.17674,41.3965],[0.17235,41.40371],[0.16637,41.40616],[0.15609,41.39757],[0.13138,41.38883],[0.12227,41.38036],[0.11727,41.36254],[0.10635,41.35081],[0.08809,41.35048],[0.0792,41.35453],[0.03627,41.35535],[0.01102,41.36079],[-0.00299,41.38725],[-0.02388,41.39687],[-0.027,41.37716],[-0.01794,41.35363],[-0.04632,41.3606],[-0.07266,41.37715],[-0.07221,41.38147],[-0.07439,41.38608],[-0.07391,41.38947],[-0.07409,41.39381],[-0.07793,41.39984],[-0.0789,41.40454],[-0.08264,41.41098],[-0.084,41.41532],[-0.08425,41.42205],[-0.08509,41.42715],[-0.08441,41.43143],[-0.08586,41.43497],[-0.0885,41.43937],[-0.09315,41.45396],[-0.0998,41.47046],[-0.09961,41.47238],[-0.10381,41.48025],[-0.10493,41.48547],[-0.11113,41.49352],[-0.11582,41.49708],[-0.12066,41.50255],[-0.13004,41.51456],[-0.13331,41.5209],[-0.13475,41.52238],[-0.14342,41.52727],[-0.1485,41.5314],[-0.15092,41.53226],[-0.15448,41.53442],[-0.15662,41.53529],[-0.15934,41.55069],[-0.15769,41.56752],[-0.16626,41.58041],[-0.15941,41.58531],[-0.1564,41.58997],[-0.18329,41.59827],[-0.2062,41.60175],[-0.22656,41.58734],[-0.24074,41.57293],[-0.24629,41.57444],[-0.26342,41.58818],[-0.2739,41.59058],[-0.30176,41.60794],[-0.30947,41.62228],[-0.32713,41.62426],[-0.33618,41.63014],[-0.35572,41.6331],[-0.3611,41.63718],[-0.36708,41.67989],[-0.37562,41.68828],[-0.38551,41.68826],[-0.40997,41.70075],[-0.42896,41.70544],[-0.44485,41.7047],[-0.45963,41.71508],[-0.46434,41.71514],[-0.46774,41.72143],[-0.48202,41.72504],[-0.4893,41.73121],[-0.51934,41.72936],[-0.50482,41.74623],[-0.50156,41.76019],[-0.50772,41.77957],[-0.51198,41.78435],[-0.50943,41.79141],[-0.51114,41.80634],[-0.517,41.81678],[-0.51586,41.82864],[-0.5171,41.8366],[-0.52758,41.85144],[-0.54576,41.86212],[-0.55634,41.87113],[-0.58454,41.87624],[-0.59179,41.88114],[-0.60127,41.88401],[-0.5962,41.8946],[-0.59637,41.89884],[-0.62975,41.91345],[-0.65213,41.94736],[-0.6578,41.95748],[-0.66349,41.9586],[-0.70081,41.95664],[-0.7254,41.96044],[-0.73793,41.95368],[-0.77774,41.95748],[-0.7961,41.96276],[-0.81525,41.97394],[-0.84461,41.98474],[-0.86484,41.99858],[-0.88492,42.00356],[-0.85094,42.02634],[-0.84915,42.04081],[-0.85629,42.04826],[-0.85541,42.05322],[-0.84455,42.06023],[-0.82721,42.08296],[-0.80477,42.09643],[-0.80352,42.07206],[-0.79612,42.05779],[-0.78815,42.05332],[-0.77798,42.05611],[-0.76594,42.06572],[-0.76276,42.07904],[-0.76787,42.08677],[-0.75511,42.09136],[-0.76171,42.10023],[-0.75519,42.10949],[-0.75737,42.11525],[-0.7539,42.12398],[-0.75956,42.12998],[-0.75353,42.13135],[-0.75272,42.13399],[-0.75511,42.13649],[-0.75844,42.14612],[-0.75612,42.1487],[-0.75511,42.15253],[-0.74834,42.15694],[-0.7575,42.16619],[-0.75781,42.17054],[-0.7516,42.17291],[-0.75855,42.17853],[-0.75345,42.18522],[-0.75153,42.1995],[-0.76033,42.2111],[-0.7619,42.23132],[-0.76121,42.23471],[-0.75965,42.2483],[-0.758,42.25106],[-0.75917,42.25694],[-0.75796,42.2594],[-0.75936,42.26363],[-0.75194,42.2636],[-0.7479,42.27706],[-0.73144,42.29068],[-0.72892,42.29771],[-0.73857,42.31875],[-0.7436,42.33909],[-0.73835,42.34454],[-0.73588,42.35309],[-0.74403,42.36156],[-0.73723,42.36977],[-0.74686,42.37783],[-0.77566,42.38999],[-0.78068,42.38605],[-0.77799,42.38351],[-0.77825,42.37854],[-0.78094,42.37669],[-0.77991,42.37469],[-0.7793,42.37152],[-0.77798,42.36923],[-0.77705,42.36548],[-0.77301,42.3643],[-0.77189,42.36267],[-0.77187,42.35554],[-0.77253,42.35233],[-0.7718,42.34669],[-0.77529,42.33346],[-0.77986,42.32172],[-0.78108,42.31736],[-0.78755,42.30656],[-0.80487,42.27283],[-0.81308,42.26447],[-0.84329,42.28202],[-0.85821,42.27558],[-0.87491,42.28135],[-0.88334,42.27465],[-0.89039,42.26281],[-0.88816,42.25504],[-0.89031,42.24936],[-0.88748,42.24447],[-0.89027,42.24088],[-0.89573,42.24229],[-0.89955,42.24966],[-0.918,42.25548],[-0.91281,42.26464],[-0.88999,42.28714],[-0.89207,42.29475],[-0.88862,42.3026],[-0.87896,42.31819],[-0.85491,42.34174],[-0.84957,42.35941],[-0.84265,42.3682],[-0.84332,42.38463],[-0.83269,42.38242],[-0.82345,42.38425],[-0.81533,42.39494],[-0.82133,42.3973],[-0.82872,42.39469],[-0.83615,42.39613],[-0.84419,42.40815],[-0.88277,42.42044],[-0.90562,42.43643],[-0.89745,42.44359],[-0.90497,42.44925],[-0.9036,42.45291],[-0.89518,42.45962],[-0.88189,42.45703],[-0.87802,42.46206],[-0.87821,42.46755],[-0.89629,42.48014],[-0.89125,42.48987],[-0.89298,42.50983],[-0.90213,42.51114],[-0.91701,42.50353],[-0.93342,42.50585],[-0.92711,42.52348],[-0.91849,42.53489],[-0.91252,42.53823],[-0.89857,42.53943],[-0.89536,42.54762],[-0.89969,42.55921],[-0.91785,42.55613],[-0.92245,42.57055],[-0.93066,42.5704],[-0.9332,42.57431],[-0.92451,42.58715],[-0.90802,42.58928],[-0.9053,42.59973],[-0.91468,42.6023],[-0.90587,42.61076],[-0.90533,42.61488],[-0.91128,42.63301],[-0.92764,42.65621],[-0.9038,42.65688],[-0.89395,42.66277],[-0.88774,42.66915],[-0.88012,42.69393],[-0.90304,42.70149],[-0.91606,42.70261],[-0.90544,42.71381],[-0.90548,42.72644],[-0.89877,42.73553],[-0.90108,42.74269],[-0.89917,42.76072],[-0.89193,42.76243],[-0.87347,42.75921],[-0.86566,42.76324],[-0.86294,42.76895],[-0.85783,42.77107],[-0.84825,42.78628],[-0.85037,42.79198],[-0.8599,42.79999],[-0.85214,42.80821],[-0.85482,42.82349],[-0.85635,42.84623],[-0.84778,42.84853],[-0.83088,42.86539],[-0.82045,42.86768],[-0.8153,42.87668],[-0.81514,42.88752],[-0.82082,42.89341],[-0.81736,42.90159],[-0.80207,42.90764],[-0.78251,42.92138],[-0.75278,42.92407]]]}},{"type":"Feature","properties":{"region_key":"ES114","name_pt":"Pontevedra","name_es":"Pontevedra","name_en":"Pontevedra","kind":"district_province","source_nuts_id":"ES114"},"geometry":{"type":"Polygon","coordinates":[[[-8.14247,42.8472],[-8.13728,42.8434],[-8.12201,42.85004],[-8.11842,42.84214],[-8.08338,42.85418],[-8.07277,42.85207],[-8.06145,42.84312],[-8.06435,42.83913],[-8.06296,42.83688],[-8.05598,42.83669],[-8.05361,42.83333],[-8.04694,42.83191],[-8.02479,42.84642],[-7.99968,42.84886],[-7.98413,42.84302],[-7.96944,42.84878],[-7.96366,42.84234],[-7.95636,42.83971],[-7.97017,42.82833],[-7.98026,42.811],[-7.98143,42.78713],[-7.9777,42.77855],[-7.95292,42.75487],[-7.94184,42.74856],[-7.93533,42.73971],[-7.9212,42.73488],[-7.90166,42.73305],[-7.8745,42.72096],[-7.86635,42.7206],[-7.86239,42.70512],[-7.86673,42.69925],[-7.87437,42.69784],[-7.87472,42.68954],[-7.88748,42.68572],[-7.89192,42.67753],[-7.88798,42.66103],[-7.89289,42.63044],[-7.90508,42.6104],[-7.91254,42.59964],[-7.91475,42.58938],[-7.93071,42.57857],[-7.94445,42.57393],[-7.94707,42.57177],[-7.94921,42.57085],[-7.95745,42.56936],[-7.96119,42.5672],[-7.96485,42.56659],[-7.9732,42.56638],[-7.9782,42.56846],[-7.98925,42.57224],[-7.99985,42.56683],[-8.00358,42.55812],[-8.01734,42.54298],[-8.02828,42.54438],[-8.03519,42.55016],[-8.04767,42.55405],[-8.05934,42.54867],[-8.08652,42.55661],[-8.09704,42.55404],[-8.11184,42.55574],[-8.13624,42.55369],[-8.14739,42.54949],[-8.16098,42.55756],[-8.16776,42.56706],[-8.17437,42.5712],[-8.18664,42.56421],[-8.18571,42.55689],[-8.20151,42.55019],[-8.21587,42.53504],[-8.23535,42.53884],[-8.26308,42.5256],[-8.27121,42.51951],[-8.27572,42.50861],[-8.28599,42.50489],[-8.29216,42.49593],[-8.30099,42.49119],[-8.31324,42.4951],[-8.33864,42.49205],[-8.34253,42.4847],[-8.35183,42.48128],[-8.3663,42.48734],[-8.34235,42.46536],[-8.33945,42.45288],[-8.3358,42.44799],[-8.33914,42.44135],[-8.33822,42.43342],[-8.33025,42.42062],[-8.31864,42.38892],[-8.3171,42.38282],[-8.31466,42.38097],[-8.3172,42.37529],[-8.32446,42.3692],[-8.31829,42.35627],[-8.3253,42.3495],[-8.32311,42.34493],[-8.30693,42.341],[-8.28355,42.31772],[-8.26171,42.31532],[-8.26738,42.28787],[-8.27284,42.28238],[-8.26425,42.25371],[-8.2516,42.24607],[-8.24203,42.24435],[-8.2358,42.23692],[-8.23177,42.2337],[-8.22293,42.23322],[-8.21297,42.23558],[-8.20302,42.24408],[-8.18359,42.24337],[-8.17802,42.24502],[-8.17078,42.24542],[-8.1682,42.24614],[-8.16499,42.246],[-8.16327,42.24526],[-8.16181,42.24411],[-8.17158,42.23557],[-8.16405,42.22665],[-8.16451,42.22341],[-8.1832,42.21645],[-8.18883,42.21073],[-8.18044,42.20864],[-8.17622,42.20402],[-8.17449,42.18578],[-8.1615,42.18094],[-8.16123,42.17863],[-8.1663,42.17275],[-8.17378,42.17054],[-8.18231,42.15779],[-8.199,42.15442],[-8.2043,42.14464],[-8.22489,42.13325],[-8.2435,42.13912],[-8.25653,42.13416],[-8.25633,42.12721],[-8.25771,42.12299],[-8.2659,42.12119],[-8.27489,42.12263],[-8.29019,42.11217],[-8.30146,42.10528],[-8.31848,42.10356],[-8.32525,42.09584],[-8.33005,42.08596],[-8.33894,42.08459],[-8.35456,42.09026],[-8.36997,42.08902],[-8.38003,42.07812],[-8.38862,42.07606],[-8.39166,42.07817],[-8.40391,42.08025],[-8.42152,42.07288],[-8.42825,42.07225],[-8.43015,42.07257],[-8.43207,42.07359],[-8.43289,42.07559],[-8.43438,42.07744],[-8.43731,42.07909],[-8.44062,42.08202],[-8.4539,42.0829],[-8.52636,42.07746],[-8.52703,42.06354],[-8.54694,42.0545],[-8.55523,42.05293],[-8.57826,42.05256],[-8.59077,42.05485],[-8.59442,42.05517],[-8.60377,42.05411],[-8.63244,42.04883],[-8.64498,42.03753],[-8.64762,42.03584],[-8.65649,42.03151],[-8.66217,42.00354],[-8.6819,41.99012],[-8.73001,41.97349],[-8.74348,41.96567],[-8.74729,41.95983],[-8.74772,41.94387],[-8.75465,41.93557],[-8.75717,41.9335],[-8.75993,41.93198],[-8.7675,41.92919],[-8.77342,41.92593],[-8.78709,41.91759],[-8.80198,41.91203],[-8.81852,41.90652],[-8.82566,41.90348],[-8.83043,41.90071],[-8.84237,41.88453],[-8.86319,41.87207],[-8.8737,41.87149],[-8.88152,41.88122],[-8.88011,41.89399],[-8.87551,41.89991],[-8.87961,41.90314],[-8.87827,41.91007],[-8.88363,41.91836],[-8.88596,41.94161],[-8.88475,41.9613],[-8.88736,41.97806],[-8.88393,41.99488],[-8.87814,42.00178],[-8.88679,42.01452],[-8.8831,42.0382],[-8.88704,42.04302],[-8.88601,42.04996],[-8.89493,42.06699],[-8.89233,42.08479],[-8.89505,42.09883],[-8.89877,42.10359],[-8.89618,42.11204],[-8.87775,42.11235],[-8.86078,42.12184],[-8.85295,42.12296],[-8.85058,42.12711],[-8.84684,42.12561],[-8.84657,42.11933],[-8.83358,42.11348],[-8.82695,42.11464],[-8.82439,42.11914],[-8.82609,42.12246],[-8.81901,42.13147],[-8.82052,42.14091],[-8.82992,42.14766],[-8.84657,42.14901],[-8.84956,42.1537],[-8.84749,42.15651],[-8.83998,42.15769],[-8.83162,42.15363],[-8.82596,42.15456],[-8.82077,42.15827],[-8.81807,42.16528],[-8.81296,42.18087],[-8.81526,42.18637],[-8.81319,42.18986],[-8.80018,42.19293],[-8.78149,42.20294],[-8.77686,42.21097],[-8.77728,42.21895],[-8.77183,42.22402],[-8.7408,42.22694],[-8.73538,42.23199],[-8.73492,42.23692],[-8.72758,42.24226],[-8.71137,42.24247],[-8.70189,42.25964],[-8.69048,42.2576],[-8.67706,42.26439],[-8.66717,42.27943],[-8.64849,42.289],[-8.63244,42.2858],[-8.61636,42.2873],[-8.61609,42.30106],[-8.62062,42.31017],[-8.61479,42.32984],[-8.6119,42.34557],[-8.61737,42.34931],[-8.62555,42.34623],[-8.62906,42.35027],[-8.63244,42.34972],[-8.6424,42.33919],[-8.63783,42.32765],[-8.65442,42.32048],[-8.65953,42.31496],[-8.66011,42.3094],[-8.65359,42.29795],[-8.65887,42.29143],[-8.67605,42.29054],[-8.69048,42.27985],[-8.70057,42.28142],[-8.71164,42.27613],[-8.71779,42.28777],[-8.73076,42.28634],[-8.73904,42.27268],[-8.75864,42.26221],[-8.76584,42.25987],[-8.78191,42.26239],[-8.79321,42.24862],[-8.80395,42.25161],[-8.81289,42.25785],[-8.82855,42.2521],[-8.8388,42.25756],[-8.8528,42.26045],[-8.85797,42.25853],[-8.86406,42.24842],[-8.87217,42.25146],[-8.86437,42.26739],[-8.85704,42.30665],[-8.85341,42.30576],[-8.84624,42.29361],[-8.82418,42.27649],[-8.81952,42.2789],[-8.82194,42.2982],[-8.819,42.30264],[-8.81921,42.31293],[-8.82612,42.32417],[-8.82737,42.33266],[-8.83383,42.33502],[-8.83677,42.33853],[-8.83558,42.34089],[-8.82639,42.34103],[-8.81982,42.33777],[-8.8007,42.33859],[-8.79859,42.33191],[-8.78952,42.32735],[-8.77349,42.33151],[-8.75286,42.3438],[-8.74518,42.36601],[-8.73849,42.37329],[-8.73059,42.37629],[-8.72547,42.38441],[-8.70854,42.396],[-8.69743,42.39395],[-8.69272,42.39911],[-8.69048,42.40219],[-8.66637,42.42009],[-8.65667,42.42412],[-8.65439,42.43183],[-8.66018,42.42491],[-8.68072,42.42107],[-8.68457,42.42414],[-8.69048,42.43971],[-8.70336,42.43301],[-8.70754,42.42779],[-8.71346,42.42214],[-8.72066,42.42174],[-8.74097,42.41298],[-8.75001,42.40318],[-8.75803,42.40174],[-8.76047,42.39628],[-8.76991,42.39372],[-8.77468,42.38852],[-8.78191,42.39508],[-8.80031,42.40018],[-8.8136,42.40034],[-8.82214,42.39732],[-8.82731,42.38785],[-8.83274,42.38836],[-8.83901,42.38477],[-8.8495,42.39641],[-8.85828,42.39813],[-8.86208,42.40742],[-8.87076,42.41366],[-8.88004,42.41549],[-8.87522,42.42779],[-8.87258,42.43882],[-8.8794,42.45072],[-8.88845,42.45712],[-8.91187,42.46143],[-8.92675,42.45233],[-8.93369,42.45455],[-8.94106,42.4633],[-8.93756,42.46981],[-8.93802,42.47562],[-8.93475,42.47771],[-8.90621,42.47704],[-8.88648,42.48651],[-8.8857,42.48943],[-8.8902,42.49255],[-8.88871,42.49505],[-8.87467,42.49926],[-8.87252,42.49646],[-8.86528,42.49683],[-8.85924,42.49203],[-8.85785,42.47358],[-8.87201,42.46141],[-8.86895,42.44799],[-8.85821,42.45152],[-8.84818,42.45984],[-8.84227,42.45592],[-8.8311,42.45863],[-8.82337,42.45306],[-8.82047,42.45302],[-8.81985,42.45878],[-8.82268,42.46771],[-8.82955,42.47035],[-8.82741,42.47613],[-8.8308,42.48429],[-8.82474,42.49337],[-8.81474,42.49205],[-8.80401,42.50003],[-8.80622,42.50166],[-8.81688,42.50259],[-8.81809,42.50996],[-8.81463,42.52437],[-8.82739,42.52086],[-8.82706,42.53082],[-8.82748,42.54089],[-8.8377,42.55305],[-8.83066,42.56237],[-8.83029,42.57464],[-8.82482,42.57805],[-8.80852,42.57673],[-8.8012,42.58231],[-8.79709,42.58139],[-8.78357,42.59424],[-8.77106,42.59534],[-8.76706,42.60255],[-8.77445,42.6116],[-8.77736,42.61463],[-8.77424,42.62054],[-8.7601,42.63593],[-8.74745,42.64347],[-8.74185,42.64948],[-8.73934,42.65954],[-8.72566,42.67735],[-8.72784,42.6844],[-8.72571,42.68766],[-8.72675,42.68825],[-8.72512,42.68933],[-8.72395,42.69981],[-8.71885,42.70528],[-8.67875,42.7119],[-8.672,42.71856],[-8.66896,42.71878],[-8.66486,42.71967],[-8.65587,42.72091],[-8.65113,42.72814],[-8.62545,42.71653],[-8.6174,42.7181],[-8.60658,42.71513],[-8.60666,42.72814],[-8.59941,42.74243],[-8.57053,42.74295],[-8.55596,42.74729],[-8.55913,42.75693],[-8.55477,42.76067],[-8.5497,42.7606],[-8.54514,42.75397],[-8.53662,42.75225],[-8.5293,42.7556],[-8.51829,42.75153],[-8.50734,42.75613],[-8.49406,42.75615],[-8.47063,42.74417],[-8.44634,42.74795],[-8.4323,42.74631],[-8.4229,42.75374],[-8.40819,42.75426],[-8.41379,42.76488],[-8.39934,42.7792],[-8.39142,42.77913],[-8.39222,42.78914],[-8.38415,42.78899],[-8.38015,42.7846],[-8.36414,42.78432],[-8.35752,42.78066],[-8.35326,42.77986],[-8.34777,42.78388],[-8.34618,42.78955],[-8.33267,42.79582],[-8.3323,42.80179],[-8.33051,42.81112],[-8.33335,42.81809],[-8.33073,42.8259],[-8.33343,42.82903],[-8.3416,42.82893],[-8.34545,42.83282],[-8.3401,42.83979],[-8.3298,42.84094],[-8.3249,42.83211],[-8.3155,42.84491],[-8.3097,42.83077],[-8.29471,42.82935],[-8.2986,42.81944],[-8.27837,42.81156],[-8.27508,42.81309],[-8.2756,42.82212],[-8.255,42.83601],[-8.24763,42.83382],[-8.24548,42.82831],[-8.23525,42.83178],[-8.22499,42.82563],[-8.20867,42.82465],[-8.20692,42.8318],[-8.22033,42.8428],[-8.21491,42.84622],[-8.20526,42.84378],[-8.18588,42.85861],[-8.17525,42.85826],[-8.16147,42.85066],[-8.14247,42.8472]]]}},{"type":"Feature","properties":{"region_key":"ES422","name_pt":"Ciudad Real","name_es":"Ciudad Real","name_en":"Ciudad Real","kind":"district_province","source_nuts_id":"ES422"},"geometry":{"type":"MultiPolygon","coordinates":[[[[-4.13787,39.56612],[-4.12731,39.56447],[-4.0418,39.57539],[-4.03961,39.57394],[-4.03967,39.56776],[-4.03786,39.56569],[-4.03886,39.56087],[-4.03993,39.55926],[-4.03861,39.55741],[-4.03875,39.55351],[-4.0363,39.54903],[-4.03577,39.5443],[-4.03415,39.53814],[-4.03354,39.53356],[-4.03041,39.52535],[-4.0301,39.52201],[-4.05994,39.52067],[-4.0676,39.50207],[-4.06699,39.48535],[-4.05975,39.47182],[-4.06579,39.46043],[-4.07955,39.45236],[-4.09813,39.45523],[-4.10613,39.45939],[-4.11621,39.4577],[-4.12731,39.41944],[-4.1294,39.41422],[-4.12858,39.40805],[-4.13418,39.40085],[-4.13467,39.39281],[-4.14769,39.36417],[-4.12731,39.36501],[-4.11844,39.36005],[-4.11369,39.34879],[-4.10884,39.34787],[-4.10413,39.342],[-4.09991,39.34272],[-4.08678,39.34937],[-4.0801,39.36035],[-4.07278,39.36491],[-4.0396,39.35799],[-4.02664,39.35835],[-4.00305,39.3519],[-3.97348,39.35184],[-3.96569,39.33056],[-3.96761,39.32394],[-3.96558,39.31673],[-3.95906,39.3091],[-3.96549,39.29822],[-3.92983,39.28474],[-3.90366,39.28067],[-3.87601,39.26243],[-3.85731,39.25877],[-3.84217,39.26023],[-3.83678,39.26663],[-3.82791,39.26957],[-3.81752,39.27759],[-3.81072,39.2872],[-3.79294,39.29228],[-3.76547,39.29304],[-3.74486,39.28286],[-3.73936,39.27618],[-3.72056,39.27045],[-3.69152,39.28282],[-3.67794,39.29697],[-3.6575,39.29937],[-3.6117,39.30342],[-3.58578,39.30727],[-3.56712,39.29937],[-3.56302,39.29988],[-3.55618,39.29908],[-3.54835,39.30213],[-3.5326,39.3042],[-3.52496,39.31485],[-3.48513,39.34106],[-3.47689,39.34318],[-3.47357,39.35252],[-3.47313,39.35694],[-3.47049,39.37218],[-3.45615,39.3813],[-3.44792,39.38705],[-3.43887,39.39092],[-3.42703,39.39439],[-3.42404,39.39704],[-3.41998,39.39931],[-3.41546,39.40072],[-3.41245,39.40128],[-3.41029,39.40463],[-3.40162,39.40421],[-3.36991,39.40725],[-3.34957,39.40835],[-3.34306,39.40811],[-3.32966,39.4055],[-3.30987,39.3997],[-3.30928,39.4108],[-3.31562,39.42462],[-3.31549,39.43493],[-3.29749,39.45944],[-3.29418,39.47065],[-3.27911,39.46972],[-3.26817,39.4713],[-3.25534,39.47075],[-3.22764,39.47366],[-3.20795,39.47628],[-3.20539,39.4762],[-3.2005,39.47524],[-3.18516,39.475],[-3.18414,39.48818],[-3.17066,39.49259],[-3.15732,39.49615],[-3.14838,39.49599],[-3.14343,39.49556],[-3.13536,39.49112],[-3.12181,39.48225],[-3.11006,39.47604],[-3.10733,39.47577],[-3.10482,39.47512],[-3.10017,39.47538],[-3.09717,39.47382],[-3.08666,39.46603],[-3.08297,39.46392],[-3.07575,39.4581],[-3.07265,39.45379],[-3.0696,39.45031],[-3.06185,39.44991],[-3.055,39.4513],[-3.04981,39.45075],[-3.02259,39.45703],[-3.02093,39.45336],[-3.01487,39.44508],[-3.00891,39.44347],[-2.99944,39.44158],[-2.9999,39.44819],[-2.99584,39.45061],[-2.97796,39.44519],[-2.9579,39.44775],[-2.9543,39.45546],[-2.93177,39.47145],[-2.9297,39.46746],[-2.93189,39.45354],[-2.91583,39.4476],[-2.90733,39.42978],[-2.9005,39.42857],[-2.89753,39.42303],[-2.89015,39.42054],[-2.88549,39.4054],[-2.87235,39.39281],[-2.87145,39.38467],[-2.88564,39.38365],[-2.89572,39.36674],[-2.89287,39.35875],[-2.88218,39.35013],[-2.86541,39.35573],[-2.85773,39.34809],[-2.84646,39.34898],[-2.83366,39.35926],[-2.82707,39.35982],[-2.81357,39.37504],[-2.80477,39.38173],[-2.7998,39.39005],[-2.79842,39.39115],[-2.79442,39.39157],[-2.79256,39.39281],[-2.79298,39.39718],[-2.79085,39.39772],[-2.77787,39.39543],[-2.77637,39.39281],[-2.77206,39.37021],[-2.76342,39.35815],[-2.75595,39.3362],[-2.74293,39.3183],[-2.73623,39.29635],[-2.7247,39.28103],[-2.72369,39.26489],[-2.73148,39.25448],[-2.76055,39.22967],[-2.78153,39.19719],[-2.80781,39.17688],[-2.82179,39.15469],[-2.84054,39.13576],[-2.83365,39.11988],[-2.83219,39.10659],[-2.82262,39.09218],[-2.81544,39.09283],[-2.80602,39.07941],[-2.80946,39.05386],[-2.80727,39.0434],[-2.81013,39.02505],[-2.83279,39.02189],[-2.84428,38.98734],[-2.87071,38.96476],[-2.87259,38.96],[-2.8774,38.95616],[-2.88078,38.95101],[-2.88218,38.93948],[-2.87622,38.92554],[-2.86497,38.92879],[-2.85757,38.92717],[-2.83598,38.9065],[-2.80151,38.90784],[-2.79375,38.90527],[-2.7901,38.89176],[-2.76344,38.88107],[-2.76084,38.86922],[-2.7564,38.86782],[-2.75629,38.86434],[-2.75523,38.85891],[-2.75218,38.85187],[-2.75114,38.84838],[-2.75116,38.84414],[-2.75025,38.84153],[-2.7501,38.83518],[-2.74932,38.83156],[-2.75238,38.82319],[-2.75283,38.81982],[-2.75268,38.81476],[-2.75144,38.81237],[-2.75027,38.80714],[-2.748,38.8056],[-2.74362,38.80332],[-2.73452,38.79532],[-2.73276,38.791],[-2.73253,38.78774],[-2.73302,38.7849],[-2.73224,38.78188],[-2.72897,38.78273],[-2.72594,38.78292],[-2.71173,38.78562],[-2.69549,38.78244],[-2.67536,38.76262],[-2.66605,38.75887],[-2.66298,38.75355],[-2.64872,38.74889],[-2.64345,38.74641],[-2.64015,38.74177],[-2.63788,38.73465],[-2.64182,38.72117],[-2.64382,38.71811],[-2.64675,38.71551],[-2.64804,38.70749],[-2.64971,38.70085],[-2.64946,38.69844],[-2.64869,38.69619],[-2.64902,38.69302],[-2.65468,38.68079],[-2.65555,38.67146],[-2.66907,38.65012],[-2.68055,38.64507],[-2.68734,38.63537],[-2.701,38.62588],[-2.71612,38.62481],[-2.72366,38.61834],[-2.72927,38.61724],[-2.76368,38.62791],[-2.75053,38.61385],[-2.75766,38.58353],[-2.76549,38.57388],[-2.757,38.5593],[-2.74774,38.5462],[-2.75862,38.53542],[-2.76207,38.53278],[-2.77268,38.5282],[-2.77115,38.52137],[-2.7792,38.51547],[-2.77888,38.5107],[-2.78057,38.50936],[-2.78669,38.51343],[-2.7872,38.5106],[-2.79267,38.50751],[-2.7931,38.50284],[-2.80006,38.50378],[-2.80139,38.50064],[-2.80604,38.50227],[-2.80818,38.49723],[-2.83129,38.48626],[-2.83149,38.47808],[-2.8379,38.48343],[-2.84117,38.47871],[-2.85144,38.47954],[-2.85299,38.47493],[-2.85643,38.47429],[-2.87865,38.46321],[-2.87939,38.45808],[-2.88377,38.45678],[-2.88148,38.45267],[-2.90677,38.46971],[-2.91408,38.46861],[-2.93868,38.47416],[-2.95503,38.46916],[-2.96379,38.47066],[-2.97559,38.45621],[-2.9943,38.44812],[-2.99294,38.42733],[-3.00251,38.40829],[-3.00779,38.41753],[-3.06547,38.47762],[-3.11983,38.44749],[-3.13019,38.4388],[-3.13828,38.43861],[-3.14992,38.44009],[-3.15517,38.44152],[-3.18002,38.44995],[-3.19141,38.45024],[-3.1946,38.45105],[-3.20054,38.45144],[-3.20962,38.45279],[-3.21953,38.45294],[-3.27965,38.46083],[-3.28742,38.46799],[-3.29786,38.47169],[-3.30526,38.47931],[-3.30702,38.47996],[-3.3103,38.48053],[-3.31326,38.47958],[-3.32025,38.47991],[-3.32649,38.48215],[-3.33535,38.48053],[-3.37501,38.47527],[-3.38038,38.45058],[-3.3775,38.4397],[-3.403,38.42462],[-3.4105,38.42294],[-3.42521,38.40743],[-3.43354,38.40738],[-3.45317,38.40023],[-3.47205,38.39845],[-3.48445,38.40362],[-3.52722,38.40916],[-3.53371,38.41725],[-3.53277,38.43305],[-3.53632,38.44035],[-3.54333,38.4457],[-3.56787,38.45178],[-3.58277,38.4503],[-3.58598,38.43495],[-3.58583,38.40708],[-3.59825,38.3985],[-3.62204,38.39438],[-3.65167,38.40504],[-3.70009,38.41319],[-3.72861,38.42361],[-3.73968,38.41402],[-3.76465,38.42408],[-3.78253,38.42516],[-3.82431,38.41633],[-3.83008,38.41283],[-3.83107,38.40439],[-3.83257,38.39971],[-3.83058,38.39294],[-3.83386,38.39029],[-3.83815,38.38581],[-3.84541,38.38182],[-3.84981,38.37815],[-3.85431,38.37518],[-3.85988,38.37334],[-3.87322,38.37688],[-3.91329,38.3693],[-3.96446,38.36627],[-3.99155,38.36987],[-4.00537,38.3682],[-4.02576,38.37468],[-4.04667,38.37747],[-4.06867,38.37961],[-4.0849,38.37695],[-4.10957,38.3819],[-4.12731,38.37958],[-4.14495,38.38647],[-4.1576,38.38193],[-4.22246,38.39712],[-4.25582,38.40136],[-4.2654,38.39889],[-4.27616,38.38977],[-4.27801,38.37797],[-4.27162,38.36282],[-4.26889,38.34721],[-4.27535,38.34924],[-4.28694,38.34364],[-4.29684,38.34982],[-4.30758,38.35227],[-4.32083,38.36181],[-4.33185,38.36186],[-4.33669,38.36635],[-4.39018,38.38612],[-4.40645,38.38399],[-4.41689,38.39409],[-4.42935,38.39656],[-4.4352,38.40228],[-4.44934,38.40061],[-4.46189,38.41081],[-4.47127,38.42566],[-4.49191,38.44081],[-4.49829,38.44355],[-4.50352,38.45055],[-4.51102,38.46224],[-4.52604,38.46461],[-4.53488,38.47034],[-4.54179,38.4806],[-4.55687,38.47708],[-4.56663,38.49015],[-4.57174,38.48858],[-4.577,38.49294],[-4.58271,38.4932],[-4.59208,38.48668],[-4.60731,38.49447],[-4.61831,38.508],[-4.62261,38.52257],[-4.633,38.52544],[-4.66727,38.54782],[-4.67917,38.54697],[-4.69959,38.55113],[-4.70443,38.55475],[-4.70163,38.56141],[-4.70694,38.5713],[-4.73345,38.57469],[-4.73578,38.5757],[-4.73855,38.57745],[-4.74104,38.57765],[-4.78877,38.59666],[-4.82002,38.5964],[-4.83635,38.60796],[-4.85973,38.61444],[-4.867,38.63015],[-4.86465,38.6396],[-4.86781,38.64826],[-4.86713,38.65978],[-4.87045,38.67476],[-4.86892,38.68098],[-4.87701,38.68614],[-4.91051,38.68671],[-4.92063,38.68479],[-4.92225,38.68292],[-4.92382,38.68203],[-4.9333,38.68146],[-4.94091,38.68158],[-4.95521,38.68348],[-4.96943,38.68658],[-4.98697,38.69137],[-4.99917,38.69424],[-5.00146,38.69505],[-5.00465,38.69514],[-5.00122,38.69781],[-5.00102,38.70348],[-5.00842,38.71525],[-5.02493,38.72588],[-5.047,38.72913],[-5.03722,38.73336],[-5.01471,38.73552],[-5.00325,38.7337],[-4.99197,38.73895],[-4.973,38.76145],[-4.96826,38.77605],[-4.96137,38.78905],[-4.95367,38.83001],[-4.94887,38.8402],[-4.94456,38.84718],[-4.94371,38.85104],[-4.94353,38.85443],[-4.93463,38.86488],[-4.92802,38.86998],[-4.9243,38.87685],[-4.92232,38.87848],[-4.91881,38.88066],[-4.91498,38.88749],[-4.86664,38.88696],[-4.85354,38.88296],[-4.84929,38.88214],[-4.84685,38.88463],[-4.84158,38.91799],[-4.83192,38.93617],[-4.83465,38.93963],[-4.84286,38.94075],[-4.84306,38.94514],[-4.87828,38.94865],[-4.89034,38.95293],[-4.89421,38.95995],[-4.90384,38.96288],[-4.91826,38.9571],[-4.92897,38.96878],[-4.9321,38.97288],[-4.93371,38.97563],[-4.93691,38.98532],[-4.93612,38.99025],[-4.93709,38.99682],[-4.94424,39.00682],[-4.94532,39.00883],[-4.94761,39.01632],[-4.94858,39.02222],[-4.94989,39.02669],[-4.95167,39.0315],[-4.96034,39.04801],[-4.96191,39.05239],[-4.96255,39.05878],[-4.95961,39.05775],[-4.95442,39.05774],[-4.94866,39.0563],[-4.94145,39.05655],[-4.91334,39.04784],[-4.88519,39.03377],[-4.86153,39.03249],[-4.8477,39.04587],[-4.83392,39.04634],[-4.82586,39.0626],[-4.83768,39.07143],[-4.85891,39.07784],[-4.87412,39.09945],[-4.87039,39.11242],[-4.85655,39.12494],[-4.85735,39.13488],[-4.85341,39.15159],[-4.84476,39.16132],[-4.83246,39.16511],[-4.83144,39.17615],[-4.82192,39.18099],[-4.80665,39.19828],[-4.77373,39.18985],[-4.74009,39.19393],[-4.71398,39.18734],[-4.6777,39.1703],[-4.64901,39.16495],[-4.64909,39.17067],[-4.66183,39.17852],[-4.66337,39.18426],[-4.68197,39.19331],[-4.68983,39.20389],[-4.70703,39.21016],[-4.70596,39.215],[-4.71448,39.2439],[-4.73168,39.25175],[-4.73137,39.25521],[-4.7405,39.28182],[-4.75994,39.32036],[-4.73528,39.32649],[-4.70803,39.32866],[-4.70906,39.35],[-4.70409,39.36405],[-4.69518,39.37331],[-4.69345,39.38178],[-4.68704,39.38725],[-4.68699,39.39281],[-4.67315,39.40976],[-4.6697,39.42275],[-4.68484,39.44062],[-4.68694,39.44973],[-4.65976,39.45396],[-4.64055,39.44987],[-4.61817,39.45444],[-4.61163,39.46018],[-4.61474,39.46597],[-4.61392,39.48196],[-4.61403,39.4853],[-4.61846,39.48469],[-4.59155,39.4989],[-4.56908,39.49765],[-4.55566,39.51009],[-4.55959,39.51765],[-4.56085,39.53298],[-4.54392,39.54307],[-4.5414,39.53802],[-4.53517,39.53507],[-4.52922,39.54502],[-4.53035,39.55527],[-4.52406,39.56111],[-4.52029,39.55573],[-4.50693,39.54803],[-4.48346,39.53887],[-4.48534,39.53655],[-4.50036,39.53528],[-4.50809,39.52366],[-4.48785,39.50089],[-4.48176,39.48726],[-4.46162,39.47859],[-4.4621,39.4889],[-4.45283,39.51642],[-4.44253,39.52271],[-4.43213,39.51904],[-4.42139,39.50749],[-4.37298,39.49606],[-4.36299,39.49591],[-4.32086,39.48399],[-4.2373,39.47917],[-4.20728,39.48735],[-4.19396,39.49513],[-4.16698,39.56543],[-4.15876,39.5768],[-4.13787,39.56612]]],[[[-4.76766,39.43089],[-4.76625,39.42483],[-4.75574,39.42518],[-4.75541,39.41576],[-4.77463,39.3978],[-4.80672,39.39728],[-4.82259,39.39281],[-4.84481,39.38022],[-4.85969,39.37971],[-4.87181,39.36935],[-4.90104,39.37522],[-4.92091,39.38694],[-4.93163,39.38847],[-4.93357,39.39281],[-4.93567,39.39551],[-4.94078,39.39516],[-4.94221,39.3994],[-4.94146,39.40248],[-4.93183,39.42562],[-4.92669,39.43429],[-4.92648,39.43726],[-4.92519,39.44084],[-4.9238,39.44341],[-4.91997,39.45642],[-4.91304,39.4733],[-4.91228,39.47713],[-4.91102,39.4792],[-4.91176,39.4825],[-4.91033,39.4886],[-4.90825,39.49373],[-4.90304,39.50374],[-4.89936,39.5063],[-4.89808,39.51266],[-4.89606,39.5154],[-4.89166,39.51917],[-4.88899,39.52662],[-4.87978,39.53841],[-4.8722,39.54399],[-4.86316,39.55619],[-4.84788,39.55188],[-4.81132,39.53025],[-4.78734,39.52539],[-4.76312,39.5139],[-4.74393,39.48943],[-4.749,39.46804],[-4.74167,39.45539],[-4.75244,39.44797],[-4.76766,39.43089]]]]}},{"type":"Feature","properties":{"region_key":"ES242","name_pt":"Teruel","name_es":"Teruel","name_en":"Teruel","kind":"district_province","source_nuts_id":"ES242"},"geometry":{"type":"Polygon","coordinates":[[[-0.55921,41.35372],[-0.55041,41.34616],[-0.52439,41.34843],[-0.51007,41.35359],[-0.49294,41.35111],[-0.47989,41.34593],[-0.47874,41.34279],[-0.47735,41.3346],[-0.47703,41.32931],[-0.47468,41.32407],[-0.47013,41.31825],[-0.45974,41.31599],[-0.45749,41.31767],[-0.4434,41.31328],[-0.42072,41.31174],[-0.42515,41.3084],[-0.42758,41.29273],[-0.4009,41.27076],[-0.3981,41.26952],[-0.39134,41.26765],[-0.38581,41.26544],[-0.38159,41.26468],[-0.37826,41.26541],[-0.34887,41.24703],[-0.34569,41.24116],[-0.32623,41.24542],[-0.32359,41.25411],[-0.31453,41.25561],[-0.27971,41.22767],[-0.26857,41.21481],[-0.25398,41.21332],[-0.24637,41.21192],[-0.24312,41.20979],[-0.2361,41.20169],[-0.23213,41.19588],[-0.23082,41.19447],[-0.22524,41.19001],[-0.22243,41.18886],[-0.21534,41.19072],[-0.20466,41.19175],[-0.17995,41.18757],[-0.15016,41.17377],[-0.12275,41.15692],[-0.10194,41.14956],[-0.07956,41.15054],[-0.07011,41.14367],[-0.05133,41.13772],[-0.03782,41.1294],[-0.02502,41.12749],[-0.01218,41.12025],[-0.00764,41.1023],[-0.00157,41.09203],[0.02439,41.06498],[0.03697,41.04657],[0.05098,41.0547],[0.05854,41.07529],[0.07746,41.08004],[0.11614,41.07712],[0.14591,41.06304],[0.16843,41.07073],[0.19792,41.06833],[0.22075,41.07133],[0.21806,41.06652],[0.2193,41.06159],[0.22816,41.05829],[0.22993,41.05476],[0.21875,41.04804],[0.21804,41.04475],[0.22119,41.04194],[0.22789,41.04677],[0.23317,41.04636],[0.23045,41.03864],[0.2343,41.03436],[0.24184,41.03492],[0.24632,41.04064],[0.25969,41.02812],[0.2725,41.02509],[0.27981,41.0198],[0.26303,41.01907],[0.25984,41.01543],[0.26181,41.01182],[0.27363,41.00671],[0.26931,40.99883],[0.28113,40.9862],[0.28115,40.97491],[0.29254,40.97077],[0.28546,40.96496],[0.28148,40.95301],[0.27261,40.9446],[0.27434,40.93663],[0.26767,40.92976],[0.26016,40.92749],[0.25384,40.91965],[0.25388,40.91336],[0.2493,40.90953],[0.25236,40.90508],[0.24943,40.89569],[0.24501,40.88762],[0.23983,40.88444],[0.254,40.87437],[0.25195,40.85601],[0.26069,40.83833],[0.27133,40.82806],[0.2786,40.82165],[0.27309,40.81882],[0.26279,40.81011],[0.25776,40.80023],[0.24983,40.79852],[0.24403,40.79183],[0.23357,40.78699],[0.23281,40.77939],[0.23393,40.77654],[0.22754,40.76655],[0.21271,40.76704],[0.19012,40.75131],[0.1767,40.75381],[0.17499,40.7413],[0.16689,40.74213],[0.17049,40.73294],[0.16226,40.7229],[0.14136,40.71821],[0.12386,40.7208],[0.11659,40.72509],[0.11502,40.72774],[0.07275,40.71431],[0.04224,40.69101],[0.03675,40.69345],[0.02663,40.6948],[0.02449,40.7048],[0.02799,40.71375],[0.01785,40.72098],[0.01647,40.72721],[-0.01789,40.73104],[-0.03181,40.72317],[-0.0436,40.72621],[-0.05371,40.72788],[-0.06556,40.72787],[-0.10198,40.74271],[-0.13203,40.75735],[-0.14605,40.77366],[-0.14448,40.78544],[-0.16286,40.78824],[-0.19712,40.78446],[-0.19539,40.78231],[-0.20937,40.76788],[-0.21279,40.75885],[-0.22472,40.7524],[-0.23188,40.72877],[-0.2392,40.71805],[-0.23351,40.70855],[-0.23748,40.69794],[-0.2372,40.69154],[-0.2504,40.69057],[-0.26094,40.6851],[-0.27697,40.68075],[-0.28806,40.67316],[-0.29357,40.67397],[-0.30695,40.6595],[-0.3171,40.66432],[-0.32305,40.67728],[-0.33002,40.67992],[-0.35588,40.67732],[-0.36893,40.67247],[-0.37167,40.66815],[-0.37901,40.66618],[-0.38147,40.66159],[-0.37145,40.65012],[-0.37898,40.62645],[-0.37774,40.61981],[-0.37043,40.61419],[-0.35941,40.61514],[-0.34617,40.6117],[-0.34324,40.60653],[-0.33437,40.60711],[-0.32267,40.60356],[-0.31308,40.61054],[-0.29908,40.61292],[-0.29323,40.61105],[-0.29425,40.58396],[-0.29933,40.57608],[-0.2954,40.5662],[-0.29619,40.56452],[-0.29117,40.55216],[-0.29123,40.5441],[-0.2974,40.53153],[-0.3018,40.51773],[-0.29847,40.50731],[-0.28758,40.50877],[-0.28162,40.50443],[-0.27599,40.49577],[-0.27978,40.48496],[-0.27151,40.47846],[-0.27326,40.47443],[-0.29059,40.47084],[-0.29496,40.46614],[-0.30797,40.46545],[-0.33386,40.45734],[-0.3431,40.44356],[-0.34698,40.44327],[-0.33139,40.42444],[-0.31423,40.41513],[-0.30068,40.39757],[-0.28877,40.38897],[-0.28342,40.38217],[-0.28028,40.36891],[-0.31445,40.35718],[-0.32321,40.34805],[-0.33933,40.33922],[-0.34243,40.32709],[-0.34892,40.32719],[-0.34931,40.32089],[-0.35449,40.31445],[-0.36334,40.31555],[-0.36998,40.30593],[-0.38072,40.30847],[-0.39007,40.30565],[-0.39091,40.29989],[-0.39905,40.29535],[-0.38322,40.27759],[-0.38419,40.26512],[-0.38823,40.26143],[-0.45183,40.23557],[-0.46246,40.23482],[-0.47098,40.23845],[-0.49455,40.22965],[-0.50151,40.2332],[-0.51053,40.23179],[-0.52771,40.23853],[-0.54306,40.25045],[-0.54785,40.24427],[-0.55756,40.21272],[-0.55902,40.21011],[-0.55784,40.20085],[-0.56091,40.19737],[-0.56117,40.19462],[-0.56369,40.18866],[-0.57211,40.18148],[-0.57348,40.17104],[-0.5697,40.15847],[-0.57905,40.14652],[-0.58008,40.13724],[-0.58562,40.13257],[-0.59431,40.13285],[-0.60924,40.12571],[-0.62772,40.10405],[-0.62865,40.1021],[-0.62463,40.09474],[-0.62245,40.08925],[-0.62128,40.08778],[-0.61896,40.08337],[-0.61347,40.06959],[-0.62144,40.06859],[-0.62444,40.07498],[-0.62934,40.07461],[-0.64585,40.06648],[-0.66419,40.05115],[-0.67968,40.04571],[-0.70279,40.04631],[-0.71351,40.04273],[-0.71622,40.04037],[-0.73155,40.04196],[-0.74699,40.03863],[-0.75354,40.04547],[-0.76227,40.04126],[-0.76798,40.01016],[-0.77742,39.99935],[-0.78915,39.99067],[-0.8025,39.99051],[-0.81545,39.98294],[-0.83534,39.97863],[-0.84034,39.96926],[-0.83653,39.95954],[-0.84413,39.95403],[-0.84549,39.94791],[-0.8368,39.93258],[-0.8392,39.92506],[-0.83125,39.9088],[-0.80731,39.89412],[-0.79753,39.88325],[-0.79764,39.88108],[-0.82837,39.87096],[-0.86416,39.84748],[-0.88762,39.85248],[-0.89501,39.85679],[-0.90884,39.86725],[-0.91184,39.87278],[-0.9076,39.88545],[-0.90098,39.89235],[-0.90832,39.89883],[-0.91312,39.91907],[-0.90865,39.92642],[-0.90359,39.92758],[-0.90299,39.93119],[-0.90586,39.94184],[-0.92041,39.96442],[-0.93157,39.95693],[-0.94943,39.9668],[-0.97625,39.97575],[-0.99086,39.98152],[-1.00459,39.98124],[-1.02568,39.97509],[-1.06035,39.9803],[-1.08388,39.97673],[-1.08757,39.97044],[-1.09291,39.9687],[-1.1037,39.97427],[-1.1094,39.9702],[-1.11423,39.97242],[-1.12552,39.96273],[-1.13146,39.97001],[-1.14236,39.97186],[-1.14732,39.98861],[-1.16329,39.99984],[-1.16515,40.01011],[-1.14565,40.01646],[-1.1336,40.01613],[-1.08454,40.03663],[-1.07185,40.05374],[-1.07259,40.05997],[-1.08265,40.07127],[-1.1112,40.09217],[-1.13263,40.09791],[-1.13564,40.10405],[-1.14985,40.11478],[-1.20138,40.11086],[-1.24497,40.11614],[-1.25064,40.123],[-1.24634,40.12761],[-1.24855,40.13522],[-1.24427,40.14598],[-1.2467,40.14662],[-1.25303,40.14402],[-1.27599,40.16213],[-1.27719,40.16725],[-1.28424,40.1723],[-1.28755,40.18277],[-1.29582,40.19745],[-1.29364,40.20701],[-1.2982,40.2117],[-1.30033,40.20702],[-1.31638,40.1998],[-1.32296,40.18487],[-1.32232,40.17238],[-1.31734,40.16257],[-1.31935,40.14711],[-1.33572,40.14197],[-1.35574,40.12971],[-1.36226,40.1308],[-1.36528,40.13841],[-1.38489,40.13821],[-1.38774,40.13678],[-1.3892,40.13535],[-1.39125,40.13453],[-1.39354,40.13438],[-1.39715,40.13526],[-1.40055,40.13661],[-1.40455,40.13919],[-1.41171,40.14082],[-1.42237,40.14236],[-1.42762,40.14076],[-1.42972,40.13935],[-1.43183,40.13928],[-1.43654,40.14054],[-1.44085,40.14259],[-1.44553,40.14361],[-1.44883,40.14536],[-1.44234,40.15762],[-1.44249,40.16534],[-1.43918,40.19703],[-1.47432,40.18528],[-1.51097,40.20342],[-1.52255,40.20175],[-1.53156,40.19301],[-1.54046,40.19082],[-1.5724,40.21474],[-1.59236,40.23572],[-1.60603,40.24288],[-1.63837,40.26552],[-1.65985,40.28469],[-1.66757,40.29518],[-1.69198,40.30825],[-1.70258,40.3037],[-1.70914,40.29379],[-1.71203,40.2801],[-1.71818,40.27773],[-1.72518,40.28518],[-1.72923,40.30174],[-1.71989,40.31717],[-1.70518,40.31423],[-1.69824,40.31675],[-1.69831,40.32091],[-1.72111,40.34095],[-1.74193,40.35066],[-1.76838,40.38309],[-1.7783,40.39147],[-1.78879,40.3927],[-1.79156,40.39726],[-1.80566,40.39799],[-1.80012,40.4139],[-1.79364,40.41718],[-1.78541,40.41446],[-1.77721,40.42915],[-1.75819,40.45106],[-1.74803,40.46329],[-1.73503,40.47205],[-1.72571,40.47478],[-1.71415,40.47988],[-1.70933,40.48156],[-1.70048,40.48312],[-1.69249,40.48684],[-1.69516,40.49372],[-1.6955,40.51135],[-1.70149,40.53903],[-1.69032,40.5658],[-1.69327,40.57766],[-1.6858,40.57992],[-1.67808,40.59097],[-1.67431,40.59219],[-1.66644,40.58206],[-1.65369,40.58197],[-1.64327,40.58016],[-1.63423,40.57981],[-1.62969,40.57608],[-1.60229,40.56458],[-1.59873,40.56207],[-1.58716,40.56942],[-1.58288,40.56947],[-1.56667,40.57973],[-1.55568,40.586],[-1.54964,40.59313],[-1.54549,40.59521],[-1.55302,40.60241],[-1.55491,40.60484],[-1.55537,40.6072],[-1.56484,40.61475],[-1.55571,40.62872],[-1.55154,40.64339],[-1.53897,40.6581],[-1.53834,40.68937],[-1.55259,40.70897],[-1.55411,40.7156],[-1.55594,40.7165],[-1.55885,40.71928],[-1.56066,40.73812],[-1.562,40.73976],[-1.55528,40.75009],[-1.54161,40.75969],[-1.5402,40.76385],[-1.54268,40.77094],[-1.53922,40.79265],[-1.54232,40.81123],[-1.54466,40.8162],[-1.55334,40.82349],[-1.55674,40.82882],[-1.57131,40.83138],[-1.59221,40.84987],[-1.59367,40.85327],[-1.60277,40.8594],[-1.62029,40.87949],[-1.62527,40.89828],[-1.61249,40.91338],[-1.6083,40.92689],[-1.61743,40.94374],[-1.58955,40.93622],[-1.58171,40.94081],[-1.557,40.93972],[-1.51484,40.955],[-1.50805,40.96065],[-1.50533,40.96413],[-1.47297,40.94881],[-1.46986,40.95919],[-1.4469,40.97654],[-1.44753,40.98754],[-1.4585,41.00533],[-1.46393,41.00967],[-1.47166,41.01042],[-1.47638,41.01494],[-1.45792,41.01836],[-1.45223,41.02016],[-1.44002,41.02618],[-1.43365,41.02567],[-1.42229,41.02717],[-1.41479,41.03247],[-1.41182,41.03659],[-1.41559,41.04387],[-1.40597,41.05064],[-1.40923,41.05813],[-1.4052,41.06631],[-1.39374,41.0669],[-1.37784,41.0735],[-1.3607,41.08794],[-1.35578,41.08853],[-1.35345,41.08213],[-1.35979,41.07466],[-1.35629,41.06921],[-1.35755,41.06569],[-1.35357,41.05779],[-1.34172,41.05762],[-1.33502,41.05221],[-1.32645,41.05464],[-1.31814,41.04998],[-1.30124,41.05209],[-1.28741,41.04887],[-1.28148,41.05593],[-1.27091,41.05478],[-1.26378,41.06149],[-1.25328,41.07733],[-1.25683,41.08671],[-1.25863,41.08901],[-1.26377,41.0935],[-1.26671,41.09745],[-1.27079,41.1011],[-1.27135,41.10328],[-1.267,41.10553],[-1.26411,41.11091],[-1.25468,41.12258],[-1.2493,41.12562],[-1.2444,41.12661],[-1.23933,41.12684],[-1.2271,41.13023],[-1.21526,41.13752],[-1.20996,41.13881],[-1.20748,41.13616],[-1.20551,41.13519],[-1.19986,41.13083],[-1.19244,41.12701],[-1.17699,41.12806],[-1.17318,41.12444],[-1.15474,41.12771],[-1.15631,41.12904],[-1.12158,41.13493],[-1.12124,41.13886],[-1.1131,41.14277],[-1.11762,41.15086],[-1.11703,41.15548],[-1.10861,41.16468],[-1.10486,41.16678],[-1.09493,41.16287],[-1.08618,41.16414],[-1.08118,41.16132],[-1.05982,41.15099],[-1.05608,41.1479],[-1.04949,41.14419],[-1.04449,41.14084],[-1.04194,41.13841],[-1.03928,41.13472],[-1.0263,41.13802],[-1.00104,41.13434],[-0.98071,41.14545],[-0.97408,41.1516],[-0.98424,41.13908],[-0.9866,41.13346],[-0.9913,41.12835],[-0.99211,41.12414],[-0.99559,41.11915],[-1.00055,41.11471],[-0.99857,41.09523],[-0.99502,41.09257],[-0.98956,41.09114],[-0.97916,41.09083],[-0.95723,41.07635],[-0.94552,41.07572],[-0.93643,41.08379],[-0.91433,41.0925],[-0.91528,41.10516],[-0.9029,41.1115],[-0.89946,41.11967],[-0.89183,41.12444],[-0.8911,41.14474],[-0.88323,41.14876],[-0.8855,41.14089],[-0.8828,41.12987],[-0.86118,41.10905],[-0.82944,41.09689],[-0.81174,41.10077],[-0.7898,41.10775],[-0.79025,41.11214],[-0.7842,41.11862],[-0.78452,41.13442],[-0.78031,41.13871],[-0.78059,41.14676],[-0.76607,41.15807],[-0.76138,41.16966],[-0.75511,41.16746],[-0.72778,41.14285],[-0.71393,41.12374],[-0.69394,41.11229],[-0.67872,41.12266],[-0.66543,41.14515],[-0.64219,41.16907],[-0.61203,41.18995],[-0.61132,41.19482],[-0.62347,41.20014],[-0.64002,41.21774],[-0.66918,41.23684],[-0.66555,41.23891],[-0.66311,41.23941],[-0.65614,41.23833],[-0.65097,41.23796],[-0.64274,41.23836],[-0.63751,41.24179],[-0.627,41.247],[-0.62542,41.24817],[-0.62837,41.25948],[-0.62715,41.27667],[-0.63158,41.2994],[-0.63033,41.30876],[-0.62797,41.31236],[-0.60522,41.32331],[-0.59499,41.31475],[-0.58355,41.30332],[-0.5749,41.2952],[-0.54845,41.26774],[-0.54732,41.26507],[-0.54688,41.26063],[-0.54612,41.25746],[-0.54222,41.247],[-0.53964,41.24168],[-0.53913,41.23964],[-0.53654,41.23612],[-0.53439,41.23172],[-0.53154,41.22781],[-0.5141,41.23463],[-0.50965,41.23828],[-0.50677,41.24707],[-0.50988,41.25923],[-0.52836,41.28913],[-0.54714,41.30129],[-0.56624,41.30411],[-0.57824,41.31559],[-0.58214,41.3248],[-0.58175,41.34812],[-0.56769,41.35391],[-0.55921,41.35372]]]}},{"type":"Feature","properties":{"region_key":"ES532","name_pt":"Mallorca","name_es":"Mallorca","name_en":"Mallorca","kind":"island","source_nuts_id":"ES532"},"geometry":{"type":"Polygon","coordinates":[[[3.2858,39.74006],[3.28814,39.74457],[3.3007,39.74785],[3.30737,39.75429],[3.32596,39.75796],[3.33582,39.76909],[3.33427,39.77423],[3.35385,39.78412],[3.37152,39.77454],[3.37372,39.76842],[3.38476,39.76374],[3.40407,39.76399],[3.40435,39.75897],[3.41028,39.75867],[3.41355,39.75235],[3.42667,39.75167],[3.43242,39.74504],[3.45075,39.74341],[3.46138,39.74808],[3.4573,39.7441],[3.46185,39.73833],[3.45847,39.73782],[3.45276,39.72937],[3.45217,39.72592],[3.45669,39.72801],[3.45272,39.72237],[3.46118,39.71987],[3.47165,39.72177],[3.47438,39.71552],[3.45663,39.70551],[3.45337,39.6931],[3.45487,39.6889],[3.45772,39.68945],[3.45798,39.68445],[3.45221,39.68216],[3.45678,39.67973],[3.45283,39.67442],[3.45714,39.6708],[3.4525,39.66951],[3.45467,39.66134],[3.45072,39.65558],[3.4409,39.65632],[3.43657,39.64787],[3.43878,39.6438],[3.41341,39.63516],[3.40949,39.63767],[3.40439,39.63602],[3.39707,39.62864],[3.39195,39.61837],[3.39249,39.61097],[3.3848,39.59664],[3.38654,39.58753],[3.39413,39.58352],[3.38309,39.57576],[3.37892,39.57594],[3.33879,39.53831],[3.33811,39.54176],[3.33283,39.53854],[3.33187,39.54045],[3.33274,39.53772],[3.33596,39.54022],[3.33682,39.53648],[3.32199,39.52212],[3.31426,39.5208],[3.31678,39.51776],[3.31081,39.51686],[3.31276,39.51433],[3.3,39.50372],[3.30162,39.50059],[3.29603,39.49975],[3.29967,39.49799],[3.29214,39.49412],[3.2944,39.48745],[3.29308,39.4848],[3.28726,39.48626],[3.28644,39.48424],[3.29025,39.48328],[3.28645,39.48269],[3.29114,39.48105],[3.28336,39.46714],[3.27961,39.46667],[3.28272,39.46494],[3.27746,39.45697],[3.27982,39.45534],[3.27677,39.45205],[3.27708,39.43537],[3.27255,39.42847],[3.27649,39.42296],[3.26881,39.42756],[3.26727,39.42363],[3.26614,39.42795],[3.26566,39.425],[3.26095,39.42402],[3.26278,39.42128],[3.25897,39.41602],[3.26419,39.41576],[3.26177,39.41037],[3.25863,39.41011],[3.26158,39.40908],[3.25871,39.40398],[3.25418,39.40366],[3.25655,39.40294],[3.25223,39.39927],[3.25433,39.40013],[3.25434,39.39441],[3.24759,39.39317],[3.25271,39.39193],[3.25054,39.3873],[3.24645,39.38818],[3.24793,39.38254],[3.2413,39.37675],[3.23936,39.37954],[3.23985,39.37555],[3.23294,39.37302],[3.23246,39.3694],[3.22988,39.37094],[3.23019,39.36797],[3.22206,39.37288],[3.22873,39.36629],[3.22104,39.35989],[3.21582,39.35788],[3.2162,39.36162],[3.21095,39.36474],[3.21136,39.36079],[3.20827,39.36097],[3.21227,39.35989],[3.20927,39.35556],[3.2136,39.3563],[3.20215,39.35079],[3.1853,39.35042],[3.1922,39.346],[3.15321,39.32721],[3.1464,39.33009],[3.1459,39.32627],[3.13918,39.3242],[3.14231,39.32196],[3.11811,39.31313],[3.11023,39.30292],[3.10701,39.30236],[3.09099,39.29007],[3.07911,39.27688],[3.0608,39.26907],[3.02931,39.30463],[3.00131,39.31769],[2.99138,39.34728],[2.95883,39.36323],[2.92891,39.36421],[2.91261,39.35867],[2.89865,39.35946],[2.88178,39.3662],[2.87468,39.36278],[2.84431,39.36592],[2.83854,39.36285],[2.82545,39.36359],[2.78663,39.37592],[2.76173,39.40021],[2.75123,39.45478],[2.73658,39.4621],[2.73951,39.4783],[2.75489,39.50263],[2.7435,39.52338],[2.7151,39.54352],[2.68165,39.55866],[2.6454,39.56565],[2.63401,39.55941],[2.63502,39.5635],[2.64413,39.56707],[2.6414,39.56885],[2.63683,39.5656],[2.63807,39.56834],[2.63398,39.56463],[2.63343,39.56727],[2.63901,39.56866],[2.63189,39.56815],[2.62709,39.5599],[2.62977,39.56001],[2.62988,39.55772],[2.6297,39.55929],[2.62706,39.55981],[2.62597,39.55704],[2.62855,39.55715],[2.61085,39.54952],[2.60805,39.55205],[2.60054,39.55107],[2.59577,39.54679],[2.59717,39.54362],[2.56941,39.53165],[2.5584,39.53109],[2.55398,39.52855],[2.5522,39.52473],[2.5513,39.52706],[2.53991,39.52362],[2.53727,39.51769],[2.53917,39.5132],[2.54726,39.51116],[2.53692,39.508],[2.53477,39.50621],[2.53372,39.50404],[2.53713,39.50059],[2.53402,39.49524],[2.53722,39.49329],[2.5366,39.4879],[2.53278,39.48752],[2.53059,39.48131],[2.52094,39.47637],[2.52019,39.47285],[2.49527,39.47049],[2.47169,39.49791],[2.46901,39.50589],[2.47213,39.51205],[2.47883,39.51372],[2.4797,39.51776],[2.45395,39.53742],[2.43799,39.5325],[2.44043,39.52879],[2.43478,39.52705],[2.43196,39.52885],[2.43069,39.52911],[2.43069,39.52858],[2.42596,39.53742],[2.4136,39.5391],[2.40533,39.53644],[2.40717,39.53103],[2.40483,39.52792],[2.39186,39.52375],[2.3877,39.52609],[2.38813,39.53395],[2.3803,39.53308],[2.37725,39.5396],[2.39055,39.54621],[2.38558,39.54807],[2.37513,39.54415],[2.36623,39.55508],[2.35564,39.55866],[2.35185,39.5725],[2.35452,39.57671],[2.35087,39.57872],[2.35172,39.59639],[2.35509,39.5963],[2.35598,39.60556],[2.35898,39.60555],[2.36867,39.61395],[2.3852,39.61356],[2.39597,39.61773],[2.41159,39.628],[2.422,39.62997],[2.4233,39.63858],[2.46223,39.65203],[2.48381,39.67222],[2.48864,39.67165],[2.49907,39.68483],[2.50768,39.69037],[2.51628,39.69056],[2.52777,39.70154],[2.54163,39.69862],[2.55547,39.69999],[2.58733,39.71719],[2.59974,39.73288],[2.62279,39.74799],[2.62296,39.75627],[2.62769,39.75329],[2.63569,39.76522],[2.64121,39.76007],[2.66332,39.77252],[2.66583,39.77584],[2.66426,39.77985],[2.68383,39.79641],[2.68356,39.79376],[2.69429,39.79122],[2.69563,39.79726],[2.69319,39.79786],[2.69365,39.79546],[2.68919,39.79797],[2.70142,39.81192],[2.70429,39.80852],[2.71129,39.81579],[2.72733,39.82379],[2.74607,39.83109],[2.74756,39.8278],[2.76247,39.83252],[2.76608,39.83502],[2.76732,39.84302],[2.77579,39.83988],[2.7744,39.85036],[2.78301,39.8556],[2.78675,39.85264],[2.79239,39.85653],[2.80033,39.85102],[2.80571,39.85251],[2.80188,39.85828],[2.80462,39.86228],[2.81547,39.85686],[2.82268,39.85751],[2.82426,39.86097],[2.82483,39.85661],[2.83838,39.8653],[2.84502,39.86177],[2.85319,39.87429],[2.8749,39.87798],[2.88904,39.89114],[2.9011,39.8969],[2.9084,39.89505],[2.91872,39.89711],[2.92004,39.90202],[2.93139,39.90185],[2.94711,39.9174],[2.95243,39.91851],[2.96372,39.91453],[2.96543,39.91039],[2.98237,39.90828],[2.99435,39.91504],[3.00144,39.92375],[3.05862,39.93273],[3.06106,39.9325],[3.05478,39.9219],[3.05492,39.92134],[3.05619,39.9208],[3.05893,39.9221],[3.05762,39.92014],[3.06042,39.91939],[3.06605,39.92309],[3.08071,39.92476],[3.096,39.93582],[3.10166,39.93505],[3.09463,39.92911],[3.09762,39.92779],[3.10633,39.93223],[3.11377,39.93113],[3.11814,39.93505],[3.11897,39.93169],[3.12188,39.93191],[3.13171,39.93855],[3.13256,39.9447],[3.14541,39.95022],[3.14745,39.95409],[3.15987,39.95574],[3.16562,39.95985],[3.17154,39.95814],[3.1796,39.96123],[3.18015,39.95851],[3.17316,39.95207],[3.17956,39.95108],[3.19063,39.9576],[3.19234,39.95462],[3.20671,39.95826],[3.21304,39.9556],[3.20362,39.94916],[3.16847,39.93639],[3.1315,39.9269],[3.12745,39.91679],[3.1158,39.91066],[3.09693,39.91352],[3.09663,39.90909],[3.08732,39.91043],[3.08317,39.9065],[3.08843,39.90459],[3.08592,39.90199],[3.08792,39.90456],[3.08318,39.9061],[3.07901,39.89573],[3.08234,39.87802],[3.08985,39.86675],[3.10649,39.85764],[3.11602,39.8646],[3.1202,39.86147],[3.12247,39.86455],[3.12541,39.86297],[3.13182,39.86929],[3.13498,39.86549],[3.14349,39.86497],[3.14562,39.86606],[3.14276,39.86723],[3.14808,39.86675],[3.15244,39.87213],[3.15916,39.87137],[3.16389,39.87375],[3.16648,39.87759],[3.17058,39.87618],[3.17205,39.87932],[3.18628,39.88441],[3.18975,39.88695],[3.18781,39.88889],[3.20352,39.89027],[3.20404,39.88813],[3.1882,39.88155],[3.19047,39.87723],[3.18711,39.87698],[3.18878,39.87368],[3.18412,39.87075],[3.18665,39.8633],[3.19443,39.86251],[3.19313,39.85957],[3.18149,39.85139],[3.16521,39.84589],[3.13331,39.84098],[3.13153,39.83739],[3.13205,39.84088],[3.12808,39.83981],[3.11909,39.82907],[3.11768,39.81131],[3.12923,39.7892],[3.15272,39.76796],[3.23599,39.73238],[3.2541,39.72954],[3.26042,39.73535],[3.266,39.73355],[3.27481,39.73638],[3.27219,39.73773],[3.27626,39.73948],[3.2858,39.74006]]]}},{"type":"Feature","properties":{"region_key":"ES533","name_pt":"Menorca","name_es":"Menorca","name_en":"Menorca","kind":"island","source_nuts_id":"ES533"},"geometry":{"type":"Polygon","coordinates":[[[3.85052,39.98387],[3.83005,39.99288],[3.83541,39.9943],[3.82524,39.99623],[3.83598,40.00248],[3.8217,39.99554],[3.81292,40.00121],[3.8034,40.01317],[3.80315,40.01813],[3.81047,40.02676],[3.80911,40.03347],[3.8188,40.03971],[3.81772,40.04277],[3.82187,40.04763],[3.8695,40.05579],[3.87876,40.05227],[3.88178,40.05558],[3.88272,40.05308],[3.88477,40.05523],[3.88193,40.05791],[3.88469,40.05838],[3.90441,40.05548],[3.90952,40.0484],[3.9132,40.05146],[3.91414,40.0466],[3.91687,40.04844],[3.92112,40.04544],[3.92437,40.04999],[3.92062,40.05239],[3.96791,40.0561],[3.97884,40.0509],[3.98717,40.05223],[3.98762,40.05618],[3.99334,40.0581],[4.01028,40.05943],[4.01626,40.05556],[4.01674,40.05939],[4.04066,40.05856],[4.04117,40.05579],[4.05363,40.05187],[4.05746,40.0584],[4.06375,40.05948],[4.0666,40.05626],[4.07186,40.06013],[4.07625,40.05948],[4.0758,40.06369],[4.0874,40.07041],[4.0894,40.06897],[4.09349,40.07421],[4.09268,40.07034],[4.09644,40.06919],[4.09284,40.05978],[4.09927,40.05801],[4.09898,40.05035],[4.10311,40.04473],[4.10793,40.04519],[4.10736,40.04984],[4.11123,40.05506],[4.1242,40.05508],[4.12997,40.05153],[4.12383,40.03703],[4.12014,40.03574],[4.12612,40.02575],[4.13335,40.02932],[4.13026,40.03104],[4.13488,40.03546],[4.13543,40.02822],[4.14226,40.02481],[4.16198,40.04145],[4.16067,40.03365],[4.16413,40.03361],[4.16473,40.03663],[4.16981,40.03385],[4.17107,40.03636],[4.174,40.03323],[4.16845,40.02801],[4.17542,40.024],[4.18543,40.0235],[4.18274,40.02537],[4.18865,40.03384],[4.1955,40.03041],[4.19318,40.02369],[4.19809,40.02499],[4.19748,40.02129],[4.20128,40.02046],[4.20204,40.02283],[4.20301,40.01865],[4.19366,40.00971],[4.2022,40.01376],[4.19762,40.00692],[4.20148,39.99566],[4.20354,39.9977],[4.20539,39.99313],[4.20731,39.99522],[4.20045,40.00578],[4.20332,40.00946],[4.2059,40.00548],[4.20857,40.00719],[4.20546,40.00956],[4.20735,40.01309],[4.21284,40.00661],[4.2092,40.00303],[4.21992,40.00212],[4.21673,39.99984],[4.22058,39.99658],[4.2295,39.99547],[4.23153,39.99887],[4.24613,40.00061],[4.25697,39.99489],[4.25504,39.99068],[4.26026,39.98563],[4.25839,39.98257],[4.26617,39.9819],[4.25909,39.97889],[4.26034,39.9749],[4.25467,39.96382],[4.26564,39.96309],[4.26273,39.9592],[4.27,39.95958],[4.2703,39.95468],[4.25457,39.94969],[4.27011,39.94375],[4.28324,39.94446],[4.27527,39.93906],[4.27439,39.9334],[4.28549,39.92491],[4.28542,39.91785],[4.29002,39.91703],[4.28549,39.91212],[4.29262,39.91035],[4.29251,39.90937],[4.29398,39.90877],[4.29423,39.90526],[4.29581,39.90522],[4.29328,39.90314],[4.29837,39.89751],[4.30847,39.89903],[4.30641,39.8927],[4.30955,39.89049],[4.31031,39.88621],[4.31189,39.88549],[4.30291,39.8876],[4.30271,39.88296],[4.29668,39.88523],[4.29606,39.89188],[4.29048,39.8884],[4.27812,39.89524],[4.27682,39.89475],[4.27778,39.89263],[4.27057,39.89398],[4.27026,39.8918],[4.25657,39.89718],[4.25638,39.89517],[4.26928,39.8897],[4.27642,39.89074],[4.27483,39.88446],[4.2784,39.88672],[4.28906,39.8837],[4.29589,39.87925],[4.29313,39.87833],[4.29698,39.87704],[4.29534,39.87489],[4.30067,39.87407],[4.3019,39.86438],[4.29864,39.86388],[4.30188,39.86387],[4.30092,39.84164],[4.29815,39.84095],[4.30081,39.83908],[4.30054,39.83291],[4.29629,39.8279],[4.29285,39.82897],[4.29675,39.82538],[4.29366,39.82111],[4.24814,39.81647],[4.17718,39.84333],[4.16823,39.84973],[4.16853,39.85245],[4.16578,39.84912],[4.14991,39.85942],[4.14701,39.86084],[4.145,39.86054],[4.14695,39.86481],[4.14256,39.86202],[4.13462,39.86497],[4.13267,39.87089],[4.12948,39.86758],[4.07895,39.89328],[4.07858,39.89585],[4.01507,39.92577],[3.98137,39.93606],[3.93661,39.93827],[3.93518,39.93579],[3.86931,39.92552],[3.83066,39.93606],[3.83912,39.97557],[3.85052,39.98387]]]}},{"type":"Feature","properties":{"region_key":"ES611","name_pt":"Almer\u00eda","name_es":"Almer\u00eda","name_en":"Almer\u00eda","kind":"district_province","source_nuts_id":"ES611"},"geometry":{"type":"Polygon","coordinates":[[[-2.18679,37.90483],[-2.1726,37.88974],[-2.15688,37.89254],[-2.14877,37.89754],[-2.125,37.89987],[-2.11028,37.8896],[-2.10773,37.88183],[-2.09943,37.87798],[-2.05507,37.88037],[-2.04636,37.87495],[-2.02235,37.86894],[-2.00583,37.87916],[-2.00042,37.87625],[-1.99473,37.87921],[-1.97422,37.86847],[-1.9775,37.86085],[-1.98877,37.85247],[-1.99512,37.84106],[-1.99888,37.82425],[-1.99717,37.81754],[-2.00827,37.77615],[-1.99647,37.72865],[-2.00739,37.7187],[-2.01178,37.7013],[-2.01119,37.67355],[-1.99274,37.6433],[-1.98598,37.64293],[-1.97712,37.62027],[-1.96466,37.60528],[-1.95601,37.60066],[-1.95285,37.5873],[-1.91639,37.54485],[-1.8677,37.48673],[-1.85933,37.48022],[-1.84839,37.46098],[-1.84522,37.45483],[-1.80891,37.43347],[-1.81172,37.45155],[-1.79626,37.45219],[-1.7798,37.44698],[-1.73704,37.44263],[-1.70497,37.42102],[-1.6698,37.40259],[-1.66592,37.40086],[-1.64083,37.38238],[-1.62997,37.37515],[-1.64369,37.37171],[-1.65317,37.35544],[-1.66441,37.3579],[-1.6734,37.35534],[-1.69106,37.3353],[-1.70613,37.30636],[-1.75886,37.26234],[-1.77469,37.23957],[-1.79627,37.22939],[-1.80406,37.21884],[-1.82351,37.16954],[-1.82327,37.15105],[-1.8314,37.12384],[-1.84484,37.10727],[-1.84972,37.09128],[-1.84996,37.06869],[-1.86108,37.05319],[-1.8631,37.04555],[-1.86599,37.04148],[-1.8677,37.04074],[-1.87709,37.03334],[-1.8787,37.01391],[-1.88765,37.00649],[-1.88983,36.99655],[-1.90017,36.98824],[-1.89777,36.9509],[-1.90534,36.93699],[-1.91649,36.93477],[-1.92521,36.93803],[-1.93292,36.93842],[-1.9444,36.9337],[-1.95314,36.92431],[-1.9675,36.89967],[-1.98318,36.901],[-1.99473,36.88637],[-2.00215,36.88237],[-2.00185,36.86993],[-2.00487,36.86053],[-1.99677,36.85001],[-2.0003,36.84594],[-2.00057,36.84],[-2.00797,36.83481],[-2.02403,36.83482],[-2.04247,36.81916],[-2.05905,36.81018],[-2.06242,36.80281],[-2.06364,36.77635],[-2.08624,36.76443],[-2.10579,36.76203],[-2.10964,36.75095],[-2.12082,36.7459],[-2.12028,36.74052],[-2.11572,36.73776],[-2.12435,36.73239],[-2.13609,36.72949],[-2.1532,36.73063],[-2.16784,36.72296],[-2.17798,36.72389],[-2.18405,36.7214],[-2.19312,36.72209],[-2.20226,36.73044],[-2.2596,36.79404],[-2.29197,36.81966],[-2.31979,36.83386],[-2.36705,36.84143],[-2.405,36.82547],[-2.42568,36.81124],[-2.43003,36.81118],[-2.43551,36.8156],[-2.45418,36.82857],[-2.47261,36.83641],[-2.50287,36.82484],[-2.52515,36.82452],[-2.53388,36.81916],[-2.55376,36.81752],[-2.5621,36.81612],[-2.56864,36.81102],[-2.59863,36.7762],[-2.60613,36.75314],[-2.62015,36.72703],[-2.64639,36.70261],[-2.65716,36.69772],[-2.67132,36.6953],[-2.70146,36.68293],[-2.72272,36.68506],[-2.75758,36.68065],[-2.77204,36.68165],[-2.79923,36.70097],[-2.81044,36.70495],[-2.83174,36.70411],[-2.84646,36.69559],[-2.85788,36.69933],[-2.88512,36.72675],[-2.90711,36.74306],[-2.9207,36.75043],[-2.93161,36.75079],[-2.94805,36.74851],[-2.97608,36.73848],[-2.9923,36.74364],[-3.01159,36.74331],[-3.03341,36.74719],[-3.07208,36.74587],[-3.12868,36.75089],[-3.13646,36.76617],[-3.13492,36.78095],[-3.14019,36.78778],[-3.09295,36.80988],[-3.07395,36.82468],[-3.0428,36.83188],[-3.03737,36.83539],[-3.029,36.84444],[-3.03019,36.84697],[-3.03207,36.86094],[-3.03575,36.8636],[-3.04053,36.8724],[-3.04337,36.87659],[-3.04326,36.87912],[-3.04749,36.8821],[-3.05046,36.8835],[-3.05366,36.88391],[-3.05663,36.88506],[-3.06075,36.89214],[-3.06956,36.90157],[-3.06937,36.91472],[-3.07193,36.91928],[-3.06554,36.91334],[-3.05871,36.91222],[-3.03517,36.92355],[-3.03023,36.93328],[-3.03056,36.94304],[-3.02591,36.95058],[-3.02133,36.95362],[-2.99089,36.9588],[-2.98643,36.96315],[-2.98614,36.96824],[-2.97717,36.97661],[-2.97848,36.99267],[-2.98328,37.00548],[-2.99853,37.01333],[-3.00006,37.02123],[-3.00517,37.0241],[-3.0065,37.03565],[-3.01611,37.05273],[-3.01744,37.06855],[-3.02394,37.08558],[-3.02248,37.09845],[-3.02957,37.11326],[-3.02491,37.11518],[-3.01501,37.11329],[-3.00347,37.09714],[-2.98416,37.09305],[-2.94896,37.09656],[-2.94878,37.10397],[-2.94325,37.11189],[-2.94539,37.12109],[-2.93934,37.13214],[-2.93161,37.1386],[-2.92829,37.15621],[-2.89572,37.16749],[-2.88782,37.18276],[-2.88058,37.18887],[-2.8798,37.20384],[-2.87349,37.2196],[-2.87464,37.23103],[-2.86753,37.24273],[-2.86942,37.24556],[-2.86012,37.2502],[-2.85515,37.26908],[-2.85071,37.27598],[-2.84387,37.27925],[-2.83036,37.28011],[-2.82009,37.27783],[-2.81551,37.27185],[-2.79477,37.26381],[-2.77965,37.26222],[-2.77558,37.2456],[-2.75902,37.22672],[-2.74189,37.22836],[-2.73298,37.23613],[-2.72659,37.23174],[-2.71722,37.23282],[-2.70759,37.22436],[-2.69241,37.21826],[-2.6817,37.21704],[-2.66955,37.2166],[-2.6601,37.212],[-2.65761,37.22893],[-2.66572,37.23836],[-2.66706,37.24981],[-2.66227,37.26615],[-2.66503,37.28593],[-2.66228,37.29433],[-2.65159,37.31108],[-2.65421,37.31896],[-2.65121,37.32601],[-2.65344,37.33238],[-2.65246,37.34126],[-2.63756,37.34515],[-2.63599,37.36466],[-2.64231,37.37473],[-2.64102,37.3871],[-2.63378,37.39528],[-2.60819,37.41108],[-2.59863,37.41985],[-2.57801,37.42902],[-2.5712,37.44267],[-2.56489,37.44832],[-2.53504,37.46206],[-2.51441,37.47792],[-2.50365,37.48312],[-2.47503,37.48358],[-2.46125,37.48918],[-2.45817,37.49175],[-2.46111,37.49863],[-2.45923,37.50317],[-2.45935,37.50718],[-2.45628,37.50913],[-2.43484,37.51016],[-2.41795,37.51539],[-2.41064,37.52455],[-2.39845,37.51414],[-2.38132,37.52246],[-2.36148,37.52086],[-2.35889,37.52384],[-2.35991,37.53726],[-2.35571,37.547],[-2.37308,37.55729],[-2.36772,37.56472],[-2.36839,37.57158],[-2.3735,37.57875],[-2.37009,37.58235],[-2.36858,37.59307],[-2.37557,37.61071],[-2.38804,37.61836],[-2.39125,37.6325],[-2.375,37.62906],[-2.36263,37.6216],[-2.3468,37.62851],[-2.33892,37.62333],[-2.31651,37.62274],[-2.30938,37.63453],[-2.31935,37.64825],[-2.31986,37.65851],[-2.32344,37.66546],[-2.32561,37.67643],[-2.32247,37.69579],[-2.31433,37.70962],[-2.30735,37.71114],[-2.30635,37.72509],[-2.29522,37.74706],[-2.28643,37.75327],[-2.27746,37.77518],[-2.29251,37.79136],[-2.30177,37.81024],[-2.28995,37.83231],[-2.2961,37.85962],[-2.29411,37.87721],[-2.28734,37.88479],[-2.26541,37.88171],[-2.24891,37.89799],[-2.20779,37.91625],[-2.18679,37.90483]]]}},{"type":"Feature","properties":{"region_key":"ES612","name_pt":"C\u00e1diz","name_es":"C\u00e1diz","name_en":"C\u00e1diz","kind":"district_province","source_nuts_id":"ES612"},"geometry":{"type":"Polygon","coordinates":[[[-5.43137,37.05043],[-5.43074,37.04819],[-5.42879,37.0462],[-5.42779,37.04461],[-5.42683,37.04029],[-5.42709,37.03747],[-5.42434,37.03231],[-5.423,37.02798],[-5.42148,37.02449],[-5.42084,37.01675],[-5.42013,37.01359],[-5.42113,37.01118],[-5.4339,36.99269],[-5.45975,36.97674],[-5.45432,36.96186],[-5.44754,36.95718],[-5.44562,36.94711],[-5.43895,36.93529],[-5.41366,36.93979],[-5.41618,36.94547],[-5.41255,36.95421],[-5.39146,36.97385],[-5.36222,36.98594],[-5.35867,36.99269],[-5.34534,36.9981],[-5.33969,37.00459],[-5.33486,37.01376],[-5.30215,37.0374],[-5.30023,37.01462],[-5.27476,36.99095],[-5.25642,36.9642],[-5.23419,36.94145],[-5.22534,36.94297],[-5.20537,36.96287],[-5.19349,36.96593],[-5.16369,36.98137],[-5.15844,36.98935],[-5.14804,36.99711],[-5.1449,37.00016],[-5.14242,37.00389],[-5.11448,36.98784],[-5.1113,36.97616],[-5.09726,36.97007],[-5.09849,36.96601],[-5.11015,36.95936],[-5.10537,36.95345],[-5.09917,36.93165],[-5.09182,36.92106],[-5.09245,36.91208],[-5.08813,36.90468],[-5.1038,36.89825],[-5.10321,36.89244],[-5.11001,36.88818],[-5.11293,36.87457],[-5.13149,36.84153],[-5.16936,36.82418],[-5.18641,36.82859],[-5.20311,36.83843],[-5.2204,36.84238],[-5.22729,36.85807],[-5.26371,36.87384],[-5.26982,36.88424],[-5.28932,36.87309],[-5.30163,36.86967],[-5.30633,36.8582],[-5.31473,36.8553],[-5.33161,36.83939],[-5.34076,36.81944],[-5.32683,36.80471],[-5.31935,36.78689],[-5.29317,36.77594],[-5.29258,36.77129],[-5.29532,36.76436],[-5.30758,36.75039],[-5.31312,36.73414],[-5.32467,36.72404],[-5.32745,36.69839],[-5.31945,36.69076],[-5.32955,36.67966],[-5.32407,36.67337],[-5.33482,36.67042],[-5.34412,36.65972],[-5.38006,36.63243],[-5.39863,36.629],[-5.41244,36.62178],[-5.43887,36.61481],[-5.45596,36.61961],[-5.4581,36.59816],[-5.46091,36.58993],[-5.47514,36.57572],[-5.48977,36.56925],[-5.50193,36.54833],[-5.52622,36.53018],[-5.53649,36.52807],[-5.54301,36.5378],[-5.56572,36.54235],[-5.57358,36.54797],[-5.59571,36.55081],[-5.60425,36.54874],[-5.61113,36.54205],[-5.60659,36.5246],[-5.60765,36.51579],[-5.60662,36.51179],[-5.59861,36.50852],[-5.58373,36.51336],[-5.57308,36.51256],[-5.5598,36.50372],[-5.53487,36.50311],[-5.52329,36.49909],[-5.51602,36.50177],[-5.51253,36.51152],[-5.49017,36.53675],[-5.47297,36.53665],[-5.46615,36.52982],[-5.46092,36.53673],[-5.45604,36.5381],[-5.43221,36.53433],[-5.42393,36.52421],[-5.4129,36.52034],[-5.40917,36.49733],[-5.3997,36.48503],[-5.39511,36.46977],[-5.37359,36.45282],[-5.35549,36.43382],[-5.35643,36.42412],[-5.34785,36.41866],[-5.34415,36.41231],[-5.33558,36.39446],[-5.33427,36.36997],[-5.32229,36.34826],[-5.3158,36.34247],[-5.32229,36.33216],[-5.32013,36.32509],[-5.2848,36.33775],[-5.27809,36.33648],[-5.26751,36.32411],[-5.25954,36.32237],[-5.25394,36.31507],[-5.25241,36.31128],[-5.26751,36.30068],[-5.27071,36.29549],[-5.27101,36.29167],[-5.27382,36.29019],[-5.27567,36.28349],[-5.2808,36.277],[-5.28649,36.26486],[-5.29655,36.24591],[-5.31065,36.23828],[-5.31755,36.22783],[-5.32895,36.19757],[-5.33922,36.15204],[-5.34401,36.15263],[-5.3516,36.15259],[-5.35143,36.15336],[-5.35887,36.16312],[-5.37068,36.16927],[-5.38083,36.1697],[-5.38023,36.17543],[-5.38575,36.17984],[-5.41391,36.18],[-5.43094,36.17262],[-5.44427,36.15551],[-5.44602,36.14082],[-5.44353,36.13475],[-5.43857,36.13465],[-5.44055,36.12757],[-5.43362,36.1261],[-5.44037,36.1195],[-5.43334,36.10781],[-5.4406,36.10045],[-5.44234,36.09024],[-5.42861,36.08278],[-5.42773,36.07547],[-5.45554,36.05428],[-5.46625,36.05089],[-5.485,36.05383],[-5.49506,36.05021],[-5.51737,36.03762],[-5.53801,36.03182],[-5.57279,36.01595],[-5.60733,36.00823],[-5.63636,36.04121],[-5.6533,36.05335],[-5.66934,36.05745],[-5.6897,36.06712],[-5.71037,36.05918],[-5.7229,36.06055],[-5.75017,36.07135],[-5.77688,36.08768],[-5.78262,36.08751],[-5.78979,36.08023],[-5.79691,36.07862],[-5.82079,36.10163],[-5.82504,36.10293],[-5.84186,36.12682],[-5.8798,36.16149],[-5.91527,36.18465],[-5.92997,36.18638],[-5.93429,36.18303],[-5.9464,36.18593],[-5.97777,36.17737],[-6.02085,36.18613],[-6.03344,36.18164],[-6.05452,36.2055],[-6.07921,36.24318],[-6.08299,36.2509],[-6.08332,36.25281],[-6.08457,36.25615],[-6.08855,36.26486],[-6.10209,36.28312],[-6.11284,36.29251],[-6.14307,36.29706],[-6.15197,36.30821],[-6.16214,36.33001],[-6.16914,36.34783],[-6.18156,36.36756],[-6.21137,36.38747],[-6.21811,36.39279],[-6.21901,36.4025],[-6.2255,36.41793],[-6.23518,36.43707],[-6.24266,36.44382],[-6.25037,36.45203],[-6.25637,36.46921],[-6.23604,36.46358],[-6.22676,36.46656],[-6.21349,36.46989],[-6.21232,36.4805],[-6.19417,36.48711],[-6.19154,36.49871],[-6.18025,36.50796],[-6.17282,36.51102],[-6.17255,36.5175],[-6.17478,36.52172],[-6.18371,36.52476],[-6.19853,36.52635],[-6.19792,36.52165],[-6.20805,36.51016],[-6.21948,36.50949],[-6.23196,36.50431],[-6.24646,36.51024],[-6.2492,36.514],[-6.24734,36.51691],[-6.25636,36.52237],[-6.2547,36.52862],[-6.23447,36.52611],[-6.22421,36.5608],[-6.22669,36.57522],[-6.23104,36.58037],[-6.23751,36.57913],[-6.23556,36.58327],[-6.24072,36.58531],[-6.25824,36.57917],[-6.26586,36.58057],[-6.27593,36.59816],[-6.28744,36.61054],[-6.29905,36.61755],[-6.31063,36.61626],[-6.31662,36.62232],[-6.32797,36.62442],[-6.33495,36.62174],[-6.34304,36.62581],[-6.3542,36.62211],[-6.3588,36.61576],[-6.38772,36.62887],[-6.39437,36.63448],[-6.39371,36.64444],[-6.39935,36.65864],[-6.40534,36.66338],[-6.42123,36.69],[-6.42259,36.69148],[-6.43926,36.71965],[-6.44207,36.73727],[-6.4298,36.74742],[-6.42259,36.74472],[-6.41483,36.75099],[-6.40919,36.76041],[-6.39674,36.76252],[-6.34441,36.79308],[-6.34556,36.79877],[-6.34397,36.79998],[-6.34244,36.80314],[-6.34244,36.8053],[-6.3436,36.81252],[-6.34495,36.81596],[-6.35188,36.8253],[-6.35296,36.82927],[-6.35331,36.83487],[-6.35398,36.83836],[-6.35362,36.85142],[-6.35297,36.85741],[-6.34889,36.87373],[-6.34594,36.88804],[-6.34334,36.89191],[-6.33989,36.89527],[-6.33823,36.89626],[-6.33107,36.89884],[-6.30141,36.90459],[-6.29905,36.90638],[-6.29415,36.90577],[-6.27835,36.91088],[-6.25724,36.8952],[-6.24664,36.89404],[-6.23106,36.89814],[-6.20936,36.8936],[-6.18736,36.89318],[-6.1575,36.88579],[-6.12206,36.86382],[-6.10451,36.85729],[-6.09543,36.85635],[-6.08576,36.85452],[-6.0806,36.85526],[-6.05103,36.85333],[-6.02294,36.8477],[-5.97412,36.84477],[-5.95642,36.85235],[-5.9414,36.85196],[-5.92541,36.8531],[-5.91422,36.85018],[-5.89111,36.84222],[-5.88884,36.84333],[-5.89041,36.84441],[-5.88889,36.84681],[-5.89272,36.85333],[-5.87796,36.8912],[-5.87585,36.89411],[-5.86966,36.89373],[-5.84668,36.91413],[-5.83185,36.91568],[-5.80604,36.92485],[-5.79028,36.92577],[-5.76196,36.9255],[-5.74432,36.92264],[-5.73636,36.91825],[-5.72669,36.92119],[-5.71566,36.92017],[-5.70439,36.92526],[-5.69594,36.93697],[-5.69407,36.95699],[-5.66788,36.97532],[-5.64911,36.95456],[-5.63482,36.951],[-5.62611,36.95335],[-5.6181,36.9413],[-5.60965,36.9426],[-5.60507,36.95],[-5.59491,36.94534],[-5.5882,36.94692],[-5.58284,36.91522],[-5.53387,36.89348],[-5.539,36.90398],[-5.53942,36.90702],[-5.54242,36.91075],[-5.54734,36.91852],[-5.55091,36.92315],[-5.54513,36.92978],[-5.53608,36.93051],[-5.53174,36.93569],[-5.52488,36.93808],[-5.51278,36.95683],[-5.50339,36.95873],[-5.49368,36.97057],[-5.48094,36.97326],[-5.4703,36.98409],[-5.47167,36.99291],[-5.49487,37.01177],[-5.51104,37.03363],[-5.50444,37.03646],[-5.50016,37.03912],[-5.49693,37.03973],[-5.49146,37.0396],[-5.4888,37.03987],[-5.47853,37.04164],[-5.47316,37.04297],[-5.46729,37.04175],[-5.4649,37.04079],[-5.46274,37.04126],[-5.45903,37.04241],[-5.44796,37.05025],[-5.44496,37.04957],[-5.44192,37.04953],[-5.43961,37.05104],[-5.43556,37.05226],[-5.43341,37.05242],[-5.43137,37.05043]]]}},{"type":"Feature","properties":{"region_key":"ES613","name_pt":"C\u00f3rdoba","name_es":"C\u00f3rdoba","name_en":"C\u00f3rdoba","kind":"district_province","source_nuts_id":"ES613"},"geometry":{"type":"Polygon","coordinates":[[[-5.00842,38.71525],[-5.00102,38.70348],[-5.00122,38.69781],[-5.00465,38.69514],[-5.00146,38.69505],[-4.99917,38.69424],[-4.98697,38.69137],[-4.96943,38.68658],[-4.95521,38.68348],[-4.94091,38.68158],[-4.9333,38.68146],[-4.92382,38.68203],[-4.92225,38.68292],[-4.92063,38.68479],[-4.91051,38.68671],[-4.87701,38.68614],[-4.86892,38.68098],[-4.87045,38.67476],[-4.86713,38.65978],[-4.86781,38.64826],[-4.86465,38.6396],[-4.867,38.63015],[-4.85973,38.61444],[-4.83635,38.60796],[-4.82002,38.5964],[-4.78877,38.59666],[-4.74104,38.57765],[-4.73855,38.57745],[-4.73578,38.5757],[-4.73345,38.57469],[-4.70694,38.5713],[-4.70163,38.56141],[-4.70443,38.55475],[-4.69959,38.55113],[-4.67917,38.54697],[-4.66727,38.54782],[-4.633,38.52544],[-4.62261,38.52257],[-4.61831,38.508],[-4.60731,38.49447],[-4.59208,38.48668],[-4.58271,38.4932],[-4.577,38.49294],[-4.57174,38.48858],[-4.56663,38.49015],[-4.55687,38.47708],[-4.54179,38.4806],[-4.53488,38.47034],[-4.52604,38.46461],[-4.51102,38.46224],[-4.50352,38.45055],[-4.49829,38.44355],[-4.49191,38.44081],[-4.47127,38.42566],[-4.46189,38.41081],[-4.44934,38.40061],[-4.4352,38.40228],[-4.42935,38.39656],[-4.41689,38.39409],[-4.40645,38.38399],[-4.39018,38.38612],[-4.33669,38.36635],[-4.33185,38.36186],[-4.32083,38.36181],[-4.30758,38.35227],[-4.29684,38.34982],[-4.28694,38.34364],[-4.27535,38.34924],[-4.26889,38.34721],[-4.25507,38.34126],[-4.2375,38.33933],[-4.23886,38.33024],[-4.23444,38.32668],[-4.23816,38.32216],[-4.23647,38.3152],[-4.22733,38.30787],[-4.22615,38.30121],[-4.21975,38.2992],[-4.2154,38.3032],[-4.21109,38.30096],[-4.2143,38.27605],[-4.21335,38.2694],[-4.20927,38.26525],[-4.21635,38.24835],[-4.21355,38.24558],[-4.20364,38.24527],[-4.19687,38.23783],[-4.19493,38.23122],[-4.20124,38.21917],[-4.19956,38.21264],[-4.19181,38.20721],[-4.18695,38.19572],[-4.16954,38.1818],[-4.16652,38.17296],[-4.16778,38.16563],[-4.16407,38.16047],[-4.16511,38.15068],[-4.16253,38.14558],[-4.17525,38.13217],[-4.19417,38.12689],[-4.20354,38.11019],[-4.21815,38.10829],[-4.21933,38.10301],[-4.21424,38.09216],[-4.22545,38.09039],[-4.2237,38.08463],[-4.23117,38.08309],[-4.23011,38.0783],[-4.23698,38.06524],[-4.24644,38.06808],[-4.25077,38.06494],[-4.2511,38.0508],[-4.24153,38.05142],[-4.24086,38.04872],[-4.25062,38.04016],[-4.26636,38.03894],[-4.25942,38.02241],[-4.27561,38.02389],[-4.28238,38.02124],[-4.28284,38.01423],[-4.28447,38.00387],[-4.27836,38.0005],[-4.27261,37.99079],[-4.25994,37.95779],[-4.2594,37.95457],[-4.25978,37.95084],[-4.25807,37.93936],[-4.26227,37.91659],[-4.2661,37.91098],[-4.27209,37.90887],[-4.27943,37.87843],[-4.27813,37.85108],[-4.28456,37.81849],[-4.28714,37.79918],[-4.27933,37.7941],[-4.21162,37.78274],[-4.20929,37.78124],[-4.20682,37.77891],[-4.20798,37.77721],[-4.20846,37.77004],[-4.22621,37.76062],[-4.23665,37.73858],[-4.23968,37.72624],[-4.23717,37.71973],[-4.18384,37.70631],[-4.16439,37.68153],[-4.18687,37.67048],[-4.22622,37.64032],[-4.22389,37.63198],[-4.2187,37.62695],[-4.22042,37.62128],[-4.21088,37.61588],[-4.20823,37.61102],[-4.20312,37.61417],[-4.19695,37.61213],[-4.1871,37.61628],[-4.17326,37.60977],[-4.16392,37.59869],[-4.1685,37.58855],[-4.16156,37.58683],[-4.16023,37.57461],[-4.15112,37.57411],[-4.14125,37.56196],[-4.12275,37.55491],[-4.12157,37.54941],[-4.11463,37.54626],[-4.10924,37.53448],[-4.09874,37.52944],[-4.09823,37.51393],[-4.09519,37.50996],[-4.08574,37.51297],[-4.05979,37.5055],[-4.08736,37.48596],[-4.0694,37.47304],[-4.04804,37.46646],[-4.02973,37.4421],[-4.01846,37.42035],[-4.00083,37.40212],[-4.01802,37.40185],[-4.03397,37.40613],[-4.05206,37.40276],[-4.08556,37.40342],[-4.09824,37.40014],[-4.10506,37.38817],[-4.12731,37.37821],[-4.14469,37.36266],[-4.15592,37.3445],[-4.16199,37.34196],[-4.17396,37.34854],[-4.20796,37.35249],[-4.22565,37.33907],[-4.23656,37.33513],[-4.23914,37.32771],[-4.23555,37.3125],[-4.23682,37.29775],[-4.24822,37.26985],[-4.26237,37.2601],[-4.25872,37.25156],[-4.25629,37.2299],[-4.26512,37.22608],[-4.28432,37.2072],[-4.29594,37.19964],[-4.32174,37.19087],[-4.32813,37.18407],[-4.3317,37.19291],[-4.32598,37.20464],[-4.34592,37.21401],[-4.36852,37.21406],[-4.37448,37.21874],[-4.38489,37.23781],[-4.37782,37.24264],[-4.37922,37.24917],[-4.37688,37.25617],[-4.38041,37.26241],[-4.37864,37.27233],[-4.38387,37.27734],[-4.38986,37.27436],[-4.40804,37.27467],[-4.41771,37.28146],[-4.43122,37.27523],[-4.4443,37.27643],[-4.45648,37.26063],[-4.46502,37.25798],[-4.46664,37.25327],[-4.47174,37.25161],[-4.47675,37.25622],[-4.48382,37.25276],[-4.48487,37.25017],[-4.47901,37.24589],[-4.48127,37.23942],[-4.49119,37.23861],[-4.48944,37.23108],[-4.49808,37.22333],[-4.5015,37.22847],[-4.50986,37.22164],[-4.53374,37.21212],[-4.53859,37.21198],[-4.54406,37.21692],[-4.56156,37.21891],[-4.56934,37.21642],[-4.57424,37.20991],[-4.60232,37.20927],[-4.60323,37.21635],[-4.59628,37.22149],[-4.60272,37.23567],[-4.61331,37.24238],[-4.61413,37.25374],[-4.61711,37.25623],[-4.64472,37.24752],[-4.65337,37.25586],[-4.65474,37.27126],[-4.66005,37.28049],[-4.66554,37.28581],[-4.67768,37.2903],[-4.67546,37.2994],[-4.66553,37.29739],[-4.66168,37.30472],[-4.66896,37.30928],[-4.67864,37.30999],[-4.68213,37.3142],[-4.67907,37.32084],[-4.67099,37.32045],[-4.66808,37.32363],[-4.67824,37.32969],[-4.67252,37.33209],[-4.67319,37.33503],[-4.67908,37.3359],[-4.68473,37.33078],[-4.6863,37.34014],[-4.70356,37.34831],[-4.721,37.35729],[-4.72452,37.35317],[-4.72297,37.34691],[-4.73169,37.34334],[-4.72647,37.34021],[-4.73012,37.33535],[-4.74745,37.33143],[-4.76796,37.33735],[-4.77973,37.33442],[-4.78226,37.32854],[-4.79907,37.34377],[-4.8173,37.35472],[-4.82243,37.35945],[-4.82352,37.36633],[-4.81548,37.37299],[-4.81532,37.37679],[-4.82506,37.37955],[-4.83298,37.3927],[-4.84271,37.39989],[-4.84984,37.41069],[-4.84231,37.41536],[-4.83768,37.42328],[-4.84084,37.43495],[-4.84381,37.43715],[-4.88478,37.43802],[-4.87772,37.4503],[-4.90437,37.46928],[-4.90872,37.47891],[-4.90696,37.48662],[-4.91338,37.48577],[-4.91481,37.48909],[-4.90791,37.49958],[-4.92586,37.50202],[-4.93545,37.51881],[-4.94492,37.52195],[-4.94004,37.53629],[-4.93371,37.54525],[-4.93305,37.56299],[-4.936,37.57023],[-4.93198,37.57625],[-4.93409,37.58377],[-4.93165,37.59129],[-4.93431,37.60086],[-4.93464,37.60861],[-4.93224,37.61503],[-4.93175,37.61736],[-4.93989,37.62045],[-4.95964,37.61031],[-4.96336,37.61156],[-4.95803,37.62356],[-4.95484,37.65344],[-4.97152,37.67172],[-4.98361,37.67857],[-4.98999,37.69392],[-5.00006,37.70589],[-5.01581,37.71072],[-5.04779,37.71823],[-5.0706,37.70838],[-5.075,37.70162],[-5.08801,37.69563],[-5.08674,37.68852],[-5.0906,37.67787],[-5.0846,37.67155],[-5.07767,37.66938],[-5.0737,37.66085],[-5.08086,37.66104],[-5.09653,37.67021],[-5.09454,37.67594],[-5.1023,37.69149],[-5.10852,37.70016],[-5.11489,37.70203],[-5.12493,37.70016],[-5.12976,37.69879],[-5.11545,37.69062],[-5.11248,37.67995],[-5.11022,37.66421],[-5.1352,37.6682],[-5.14941,37.66183],[-5.16181,37.67267],[-5.17682,37.68062],[-5.21284,37.66294],[-5.24648,37.64152],[-5.25369,37.63609],[-5.26209,37.63179],[-5.26781,37.62939],[-5.27379,37.62549],[-5.27677,37.62463],[-5.29743,37.62333],[-5.29982,37.62293],[-5.31159,37.61976],[-5.31307,37.61869],[-5.31614,37.61763],[-5.32336,37.61429],[-5.32298,37.61153],[-5.34235,37.59416],[-5.34763,37.58522],[-5.35677,37.58551],[-5.35959,37.60445],[-5.38029,37.61122],[-5.39021,37.61936],[-5.39183,37.6239],[-5.39887,37.62847],[-5.4023,37.63609],[-5.41294,37.64552],[-5.39856,37.65021],[-5.3943,37.65589],[-5.3974,37.66158],[-5.4067,37.65947],[-5.4113,37.66321],[-5.41379,37.67484],[-5.41196,37.68355],[-5.40481,37.69221],[-5.38828,37.69701],[-5.38397,37.69313],[-5.38345,37.68127],[-5.37594,37.67833],[-5.363,37.69674],[-5.3435,37.70548],[-5.33685,37.70484],[-5.33212,37.69583],[-5.32683,37.6927],[-5.31882,37.70076],[-5.30887,37.69976],[-5.30724,37.70256],[-5.31022,37.70925],[-5.30495,37.72201],[-5.30777,37.73693],[-5.31192,37.75048],[-5.3173,37.75738],[-5.31032,37.7679],[-5.31052,37.7732],[-5.32761,37.77809],[-5.3295,37.78196],[-5.34938,37.79541],[-5.34733,37.81206],[-5.34254,37.82207],[-5.34389,37.82802],[-5.34009,37.83249],[-5.34553,37.83909],[-5.36773,37.84976],[-5.38196,37.85243],[-5.39127,37.85943],[-5.40851,37.86615],[-5.41421,37.8722],[-5.42058,37.89036],[-5.41453,37.90377],[-5.4195,37.92517],[-5.42457,37.92849],[-5.41942,37.93227],[-5.41707,37.94324],[-5.43749,37.95836],[-5.46816,37.97171],[-5.48118,37.98796],[-5.49143,37.99488],[-5.49377,38.00016],[-5.4904,38.02124],[-5.48975,38.03182],[-5.49581,38.04187],[-5.52362,38.06633],[-5.5267,38.07436],[-5.53848,38.08192],[-5.53984,38.09431],[-5.55688,38.10727],[-5.58021,38.11531],[-5.58136,38.12689],[-5.58485,38.13175],[-5.58474,38.14063],[-5.57662,38.14897],[-5.55862,38.14964],[-5.54963,38.16046],[-5.53895,38.16171],[-5.53675,38.16807],[-5.53985,38.17104],[-5.54292,38.18393],[-5.53778,38.19043],[-5.53786,38.20015],[-5.52104,38.20727],[-5.52412,38.21995],[-5.52394,38.24766],[-5.52947,38.25593],[-5.52709,38.26405],[-5.53635,38.27275],[-5.53765,38.27837],[-5.54316,38.28125],[-5.54515,38.29385],[-5.55144,38.30205],[-5.5511,38.30938],[-5.55469,38.31612],[-5.57455,38.32952],[-5.56795,38.35003],[-5.56759,38.36031],[-5.56055,38.36662],[-5.56545,38.36822],[-5.56593,38.37577],[-5.58096,38.38229],[-5.58474,38.38695],[-5.58377,38.40096],[-5.57276,38.42332],[-5.56935,38.43161],[-5.55269,38.44519],[-5.52317,38.45903],[-5.5145,38.46355],[-5.50486,38.45777],[-5.49623,38.45944],[-5.49097,38.46567],[-5.48537,38.46424],[-5.4791,38.48354],[-5.4651,38.4878],[-5.45642,38.49857],[-5.45052,38.49822],[-5.44584,38.504],[-5.43505,38.50519],[-5.42789,38.51389],[-5.41948,38.51337],[-5.41634,38.51953],[-5.4111,38.52078],[-5.41514,38.52975],[-5.40486,38.53594],[-5.40528,38.54416],[-5.39766,38.5461],[-5.38468,38.53921],[-5.38476,38.54399],[-5.3922,38.55151],[-5.38463,38.55733],[-5.38866,38.56332],[-5.37568,38.56909],[-5.36974,38.5794],[-5.36989,38.58428],[-5.35766,38.5854],[-5.33493,38.57868],[-5.30922,38.57822],[-5.30686,38.58298],[-5.30998,38.59296],[-5.29332,38.60912],[-5.27818,38.61387],[-5.26857,38.62171],[-5.25736,38.62524],[-5.25337,38.6317],[-5.24644,38.63384],[-5.24615,38.63803],[-5.23913,38.63838],[-5.22456,38.64896],[-5.222,38.65376],[-5.21477,38.65073],[-5.20783,38.66611],[-5.19963,38.65893],[-5.19594,38.66538],[-5.18547,38.66085],[-5.18115,38.6653],[-5.18534,38.67039],[-5.18453,38.67358],[-5.16805,38.67737],[-5.18455,38.71975],[-5.17287,38.71736],[-5.16638,38.7126],[-5.15284,38.71619],[-5.14013,38.71395],[-5.11888,38.71582],[-5.09881,38.70796],[-5.06768,38.71832],[-5.06166,38.72437],[-5.047,38.72913],[-5.02493,38.72588],[-5.00842,38.71525]]]}},{"type":"Feature","properties":{"region_key":"ES614","name_pt":"Granada","name_es":"Granada","name_en":"Granada","kind":"district_province","source_nuts_id":"ES614"},"geometry":{"type":"Polygon","coordinates":[[[-2.50455,38.06799],[-2.48175,38.05528],[-2.47121,38.05567],[-2.46261,38.05082],[-2.43259,38.043],[-2.42232,38.03394],[-2.39515,38.03131],[-2.37446,38.02373],[-2.35786,38.02283],[-2.3412,38.02587],[-2.32306,38.014],[-2.31208,38.01024],[-2.3093,38.00887],[-2.30362,38.00434],[-2.30028,38.00348],[-2.29844,38.00214],[-2.29879,37.99716],[-2.29614,37.98756],[-2.2798,37.96329],[-2.25919,37.94962],[-2.2526,37.93923],[-2.23955,37.92976],[-2.20779,37.91625],[-2.24891,37.89799],[-2.26541,37.88171],[-2.28734,37.88479],[-2.29411,37.87721],[-2.2961,37.85962],[-2.28995,37.83231],[-2.30177,37.81024],[-2.29251,37.79136],[-2.27746,37.77518],[-2.28643,37.75327],[-2.29522,37.74706],[-2.30635,37.72509],[-2.30735,37.71114],[-2.31433,37.70962],[-2.32247,37.69579],[-2.32561,37.67643],[-2.32344,37.66546],[-2.31986,37.65851],[-2.31935,37.64825],[-2.30938,37.63453],[-2.31651,37.62274],[-2.33892,37.62333],[-2.3468,37.62851],[-2.36263,37.6216],[-2.375,37.62906],[-2.39125,37.6325],[-2.38804,37.61836],[-2.37557,37.61071],[-2.36858,37.59307],[-2.37009,37.58235],[-2.3735,37.57875],[-2.36839,37.57158],[-2.36772,37.56472],[-2.37308,37.55729],[-2.35571,37.547],[-2.35991,37.53726],[-2.35889,37.52384],[-2.36148,37.52086],[-2.38132,37.52246],[-2.39845,37.51414],[-2.41064,37.52455],[-2.41795,37.51539],[-2.43484,37.51016],[-2.45628,37.50913],[-2.45935,37.50718],[-2.45923,37.50317],[-2.46111,37.49863],[-2.45817,37.49175],[-2.46125,37.48918],[-2.47503,37.48358],[-2.50365,37.48312],[-2.51441,37.47792],[-2.53504,37.46206],[-2.56489,37.44832],[-2.5712,37.44267],[-2.57801,37.42902],[-2.59863,37.41985],[-2.60819,37.41108],[-2.63378,37.39528],[-2.64102,37.3871],[-2.64231,37.37473],[-2.63599,37.36466],[-2.63756,37.34515],[-2.65246,37.34126],[-2.65344,37.33238],[-2.65121,37.32601],[-2.65421,37.31896],[-2.65159,37.31108],[-2.66228,37.29433],[-2.66503,37.28593],[-2.66227,37.26615],[-2.66706,37.24981],[-2.66572,37.23836],[-2.65761,37.22893],[-2.6601,37.212],[-2.66955,37.2166],[-2.6817,37.21704],[-2.69241,37.21826],[-2.70759,37.22436],[-2.71722,37.23282],[-2.72659,37.23174],[-2.73298,37.23613],[-2.74189,37.22836],[-2.75902,37.22672],[-2.77558,37.2456],[-2.77965,37.26222],[-2.79477,37.26381],[-2.81551,37.27185],[-2.82009,37.27783],[-2.83036,37.28011],[-2.84387,37.27925],[-2.85071,37.27598],[-2.85515,37.26908],[-2.86012,37.2502],[-2.86942,37.24556],[-2.86753,37.24273],[-2.87464,37.23103],[-2.87349,37.2196],[-2.8798,37.20384],[-2.88058,37.18887],[-2.88782,37.18276],[-2.89572,37.16749],[-2.92829,37.15621],[-2.93161,37.1386],[-2.93934,37.13214],[-2.94539,37.12109],[-2.94325,37.11189],[-2.94878,37.10397],[-2.94896,37.09656],[-2.98416,37.09305],[-3.00347,37.09714],[-3.01501,37.11329],[-3.02491,37.11518],[-3.02957,37.11326],[-3.02248,37.09845],[-3.02394,37.08558],[-3.01744,37.06855],[-3.01611,37.05273],[-3.0065,37.03565],[-3.00517,37.0241],[-3.00006,37.02123],[-2.99853,37.01333],[-2.98328,37.00548],[-2.97848,36.99267],[-2.97717,36.97661],[-2.98614,36.96824],[-2.98643,36.96315],[-2.99089,36.9588],[-3.02133,36.95362],[-3.02591,36.95058],[-3.03056,36.94304],[-3.03023,36.93328],[-3.03517,36.92355],[-3.05871,36.91222],[-3.06554,36.91334],[-3.07193,36.91928],[-3.06937,36.91472],[-3.06956,36.90157],[-3.06075,36.89214],[-3.05663,36.88506],[-3.05366,36.88391],[-3.05046,36.8835],[-3.04749,36.8821],[-3.04326,36.87912],[-3.04337,36.87659],[-3.04053,36.8724],[-3.03575,36.8636],[-3.03207,36.86094],[-3.03019,36.84697],[-3.029,36.84444],[-3.03737,36.83539],[-3.0428,36.83188],[-3.07395,36.82468],[-3.09295,36.80988],[-3.14019,36.78778],[-3.13492,36.78095],[-3.13646,36.76617],[-3.12868,36.75089],[-3.14571,36.74534],[-3.16772,36.74541],[-3.17514,36.74851],[-3.19998,36.75005],[-3.21226,36.74572],[-3.22804,36.75084],[-3.23334,36.7501],[-3.24898,36.75457],[-3.27253,36.74849],[-3.30488,36.7379],[-3.31921,36.74159],[-3.3384,36.7384],[-3.35021,36.72946],[-3.36514,36.71466],[-3.38674,36.71144],[-3.39523,36.7064],[-3.41119,36.70299],[-3.42091,36.69451],[-3.46485,36.69465],[-3.48095,36.69744],[-3.50066,36.71093],[-3.51407,36.72077],[-3.52581,36.72397],[-3.53791,36.72158],[-3.55039,36.71496],[-3.56707,36.71904],[-3.58107,36.72441],[-3.60181,36.7439],[-3.6377,36.74236],[-3.65979,36.74584],[-3.67801,36.73045],[-3.69515,36.72913],[-3.70412,36.73312],[-3.71819,36.73241],[-3.72554,36.72885],[-3.73202,36.7198],[-3.73592,36.72189],[-3.73752,36.72949],[-3.74821,36.73694],[-3.75668,36.73753],[-3.76661,36.72926],[-3.77746,36.73793],[-3.78141,36.76453],[-3.76658,36.7894],[-3.77019,36.79637],[-3.76969,36.80328],[-3.78506,36.81172],[-3.79063,36.82071],[-3.79442,36.82167],[-3.79633,36.83112],[-3.81522,36.84185],[-3.81534,36.84686],[-3.82831,36.85574],[-3.84212,36.85766],[-3.8587,36.85183],[-3.87043,36.85153],[-3.882,36.85815],[-3.8895,36.86651],[-3.91835,36.86871],[-3.92243,36.87372],[-3.92475,36.87907],[-3.93055,36.88287],[-3.96943,36.89154],[-3.99089,36.89157],[-4.00023,36.89046],[-4.01815,36.89961],[-4.03545,36.90427],[-4.04367,36.90329],[-4.04919,36.90609],[-4.05379,36.91499],[-4.05584,36.91492],[-4.06124,36.9199],[-4.06567,36.92064],[-4.07344,36.92589],[-4.07881,36.92816],[-4.08164,36.93003],[-4.08661,36.93011],[-4.08996,36.93215],[-4.09862,36.94257],[-4.09973,36.95272],[-4.10408,36.95193],[-4.11136,36.94966],[-4.12924,36.95165],[-4.14059,36.95247],[-4.16549,36.95713],[-4.19311,36.98046],[-4.21462,36.99159],[-4.22337,37.01236],[-4.23136,37.01696],[-4.23625,37.01786],[-4.24146,37.02016],[-4.2451,37.02093],[-4.25195,37.023],[-4.25508,37.02261],[-4.2563,37.02021],[-4.26047,37.01732],[-4.27253,37.01493],[-4.27006,37.02706],[-4.27167,37.03007],[-4.27238,37.03998],[-4.27278,37.04175],[-4.27446,37.04396],[-4.27932,37.05231],[-4.28085,37.05585],[-4.2814,37.06117],[-4.28266,37.06655],[-4.28286,37.07147],[-4.2877,37.12076],[-4.30896,37.15283],[-4.32273,37.17873],[-4.32813,37.18407],[-4.32174,37.19087],[-4.29594,37.19964],[-4.28432,37.2072],[-4.26512,37.22608],[-4.25629,37.2299],[-4.25872,37.25156],[-4.26237,37.2601],[-4.24822,37.26985],[-4.23682,37.29775],[-4.23555,37.3125],[-4.23914,37.32771],[-4.23656,37.33513],[-4.22565,37.33907],[-4.20796,37.35249],[-4.17396,37.34854],[-4.16199,37.34196],[-4.15592,37.3445],[-4.14469,37.36266],[-4.12731,37.37821],[-4.10506,37.38817],[-4.09824,37.40014],[-4.08556,37.40342],[-4.05206,37.40276],[-4.03397,37.40613],[-4.01802,37.40185],[-4.00083,37.40212],[-3.98161,37.38814],[-3.973,37.3877],[-3.95164,37.37895],[-3.91123,37.37885],[-3.88179,37.38751],[-3.85776,37.38784],[-3.84243,37.38616],[-3.83399,37.39794],[-3.82655,37.40259],[-3.82561,37.41335],[-3.8101,37.43853],[-3.80303,37.4521],[-3.80838,37.45797],[-3.7923,37.46665],[-3.78775,37.47728],[-3.79108,37.48065],[-3.78739,37.48832],[-3.78324,37.49121],[-3.77768,37.49008],[-3.77404,37.47835],[-3.72986,37.48865],[-3.69772,37.51131],[-3.68385,37.51741],[-3.67198,37.51824],[-3.62708,37.52856],[-3.60089,37.54643],[-3.5829,37.55389],[-3.56047,37.56568],[-3.55448,37.57377],[-3.53606,37.58203],[-3.5367,37.5962],[-3.50655,37.61724],[-3.48137,37.60195],[-3.46173,37.59823],[-3.43688,37.57391],[-3.39924,37.5643],[-3.37978,37.56461],[-3.36619,37.56839],[-3.35721,37.57571],[-3.34565,37.57563],[-3.33084,37.58154],[-3.29694,37.58797],[-3.29113,37.5947],[-3.28694,37.60624],[-3.26359,37.63128],[-3.26043,37.63909],[-3.23307,37.63824],[-3.21509,37.64398],[-3.18403,37.6443],[-3.17121,37.6421],[-3.14784,37.62593],[-3.14291,37.6215],[-3.11652,37.60813],[-3.10091,37.60524],[-3.09169,37.59657],[-3.08716,37.59614],[-3.07307,37.60323],[-3.05818,37.60716],[-3.04979,37.61821],[-3.04379,37.61649],[-3.03607,37.61826],[-3.01159,37.60813],[-3.00822,37.60797],[-2.99602,37.60358],[-2.97818,37.60277],[-2.97733,37.60659],[-2.98226,37.61359],[-2.97511,37.62202],[-2.97632,37.6343],[-2.90515,37.66435],[-2.88842,37.67651],[-2.88404,37.68134],[-2.8963,37.68393],[-2.90051,37.68757],[-2.90404,37.70743],[-2.90114,37.72181],[-2.90661,37.72888],[-2.90301,37.73904],[-2.90305,37.75164],[-2.89005,37.76148],[-2.88029,37.75996],[-2.87271,37.79205],[-2.85641,37.80983],[-2.84177,37.82026],[-2.83928,37.82779],[-2.8209,37.85046],[-2.81856,37.87588],[-2.80536,37.88231],[-2.79547,37.9022],[-2.78426,37.91762],[-2.7743,37.9256],[-2.76664,37.92107],[-2.76197,37.92253],[-2.74408,37.93562],[-2.72163,37.96253],[-2.71494,37.96336],[-2.69836,37.97304],[-2.69144,37.97284],[-2.68972,37.97384],[-2.66998,37.96214],[-2.65571,37.96682],[-2.65035,37.9714],[-2.64045,37.98168],[-2.62076,37.98858],[-2.60913,37.99589],[-2.59934,38.00615],[-2.59946,38.04117],[-2.5968,38.05199],[-2.60255,38.06207],[-2.57555,38.07431],[-2.56585,38.08203],[-2.55127,38.08412],[-2.53912,38.07588],[-2.52168,38.07002],[-2.50455,38.06799]]]}},{"type":"Feature","properties":{"region_key":"ES431","name_pt":"Badajoz","name_es":"Badajoz","name_en":"Badajoz","kind":"district_province","source_nuts_id":"ES431"},"geometry":{"type":"Polygon","coordinates":[[[-4.69518,39.37331],[-4.70409,39.36405],[-4.70906,39.35],[-4.70803,39.32866],[-4.73528,39.32649],[-4.75994,39.32036],[-4.7405,39.28182],[-4.73137,39.25521],[-4.73168,39.25175],[-4.71448,39.2439],[-4.70596,39.215],[-4.70703,39.21016],[-4.68983,39.20389],[-4.68197,39.19331],[-4.66337,39.18426],[-4.66183,39.17852],[-4.64909,39.17067],[-4.64901,39.16495],[-4.6777,39.1703],[-4.71398,39.18734],[-4.74009,39.19393],[-4.77373,39.18985],[-4.80665,39.19828],[-4.82192,39.18099],[-4.83144,39.17615],[-4.83246,39.16511],[-4.84476,39.16132],[-4.85341,39.15159],[-4.85735,39.13488],[-4.85655,39.12494],[-4.87039,39.11242],[-4.87412,39.09945],[-4.85891,39.07784],[-4.83768,39.07143],[-4.82586,39.0626],[-4.83392,39.04634],[-4.8477,39.04587],[-4.86153,39.03249],[-4.88519,39.03377],[-4.91334,39.04784],[-4.94145,39.05655],[-4.94866,39.0563],[-4.95442,39.05774],[-4.95961,39.05775],[-4.96255,39.05878],[-4.96191,39.05239],[-4.96034,39.04801],[-4.95167,39.0315],[-4.94989,39.02669],[-4.94858,39.02222],[-4.94761,39.01632],[-4.94532,39.00883],[-4.94424,39.00682],[-4.93709,38.99682],[-4.93612,38.99025],[-4.93691,38.98532],[-4.93371,38.97563],[-4.9321,38.97288],[-4.92897,38.96878],[-4.91826,38.9571],[-4.90384,38.96288],[-4.89421,38.95995],[-4.89034,38.95293],[-4.87828,38.94865],[-4.84306,38.94514],[-4.84286,38.94075],[-4.83465,38.93963],[-4.83192,38.93617],[-4.84158,38.91799],[-4.84685,38.88463],[-4.84929,38.88214],[-4.85354,38.88296],[-4.86664,38.88696],[-4.91498,38.88749],[-4.91881,38.88066],[-4.92232,38.87848],[-4.9243,38.87685],[-4.92802,38.86998],[-4.93463,38.86488],[-4.94353,38.85443],[-4.94371,38.85104],[-4.94456,38.84718],[-4.94887,38.8402],[-4.95367,38.83001],[-4.96137,38.78905],[-4.96826,38.77605],[-4.973,38.76145],[-4.99197,38.73895],[-5.00325,38.7337],[-5.01471,38.73552],[-5.03722,38.73336],[-5.047,38.72913],[-5.06166,38.72437],[-5.06768,38.71832],[-5.09881,38.70796],[-5.11888,38.71582],[-5.14013,38.71395],[-5.15284,38.71619],[-5.16638,38.7126],[-5.17287,38.71736],[-5.18455,38.71975],[-5.16805,38.67737],[-5.18453,38.67358],[-5.18534,38.67039],[-5.18115,38.6653],[-5.18547,38.66085],[-5.19594,38.66538],[-5.19963,38.65893],[-5.20783,38.66611],[-5.21477,38.65073],[-5.222,38.65376],[-5.22456,38.64896],[-5.23913,38.63838],[-5.24615,38.63803],[-5.24644,38.63384],[-5.25337,38.6317],[-5.25736,38.62524],[-5.26857,38.62171],[-5.27818,38.61387],[-5.29332,38.60912],[-5.30998,38.59296],[-5.30686,38.58298],[-5.30922,38.57822],[-5.33493,38.57868],[-5.35766,38.5854],[-5.36989,38.58428],[-5.36974,38.5794],[-5.37568,38.56909],[-5.38866,38.56332],[-5.38463,38.55733],[-5.3922,38.55151],[-5.38476,38.54399],[-5.38468,38.53921],[-5.39766,38.5461],[-5.40528,38.54416],[-5.40486,38.53594],[-5.41514,38.52975],[-5.4111,38.52078],[-5.41634,38.51953],[-5.41948,38.51337],[-5.42789,38.51389],[-5.43505,38.50519],[-5.44584,38.504],[-5.45052,38.49822],[-5.45642,38.49857],[-5.4651,38.4878],[-5.4791,38.48354],[-5.48537,38.46424],[-5.49097,38.46567],[-5.49623,38.45944],[-5.50486,38.45777],[-5.5145,38.46355],[-5.52317,38.45903],[-5.55269,38.44519],[-5.56935,38.43161],[-5.57276,38.42332],[-5.58377,38.40096],[-5.58474,38.38695],[-5.58096,38.38229],[-5.56593,38.37577],[-5.56545,38.36822],[-5.56055,38.36662],[-5.56759,38.36031],[-5.56795,38.35003],[-5.57455,38.32952],[-5.55469,38.31612],[-5.5511,38.30938],[-5.55144,38.30205],[-5.54515,38.29385],[-5.54316,38.28125],[-5.53765,38.27837],[-5.53635,38.27275],[-5.52709,38.26405],[-5.52947,38.25593],[-5.52394,38.24766],[-5.52412,38.21995],[-5.52104,38.20727],[-5.53786,38.20015],[-5.53778,38.19043],[-5.54292,38.18393],[-5.53985,38.17104],[-5.53675,38.16807],[-5.53895,38.16171],[-5.54963,38.16046],[-5.55862,38.14964],[-5.57662,38.14897],[-5.58474,38.14063],[-5.58485,38.13175],[-5.63313,38.13774],[-5.66621,38.10945],[-5.67087,38.10091],[-5.69197,38.08522],[-5.71049,38.08109],[-5.71209,38.08231],[-5.71613,38.08324],[-5.71963,38.08512],[-5.73296,38.08757],[-5.73496,38.0863],[-5.73454,38.11074],[-5.74019,38.12689],[-5.73515,38.13451],[-5.72912,38.13665],[-5.71507,38.13558],[-5.69792,38.14827],[-5.69684,38.15272],[-5.70406,38.16382],[-5.70121,38.16817],[-5.69483,38.16908],[-5.6843,38.15711],[-5.68841,38.16984],[-5.68822,38.18016],[-5.69749,38.1806],[-5.69574,38.18573],[-5.7126,38.18683],[-5.72793,38.19676],[-5.7414,38.19364],[-5.74591,38.18951],[-5.7577,38.18149],[-5.78002,38.18561],[-5.79867,38.17541],[-5.80457,38.17764],[-5.81061,38.17477],[-5.81637,38.17735],[-5.82556,38.17078],[-5.83792,38.17448],[-5.85159,38.17195],[-5.85745,38.16182],[-5.87614,38.15673],[-5.88015,38.13359],[-5.89482,38.13055],[-5.91193,38.12262],[-5.9261,38.10451],[-5.92768,38.08834],[-5.91196,38.07867],[-5.90869,38.0678],[-5.91993,38.05058],[-5.92822,38.04992],[-5.93446,38.0459],[-5.93643,38.04057],[-5.9335,38.03195],[-5.93653,38.02447],[-5.93875,38.02124],[-5.95375,37.9954],[-5.9603,37.99941],[-5.99256,37.99905],[-6.00585,37.99211],[-6.01802,37.99171],[-6.03144,37.99772],[-6.03936,37.99533],[-6.05018,37.99688],[-6.07702,37.98523],[-6.1152,37.98166],[-6.13625,37.97221],[-6.14848,37.96512],[-6.15313,37.95863],[-6.16696,37.95533],[-6.18031,37.94108],[-6.19505,37.94931],[-6.19539,37.95555],[-6.20205,37.9611],[-6.23331,37.95799],[-6.24259,37.96108],[-6.25243,37.97099],[-6.30238,37.97832],[-6.30921,37.98523],[-6.32821,37.99743],[-6.34677,38.00291],[-6.35917,38.01671],[-6.35906,38.02124],[-6.36156,38.03728],[-6.36903,38.049],[-6.38962,38.04858],[-6.41294,38.05803],[-6.44332,38.05922],[-6.45135,38.05571],[-6.4456,38.04593],[-6.46518,38.03479],[-6.47348,38.02124],[-6.47181,38.01645],[-6.46576,38.01238],[-6.47873,38.00815],[-6.49056,38.00961],[-6.49628,38.01905],[-6.51848,38.02124],[-6.54655,38.02787],[-6.56551,38.02666],[-6.56973,38.02276],[-6.58177,38.02125],[-6.58725,38.02683],[-6.58134,38.05297],[-6.62253,38.09721],[-6.64304,38.09608],[-6.64871,38.09084],[-6.65266,38.09602],[-6.66212,38.09304],[-6.68223,38.09685],[-6.68898,38.09901],[-6.69415,38.09531],[-6.71531,38.09483],[-6.72073,38.09984],[-6.72938,38.09862],[-6.73283,38.0908],[-6.75813,38.0938],[-6.76742,38.09953],[-6.76556,38.10503],[-6.77247,38.10449],[-6.77152,38.11205],[-6.78995,38.10966],[-6.80044,38.11391],[-6.80771,38.11189],[-6.8159,38.12019],[-6.80896,38.13468],[-6.79992,38.14461],[-6.79875,38.15448],[-6.79318,38.16572],[-6.79517,38.1786],[-6.82254,38.17413],[-6.84922,38.17755],[-6.90219,38.20113],[-6.92229,38.20086],[-6.92485,38.20533],[-6.93174,38.20838],[-6.93755,38.20836],[-6.93789,38.2197],[-6.94725,38.2125],[-6.94917,38.2173],[-6.9564,38.21647],[-6.97144,38.20344],[-6.97842,38.20746],[-6.98172,38.21052],[-6.99613,38.20397],[-7.01035,38.20426],[-7.01045,38.19742],[-7.01567,38.19639],[-7.01902,38.19049],[-7.02838,38.18321],[-7.03997,38.18671],[-7.04562,38.18514],[-7.04958,38.1805],[-7.05843,38.17889],[-7.0569,38.185],[-7.0651,38.1863],[-7.06818,38.17861],[-7.08481,38.17041],[-7.08951,38.17782],[-7.09778,38.17976],[-7.10795,38.18812],[-7.1185,38.21422],[-7.14176,38.2398],[-7.14554,38.2626],[-7.15905,38.2795],[-7.16856,38.28007],[-7.16837,38.28452],[-7.18301,38.29682],[-7.20317,38.32981],[-7.23032,38.35462],[-7.26831,38.39174],[-7.28098,38.41916],[-7.28648,38.42367],[-7.29354,38.42771],[-7.29903,38.42611],[-7.31797,38.43976],[-7.33569,38.43584],[-7.33064,38.44367],[-7.31598,38.44949],[-7.31326,38.46032],[-7.30253,38.46545],[-7.29777,38.47344],[-7.29631,38.47925],[-7.30005,38.48268],[-7.30683,38.48177],[-7.31463,38.47514],[-7.32181,38.47814],[-7.31119,38.51624],[-7.30257,38.52714],[-7.30319,38.54343],[-7.28949,38.55925],[-7.28537,38.57371],[-7.27397,38.57755],[-7.26063,38.59734],[-7.26041,38.60415],[-7.25949,38.60649],[-7.24489,38.62474],[-7.24974,38.62856],[-7.26424,38.62876],[-7.26918,38.63701],[-7.26475,38.70041],[-7.25374,38.71777],[-7.25249,38.72823],[-7.24024,38.73557],[-7.22568,38.7377],[-7.20313,38.75102],[-7.19181,38.76801],[-7.16842,38.77692],[-7.15811,38.78463],[-7.15393,38.79433],[-7.12886,38.81349],[-7.11322,38.81713],[-7.09511,38.816],[-7.09003,38.81864],[-7.06788,38.85414],[-7.04088,38.86458],[-7.03395,38.87754],[-7.03522,38.8822],[-7.03947,38.88483],[-7.04089,38.89634],[-7.05103,38.90608],[-7.02735,38.92417],[-7.01878,38.94238],[-6.9853,38.97873],[-6.96396,39.01236],[-6.9527,39.02341],[-6.96643,39.03862],[-6.96515,39.0451],[-6.96047,39.05683],[-6.98193,39.08836],[-6.99615,39.09919],[-7.02958,39.11617],[-7.05196,39.11788],[-7.09812,39.10559],[-7.10587,39.09938],[-7.14388,39.10932],[-7.14808,39.11909],[-7.14865,39.12262],[-7.13743,39.14362],[-7.13937,39.15065],[-7.13424,39.15951],[-7.13339,39.16774],[-7.13747,39.17201],[-7.17119,39.18063],[-7.20764,39.18752],[-7.22229,39.19388],[-7.23139,39.20321],[-7.24136,39.20858],[-7.24068,39.21861],[-7.245,39.22789],[-7.24218,39.2408],[-7.24743,39.25264],[-7.24129,39.26455],[-7.23147,39.27843],[-7.22905,39.27778],[-7.22564,39.27628],[-7.21999,39.2727],[-7.2118,39.27032],[-7.20393,39.26576],[-7.18983,39.28365],[-7.17274,39.29722],[-7.169,39.30626],[-7.15636,39.31453],[-7.15317,39.32063],[-7.15688,39.32976],[-7.16092,39.32943],[-7.16901,39.3214],[-7.1775,39.33033],[-7.17649,39.33835],[-7.16431,39.35283],[-7.16046,39.36179],[-7.1415,39.37481],[-7.13318,39.37579],[-7.1211,39.38289],[-7.10348,39.38577],[-7.09292,39.38053],[-7.07452,39.38051],[-7.06429,39.3721],[-7.07914,39.35259],[-7.09749,39.35856],[-7.10265,39.35364],[-7.10103,39.34604],[-7.08388,39.33628],[-7.08361,39.32075],[-7.07724,39.31024],[-7.07192,39.31221],[-7.06709,39.31504],[-7.06267,39.31608],[-7.05687,39.31924],[-7.05046,39.32166],[-7.04701,39.32404],[-7.0442,39.32698],[-7.04814,39.32989],[-7.04769,39.33349],[-7.03012,39.35226],[-7.03162,39.36743],[-7.02171,39.37196],[-7.01852,39.38238],[-7.01172,39.38771],[-7.01998,39.39281],[-7.0414,39.39791],[-7.06561,39.41368],[-7.04938,39.43667],[-6.99625,39.42453],[-6.9833,39.41893],[-6.97822,39.41338],[-6.93589,39.3969],[-6.92406,39.39465],[-6.92062,39.39281],[-6.89443,39.38851],[-6.8833,39.38282],[-6.871,39.38285],[-6.85715,39.38849],[-6.81208,39.39138],[-6.80214,39.38956],[-6.79186,39.36831],[-6.79616,39.34453],[-6.77208,39.32945],[-6.75097,39.32614],[-6.7472,39.32175],[-6.76174,39.27622],[-6.76801,39.26913],[-6.77827,39.26512],[-6.78409,39.25386],[-6.8008,39.23783],[-6.79429,39.21408],[-6.78325,39.20034],[-6.76758,39.18843],[-6.76145,39.18851],[-6.75685,39.19067],[-6.7553,39.19257],[-6.75331,39.19391],[-6.75073,39.1941],[-6.74429,39.19224],[-6.74112,39.19042],[-6.73825,39.18959],[-6.73545,39.18945],[-6.73276,39.1898],[-6.73022,39.18893],[-6.72288,39.18788],[-6.7176,39.1864],[-6.70848,39.18502],[-6.70154,39.18284],[-6.69745,39.18138],[-6.69469,39.17997],[-6.69017,39.1786],[-6.68108,39.17721],[-6.65985,39.19823],[-6.64564,39.194],[-6.63318,39.19648],[-6.58099,39.17943],[-6.58373,39.17206],[-6.57489,39.16761],[-6.57433,39.15842],[-6.53954,39.15588],[-6.53642,39.16288],[-6.53531,39.18031],[-6.49216,39.16835],[-6.4545,39.17464],[-6.45186,39.1746],[-6.44522,39.17347],[-6.43876,39.1759],[-6.4331,39.1748],[-6.42955,39.17339],[-6.42448,39.16962],[-6.42259,39.16874],[-6.40676,39.165],[-6.40201,39.16448],[-6.39823,39.16527],[-6.37638,39.16292],[-6.36897,39.16487],[-6.35543,39.17738],[-6.34246,39.18347],[-6.32848,39.1865],[-6.31953,39.18408],[-6.32104,39.17085],[-6.31043,39.1561],[-6.30792,39.14635],[-6.31199,39.13234],[-6.3116,39.11165],[-6.29542,39.09843],[-6.23091,39.08973],[-6.22549,39.08504],[-6.22037,39.07564],[-6.21565,39.06866],[-6.20656,39.05968],[-6.20467,39.05871],[-6.20291,39.05708],[-6.18451,39.05713],[-6.17456,39.05785],[-6.16847,39.05893],[-6.1534,39.05235],[-6.14216,39.03164],[-6.13211,39.03879],[-6.12524,39.05],[-6.10579,39.06551],[-6.07865,39.09358],[-6.06235,39.10215],[-6.04535,39.11406],[-6.01488,39.12935],[-6.0162,39.09966],[-6.00968,39.05398],[-5.98886,39.06828],[-5.98166,39.07006],[-5.95885,39.09527],[-5.93978,39.10874],[-5.92809,39.10511],[-5.92518,39.09852],[-5.92718,39.09262],[-5.9377,39.08384],[-5.92476,39.08324],[-5.89651,39.09521],[-5.87141,39.10435],[-5.83142,39.1118],[-5.81773,39.12005],[-5.8188,39.13099],[-5.81042,39.14463],[-5.75835,39.13345],[-5.73015,39.11399],[-5.72666,39.11221],[-5.69256,39.0846],[-5.67156,39.07896],[-5.64768,39.10093],[-5.6093,39.09931],[-5.60442,39.10083],[-5.5999,39.10661],[-5.59234,39.10869],[-5.58509,39.11769],[-5.60062,39.12822],[-5.60125,39.13245],[-5.5799,39.14262],[-5.57783,39.15137],[-5.60474,39.17516],[-5.6123,39.18741],[-5.59211,39.1998],[-5.57852,39.20245],[-5.56524,39.20929],[-5.55028,39.2123],[-5.52926,39.19365],[-5.51504,39.20736],[-5.50184,39.18943],[-5.47918,39.1774],[-5.45978,39.15952],[-5.43008,39.16184],[-5.41461,39.15747],[-5.38407,39.17424],[-5.37623,39.18695],[-5.36799,39.21123],[-5.35411,39.22402],[-5.35068,39.23096],[-5.34756,39.24679],[-5.35491,39.25983],[-5.35429,39.27188],[-5.35276,39.28611],[-5.34829,39.30238],[-5.34757,39.30756],[-5.34644,39.31202],[-5.3438,39.31931],[-5.34356,39.32173],[-5.3399,39.33355],[-5.32163,39.33062],[-5.30324,39.31964],[-5.28314,39.31957],[-5.24767,39.30187],[-5.23679,39.30442],[-5.22934,39.30704],[-5.21793,39.3096],[-5.1877,39.31517],[-5.18573,39.31604],[-5.17854,39.31638],[-5.17566,39.31705],[-5.17159,39.31557],[-5.14895,39.32184],[-5.11799,39.34266],[-5.11168,39.35991],[-5.11202,39.38735],[-5.09015,39.39013],[-5.05349,39.36318],[-5.01965,39.36834],[-5.01729,39.37221],[-5.0152,39.37455],[-5.00799,39.37793],[-4.9946,39.37182],[-4.98537,39.37188],[-4.97999,39.37837],[-4.9702,39.38369],[-4.97514,39.39281],[-4.97004,39.39521],[-4.95255,39.39504],[-4.94078,39.39516],[-4.93567,39.39551],[-4.93357,39.39281],[-4.93163,39.38847],[-4.92091,39.38694],[-4.90104,39.37522],[-4.87181,39.36935],[-4.85969,39.37971],[-4.84481,39.38022],[-4.82259,39.39281],[-4.80672,39.39728],[-4.77463,39.3978],[-4.75541,39.41576],[-4.71242,39.43622],[-4.6914,39.45062],[-4.68694,39.44973],[-4.68484,39.44062],[-4.6697,39.42275],[-4.67315,39.40976],[-4.68699,39.39281],[-4.68704,39.38725],[-4.69345,39.38178],[-4.69518,39.37331]]]}},{"type":"Feature","properties":{"region_key":"ES615","name_pt":"Huelva","name_es":"Huelva","name_en":"Huelva","kind":"district_province","source_nuts_id":"ES615"},"geometry":{"type":"Polygon","coordinates":[[[-6.92485,38.20533],[-6.92229,38.20086],[-6.90219,38.20113],[-6.84922,38.17755],[-6.82254,38.17413],[-6.79517,38.1786],[-6.79318,38.16572],[-6.79875,38.15448],[-6.79992,38.14461],[-6.80896,38.13468],[-6.8159,38.12019],[-6.80771,38.11189],[-6.80044,38.11391],[-6.78995,38.10966],[-6.77152,38.11205],[-6.77247,38.10449],[-6.76556,38.10503],[-6.76742,38.09953],[-6.75813,38.0938],[-6.73283,38.0908],[-6.72938,38.09862],[-6.72073,38.09984],[-6.71531,38.09483],[-6.69415,38.09531],[-6.68898,38.09901],[-6.68223,38.09685],[-6.66212,38.09304],[-6.65266,38.09602],[-6.64871,38.09084],[-6.64304,38.09608],[-6.62253,38.09721],[-6.58134,38.05297],[-6.58725,38.02683],[-6.58177,38.02125],[-6.56973,38.02276],[-6.56551,38.02666],[-6.54655,38.02787],[-6.51848,38.02124],[-6.49628,38.01905],[-6.49056,38.00961],[-6.47873,38.00815],[-6.46576,38.01238],[-6.47181,38.01645],[-6.47348,38.02124],[-6.46518,38.03479],[-6.4456,38.04593],[-6.45135,38.05571],[-6.44332,38.05922],[-6.41294,38.05803],[-6.38962,38.04858],[-6.36903,38.049],[-6.36156,38.03728],[-6.35906,38.02124],[-6.35917,38.01671],[-6.34677,38.00291],[-6.32821,37.99743],[-6.30921,37.98523],[-6.30238,37.97832],[-6.25243,37.97099],[-6.24259,37.96108],[-6.23331,37.95799],[-6.20205,37.9611],[-6.19539,37.95555],[-6.19505,37.94931],[-6.18031,37.94108],[-6.18336,37.92784],[-6.17042,37.91062],[-6.16735,37.91007],[-6.16333,37.91727],[-6.14523,37.91944],[-6.13825,37.91002],[-6.12516,37.90339],[-6.13623,37.89524],[-6.14134,37.88604],[-6.15077,37.87724],[-6.15894,37.87301],[-6.16383,37.86105],[-6.15792,37.8542],[-6.14274,37.85524],[-6.13474,37.83543],[-6.13014,37.83188],[-6.12286,37.81614],[-6.12641,37.8111],[-6.12665,37.79798],[-6.13701,37.7949],[-6.13408,37.78788],[-6.14259,37.78861],[-6.15012,37.7943],[-6.15826,37.79124],[-6.16703,37.79371],[-6.17731,37.79933],[-6.18726,37.80964],[-6.20196,37.80534],[-6.21546,37.79154],[-6.2061,37.76578],[-6.21933,37.75489],[-6.21804,37.74411],[-6.22381,37.73955],[-6.23513,37.73929],[-6.23544,37.74366],[-6.24469,37.74133],[-6.25374,37.74441],[-6.25335,37.74697],[-6.24607,37.74837],[-6.24785,37.75738],[-6.25237,37.76232],[-6.27786,37.75859],[-6.31279,37.76466],[-6.3899,37.74765],[-6.42259,37.73447],[-6.44862,37.71976],[-6.47281,37.72478],[-6.48312,37.72087],[-6.47674,37.71245],[-6.48499,37.69774],[-6.48926,37.697],[-6.49544,37.68896],[-6.50043,37.68809],[-6.49913,37.68247],[-6.50311,37.66784],[-6.52522,37.6637],[-6.53617,37.65102],[-6.53552,37.64096],[-6.53084,37.63614],[-6.53851,37.62666],[-6.53574,37.62112],[-6.52673,37.61702],[-6.51482,37.62427],[-6.50257,37.62249],[-6.49812,37.61854],[-6.49084,37.6202],[-6.48615,37.6169],[-6.47393,37.62132],[-6.42259,37.62126],[-6.39524,37.61087],[-6.39531,37.60354],[-6.39994,37.59964],[-6.39862,37.59111],[-6.39378,37.58657],[-6.40228,37.5795],[-6.39443,37.55901],[-6.38961,37.55241],[-6.37546,37.54592],[-6.36773,37.53646],[-6.36908,37.52744],[-6.35795,37.4991],[-6.33977,37.48528],[-6.33213,37.46399],[-6.3223,37.45411],[-6.31324,37.44614],[-6.30674,37.43556],[-6.30683,37.4279],[-6.31325,37.41929],[-6.3229,37.41929],[-6.33073,37.41543],[-6.35761,37.41029],[-6.3609,37.40259],[-6.35538,37.39292],[-6.36196,37.37574],[-6.34604,37.36573],[-6.3491,37.36246],[-6.35847,37.35716],[-6.36194,37.35575],[-6.36528,37.35294],[-6.36843,37.34949],[-6.37395,37.34873],[-6.37822,37.34608],[-6.3825,37.34081],[-6.38416,37.33944],[-6.38457,37.33749],[-6.34258,37.31105],[-6.33398,37.29882],[-6.34211,37.28065],[-6.33715,37.27479],[-6.35033,37.26391],[-6.35369,37.2564],[-6.35225,37.24847],[-6.35906,37.23764],[-6.34597,37.21834],[-6.35293,37.19841],[-6.35046,37.18149],[-6.33619,37.16966],[-6.35907,37.13986],[-6.34368,37.12742],[-6.34336,37.12235],[-6.35916,37.11697],[-6.35771,37.11047],[-6.37851,37.09514],[-6.3855,37.08224],[-6.3859,37.07218],[-6.37753,37.04147],[-6.3583,37.00363],[-6.35434,36.98868],[-6.36101,36.97179],[-6.36022,36.95889],[-6.36393,36.94633],[-6.37896,36.93474],[-6.36994,36.92589],[-6.36436,36.92249],[-6.36258,36.92163],[-6.35879,36.92053],[-6.35691,36.91907],[-6.35018,36.91279],[-6.34568,36.90755],[-6.34244,36.90586],[-6.3365,36.90413],[-6.33472,36.90327],[-6.33297,36.90169],[-6.33107,36.89884],[-6.33823,36.89626],[-6.33989,36.89527],[-6.34334,36.89191],[-6.34594,36.88804],[-6.34889,36.87373],[-6.35297,36.85741],[-6.35362,36.85142],[-6.35398,36.83836],[-6.35331,36.83487],[-6.35296,36.82927],[-6.35188,36.8253],[-6.34495,36.81596],[-6.3436,36.81252],[-6.34244,36.8053],[-6.34244,36.80314],[-6.34397,36.79998],[-6.34556,36.79877],[-6.37189,36.79547],[-6.39326,36.80419],[-6.39895,36.81097],[-6.42259,36.8594],[-6.44268,36.8978],[-6.45742,36.91816],[-6.51076,36.96882],[-6.59374,37.02116],[-6.7298,37.09002],[-6.7957,37.12116],[-6.86619,37.14591],[-6.89273,37.16046],[-6.91061,37.15396],[-6.92151,37.16034],[-6.94057,37.16601],[-6.94413,37.1647],[-6.95125,37.17052],[-7.022,37.20131],[-7.05186,37.20842],[-7.05566,37.20641],[-7.15438,37.20739],[-7.2308,37.20377],[-7.28481,37.20061],[-7.3274,37.19293],[-7.3328,37.18967],[-7.33579,37.18445],[-7.36449,37.17201],[-7.38057,37.17183],[-7.39388,37.17661],[-7.40192,37.17483],[-7.40692,37.18203],[-7.40796,37.18482],[-7.40953,37.19559],[-7.41341,37.21045],[-7.41328,37.22337],[-7.41847,37.23606],[-7.43294,37.24843],[-7.43157,37.25939],[-7.42262,37.27471],[-7.43386,37.28985],[-7.44203,37.31517],[-7.44036,37.32846],[-7.4437,37.34468],[-7.4382,37.35838],[-7.43747,37.37029],[-7.44123,37.39173],[-7.45012,37.40259],[-7.46123,37.40994],[-7.44739,37.41916],[-7.45734,37.43086],[-7.45745,37.45145],[-7.46864,37.46953],[-7.46593,37.49003],[-7.48486,37.49896],[-7.49437,37.52225],[-7.50678,37.52301],[-7.51269,37.52626],[-7.51298,37.52841],[-7.51267,37.5379],[-7.51333,37.53976],[-7.51479,37.54208],[-7.51812,37.54512],[-7.51993,37.5473],[-7.52294,37.55345],[-7.51795,37.5595],[-7.50756,37.55836],[-7.50789,37.56543],[-7.51394,37.56692],[-7.5148,37.56995],[-7.5015,37.57844],[-7.50207,37.58134],[-7.5014,37.58374],[-7.49726,37.59346],[-7.50276,37.60432],[-7.48892,37.60491],[-7.48122,37.61827],[-7.48126,37.62403],[-7.47149,37.62544],[-7.47024,37.63512],[-7.46455,37.64143],[-7.46636,37.64872],[-7.45451,37.64783],[-7.4525,37.65812],[-7.45598,37.66191],[-7.44648,37.66497],[-7.45149,37.67812],[-7.44443,37.6882],[-7.44662,37.69875],[-7.43929,37.70115],[-7.43783,37.71328],[-7.42724,37.73255],[-7.42806,37.74113],[-7.41967,37.74515],[-7.42075,37.7585],[-7.41385,37.76039],[-7.40753,37.7665],[-7.39625,37.76529],[-7.35584,37.79924],[-7.32388,37.8165],[-7.32028,37.82371],[-7.31653,37.82634],[-7.31434,37.82864],[-7.31211,37.83349],[-7.30979,37.83656],[-7.30799,37.83773],[-7.30336,37.83955],[-7.3006,37.84297],[-7.29714,37.85645],[-7.28662,37.86557],[-7.28043,37.87707],[-7.2818,37.89709],[-7.27455,37.89981],[-7.26166,37.92314],[-7.25574,37.92411],[-7.25713,37.93216],[-7.24948,37.95537],[-7.25094,37.96459],[-7.26259,37.97884],[-7.24691,37.99032],[-7.24079,37.99184],[-7.22571,37.98918],[-7.20812,37.99706],[-7.20271,38.00277],[-7.18708,38.00314],[-7.18319,37.99794],[-7.17289,37.99405],[-7.1557,37.9947],[-7.14636,38.00212],[-7.13182,38.0008],[-7.12285,38.00542],[-7.12842,38.01125],[-7.12838,38.0189],[-7.13164,38.02124],[-7.12636,38.02421],[-7.12711,38.02998],[-7.1171,38.03191],[-7.10769,38.04052],[-7.09862,38.04317],[-7.09328,38.04074],[-7.06831,38.03248],[-7.0597,38.0186],[-7.04454,38.0158],[-7.02444,38.02422],[-7.00564,38.02223],[-7.00043,38.03342],[-7.00055,38.04688],[-6.99016,38.05911],[-6.98991,38.09182],[-6.98917,38.09444],[-6.98978,38.09636],[-6.98886,38.09808],[-6.98745,38.10395],[-6.97842,38.10471],[-6.97191,38.11074],[-6.96603,38.13244],[-6.95892,38.13509],[-6.96059,38.14094],[-6.95835,38.14922],[-6.95352,38.1528],[-6.96547,38.15712],[-6.96841,38.16539],[-6.95726,38.18246],[-6.93722,38.19834],[-6.93174,38.20838],[-6.92485,38.20533]]]}},{"type":"Feature","properties":{"region_key":"ES616","name_pt":"Ja\u00e9n","name_es":"Ja\u00e9n","name_en":"Ja\u00e9n","kind":"district_province","source_nuts_id":"ES616"},"geometry":{"type":"Polygon","coordinates":[[[-2.72809,38.51193],[-2.69743,38.50022],[-2.67322,38.49688],[-2.64395,38.50715],[-2.60429,38.51291],[-2.59181,38.5101],[-2.57811,38.50178],[-2.56662,38.49049],[-2.57352,38.48616],[-2.57622,38.4785],[-2.56731,38.45846],[-2.57187,38.43789],[-2.57601,38.43426],[-2.57698,38.4252],[-2.57136,38.41453],[-2.56131,38.41155],[-2.55315,38.40383],[-2.53535,38.40604],[-2.52304,38.40474],[-2.51215,38.40008],[-2.50816,38.40046],[-2.50074,38.39916],[-2.49704,38.39967],[-2.48437,38.39761],[-2.48158,38.3931],[-2.4918,38.37167],[-2.48651,38.35569],[-2.47927,38.34722],[-2.48049,38.32738],[-2.48414,38.3159],[-2.48497,38.30161],[-2.48163,38.29568],[-2.44314,38.28618],[-2.43645,38.27054],[-2.43701,38.2611],[-2.44349,38.25207],[-2.44158,38.23217],[-2.45368,38.21827],[-2.45298,38.2115],[-2.44587,38.20456],[-2.44692,38.18544],[-2.46086,38.17466],[-2.46844,38.17282],[-2.46905,38.16557],[-2.47475,38.15658],[-2.48689,38.14692],[-2.49804,38.133],[-2.51162,38.12689],[-2.52078,38.10836],[-2.55127,38.08412],[-2.56585,38.08203],[-2.57555,38.07431],[-2.60255,38.06207],[-2.5968,38.05199],[-2.59946,38.04117],[-2.59934,38.00615],[-2.60913,37.99589],[-2.62076,37.98858],[-2.64045,37.98168],[-2.65035,37.9714],[-2.65571,37.96682],[-2.66998,37.96214],[-2.68972,37.97384],[-2.69144,37.97284],[-2.69836,37.97304],[-2.71494,37.96336],[-2.72163,37.96253],[-2.74408,37.93562],[-2.76197,37.92253],[-2.76664,37.92107],[-2.7743,37.9256],[-2.78426,37.91762],[-2.79547,37.9022],[-2.80536,37.88231],[-2.81856,37.87588],[-2.8209,37.85046],[-2.83928,37.82779],[-2.84177,37.82026],[-2.85641,37.80983],[-2.87271,37.79205],[-2.88029,37.75996],[-2.89005,37.76148],[-2.90305,37.75164],[-2.90301,37.73904],[-2.90661,37.72888],[-2.90114,37.72181],[-2.90404,37.70743],[-2.90051,37.68757],[-2.8963,37.68393],[-2.88404,37.68134],[-2.88842,37.67651],[-2.90515,37.66435],[-2.97632,37.6343],[-2.97511,37.62202],[-2.98226,37.61359],[-2.97733,37.60659],[-2.97818,37.60277],[-2.99602,37.60358],[-3.00822,37.60797],[-3.01159,37.60813],[-3.03607,37.61826],[-3.04379,37.61649],[-3.04979,37.61821],[-3.05818,37.60716],[-3.07307,37.60323],[-3.08716,37.59614],[-3.09169,37.59657],[-3.10091,37.60524],[-3.11652,37.60813],[-3.14291,37.6215],[-3.14784,37.62593],[-3.17121,37.6421],[-3.18403,37.6443],[-3.21509,37.64398],[-3.23307,37.63824],[-3.26043,37.63909],[-3.26359,37.63128],[-3.28694,37.60624],[-3.29113,37.5947],[-3.29694,37.58797],[-3.33084,37.58154],[-3.34565,37.57563],[-3.35721,37.57571],[-3.36619,37.56839],[-3.37978,37.56461],[-3.39924,37.5643],[-3.43688,37.57391],[-3.46173,37.59823],[-3.48137,37.60195],[-3.50655,37.61724],[-3.5367,37.5962],[-3.53606,37.58203],[-3.55448,37.57377],[-3.56047,37.56568],[-3.5829,37.55389],[-3.60089,37.54643],[-3.62708,37.52856],[-3.67198,37.51824],[-3.68385,37.51741],[-3.69772,37.51131],[-3.72986,37.48865],[-3.77404,37.47835],[-3.77768,37.49008],[-3.78324,37.49121],[-3.78739,37.48832],[-3.79108,37.48065],[-3.78775,37.47728],[-3.7923,37.46665],[-3.80838,37.45797],[-3.80303,37.4521],[-3.8101,37.43853],[-3.82561,37.41335],[-3.82655,37.40259],[-3.83399,37.39794],[-3.84243,37.38616],[-3.85776,37.38784],[-3.88179,37.38751],[-3.91123,37.37885],[-3.95164,37.37895],[-3.973,37.3877],[-3.98161,37.38814],[-4.00083,37.40212],[-4.01846,37.42035],[-4.02973,37.4421],[-4.04804,37.46646],[-4.0694,37.47304],[-4.08736,37.48596],[-4.05979,37.5055],[-4.08574,37.51297],[-4.09519,37.50996],[-4.09823,37.51393],[-4.09874,37.52944],[-4.10924,37.53448],[-4.11463,37.54626],[-4.12157,37.54941],[-4.12275,37.55491],[-4.14125,37.56196],[-4.15112,37.57411],[-4.16023,37.57461],[-4.16156,37.58683],[-4.1685,37.58855],[-4.16392,37.59869],[-4.17326,37.60977],[-4.1871,37.61628],[-4.19695,37.61213],[-4.20312,37.61417],[-4.20823,37.61102],[-4.21088,37.61588],[-4.22042,37.62128],[-4.2187,37.62695],[-4.22389,37.63198],[-4.22622,37.64032],[-4.18687,37.67048],[-4.16439,37.68153],[-4.18384,37.70631],[-4.23717,37.71973],[-4.23968,37.72624],[-4.23665,37.73858],[-4.22621,37.76062],[-4.20846,37.77004],[-4.20798,37.77721],[-4.20682,37.77891],[-4.20929,37.78124],[-4.21162,37.78274],[-4.27933,37.7941],[-4.28714,37.79918],[-4.28456,37.81849],[-4.27813,37.85108],[-4.27943,37.87843],[-4.27209,37.90887],[-4.2661,37.91098],[-4.26227,37.91659],[-4.25807,37.93936],[-4.25978,37.95084],[-4.2594,37.95457],[-4.25994,37.95779],[-4.27261,37.99079],[-4.27836,38.0005],[-4.28447,38.00387],[-4.28284,38.01423],[-4.28238,38.02124],[-4.27561,38.02389],[-4.25942,38.02241],[-4.26636,38.03894],[-4.25062,38.04016],[-4.24086,38.04872],[-4.24153,38.05142],[-4.2511,38.0508],[-4.25077,38.06494],[-4.24644,38.06808],[-4.23698,38.06524],[-4.23011,38.0783],[-4.23117,38.08309],[-4.2237,38.08463],[-4.22545,38.09039],[-4.21424,38.09216],[-4.21933,38.10301],[-4.21815,38.10829],[-4.20354,38.11019],[-4.19417,38.12689],[-4.17525,38.13217],[-4.16253,38.14558],[-4.16511,38.15068],[-4.16407,38.16047],[-4.16778,38.16563],[-4.16652,38.17296],[-4.16954,38.1818],[-4.18695,38.19572],[-4.19181,38.20721],[-4.19956,38.21264],[-4.20124,38.21917],[-4.19493,38.23122],[-4.19687,38.23783],[-4.20364,38.24527],[-4.21355,38.24558],[-4.21635,38.24835],[-4.20927,38.26525],[-4.21335,38.2694],[-4.2143,38.27605],[-4.21109,38.30096],[-4.2154,38.3032],[-4.21975,38.2992],[-4.22615,38.30121],[-4.22733,38.30787],[-4.23647,38.3152],[-4.23816,38.32216],[-4.23444,38.32668],[-4.23886,38.33024],[-4.2375,38.33933],[-4.25507,38.34126],[-4.26889,38.34721],[-4.27162,38.36282],[-4.27801,38.37797],[-4.27616,38.38977],[-4.2654,38.39889],[-4.25582,38.40136],[-4.22246,38.39712],[-4.1576,38.38193],[-4.14495,38.38647],[-4.12731,38.37958],[-4.10957,38.3819],[-4.0849,38.37695],[-4.06867,38.37961],[-4.04667,38.37747],[-4.02576,38.37468],[-4.00537,38.3682],[-3.99155,38.36987],[-3.96446,38.36627],[-3.91329,38.3693],[-3.87322,38.37688],[-3.85988,38.37334],[-3.85431,38.37518],[-3.84981,38.37815],[-3.84541,38.38182],[-3.83815,38.38581],[-3.83386,38.39029],[-3.83058,38.39294],[-3.83257,38.39971],[-3.83107,38.40439],[-3.83008,38.41283],[-3.82431,38.41633],[-3.78253,38.42516],[-3.76465,38.42408],[-3.73968,38.41402],[-3.72861,38.42361],[-3.70009,38.41319],[-3.65167,38.40504],[-3.62204,38.39438],[-3.59825,38.3985],[-3.58583,38.40708],[-3.58598,38.43495],[-3.58277,38.4503],[-3.56787,38.45178],[-3.54333,38.4457],[-3.53632,38.44035],[-3.53277,38.43305],[-3.53371,38.41725],[-3.52722,38.40916],[-3.48445,38.40362],[-3.47205,38.39845],[-3.45317,38.40023],[-3.43354,38.40738],[-3.42521,38.40743],[-3.4105,38.42294],[-3.403,38.42462],[-3.3775,38.4397],[-3.38038,38.45058],[-3.37501,38.47527],[-3.33535,38.48053],[-3.32649,38.48215],[-3.32025,38.47991],[-3.31326,38.47958],[-3.3103,38.48053],[-3.30702,38.47996],[-3.30526,38.47931],[-3.29786,38.47169],[-3.28742,38.46799],[-3.27965,38.46083],[-3.21953,38.45294],[-3.20962,38.45279],[-3.20054,38.45144],[-3.1946,38.45105],[-3.19141,38.45024],[-3.18002,38.44995],[-3.15517,38.44152],[-3.14992,38.44009],[-3.13828,38.43861],[-3.13019,38.4388],[-3.11983,38.44749],[-3.06547,38.47762],[-3.00779,38.41753],[-3.00251,38.40829],[-2.99294,38.42733],[-2.9943,38.44812],[-2.97559,38.45621],[-2.96379,38.47066],[-2.95503,38.46916],[-2.93868,38.47416],[-2.91408,38.46861],[-2.90677,38.46971],[-2.88148,38.45267],[-2.88377,38.45678],[-2.87939,38.45808],[-2.87865,38.46321],[-2.85643,38.47429],[-2.85299,38.47493],[-2.85144,38.47954],[-2.84117,38.47871],[-2.8379,38.48343],[-2.83149,38.47808],[-2.83129,38.48626],[-2.80818,38.49723],[-2.80604,38.50227],[-2.80139,38.50064],[-2.80006,38.50378],[-2.7931,38.50284],[-2.79267,38.50751],[-2.7872,38.5106],[-2.78669,38.51343],[-2.78057,38.50936],[-2.77888,38.5107],[-2.7792,38.51547],[-2.77115,38.52137],[-2.77268,38.5282],[-2.76207,38.53278],[-2.75269,38.52623],[-2.73987,38.52235],[-2.72809,38.51193]]]}},{"type":"Feature","properties":{"region_key":"ES432","name_pt":"C\u00e1ceres","name_es":"C\u00e1ceres","name_en":"C\u00e1ceres","kind":"district_province","source_nuts_id":"ES432"},"geometry":{"type":"Polygon","coordinates":[[[-6.19873,40.48148],[-6.18246,40.46351],[-6.15521,40.45483],[-6.15475,40.44683],[-6.14596,40.43644],[-6.13556,40.43642],[-6.11617,40.44163],[-6.12842,40.42185],[-6.12008,40.41935],[-6.11802,40.4159],[-6.10162,40.41422],[-6.08212,40.40346],[-6.0752,40.40345],[-6.06747,40.39715],[-6.0811,40.39095],[-6.07468,40.38521],[-6.08468,40.37716],[-6.08308,40.36458],[-6.10576,40.35684],[-6.0531,40.34215],[-6.01606,40.34034],[-6.01636,40.33676],[-6.01823,40.3335],[-6.01963,40.32268],[-6.01722,40.31916],[-6.01647,40.31656],[-6.00332,40.30447],[-5.98081,40.29759],[-5.96853,40.2896],[-5.96499,40.29153],[-5.95377,40.28755],[-5.94171,40.28446],[-5.93783,40.28111],[-5.92088,40.28094],[-5.91722,40.27774],[-5.91412,40.28596],[-5.89485,40.3077],[-5.89214,40.32018],[-5.88429,40.32664],[-5.87609,40.32672],[-5.84997,40.33824],[-5.85272,40.33175],[-5.84717,40.32809],[-5.81905,40.34976],[-5.79755,40.35329],[-5.78261,40.31432],[-5.79314,40.30113],[-5.80149,40.29753],[-5.79319,40.28675],[-5.77674,40.28243],[-5.76503,40.28082],[-5.74442,40.2889],[-5.7376,40.29416],[-5.69989,40.28945],[-5.6927,40.29215],[-5.658,40.27053],[-5.65911,40.25863],[-5.65051,40.25093],[-5.62297,40.24592],[-5.61446,40.23324],[-5.61778,40.22268],[-5.61008,40.21552],[-5.59841,40.21684],[-5.54729,40.19753],[-5.53101,40.19476],[-5.52107,40.19614],[-5.51879,40.19691],[-5.50808,40.20195],[-5.49711,40.20003],[-5.49151,40.2033],[-5.48811,40.20478],[-5.48314,40.20578],[-5.47888,40.20711],[-5.47095,40.20789],[-5.46973,40.21278],[-5.46985,40.21568],[-5.46922,40.22197],[-5.46811,40.22419],[-5.45515,40.22639],[-5.45233,40.22719],[-5.45056,40.22786],[-5.43981,40.23367],[-5.4361,40.23894],[-5.43435,40.2428],[-5.43386,40.24495],[-5.43038,40.24893],[-5.42987,40.2523],[-5.41232,40.25506],[-5.39505,40.2505],[-5.37886,40.25761],[-5.36461,40.25804],[-5.35492,40.26374],[-5.34325,40.26409],[-5.3594,40.22714],[-5.36946,40.21704],[-5.36501,40.20272],[-5.36723,40.19815],[-5.36493,40.17929],[-5.36748,40.16333],[-5.35723,40.1519],[-5.34493,40.12897],[-5.3376,40.12374],[-5.33602,40.11586],[-5.35949,40.10844],[-5.36511,40.10463],[-5.36901,40.10009],[-5.3679,40.08107],[-5.37362,40.05936],[-5.36543,40.03648],[-5.36444,40.03038],[-5.3624,40.01202],[-5.36433,40.00236],[-5.36571,39.99281],[-5.36553,39.98902],[-5.36482,39.98621],[-5.36514,39.98389],[-5.3943,39.91962],[-5.40112,39.8857],[-5.40615,39.87777],[-5.39687,39.87911],[-5.39338,39.87924],[-5.38459,39.88309],[-5.3828,39.88335],[-5.36863,39.88863],[-5.3606,39.88948],[-5.35303,39.88908],[-5.34009,39.89066],[-5.31634,39.88994],[-5.30897,39.88007],[-5.29495,39.87452],[-5.28928,39.86465],[-5.2875,39.86366],[-5.28409,39.86392],[-5.28469,39.85669],[-5.31054,39.83045],[-5.31521,39.78873],[-5.31225,39.7864],[-5.31558,39.77084],[-5.30867,39.76088],[-5.29311,39.76051],[-5.26697,39.7528],[-5.25426,39.75259],[-5.24549,39.76096],[-5.24249,39.76802],[-5.2148,39.78998],[-5.21117,39.79177],[-5.20949,39.79366],[-5.20791,39.79655],[-5.20613,39.79777],[-5.18124,39.79884],[-5.17868,39.7992],[-5.17203,39.79836],[-5.16972,39.79909],[-5.16813,39.8],[-5.16694,39.79993],[-5.16589,39.7824],[-5.1585,39.7597],[-5.16232,39.75757],[-5.16445,39.75594],[-5.17444,39.75525],[-5.17383,39.7509],[-5.17067,39.74685],[-5.1654,39.74233],[-5.1626,39.74059],[-5.15662,39.73902],[-5.15516,39.73597],[-5.14521,39.72658],[-5.14148,39.72191],[-5.14019,39.71996],[-5.13784,39.71504],[-5.14721,39.70453],[-5.15309,39.69029],[-5.15567,39.67423],[-5.14889,39.66815],[-5.15363,39.65934],[-5.16178,39.65447],[-5.16206,39.64618],[-5.16336,39.64167],[-5.17269,39.63544],[-5.18232,39.61905],[-5.20545,39.59896],[-5.20211,39.59206],[-5.14605,39.54939],[-5.12357,39.52193],[-5.10369,39.50875],[-5.08409,39.49123],[-5.0731,39.48703],[-5.05851,39.48871],[-5.03948,39.47046],[-5.03838,39.46844],[-5.03297,39.46293],[-5.03206,39.46064],[-5.03,39.45928],[-5.02853,39.45691],[-5.02669,39.45495],[-5.02619,39.45281],[-5.02462,39.45094],[-5.02085,39.44743],[-5.01825,39.44574],[-5.01299,39.44043],[-5.01018,39.43657],[-5.00863,39.435],[-5.0009,39.43036],[-4.99811,39.42669],[-4.9954,39.42483],[-4.99179,39.42328],[-4.98956,39.42144],[-4.98523,39.41951],[-4.97837,39.41483],[-4.97231,39.40892],[-4.96447,39.40492],[-4.96129,39.40236],[-4.9573,39.39986],[-4.95567,39.3978],[-4.95255,39.39504],[-4.97004,39.39521],[-4.97514,39.39281],[-4.9702,39.38369],[-4.97999,39.37837],[-4.98537,39.37188],[-4.9946,39.37182],[-5.00799,39.37793],[-5.0152,39.37455],[-5.01729,39.37221],[-5.01965,39.36834],[-5.05349,39.36318],[-5.09015,39.39013],[-5.11202,39.38735],[-5.11168,39.35991],[-5.11799,39.34266],[-5.14895,39.32184],[-5.17159,39.31557],[-5.17566,39.31705],[-5.17854,39.31638],[-5.18573,39.31604],[-5.1877,39.31517],[-5.21793,39.3096],[-5.22934,39.30704],[-5.23679,39.30442],[-5.24767,39.30187],[-5.28314,39.31957],[-5.30324,39.31964],[-5.32163,39.33062],[-5.3399,39.33355],[-5.34356,39.32173],[-5.3438,39.31931],[-5.34644,39.31202],[-5.34757,39.30756],[-5.34829,39.30238],[-5.35276,39.28611],[-5.35429,39.27188],[-5.35491,39.25983],[-5.34756,39.24679],[-5.35068,39.23096],[-5.35411,39.22402],[-5.36799,39.21123],[-5.37623,39.18695],[-5.38407,39.17424],[-5.41461,39.15747],[-5.43008,39.16184],[-5.45978,39.15952],[-5.47918,39.1774],[-5.50184,39.18943],[-5.51504,39.20736],[-5.52926,39.19365],[-5.55028,39.2123],[-5.56524,39.20929],[-5.57852,39.20245],[-5.59211,39.1998],[-5.6123,39.18741],[-5.60474,39.17516],[-5.57783,39.15137],[-5.5799,39.14262],[-5.60125,39.13245],[-5.60062,39.12822],[-5.58509,39.11769],[-5.59234,39.10869],[-5.5999,39.10661],[-5.60442,39.10083],[-5.6093,39.09931],[-5.64768,39.10093],[-5.67156,39.07896],[-5.69256,39.0846],[-5.72666,39.11221],[-5.73015,39.11399],[-5.75835,39.13345],[-5.81042,39.14463],[-5.8188,39.13099],[-5.81773,39.12005],[-5.83142,39.1118],[-5.87141,39.10435],[-5.89651,39.09521],[-5.92476,39.08324],[-5.9377,39.08384],[-5.92718,39.09262],[-5.92518,39.09852],[-5.92809,39.10511],[-5.93978,39.10874],[-5.95885,39.09527],[-5.98166,39.07006],[-5.98886,39.06828],[-6.00968,39.05398],[-6.0162,39.09966],[-6.01488,39.12935],[-6.04535,39.11406],[-6.06235,39.10215],[-6.07865,39.09358],[-6.10579,39.06551],[-6.12524,39.05],[-6.13211,39.03879],[-6.14216,39.03164],[-6.1534,39.05235],[-6.16847,39.05893],[-6.17456,39.05785],[-6.18451,39.05713],[-6.20291,39.05708],[-6.20467,39.05871],[-6.20656,39.05968],[-6.21565,39.06866],[-6.22037,39.07564],[-6.22549,39.08504],[-6.23091,39.08973],[-6.29542,39.09843],[-6.3116,39.11165],[-6.31199,39.13234],[-6.30792,39.14635],[-6.31043,39.1561],[-6.32104,39.17085],[-6.31953,39.18408],[-6.32848,39.1865],[-6.34246,39.18347],[-6.35543,39.17738],[-6.36897,39.16487],[-6.37638,39.16292],[-6.39823,39.16527],[-6.40201,39.16448],[-6.40676,39.165],[-6.42259,39.16874],[-6.42448,39.16962],[-6.42955,39.17339],[-6.4331,39.1748],[-6.43876,39.1759],[-6.44522,39.17347],[-6.45186,39.1746],[-6.4545,39.17464],[-6.49216,39.16835],[-6.53531,39.18031],[-6.53642,39.16288],[-6.53954,39.15588],[-6.57433,39.15842],[-6.57489,39.16761],[-6.58373,39.17206],[-6.58099,39.17943],[-6.63318,39.19648],[-6.64564,39.194],[-6.65985,39.19823],[-6.68108,39.17721],[-6.69017,39.1786],[-6.69469,39.17997],[-6.69745,39.18138],[-6.70154,39.18284],[-6.70848,39.18502],[-6.7176,39.1864],[-6.72288,39.18788],[-6.73022,39.18893],[-6.73276,39.1898],[-6.73545,39.18945],[-6.73825,39.18959],[-6.74112,39.19042],[-6.74429,39.19224],[-6.75073,39.1941],[-6.75331,39.19391],[-6.7553,39.19257],[-6.75685,39.19067],[-6.76145,39.18851],[-6.76758,39.18843],[-6.78325,39.20034],[-6.79429,39.21408],[-6.8008,39.23783],[-6.78409,39.25386],[-6.77827,39.26512],[-6.76801,39.26913],[-6.76174,39.27622],[-6.7472,39.32175],[-6.75097,39.32614],[-6.77208,39.32945],[-6.79616,39.34453],[-6.79186,39.36831],[-6.80214,39.38956],[-6.81208,39.39138],[-6.85715,39.38849],[-6.871,39.38285],[-6.8833,39.38282],[-6.89443,39.38851],[-6.92062,39.39281],[-6.92406,39.39465],[-6.93589,39.3969],[-6.97822,39.41338],[-6.9833,39.41893],[-6.99625,39.42453],[-7.04938,39.43667],[-7.06561,39.41368],[-7.0414,39.39791],[-7.01998,39.39281],[-7.01172,39.38771],[-7.01852,39.38238],[-7.02171,39.37196],[-7.03162,39.36743],[-7.03012,39.35226],[-7.04769,39.33349],[-7.04814,39.32989],[-7.0442,39.32698],[-7.04701,39.32404],[-7.05046,39.32166],[-7.05687,39.31924],[-7.06267,39.31608],[-7.06709,39.31504],[-7.07192,39.31221],[-7.07724,39.31024],[-7.08361,39.32075],[-7.08388,39.33628],[-7.10103,39.34604],[-7.10265,39.35364],[-7.09749,39.35856],[-7.07914,39.35259],[-7.06429,39.3721],[-7.07452,39.38051],[-7.09292,39.38053],[-7.10348,39.38577],[-7.1211,39.38289],[-7.13318,39.37579],[-7.1415,39.37481],[-7.16046,39.36179],[-7.16431,39.35283],[-7.17649,39.33835],[-7.1775,39.33033],[-7.16901,39.3214],[-7.16092,39.32943],[-7.15688,39.32976],[-7.15317,39.32063],[-7.15636,39.31453],[-7.169,39.30626],[-7.17274,39.29722],[-7.18983,39.28365],[-7.20393,39.26576],[-7.2118,39.27032],[-7.21999,39.2727],[-7.22564,39.27628],[-7.22905,39.27778],[-7.23147,39.27843],[-7.26626,39.30083],[-7.27177,39.31173],[-7.29206,39.32816],[-7.30879,39.33766],[-7.30679,39.35568],[-7.31182,39.36907],[-7.32291,39.38142],[-7.31463,39.39281],[-7.31286,39.39941],[-7.30821,39.40103],[-7.30212,39.4153],[-7.30849,39.43053],[-7.30533,39.44508],[-7.29566,39.45604],[-7.30522,39.46392],[-7.32323,39.47518],[-7.3435,39.47936],[-7.34817,39.48736],[-7.36176,39.4831],[-7.37994,39.4931],[-7.37978,39.49745],[-7.38926,39.50326],[-7.38859,39.52123],[-7.39119,39.52995],[-7.39988,39.53332],[-7.41629,39.53195],[-7.42934,39.53462],[-7.4443,39.54754],[-7.45265,39.56184],[-7.46595,39.57508],[-7.48537,39.58402],[-7.49832,39.58915],[-7.50048,39.5985],[-7.50712,39.60648],[-7.51209,39.61991],[-7.5272,39.63314],[-7.52617,39.6416],[-7.53057,39.65618],[-7.53607,39.66143],[-7.54285,39.66279],[-7.54509,39.66355],[-7.54281,39.6655],[-7.53957,39.66695],[-7.53599,39.66775],[-7.53127,39.66788],[-7.52884,39.66733],[-7.52106,39.6671],[-7.45317,39.66314],[-7.42575,39.65192],[-7.40071,39.6471],[-7.37573,39.65136],[-7.33386,39.64155],[-7.29139,39.65786],[-7.29007,39.65977],[-7.28708,39.66148],[-7.27552,39.6636],[-7.27232,39.66359],[-7.26425,39.66594],[-7.25704,39.66606],[-7.24582,39.66699],[-7.21718,39.66079],[-7.19236,39.66078],[-7.18904,39.66037],[-7.18731,39.65954],[-7.17887,39.65841],[-7.16796,39.65602],[-7.16152,39.65566],[-7.15272,39.65331],[-7.15059,39.65299],[-7.1467,39.65303],[-7.12438,39.66398],[-7.09057,39.66352],[-7.06481,39.65797],[-7.01532,39.67285],[-7.00817,39.68521],[-6.99938,39.71254],[-6.98903,39.72677],[-6.99178,39.73493],[-6.98847,39.75329],[-6.98462,39.76626],[-6.97734,39.7738],[-6.98861,39.79514],[-6.98223,39.81811],[-6.96842,39.82582],[-6.95818,39.82482],[-6.94986,39.82779],[-6.94519,39.83385],[-6.93652,39.83778],[-6.93651,39.84286],[-6.93329,39.84947],[-6.92618,39.8568],[-6.91638,39.85847],[-6.90446,39.87212],[-6.90338,39.88554],[-6.90623,39.8915],[-6.90097,39.90024],[-6.90112,39.91041],[-6.90769,39.91933],[-6.9017,39.93003],[-6.89392,39.93336],[-6.88562,39.94214],[-6.88788,39.9622],[-6.88085,39.9719],[-6.8849,39.9803],[-6.87423,39.99599],[-6.87457,40.00649],[-6.86654,40.00891],[-6.86591,40.01392],[-6.87602,40.01809],[-6.88203,40.04165],[-6.89566,40.05183],[-6.89339,40.05964],[-6.91603,40.06597],[-6.92046,40.08364],[-6.93299,40.09943],[-6.9352,40.10277],[-6.94282,40.10479],[-6.94271,40.11262],[-6.95365,40.11338],[-6.96079,40.11034],[-6.96414,40.11431],[-6.98623,40.11869],[-6.99309,40.11338],[-6.9943,40.11843],[-7.01069,40.12676],[-7.00946,40.13093],[-7.0124,40.13345],[-7.01476,40.14188],[-7.01878,40.14529],[-7.01359,40.15143],[-7.01393,40.15938],[-7.01927,40.16803],[-7.01622,40.17783],[-7.02825,40.18589],[-7.02595,40.1923],[-7.01937,40.19785],[-7.01112,40.2268],[-6.99776,40.2355],[-6.98101,40.24007],[-6.976,40.24023],[-6.97097,40.23689],[-6.96415,40.23824],[-6.9554,40.24858],[-6.9513,40.25745],[-6.92339,40.2581],[-6.9107,40.25504],[-6.89303,40.25993],[-6.88078,40.25939],[-6.87031,40.26348],[-6.86514,40.27069],[-6.84687,40.25449],[-6.84056,40.25492],[-6.83485,40.24803],[-6.82445,40.24797],[-6.81965,40.24454],[-6.80517,40.24183],[-6.80098,40.24293],[-6.80044,40.24961],[-6.78161,40.24915],[-6.77816,40.24557],[-6.75566,40.23898],[-6.75221,40.24944],[-6.71839,40.26873],[-6.7121,40.26656],[-6.70252,40.25071],[-6.69019,40.24271],[-6.68983,40.24481],[-6.68852,40.24665],[-6.68279,40.24873],[-6.67782,40.25101],[-6.67778,40.25805],[-6.67346,40.26155],[-6.67181,40.26329],[-6.64311,40.26787],[-6.64001,40.26897],[-6.63615,40.26655],[-6.63465,40.2647],[-6.63276,40.26485],[-6.62529,40.26662],[-6.61486,40.26612],[-6.60689,40.26829],[-6.59747,40.27169],[-6.59244,40.27084],[-6.58707,40.27077],[-6.58314,40.27481],[-6.57949,40.27639],[-6.57473,40.27767],[-6.5711,40.27951],[-6.56848,40.28315],[-6.56438,40.28572],[-6.55839,40.29026],[-6.55623,40.29083],[-6.55897,40.29605],[-6.55692,40.30586],[-6.5648,40.31466],[-6.56305,40.31684],[-6.5629,40.31911],[-6.56027,40.32629],[-6.56046,40.3291],[-6.55301,40.33516],[-6.54808,40.33849],[-6.54352,40.34227],[-6.53865,40.34529],[-6.53633,40.34729],[-6.53412,40.34769],[-6.5306,40.34951],[-6.52686,40.35094],[-6.52328,40.35208],[-6.5181,40.35309],[-6.51643,40.35429],[-6.49349,40.36206],[-6.48823,40.36313],[-6.4859,40.36329],[-6.47784,40.36852],[-6.47477,40.37017],[-6.47143,40.37068],[-6.46759,40.37237],[-6.46326,40.37289],[-6.45538,40.37115],[-6.45029,40.37092],[-6.44495,40.37141],[-6.44044,40.37291],[-6.43836,40.37282],[-6.43949,40.38119],[-6.41875,40.3989],[-6.40621,40.40197],[-6.39297,40.39919],[-6.37371,40.40113],[-6.36191,40.40713],[-6.3615,40.41541],[-6.36527,40.41798],[-6.3656,40.42242],[-6.34822,40.43504],[-6.34378,40.44285],[-6.33586,40.44671],[-6.29604,40.45203],[-6.28717,40.4574],[-6.27537,40.45856],[-6.27105,40.46093],[-6.26849,40.46761],[-6.26484,40.47091],[-6.2549,40.47089],[-6.23777,40.48602],[-6.19873,40.48148]]]}},{"type":"Feature","properties":{"region_key":"ES617","name_pt":"M\u00e1laga","name_es":"M\u00e1laga","name_en":"M\u00e1laga","kind":"district_province","source_nuts_id":"ES617"},"geometry":{"type":"Polygon","coordinates":[[[-4.41771,37.28146],[-4.40804,37.27467],[-4.38986,37.27436],[-4.38387,37.27734],[-4.37864,37.27233],[-4.38041,37.26241],[-4.37688,37.25617],[-4.37922,37.24917],[-4.37782,37.24264],[-4.38489,37.23781],[-4.37448,37.21874],[-4.36852,37.21406],[-4.34592,37.21401],[-4.32598,37.20464],[-4.3317,37.19291],[-4.32813,37.18407],[-4.32273,37.17873],[-4.30896,37.15283],[-4.2877,37.12076],[-4.28286,37.07147],[-4.28266,37.06655],[-4.2814,37.06117],[-4.28085,37.05585],[-4.27932,37.05231],[-4.27446,37.04396],[-4.27278,37.04175],[-4.27238,37.03998],[-4.27167,37.03007],[-4.27006,37.02706],[-4.27253,37.01493],[-4.26047,37.01732],[-4.2563,37.02021],[-4.25508,37.02261],[-4.25195,37.023],[-4.2451,37.02093],[-4.24146,37.02016],[-4.23625,37.01786],[-4.23136,37.01696],[-4.22337,37.01236],[-4.21462,36.99159],[-4.19311,36.98046],[-4.16549,36.95713],[-4.14059,36.95247],[-4.12924,36.95165],[-4.11136,36.94966],[-4.10408,36.95193],[-4.09973,36.95272],[-4.09862,36.94257],[-4.08996,36.93215],[-4.08661,36.93011],[-4.08164,36.93003],[-4.07881,36.92816],[-4.07344,36.92589],[-4.06567,36.92064],[-4.06124,36.9199],[-4.05584,36.91492],[-4.05379,36.91499],[-4.04919,36.90609],[-4.04367,36.90329],[-4.03545,36.90427],[-4.01815,36.89961],[-4.00023,36.89046],[-3.99089,36.89157],[-3.96943,36.89154],[-3.93055,36.88287],[-3.92475,36.87907],[-3.92243,36.87372],[-3.91835,36.86871],[-3.8895,36.86651],[-3.882,36.85815],[-3.87043,36.85153],[-3.8587,36.85183],[-3.84212,36.85766],[-3.82831,36.85574],[-3.81534,36.84686],[-3.81522,36.84185],[-3.79633,36.83112],[-3.79442,36.82167],[-3.79063,36.82071],[-3.78506,36.81172],[-3.76969,36.80328],[-3.77019,36.79637],[-3.76658,36.7894],[-3.78141,36.76453],[-3.77746,36.73793],[-3.79261,36.74591],[-3.83566,36.75357],[-3.86217,36.75155],[-3.88111,36.74185],[-3.91069,36.74218],[-3.9573,36.7266],[-4.00093,36.73981],[-4.04171,36.74417],[-4.05964,36.7476],[-4.07805,36.74734],[-4.10311,36.72762],[-4.17904,36.71498],[-4.23217,36.71239],[-4.25023,36.71025],[-4.28472,36.71399],[-4.31467,36.7128],[-4.34025,36.71284],[-4.39107,36.7221],[-4.4044,36.71934],[-4.41321,36.7138],[-4.41518,36.71736],[-4.4322,36.70303],[-4.4545,36.66492],[-4.47646,36.64518],[-4.50951,36.59935],[-4.5116,36.59495],[-4.52464,36.59124],[-4.54059,36.57986],[-4.55954,36.57968],[-4.58992,36.57134],[-4.61095,36.5546],[-4.62938,36.5191],[-4.63944,36.50711],[-4.67574,36.50335],[-4.69416,36.49097],[-4.73206,36.48646],[-4.75847,36.48606],[-4.85966,36.5074],[-4.91033,36.50562],[-4.93753,36.49838],[-4.95587,36.48512],[-4.97822,36.47667],[-5.0055,36.45959],[-5.03225,36.4612],[-5.05897,36.45044],[-5.08203,36.45007],[-5.11888,36.42966],[-5.13869,36.42672],[-5.161,36.41427],[-5.17609,36.41459],[-5.20617,36.38597],[-5.22109,36.37352],[-5.24656,36.31285],[-5.25241,36.31128],[-5.25394,36.31507],[-5.25954,36.32237],[-5.26751,36.32411],[-5.27809,36.33648],[-5.2848,36.33775],[-5.32013,36.32509],[-5.32229,36.33216],[-5.3158,36.34247],[-5.32229,36.34826],[-5.33427,36.36997],[-5.33558,36.39446],[-5.34415,36.41231],[-5.34785,36.41866],[-5.35643,36.42412],[-5.35549,36.43382],[-5.37359,36.45282],[-5.39511,36.46977],[-5.3997,36.48503],[-5.40917,36.49733],[-5.4129,36.52034],[-5.42393,36.52421],[-5.43221,36.53433],[-5.45604,36.5381],[-5.46092,36.53673],[-5.46615,36.52982],[-5.47297,36.53665],[-5.49017,36.53675],[-5.51253,36.51152],[-5.51602,36.50177],[-5.52329,36.49909],[-5.53487,36.50311],[-5.5598,36.50372],[-5.57308,36.51256],[-5.58373,36.51336],[-5.59861,36.50852],[-5.60662,36.51179],[-5.60765,36.51579],[-5.60659,36.5246],[-5.61113,36.54205],[-5.60425,36.54874],[-5.59571,36.55081],[-5.57358,36.54797],[-5.56572,36.54235],[-5.54301,36.5378],[-5.53649,36.52807],[-5.52622,36.53018],[-5.50193,36.54833],[-5.48977,36.56925],[-5.47514,36.57572],[-5.46091,36.58993],[-5.4581,36.59816],[-5.45596,36.61961],[-5.43887,36.61481],[-5.41244,36.62178],[-5.39863,36.629],[-5.38006,36.63243],[-5.34412,36.65972],[-5.33482,36.67042],[-5.32407,36.67337],[-5.32955,36.67966],[-5.31945,36.69076],[-5.32745,36.69839],[-5.32467,36.72404],[-5.31312,36.73414],[-5.30758,36.75039],[-5.29532,36.76436],[-5.29258,36.77129],[-5.29317,36.77594],[-5.31935,36.78689],[-5.32683,36.80471],[-5.34076,36.81944],[-5.33161,36.83939],[-5.31473,36.8553],[-5.30633,36.8582],[-5.30163,36.86967],[-5.28932,36.87309],[-5.26982,36.88424],[-5.26371,36.87384],[-5.22729,36.85807],[-5.2204,36.84238],[-5.20311,36.83843],[-5.18641,36.82859],[-5.16936,36.82418],[-5.13149,36.84153],[-5.11293,36.87457],[-5.11001,36.88818],[-5.10321,36.89244],[-5.1038,36.89825],[-5.08813,36.90468],[-5.09245,36.91208],[-5.09182,36.92106],[-5.09917,36.93165],[-5.10537,36.95345],[-5.11015,36.95936],[-5.09849,36.96601],[-5.09726,36.97007],[-5.1113,36.97616],[-5.11448,36.98784],[-5.14242,37.00389],[-5.13235,37.01253],[-5.12288,37.02772],[-5.11097,37.02005],[-5.10363,37.025],[-5.08341,37.03099],[-5.05313,37.03063],[-5.04653,37.03981],[-5.03482,37.04772],[-5.0257,37.04552],[-5.02595,37.05186],[-5.00919,37.05539],[-4.98833,37.06461],[-4.95472,37.09187],[-4.92374,37.1037],[-4.90828,37.11528],[-4.90426,37.13901],[-4.9427,37.15762],[-4.93885,37.1749],[-4.92555,37.17159],[-4.92086,37.17475],[-4.90876,37.17529],[-4.90547,37.18061],[-4.89661,37.16745],[-4.89941,37.15962],[-4.89759,37.15671],[-4.8892,37.15582],[-4.88069,37.16222],[-4.87373,37.15955],[-4.85799,37.17284],[-4.85636,37.18034],[-4.85887,37.18879],[-4.85315,37.19838],[-4.84136,37.20037],[-4.82212,37.1988],[-4.81992,37.19177],[-4.8265,37.18656],[-4.82249,37.18029],[-4.81421,37.17876],[-4.80701,37.17161],[-4.80013,37.17199],[-4.80065,37.16067],[-4.79594,37.15515],[-4.79261,37.1551],[-4.79033,37.15903],[-4.78544,37.15609],[-4.779,37.16617],[-4.76258,37.17122],[-4.7584,37.17747],[-4.73196,37.18557],[-4.72319,37.19053],[-4.71358,37.19553],[-4.70864,37.19772],[-4.7127,37.2016],[-4.71248,37.20648],[-4.72707,37.21255],[-4.73164,37.22662],[-4.72053,37.23921],[-4.73423,37.24436],[-4.73346,37.25006],[-4.7318,37.25135],[-4.73006,37.25349],[-4.71972,37.25972],[-4.71392,37.25374],[-4.69984,37.25645],[-4.68982,37.25212],[-4.67762,37.25733],[-4.67108,37.25452],[-4.6602,37.25756],[-4.65337,37.25586],[-4.64472,37.24752],[-4.61711,37.25623],[-4.61413,37.25374],[-4.61331,37.24238],[-4.60272,37.23567],[-4.59628,37.22149],[-4.60323,37.21635],[-4.60232,37.20927],[-4.57424,37.20991],[-4.56934,37.21642],[-4.56156,37.21891],[-4.54406,37.21692],[-4.53859,37.21198],[-4.53374,37.21212],[-4.50986,37.22164],[-4.5015,37.22847],[-4.49808,37.22333],[-4.48944,37.23108],[-4.49119,37.23861],[-4.48127,37.23942],[-4.47901,37.24589],[-4.48487,37.25017],[-4.48382,37.25276],[-4.47675,37.25622],[-4.47174,37.25161],[-4.46664,37.25327],[-4.46502,37.25798],[-4.45648,37.26063],[-4.4443,37.27643],[-4.43122,37.27523],[-4.41771,37.28146]]]}},{"type":"Feature","properties":{"region_key":"ES511","name_pt":"Barcelona","name_es":"Barcelona","name_en":"Barcelona","kind":"district_province","source_nuts_id":"ES511"},"geometry":{"type":"Polygon","coordinates":[[[1.90319,42.32281],[1.91949,42.31744],[1.93359,42.31811],[1.93938,42.31566],[1.94334,42.30844],[1.94873,42.31462],[1.95535,42.3121],[1.98274,42.29888],[2.00637,42.30755],[2.02067,42.30976],[2.06932,42.29099],[2.06783,42.2846],[2.05583,42.28],[2.04581,42.27219],[2.03988,42.26064],[2.02868,42.25173],[2.02868,42.24312],[2.01961,42.22967],[2.03005,42.21563],[2.04003,42.22066],[2.0531,42.21945],[2.04992,42.21407],[2.05313,42.19568],[2.06245,42.19206],[2.06065,42.17957],[2.05597,42.17499],[2.0341,42.17735],[2.02342,42.16483],[2.00617,42.16258],[1.9972,42.17155],[2.00438,42.18229],[1.99852,42.19122],[2.00773,42.19364],[1.98679,42.19435],[1.96465,42.19883],[1.96597,42.1795],[1.98966,42.18129],[1.99045,42.17139],[2.0066,42.15022],[2.02965,42.1519],[2.037,42.1437],[2.05007,42.143],[2.06115,42.13516],[2.07224,42.14148],[2.09245,42.14327],[2.10036,42.13922],[2.09842,42.13119],[2.1013,42.12416],[2.12585,42.11241],[2.12774,42.11491],[2.13734,42.12078],[2.13971,42.12584],[2.14357,42.13092],[2.1634,42.13498],[2.18092,42.13525],[2.18648,42.13398],[2.18787,42.1313],[2.18615,42.12832],[2.18873,42.12429],[2.19217,42.12397],[2.20254,42.12487],[2.20411,42.13049],[2.21249,42.12901],[2.20663,42.1333],[2.20988,42.13959],[2.23482,42.14373],[2.24378,42.13854],[2.25658,42.13897],[2.26991,42.14388],[2.2748,42.14048],[2.28121,42.14067],[2.2777,42.13746],[2.27957,42.13455],[2.29135,42.13051],[2.30018,42.13186],[2.30167,42.12328],[2.29957,42.1173],[2.30274,42.11215],[2.29528,42.10595],[2.29538,42.10264],[2.31622,42.11118],[2.3197,42.1158],[2.34411,42.12097],[2.36454,42.12048],[2.37338,42.11628],[2.37866,42.1045],[2.39896,42.10262],[2.39468,42.09428],[2.3945,42.08676],[2.41095,42.0696],[2.42583,42.06218],[2.42948,42.06432],[2.45688,42.07828],[2.46689,42.07394],[2.4783,42.07546],[2.48387,42.068],[2.49095,42.0672],[2.49491,42.06151],[2.49614,42.05901],[2.48289,42.05027],[2.49247,42.03841],[2.50523,42.0316],[2.50223,42.02417],[2.49484,42.02003],[2.49557,42.01288],[2.50198,42.00938],[2.4977,42.00189],[2.48199,41.99728],[2.47774,42.00085],[2.47175,41.99469],[2.48476,41.98564],[2.48021,41.97942],[2.47314,41.97527],[2.47309,41.96955],[2.47059,41.9683],[2.4526,41.96689],[2.44934,41.96989],[2.43716,41.97306],[2.42826,41.96791],[2.44062,41.96099],[2.44166,41.95544],[2.43758,41.94874],[2.44221,41.94278],[2.4593,41.94331],[2.46302,41.93892],[2.47242,41.9371],[2.47931,41.92916],[2.47899,41.91836],[2.46584,41.90388],[2.44823,41.8946],[2.44316,41.88824],[2.43209,41.89031],[2.42699,41.8961],[2.41956,41.89387],[2.41333,41.8946],[2.40782,41.8946],[2.40305,41.88671],[2.39613,41.88474],[2.38965,41.87857],[2.38123,41.87272],[2.37595,41.87457],[2.36917,41.88484],[2.36586,41.8813],[2.35627,41.88165],[2.33753,41.88915],[2.32373,41.87526],[2.33156,41.86348],[2.32955,41.8567],[2.32532,41.85588],[2.33338,41.84405],[2.34547,41.83579],[2.34458,41.82675],[2.34513,41.8197],[2.35508,41.8075],[2.37138,41.80438],[2.38268,41.8088],[2.38726,41.8053],[2.40534,41.80188],[2.41841,41.8045],[2.43819,41.80176],[2.4426,41.79822],[2.44388,41.78917],[2.45587,41.78417],[2.4646,41.78661],[2.4723,41.78958],[2.47034,41.77791],[2.49203,41.76498],[2.51596,41.76104],[2.51799,41.75668],[2.51628,41.74905],[2.53158,41.73776],[2.53059,41.73069],[2.53711,41.72243],[2.54913,41.71979],[2.5716,41.72633],[2.57733,41.72491],[2.62071,41.73168],[2.63585,41.73309],[2.64014,41.74223],[2.64723,41.744],[2.65483,41.74318],[2.66279,41.74711],[2.66959,41.74536],[2.68153,41.74069],[2.6869,41.74459],[2.69389,41.74211],[2.72494,41.74429],[2.74489,41.73496],[2.77602,41.73495],[2.77707,41.73073],[2.76636,41.72461],[2.77398,41.70106],[2.77113,41.6903],[2.75785,41.67939],[2.76529,41.66611],[2.77235,41.65911],[2.77666,41.65259],[2.77851,41.64881],[2.7479,41.64315],[2.70302,41.62468],[2.67087,41.61476],[2.5722,41.58332],[2.53216,41.57],[2.50881,41.56037],[2.48748,41.55111],[2.46751,41.54542],[2.44895,41.53478],[2.44226,41.52935],[2.42435,41.51918],[2.40278,41.50617],[2.37609,41.49416],[2.34673,41.48491],[2.29651,41.47229],[2.27042,41.4608],[2.25363,41.44863],[2.23723,41.42588],[2.22717,41.41261],[2.20117,41.38959],[2.19077,41.3753],[2.18519,41.37814],[2.1813,41.37681],[2.17506,41.36104],[2.15224,41.34373],[2.1514,41.33772],[2.1569,41.33654],[2.15075,41.32151],[2.13938,41.30689],[2.12023,41.29258],[2.07461,41.27727],[2.06953,41.27632],[2.06601,41.27513],[2.06362,41.27497],[2.0463,41.27068],[2.03188,41.26775],[2.02038,41.26596],[2.00964,41.26501],[1.98479,41.26418],[1.95948,41.26456],[1.94446,41.2638],[1.92209,41.25992],[1.89977,41.25038],[1.87032,41.24265],[1.85562,41.2349],[1.8141,41.23556],[1.79919,41.23125],[1.78661,41.22395],[1.75182,41.21861],[1.69761,41.20764],[1.68343,41.20176],[1.67269,41.19834],[1.64532,41.19562],[1.64148,41.20234],[1.6414,41.20987],[1.64882,41.21005],[1.64466,41.22081],[1.64542,41.22918],[1.64098,41.23537],[1.62999,41.22456],[1.6215,41.22363],[1.60352,41.23413],[1.59355,41.23394],[1.58029,41.23913],[1.57481,41.25549],[1.57012,41.26066],[1.59216,41.25833],[1.60715,41.25105],[1.62109,41.25648],[1.62596,41.26909],[1.62348,41.27732],[1.63201,41.29672],[1.6209,41.29472],[1.61058,41.28666],[1.59195,41.29252],[1.58956,41.29798],[1.59593,41.30878],[1.57449,41.31634],[1.56678,41.33689],[1.56574,41.33844],[1.55908,41.34332],[1.57226,41.35427],[1.57886,41.35636],[1.57683,41.36185],[1.57127,41.36279],[1.56859,41.36768],[1.56678,41.36868],[1.56297,41.36974],[1.55181,41.3689],[1.53702,41.38534],[1.52019,41.38852],[1.50998,41.39372],[1.49557,41.3893],[1.48488,41.38195],[1.47314,41.3803],[1.48002,41.38785],[1.48232,41.39721],[1.4895,41.40198],[1.48265,41.41634],[1.48277,41.42177],[1.47754,41.42444],[1.47675,41.43022],[1.49595,41.43572],[1.47751,41.43593],[1.46972,41.44318],[1.48391,41.45914],[1.48684,41.46622],[1.48584,41.47189],[1.47477,41.47945],[1.47627,41.48258],[1.47393,41.48626],[1.46662,41.4846],[1.46054,41.48784],[1.4524,41.48739],[1.44454,41.49535],[1.4072,41.50557],[1.39574,41.51289],[1.39772,41.51924],[1.40228,41.52895],[1.40849,41.53412],[1.42477,41.53228],[1.43637,41.53872],[1.44858,41.53707],[1.44929,41.5454],[1.44672,41.55239],[1.43623,41.55054],[1.43179,41.55498],[1.43943,41.56254],[1.45308,41.56884],[1.4473,41.57362],[1.41873,41.58241],[1.4094,41.57595],[1.39253,41.5752],[1.39227,41.5788],[1.39569,41.58507],[1.40289,41.58637],[1.40588,41.58848],[1.40777,41.59074],[1.40669,41.59334],[1.40758,41.59725],[1.40733,41.60034],[1.39356,41.59971],[1.38527,41.603],[1.37656,41.60703],[1.37286,41.61206],[1.36115,41.6123],[1.36857,41.61732],[1.36988,41.62139],[1.3798,41.62491],[1.38634,41.62594],[1.38743,41.63136],[1.39416,41.63468],[1.41203,41.63535],[1.43044,41.62987],[1.43288,41.63425],[1.44891,41.63667],[1.4508,41.63988],[1.45072,41.64635],[1.44207,41.64717],[1.42885,41.65665],[1.42584,41.66177],[1.42412,41.66938],[1.4155,41.67469],[1.41926,41.6764],[1.42186,41.68446],[1.40415,41.68624],[1.40295,41.69301],[1.39753,41.69704],[1.39788,41.70404],[1.38742,41.70787],[1.41715,41.73028],[1.42447,41.73267],[1.41865,41.73851],[1.40288,41.74556],[1.41004,41.76325],[1.41076,41.77372],[1.41393,41.77652],[1.41934,41.78871],[1.4179,41.79546],[1.42574,41.8011],[1.46045,41.79786],[1.47133,41.80058],[1.47192,41.78293],[1.46764,41.77835],[1.46087,41.77649],[1.46926,41.77131],[1.48237,41.77239],[1.48746,41.77923],[1.48301,41.79114],[1.50476,41.78821],[1.50964,41.77256],[1.53137,41.76341],[1.52907,41.75919],[1.53072,41.75259],[1.53565,41.75695],[1.54421,41.75817],[1.54904,41.76988],[1.56123,41.77073],[1.56246,41.77689],[1.57467,41.78113],[1.58129,41.77542],[1.59243,41.77808],[1.59883,41.78843],[1.58984,41.80483],[1.59335,41.81198],[1.61067,41.8177],[1.61481,41.82877],[1.61275,41.8371],[1.62926,41.84516],[1.62915,41.85863],[1.62563,41.86898],[1.61818,41.88069],[1.60594,41.88333],[1.59942,41.88321],[1.58306,41.87435],[1.56854,41.8798],[1.57285,41.88519],[1.57603,41.89102],[1.58264,41.8928],[1.58348,41.88918],[1.5865,41.88911],[1.59962,41.90306],[1.60601,41.90211],[1.61418,41.90547],[1.6236,41.91618],[1.6377,41.92624],[1.65114,41.92747],[1.6433,41.94075],[1.64928,41.94544],[1.64851,41.94967],[1.6489,41.9565],[1.64487,41.9637],[1.64637,41.97168],[1.6628,41.98334],[1.67314,41.98239],[1.67006,41.97059],[1.68101,41.96866],[1.7151,41.98305],[1.71582,41.99908],[1.69742,42.01241],[1.69168,42.00532],[1.69733,41.99413],[1.69548,41.98697],[1.68366,41.99411],[1.66393,41.99196],[1.65905,42.00111],[1.65362,41.9951],[1.64919,42.00013],[1.65764,42.02002],[1.66336,42.0198],[1.66344,42.00587],[1.66611,42.00472],[1.67414,42.01795],[1.68587,42.02508],[1.6997,42.02887],[1.69551,42.03417],[1.69737,42.03654],[1.6931,42.04459],[1.68423,42.04875],[1.67911,42.04028],[1.67393,42.04038],[1.67142,42.04476],[1.67472,42.05288],[1.67557,42.05901],[1.69006,42.07388],[1.68837,42.0803],[1.69155,42.08598],[1.7079,42.08301],[1.71653,42.08525],[1.72179,42.09179],[1.72151,42.10017],[1.70445,42.10598],[1.70606,42.1077],[1.7095,42.10972],[1.71194,42.1161],[1.71071,42.12009],[1.70062,42.12786],[1.69938,42.13488],[1.71074,42.15224],[1.71464,42.154],[1.7206,42.15182],[1.73416,42.15885],[1.73747,42.16325],[1.73658,42.18345],[1.73813,42.18933],[1.72189,42.19553],[1.707,42.19045],[1.69126,42.19853],[1.68722,42.20553],[1.68108,42.20726],[1.68438,42.2208],[1.68175,42.22431],[1.69951,42.23034],[1.70404,42.2372],[1.6846,42.25644],[1.68541,42.25849],[1.6855,42.26041],[1.68973,42.26232],[1.69515,42.26381],[1.69023,42.27708],[1.6704,42.28167],[1.67658,42.28562],[1.71392,42.28747],[1.71931,42.28399],[1.72109,42.28346],[1.72321,42.28347],[1.72692,42.28403],[1.72941,42.28345],[1.73442,42.28397],[1.74247,42.29036],[1.76246,42.29343],[1.77946,42.29137],[1.79737,42.29478],[1.80469,42.30196],[1.83073,42.30045],[1.84231,42.30644],[1.85096,42.31038],[1.87381,42.31355],[1.8801,42.31337],[1.89297,42.32088],[1.90319,42.32281]],[[2.00306,42.11831],[2.00923,42.1069],[2.01692,42.10955],[2.02258,42.11982],[2.02934,42.12156],[2.03143,42.12577],[2.02262,42.13079],[2.0195,42.12696],[2.00225,42.12548],[2.00306,42.11831]],[[1.70625,41.88941],[1.71913,41.88367],[1.72405,41.89211],[1.72066,41.8946],[1.71628,41.8946],[1.71115,41.89358],[1.70625,41.88941]],[[1.63134,41.31123],[1.63384,41.30981],[1.64216,41.31204],[1.6425,41.31295],[1.64071,41.3126],[1.63334,41.31348],[1.63134,41.31123]]]}},{"type":"Feature","properties":{"region_key":"ES512","name_pt":"Girona","name_es":"Girona","name_en":"Girona","kind":"district_province","source_nuts_id":"ES512"},"geometry":{"type":"Polygon","coordinates":[[[1.76294,42.48748],[1.79069,42.4857],[1.80479,42.4896],[1.8162,42.48387],[1.82301,42.48573],[1.83275,42.48298],[1.84334,42.47716],[1.8479,42.46842],[1.85511,42.46407],[1.8678,42.46526],[1.8807,42.45926],[1.88548,42.45017],[1.89334,42.44793],[1.90022,42.44991],[1.90368,42.44853],[1.90635,42.44862],[1.90913,42.4472],[1.92023,42.44754],[1.93368,42.45483],[1.94286,42.44444],[1.94128,42.43081],[1.95808,42.42366],[1.95539,42.41165],[1.96061,42.40334],[1.96055,42.39297],[1.96508,42.38238],[1.98591,42.36213],[2.01153,42.35263],[2.01529,42.34735],[2.02349,42.3558],[2.05784,42.35876],[2.07402,42.36512],[2.08457,42.36186],[2.08656,42.36541],[2.08711,42.37004],[2.08867,42.37123],[2.08939,42.3739],[2.11501,42.38271],[2.11473,42.3946],[2.1209,42.39759],[2.1248,42.40837],[2.13303,42.41456],[2.15689,42.42345],[2.16868,42.42413],[2.18025,42.41883],[2.20162,42.417],[2.22504,42.42589],[2.23307,42.4259],[2.24619,42.42957],[2.25711,42.43867],[2.29161,42.42338],[2.30831,42.42875],[2.31876,42.42506],[2.31987,42.42137],[2.32679,42.41697],[2.34416,42.41603],[2.34614,42.4093],[2.35772,42.40384],[2.38537,42.40051],[2.40494,42.3932],[2.43191,42.39351],[2.43467,42.38951],[2.43496,42.37607],[2.44403,42.37054],[2.45356,42.36918],[2.45695,42.36343],[2.46522,42.3606],[2.47469,42.34814],[2.48262,42.34047],[2.50077,42.34275],[2.52621,42.33339],[2.54214,42.33389],[2.55274,42.34422],[2.55459,42.35303],[2.56184,42.35712],[2.5874,42.35685],[2.61351,42.34631],[2.67236,42.34127],[2.67526,42.34407],[2.67517,42.35577],[2.66183,42.36557],[2.65924,42.37971],[2.65518,42.38581],[2.66958,42.38815],[2.67395,42.40464],[2.6931,42.40709],[2.72393,42.42283],[2.72736,42.42279],[2.75217,42.4257],[2.77129,42.4121],[2.79301,42.41812],[2.79892,42.41936],[2.80452,42.43069],[2.81786,42.43984],[2.82755,42.44028],[2.83459,42.4546],[2.83949,42.45854],[2.86054,42.45565],[2.86435,42.46388],[2.87115,42.46649],[2.88652,42.46012],[2.9199,42.45693],[2.92379,42.459],[2.93285,42.47461],[2.94717,42.48187],[2.96687,42.46633],[2.98057,42.46767],[2.98774,42.47366],[3.00059,42.47255],[3.01286,42.46715],[3.03266,42.47485],[3.0402,42.47353],[3.04564,42.46143],[3.05689,42.44706],[3.08597,42.42578],[3.10275,42.42649],[3.10986,42.43458],[3.12084,42.43816],[3.12611,42.43529],[3.1447,42.4335],[3.17402,42.43524],[3.17338,42.43359],[3.16314,42.42854],[3.16876,42.42416],[3.16956,42.41543],[3.15708,42.40673],[3.16393,42.40001],[3.15381,42.39309],[3.16572,42.38935],[3.15645,42.38028],[3.15884,42.37447],[3.16591,42.36966],[3.16426,42.36071],[3.17495,42.35474],[3.18757,42.35025],[3.18634,42.34353],[3.19635,42.3357],[3.20297,42.33763],[3.20426,42.3464],[3.23044,42.35106],[3.23732,42.3488],[3.24116,42.33674],[3.24904,42.33109],[3.2537,42.33473],[3.26152,42.33502],[3.26553,42.34042],[3.27823,42.33612],[3.28114,42.33202],[3.30662,42.32647],[3.3094,42.32236],[3.32049,42.32209],[3.32123,42.31841],[3.30263,42.3096],[3.29854,42.30473],[3.29013,42.30598],[3.2921,42.30036],[3.2878,42.29273],[3.29634,42.29266],[3.29615,42.28409],[3.28954,42.28312],[3.28053,42.28808],[3.27684,42.28657],[3.27899,42.27728],[3.28693,42.26872],[3.28038,42.25417],[3.26136,42.25151],[3.25459,42.25318],[3.25576,42.24644],[3.26429,42.24305],[3.26394,42.23914],[3.25153,42.24096],[3.24141,42.24884],[3.23272,42.24949],[3.22713,42.23923],[3.21829,42.23406],[3.19774,42.24558],[3.18523,42.24669],[3.17955,42.25735],[3.1721,42.263],[3.1627,42.26338],[3.15048,42.25865],[3.13919,42.25095],[3.12504,42.23556],[3.11731,42.22209],[3.11273,42.20553],[3.11166,42.20385],[3.1122,42.17305],[3.11713,42.146],[3.1257,42.12814],[3.13705,42.12527],[3.13913,42.11578],[3.15224,42.11917],[3.17583,42.11096],[3.174,42.10819],[3.16955,42.10821],[3.17348,42.10359],[3.18346,42.10278],[3.19944,42.07771],[3.21017,42.06826],[3.21121,42.05531],[3.20127,42.0526],[3.19772,42.04606],[3.19516,42.02892],[3.19693,42.00835],[3.20721,41.98157],[3.21155,41.97367],[3.22163,41.9739],[3.23068,41.96774],[3.23217,41.95011],[3.21877,41.94177],[3.21644,41.93756],[3.21929,41.93427],[3.21808,41.92753],[3.21572,41.91866],[3.20889,41.91535],[3.20955,41.90302],[3.20292,41.8927],[3.19496,41.89305],[3.19048,41.88874],[3.18484,41.88749],[3.17896,41.87508],[3.17742,41.86787],[3.16705,41.86205],[3.1531,41.86164],[3.14475,41.85753],[3.14444,41.85026],[3.13476,41.84727],[3.13055,41.84193],[3.12543,41.84665],[3.11795,41.84826],[3.09989,41.84296],[3.0811,41.82451],[3.07156,41.81862],[3.06445,41.79992],[3.05723,41.78943],[3.05386,41.79044],[3.04693,41.78866],[3.04659,41.78258],[3.04296,41.77922],[3.03266,41.78032],[3.02982,41.77297],[3.01201,41.77211],[2.99571,41.76233],[2.98318,41.76009],[2.97158,41.75317],[2.95373,41.73228],[2.93569,41.72039],[2.93408,41.71567],[2.91284,41.70835],[2.90339,41.70976],[2.89688,41.70494],[2.86631,41.69867],[2.85405,41.69955],[2.81687,41.68646],[2.80246,41.67404],[2.7918,41.67191],[2.77851,41.64881],[2.77666,41.65259],[2.77235,41.65911],[2.76529,41.66611],[2.75785,41.67939],[2.77113,41.6903],[2.77398,41.70106],[2.76636,41.72461],[2.77707,41.73073],[2.77602,41.73495],[2.74489,41.73496],[2.72494,41.74429],[2.69389,41.74211],[2.6869,41.74459],[2.68153,41.74069],[2.66959,41.74536],[2.66279,41.74711],[2.65483,41.74318],[2.64723,41.744],[2.64014,41.74223],[2.63585,41.73309],[2.62071,41.73168],[2.57733,41.72491],[2.5716,41.72633],[2.54913,41.71979],[2.53711,41.72243],[2.53059,41.73069],[2.53158,41.73776],[2.51628,41.74905],[2.51799,41.75668],[2.51596,41.76104],[2.49203,41.76498],[2.47034,41.77791],[2.4723,41.78958],[2.4646,41.78661],[2.45587,41.78417],[2.44388,41.78917],[2.4426,41.79822],[2.43819,41.80176],[2.41841,41.8045],[2.40534,41.80188],[2.38726,41.8053],[2.38268,41.8088],[2.37138,41.80438],[2.35508,41.8075],[2.34513,41.8197],[2.34458,41.82675],[2.34547,41.83579],[2.33338,41.84405],[2.32532,41.85588],[2.32955,41.8567],[2.33156,41.86348],[2.32373,41.87526],[2.33753,41.88915],[2.35627,41.88165],[2.36586,41.8813],[2.36917,41.88484],[2.37595,41.87457],[2.38123,41.87272],[2.38965,41.87857],[2.39613,41.88474],[2.40305,41.88671],[2.40782,41.8946],[2.41333,41.8946],[2.41956,41.89387],[2.42699,41.8961],[2.43209,41.89031],[2.44316,41.88824],[2.44823,41.8946],[2.46584,41.90388],[2.47899,41.91836],[2.47931,41.92916],[2.47242,41.9371],[2.46302,41.93892],[2.4593,41.94331],[2.44221,41.94278],[2.43758,41.94874],[2.44166,41.95544],[2.44062,41.96099],[2.42826,41.96791],[2.43716,41.97306],[2.44934,41.96989],[2.4526,41.96689],[2.47059,41.9683],[2.47309,41.96955],[2.47314,41.97527],[2.48021,41.97942],[2.48476,41.98564],[2.47175,41.99469],[2.47774,42.00085],[2.48199,41.99728],[2.4977,42.00189],[2.50198,42.00938],[2.49557,42.01288],[2.49484,42.02003],[2.50223,42.02417],[2.50523,42.0316],[2.49247,42.03841],[2.48289,42.05027],[2.49614,42.05901],[2.49491,42.06151],[2.49095,42.0672],[2.48387,42.068],[2.4783,42.07546],[2.46689,42.07394],[2.45688,42.07828],[2.42948,42.06432],[2.42583,42.06218],[2.41095,42.0696],[2.3945,42.08676],[2.39468,42.09428],[2.39896,42.10262],[2.37866,42.1045],[2.37338,42.11628],[2.36454,42.12048],[2.34411,42.12097],[2.3197,42.1158],[2.31622,42.11118],[2.29538,42.10264],[2.29528,42.10595],[2.30274,42.11215],[2.29957,42.1173],[2.30167,42.12328],[2.30018,42.13186],[2.29135,42.13051],[2.27957,42.13455],[2.2777,42.13746],[2.28121,42.14067],[2.2748,42.14048],[2.26991,42.14388],[2.25658,42.13897],[2.24378,42.13854],[2.23482,42.14373],[2.20988,42.13959],[2.20663,42.1333],[2.21249,42.12901],[2.20411,42.13049],[2.20254,42.12487],[2.19217,42.12397],[2.18873,42.12429],[2.18615,42.12832],[2.18787,42.1313],[2.18648,42.13398],[2.18092,42.13525],[2.1634,42.13498],[2.14357,42.13092],[2.13971,42.12584],[2.13734,42.12078],[2.12774,42.11491],[2.12585,42.11241],[2.1013,42.12416],[2.09842,42.13119],[2.10036,42.13922],[2.09245,42.14327],[2.07224,42.14148],[2.06115,42.13516],[2.05007,42.143],[2.037,42.1437],[2.02965,42.1519],[2.0066,42.15022],[1.99045,42.17139],[1.98966,42.18129],[1.96597,42.1795],[1.96465,42.19883],[1.98679,42.19435],[2.00773,42.19364],[1.99852,42.19122],[2.00438,42.18229],[1.9972,42.17155],[2.00617,42.16258],[2.02342,42.16483],[2.0341,42.17735],[2.05597,42.17499],[2.06065,42.17957],[2.06245,42.19206],[2.05313,42.19568],[2.04992,42.21407],[2.0531,42.21945],[2.04003,42.22066],[2.03005,42.21563],[2.01961,42.22967],[2.02868,42.24312],[2.02868,42.25173],[2.03988,42.26064],[2.04581,42.27219],[2.05583,42.28],[2.06783,42.2846],[2.06932,42.29099],[2.02067,42.30976],[2.00637,42.30755],[1.98274,42.29888],[1.95535,42.3121],[1.94873,42.31462],[1.94334,42.30844],[1.93938,42.31566],[1.93359,42.31811],[1.91949,42.31744],[1.90319,42.32281],[1.89297,42.32088],[1.8801,42.31337],[1.87381,42.31355],[1.85096,42.31038],[1.84231,42.30644],[1.83532,42.32011],[1.83834,42.3488],[1.83471,42.35515],[1.84417,42.35532],[1.84787,42.36422],[1.85515,42.36962],[1.85104,42.37346],[1.84471,42.37483],[1.84019,42.37365],[1.83326,42.37574],[1.83215,42.37866],[1.82938,42.3802],[1.81675,42.37344],[1.80758,42.37047],[1.801,42.37714],[1.80768,42.39156],[1.80591,42.40715],[1.80929,42.41343],[1.80723,42.41808],[1.79323,42.43083],[1.77904,42.43163],[1.76884,42.42891],[1.74451,42.43381],[1.73359,42.43968],[1.72741,42.45312],[1.72708,42.46356],[1.73231,42.47322],[1.72511,42.48641],[1.73101,42.4924],[1.74565,42.49507],[1.76294,42.48748]]]}},{"type":"Feature","properties":{"region_key":"ES618","name_pt":"Sevilla","name_es":"Sevilla","name_en":"Sevilla","kind":"district_province","source_nuts_id":"ES618"},"geometry":{"type":"Polygon","coordinates":[[[-5.69574,38.18573],[-5.69749,38.1806],[-5.68822,38.18016],[-5.68841,38.16984],[-5.6843,38.15711],[-5.69483,38.16908],[-5.70121,38.16817],[-5.70406,38.16382],[-5.69684,38.15272],[-5.69792,38.14827],[-5.71507,38.13558],[-5.72912,38.13665],[-5.73515,38.13451],[-5.74019,38.12689],[-5.73454,38.11074],[-5.73496,38.0863],[-5.73296,38.08757],[-5.71963,38.08512],[-5.71613,38.08324],[-5.71209,38.08231],[-5.71049,38.08109],[-5.69197,38.08522],[-5.67087,38.10091],[-5.66621,38.10945],[-5.63313,38.13774],[-5.58485,38.13175],[-5.58136,38.12689],[-5.58021,38.11531],[-5.55688,38.10727],[-5.53984,38.09431],[-5.53848,38.08192],[-5.5267,38.07436],[-5.52362,38.06633],[-5.49581,38.04187],[-5.48975,38.03182],[-5.4904,38.02124],[-5.49377,38.00016],[-5.49143,37.99488],[-5.48118,37.98796],[-5.46816,37.97171],[-5.43749,37.95836],[-5.41707,37.94324],[-5.41942,37.93227],[-5.42457,37.92849],[-5.4195,37.92517],[-5.41453,37.90377],[-5.42058,37.89036],[-5.41421,37.8722],[-5.40851,37.86615],[-5.39127,37.85943],[-5.38196,37.85243],[-5.36773,37.84976],[-5.34553,37.83909],[-5.34009,37.83249],[-5.34389,37.82802],[-5.34254,37.82207],[-5.34733,37.81206],[-5.34938,37.79541],[-5.3295,37.78196],[-5.32761,37.77809],[-5.31052,37.7732],[-5.31032,37.7679],[-5.3173,37.75738],[-5.31192,37.75048],[-5.30777,37.73693],[-5.30495,37.72201],[-5.31022,37.70925],[-5.30724,37.70256],[-5.30887,37.69976],[-5.31882,37.70076],[-5.32683,37.6927],[-5.33212,37.69583],[-5.33685,37.70484],[-5.3435,37.70548],[-5.363,37.69674],[-5.37594,37.67833],[-5.38345,37.68127],[-5.38397,37.69313],[-5.38828,37.69701],[-5.40481,37.69221],[-5.41196,37.68355],[-5.41379,37.67484],[-5.4113,37.66321],[-5.4067,37.65947],[-5.3974,37.66158],[-5.3943,37.65589],[-5.39856,37.65021],[-5.41294,37.64552],[-5.4023,37.63609],[-5.39887,37.62847],[-5.39183,37.6239],[-5.39021,37.61936],[-5.38029,37.61122],[-5.35959,37.60445],[-5.35677,37.58551],[-5.34763,37.58522],[-5.34235,37.59416],[-5.32298,37.61153],[-5.32336,37.61429],[-5.31614,37.61763],[-5.31307,37.61869],[-5.31159,37.61976],[-5.29982,37.62293],[-5.29743,37.62333],[-5.27677,37.62463],[-5.27379,37.62549],[-5.26781,37.62939],[-5.26209,37.63179],[-5.25369,37.63609],[-5.24648,37.64152],[-5.21284,37.66294],[-5.17682,37.68062],[-5.16181,37.67267],[-5.14941,37.66183],[-5.1352,37.6682],[-5.11022,37.66421],[-5.11248,37.67995],[-5.11545,37.69062],[-5.12976,37.69879],[-5.12493,37.70016],[-5.11489,37.70203],[-5.10852,37.70016],[-5.1023,37.69149],[-5.09454,37.67594],[-5.09653,37.67021],[-5.08086,37.66104],[-5.0737,37.66085],[-5.07767,37.66938],[-5.0846,37.67155],[-5.0906,37.67787],[-5.08674,37.68852],[-5.08801,37.69563],[-5.075,37.70162],[-5.0706,37.70838],[-5.04779,37.71823],[-5.01581,37.71072],[-5.00006,37.70589],[-4.98999,37.69392],[-4.98361,37.67857],[-4.97152,37.67172],[-4.95484,37.65344],[-4.95803,37.62356],[-4.96336,37.61156],[-4.95964,37.61031],[-4.93989,37.62045],[-4.93175,37.61736],[-4.93224,37.61503],[-4.93464,37.60861],[-4.93431,37.60086],[-4.93165,37.59129],[-4.93409,37.58377],[-4.93198,37.57625],[-4.936,37.57023],[-4.93305,37.56299],[-4.93371,37.54525],[-4.94004,37.53629],[-4.94492,37.52195],[-4.93545,37.51881],[-4.92586,37.50202],[-4.90791,37.49958],[-4.91481,37.48909],[-4.91338,37.48577],[-4.90696,37.48662],[-4.90872,37.47891],[-4.90437,37.46928],[-4.87772,37.4503],[-4.88478,37.43802],[-4.84381,37.43715],[-4.84084,37.43495],[-4.83768,37.42328],[-4.84231,37.41536],[-4.84984,37.41069],[-4.84271,37.39989],[-4.83298,37.3927],[-4.82506,37.37955],[-4.81532,37.37679],[-4.81548,37.37299],[-4.82352,37.36633],[-4.82243,37.35945],[-4.8173,37.35472],[-4.79907,37.34377],[-4.78226,37.32854],[-4.77973,37.33442],[-4.76796,37.33735],[-4.74745,37.33143],[-4.73012,37.33535],[-4.72647,37.34021],[-4.73169,37.34334],[-4.72297,37.34691],[-4.72452,37.35317],[-4.721,37.35729],[-4.70356,37.34831],[-4.6863,37.34014],[-4.68473,37.33078],[-4.67908,37.3359],[-4.67319,37.33503],[-4.67252,37.33209],[-4.67824,37.32969],[-4.66808,37.32363],[-4.67099,37.32045],[-4.67907,37.32084],[-4.68213,37.3142],[-4.67864,37.30999],[-4.66896,37.30928],[-4.66168,37.30472],[-4.66553,37.29739],[-4.67546,37.2994],[-4.67768,37.2903],[-4.66554,37.28581],[-4.66005,37.28049],[-4.65474,37.27126],[-4.65337,37.25586],[-4.6602,37.25756],[-4.67108,37.25452],[-4.67762,37.25733],[-4.68982,37.25212],[-4.69984,37.25645],[-4.71392,37.25374],[-4.71972,37.25972],[-4.73006,37.25349],[-4.7318,37.25135],[-4.73346,37.25006],[-4.73423,37.24436],[-4.72053,37.23921],[-4.73164,37.22662],[-4.72707,37.21255],[-4.71248,37.20648],[-4.7127,37.2016],[-4.70864,37.19772],[-4.71358,37.19553],[-4.72319,37.19053],[-4.73196,37.18557],[-4.7584,37.17747],[-4.76258,37.17122],[-4.779,37.16617],[-4.78544,37.15609],[-4.79033,37.15903],[-4.79261,37.1551],[-4.79594,37.15515],[-4.80065,37.16067],[-4.80013,37.17199],[-4.80701,37.17161],[-4.81421,37.17876],[-4.82249,37.18029],[-4.8265,37.18656],[-4.81992,37.19177],[-4.82212,37.1988],[-4.84136,37.20037],[-4.85315,37.19838],[-4.85887,37.18879],[-4.85636,37.18034],[-4.85799,37.17284],[-4.87373,37.15955],[-4.88069,37.16222],[-4.8892,37.15582],[-4.89759,37.15671],[-4.89941,37.15962],[-4.89661,37.16745],[-4.90547,37.18061],[-4.90876,37.17529],[-4.92086,37.17475],[-4.92555,37.17159],[-4.93885,37.1749],[-4.9427,37.15762],[-4.90426,37.13901],[-4.90828,37.11528],[-4.92374,37.1037],[-4.95472,37.09187],[-4.98833,37.06461],[-5.00919,37.05539],[-5.02595,37.05186],[-5.0257,37.04552],[-5.03482,37.04772],[-5.04653,37.03981],[-5.05313,37.03063],[-5.08341,37.03099],[-5.10363,37.025],[-5.11097,37.02005],[-5.12288,37.02772],[-5.13235,37.01253],[-5.14242,37.00389],[-5.1449,37.00016],[-5.14804,36.99711],[-5.15844,36.98935],[-5.16369,36.98137],[-5.19349,36.96593],[-5.20537,36.96287],[-5.22534,36.94297],[-5.23419,36.94145],[-5.25642,36.9642],[-5.27476,36.99095],[-5.30023,37.01462],[-5.30215,37.0374],[-5.33486,37.01376],[-5.33969,37.00459],[-5.34534,36.9981],[-5.35867,36.99269],[-5.36222,36.98594],[-5.39146,36.97385],[-5.41255,36.95421],[-5.41618,36.94547],[-5.41366,36.93979],[-5.43895,36.93529],[-5.44562,36.94711],[-5.44754,36.95718],[-5.45432,36.96186],[-5.45975,36.97674],[-5.4339,36.99269],[-5.42113,37.01118],[-5.42013,37.01359],[-5.42084,37.01675],[-5.42148,37.02449],[-5.423,37.02798],[-5.42434,37.03231],[-5.42709,37.03747],[-5.42683,37.04029],[-5.42779,37.04461],[-5.42879,37.0462],[-5.43074,37.04819],[-5.43137,37.05043],[-5.43341,37.05242],[-5.43556,37.05226],[-5.43961,37.05104],[-5.44192,37.04953],[-5.44496,37.04957],[-5.44796,37.05025],[-5.45903,37.04241],[-5.46274,37.04126],[-5.4649,37.04079],[-5.46729,37.04175],[-5.47316,37.04297],[-5.47853,37.04164],[-5.4888,37.03987],[-5.49146,37.0396],[-5.49693,37.03973],[-5.50016,37.03912],[-5.50444,37.03646],[-5.51104,37.03363],[-5.49487,37.01177],[-5.47167,36.99291],[-5.4703,36.98409],[-5.48094,36.97326],[-5.49368,36.97057],[-5.50339,36.95873],[-5.51278,36.95683],[-5.52488,36.93808],[-5.53174,36.93569],[-5.53608,36.93051],[-5.54513,36.92978],[-5.55091,36.92315],[-5.54734,36.91852],[-5.54242,36.91075],[-5.53942,36.90702],[-5.539,36.90398],[-5.53387,36.89348],[-5.58284,36.91522],[-5.5882,36.94692],[-5.59491,36.94534],[-5.60507,36.95],[-5.60965,36.9426],[-5.6181,36.9413],[-5.62611,36.95335],[-5.63482,36.951],[-5.64911,36.95456],[-5.66788,36.97532],[-5.69407,36.95699],[-5.69594,36.93697],[-5.70439,36.92526],[-5.71566,36.92017],[-5.72669,36.92119],[-5.73636,36.91825],[-5.74432,36.92264],[-5.76196,36.9255],[-5.79028,36.92577],[-5.80604,36.92485],[-5.83185,36.91568],[-5.84668,36.91413],[-5.86966,36.89373],[-5.87585,36.89411],[-5.87796,36.8912],[-5.89272,36.85333],[-5.88889,36.84681],[-5.89041,36.84441],[-5.88884,36.84333],[-5.89111,36.84222],[-5.91422,36.85018],[-5.92541,36.8531],[-5.9414,36.85196],[-5.95642,36.85235],[-5.97412,36.84477],[-6.02294,36.8477],[-6.05103,36.85333],[-6.0806,36.85526],[-6.08576,36.85452],[-6.09543,36.85635],[-6.10451,36.85729],[-6.12206,36.86382],[-6.1575,36.88579],[-6.18736,36.89318],[-6.20936,36.8936],[-6.23106,36.89814],[-6.24664,36.89404],[-6.25724,36.8952],[-6.27835,36.91088],[-6.29415,36.90577],[-6.29905,36.90638],[-6.30141,36.90459],[-6.33107,36.89884],[-6.33297,36.90169],[-6.33472,36.90327],[-6.3365,36.90413],[-6.34244,36.90586],[-6.34568,36.90755],[-6.35018,36.91279],[-6.35691,36.91907],[-6.35879,36.92053],[-6.36258,36.92163],[-6.36436,36.92249],[-6.36994,36.92589],[-6.37896,36.93474],[-6.36393,36.94633],[-6.36022,36.95889],[-6.36101,36.97179],[-6.35434,36.98868],[-6.3583,37.00363],[-6.37753,37.04147],[-6.3859,37.07218],[-6.3855,37.08224],[-6.37851,37.09514],[-6.35771,37.11047],[-6.35916,37.11697],[-6.34336,37.12235],[-6.34368,37.12742],[-6.35907,37.13986],[-6.33619,37.16966],[-6.35046,37.18149],[-6.35293,37.19841],[-6.34597,37.21834],[-6.35906,37.23764],[-6.35225,37.24847],[-6.35369,37.2564],[-6.35033,37.26391],[-6.33715,37.27479],[-6.34211,37.28065],[-6.33398,37.29882],[-6.34258,37.31105],[-6.38457,37.33749],[-6.38416,37.33944],[-6.3825,37.34081],[-6.37822,37.34608],[-6.37395,37.34873],[-6.36843,37.34949],[-6.36528,37.35294],[-6.36194,37.35575],[-6.35847,37.35716],[-6.3491,37.36246],[-6.34604,37.36573],[-6.36196,37.37574],[-6.35538,37.39292],[-6.3609,37.40259],[-6.35761,37.41029],[-6.33073,37.41543],[-6.3229,37.41929],[-6.31325,37.41929],[-6.30683,37.4279],[-6.30674,37.43556],[-6.31324,37.44614],[-6.3223,37.45411],[-6.33213,37.46399],[-6.33977,37.48528],[-6.35795,37.4991],[-6.36908,37.52744],[-6.36773,37.53646],[-6.37546,37.54592],[-6.38961,37.55241],[-6.39443,37.55901],[-6.40228,37.5795],[-6.39378,37.58657],[-6.39862,37.59111],[-6.39994,37.59964],[-6.39531,37.60354],[-6.39524,37.61087],[-6.42259,37.62126],[-6.47393,37.62132],[-6.48615,37.6169],[-6.49084,37.6202],[-6.49812,37.61854],[-6.50257,37.62249],[-6.51482,37.62427],[-6.52673,37.61702],[-6.53574,37.62112],[-6.53851,37.62666],[-6.53084,37.63614],[-6.53552,37.64096],[-6.53617,37.65102],[-6.52522,37.6637],[-6.50311,37.66784],[-6.49913,37.68247],[-6.50043,37.68809],[-6.49544,37.68896],[-6.48926,37.697],[-6.48499,37.69774],[-6.47674,37.71245],[-6.48312,37.72087],[-6.47281,37.72478],[-6.44862,37.71976],[-6.42259,37.73447],[-6.3899,37.74765],[-6.31279,37.76466],[-6.27786,37.75859],[-6.25237,37.76232],[-6.24785,37.75738],[-6.24607,37.74837],[-6.25335,37.74697],[-6.25374,37.74441],[-6.24469,37.74133],[-6.23544,37.74366],[-6.23513,37.73929],[-6.22381,37.73955],[-6.21804,37.74411],[-6.21933,37.75489],[-6.2061,37.76578],[-6.21546,37.79154],[-6.20196,37.80534],[-6.18726,37.80964],[-6.17731,37.79933],[-6.16703,37.79371],[-6.15826,37.79124],[-6.15012,37.7943],[-6.14259,37.78861],[-6.13408,37.78788],[-6.13701,37.7949],[-6.12665,37.79798],[-6.12641,37.8111],[-6.12286,37.81614],[-6.13014,37.83188],[-6.13474,37.83543],[-6.14274,37.85524],[-6.15792,37.8542],[-6.16383,37.86105],[-6.15894,37.87301],[-6.15077,37.87724],[-6.14134,37.88604],[-6.13623,37.89524],[-6.12516,37.90339],[-6.13825,37.91002],[-6.14523,37.91944],[-6.16333,37.91727],[-6.16735,37.91007],[-6.17042,37.91062],[-6.18336,37.92784],[-6.18031,37.94108],[-6.16696,37.95533],[-6.15313,37.95863],[-6.14848,37.96512],[-6.13625,37.97221],[-6.1152,37.98166],[-6.07702,37.98523],[-6.05018,37.99688],[-6.03936,37.99533],[-6.03144,37.99772],[-6.01802,37.99171],[-6.00585,37.99211],[-5.99256,37.99905],[-5.9603,37.99941],[-5.95375,37.9954],[-5.93875,38.02124],[-5.93653,38.02447],[-5.9335,38.03195],[-5.93643,38.04057],[-5.93446,38.0459],[-5.92822,38.04992],[-5.91993,38.05058],[-5.90869,38.0678],[-5.91196,38.07867],[-5.92768,38.08834],[-5.9261,38.10451],[-5.91193,38.12262],[-5.89482,38.13055],[-5.88015,38.13359],[-5.87614,38.15673],[-5.85745,38.16182],[-5.85159,38.17195],[-5.83792,38.17448],[-5.82556,38.17078],[-5.81637,38.17735],[-5.81061,38.17477],[-5.80457,38.17764],[-5.79867,38.17541],[-5.78002,38.18561],[-5.7577,38.18149],[-5.74591,38.18951],[-5.7414,38.19364],[-5.72793,38.19676],[-5.7126,38.18683],[-5.69574,38.18573]],[[-5.02676,37.59678],[-5.02758,37.60703],[-5.033,37.60873],[-5.02942,37.5986],[-5.02676,37.59678]],[[-5.04844,37.60747],[-5.03076,37.61185],[-5.03263,37.62325],[-5.02792,37.63561],[-5.03112,37.64071],[-5.04489,37.63205],[-5.042,37.62411],[-5.04844,37.60747]],[[-5.04849,37.63747],[-5.05338,37.642],[-5.08321,37.648],[-5.08633,37.64404],[-5.04766,37.63193],[-5.04849,37.63747]],[[-4.96889,37.61192],[-4.97621,37.60034],[-4.97294,37.60014],[-4.96677,37.61086],[-4.96687,37.61266],[-4.96889,37.61192]]]}},{"type":"Feature","properties":{"region_key":"ES620","name_pt":"Murcia","name_es":"Murcia","name_en":"Murcia","kind":"district_province","source_nuts_id":"ES620"},"geometry":{"type":"Polygon","coordinates":[[[-1.10076,38.70131],[-1.04427,38.66223],[-1.02687,38.65551],[-1.0236,38.64065],[-1.01581,38.63346],[-1.01178,38.60569],[-1.00209,38.57369],[-1.01605,38.53726],[-1.02525,38.52295],[-1.01382,38.49706],[-1.0349,38.47459],[-1.05859,38.45629],[-1.08069,38.44198],[-1.09411,38.43793],[-1.08086,38.43167],[-1.0853,38.42741],[-1.08774,38.40369],[-1.0879,38.36807],[-1.08433,38.34622],[-1.05852,38.34556],[-1.02709,38.33802],[-0.98898,38.32055],[-0.98413,38.30706],[-0.97093,38.28802],[-0.9678,38.27527],[-0.96848,38.25795],[-0.97812,38.23691],[-0.98865,38.20015],[-1.00483,38.17211],[-1.00875,38.16692],[-1.0367,38.13772],[-1.03055,38.11584],[-1.03011,38.09792],[-1.02269,38.07662],[-1.01036,38.05954],[-0.99857,38.05142],[-0.96596,38.01268],[-0.959,37.99901],[-0.95778,37.99716],[-0.93444,37.96908],[-0.92112,37.94423],[-0.90011,37.92313],[-0.85715,37.88521],[-0.85418,37.88426],[-0.85124,37.88174],[-0.84746,37.87757],[-0.84141,37.87224],[-0.82834,37.86395],[-0.80439,37.85912],[-0.78437,37.84572],[-0.7714,37.84413],[-0.76214,37.84701],[-0.75655,37.82476],[-0.75735,37.8151],[-0.74908,37.79094],[-0.75133,37.78974],[-0.756,37.79174],[-0.75812,37.79316],[-0.76191,37.79457],[-0.76256,37.80057],[-0.77584,37.81882],[-0.78251,37.81925],[-0.78991,37.81395],[-0.79631,37.81012],[-0.80279,37.79879],[-0.80137,37.78123],[-0.81772,37.76515],[-0.82848,37.75546],[-0.83913,37.75299],[-0.84513,37.74824],[-0.85202,37.7306],[-0.85998,37.72145],[-0.85615,37.71236],[-0.84075,37.69735],[-0.823,37.67333],[-0.80516,37.65929],[-0.77955,37.64866],[-0.77338,37.64813],[-0.756,37.64184],[-0.74057,37.63283],[-0.73173,37.6333],[-0.7253,37.6372],[-0.72263,37.65453],[-0.72524,37.65961],[-0.73312,37.66391],[-0.73284,37.66833],[-0.74052,37.69722],[-0.73979,37.69904],[-0.72654,37.66906],[-0.70582,37.6389],[-0.6974,37.63189],[-0.72095,37.607],[-0.78154,37.59426],[-0.81944,37.57633],[-0.84219,37.57789],[-0.84154,37.58528],[-0.85114,37.58715],[-0.85532,37.58086],[-0.86581,37.57968],[-0.87092,37.57608],[-0.87664,37.57682],[-0.88165,37.57012],[-0.90406,37.5639],[-0.91941,37.55606],[-0.95342,37.55948],[-0.95849,37.56272],[-0.94954,37.57094],[-0.97378,37.57769],[-0.97711,37.5833],[-0.97387,37.5953],[-0.98983,37.59825],[-0.9893,37.58408],[-1.00554,37.58526],[-1.01594,37.57477],[-1.05091,37.58201],[-1.06492,37.5804],[-1.07383,37.58284],[-1.09335,37.57185],[-1.11011,37.56773],[-1.12006,37.56124],[-1.12572,37.55178],[-1.11146,37.53871],[-1.11161,37.53575],[-1.11521,37.53494],[-1.12905,37.53962],[-1.1653,37.54253],[-1.17237,37.54921],[-1.17096,37.55907],[-1.17927,37.56553],[-1.20016,37.57272],[-1.24597,37.57545],[-1.25617,37.56743],[-1.25803,37.5596],[-1.2649,37.5594],[-1.26767,37.55458],[-1.27112,37.55546],[-1.27058,37.55955],[-1.2869,37.55711],[-1.30835,37.56216],[-1.32715,37.56129],[-1.35415,37.54997],[-1.37263,37.53301],[-1.38864,37.52506],[-1.39624,37.51752],[-1.4029,37.5077],[-1.41569,37.50649],[-1.45086,37.49275],[-1.46538,37.47998],[-1.48219,37.44582],[-1.48318,37.43652],[-1.47834,37.43141],[-1.48161,37.42679],[-1.49365,37.42264],[-1.50367,37.43097],[-1.51778,37.43117],[-1.54482,37.41393],[-1.54491,37.40761],[-1.54955,37.40812],[-1.54926,37.41162],[-1.55606,37.41152],[-1.56223,37.40544],[-1.57273,37.40706],[-1.58044,37.40136],[-1.59325,37.40051],[-1.62997,37.37515],[-1.64083,37.38238],[-1.66592,37.40086],[-1.6698,37.40259],[-1.70497,37.42102],[-1.73704,37.44263],[-1.7798,37.44698],[-1.79626,37.45219],[-1.81172,37.45155],[-1.80891,37.43347],[-1.84522,37.45483],[-1.84839,37.46098],[-1.85933,37.48022],[-1.8677,37.48673],[-1.91639,37.54485],[-1.95285,37.5873],[-1.95601,37.60066],[-1.96466,37.60528],[-1.97712,37.62027],[-1.98598,37.64293],[-1.99274,37.6433],[-2.01119,37.67355],[-2.01178,37.7013],[-2.00739,37.7187],[-1.99647,37.72865],[-2.00827,37.77615],[-1.99717,37.81754],[-1.99888,37.82425],[-1.99512,37.84106],[-1.98877,37.85247],[-1.9775,37.86085],[-1.97422,37.86847],[-1.99473,37.87921],[-2.00042,37.87625],[-2.00583,37.87916],[-2.02235,37.86894],[-2.04636,37.87495],[-2.05507,37.88037],[-2.09943,37.87798],[-2.10773,37.88183],[-2.11028,37.8896],[-2.125,37.89987],[-2.14877,37.89754],[-2.15688,37.89254],[-2.1726,37.88974],[-2.18679,37.90483],[-2.20779,37.91625],[-2.23955,37.92976],[-2.2526,37.93923],[-2.25919,37.94962],[-2.2798,37.96329],[-2.29614,37.98756],[-2.29879,37.99716],[-2.29844,38.00214],[-2.30028,38.00348],[-2.30362,38.00434],[-2.3093,38.00887],[-2.31208,38.01024],[-2.32306,38.014],[-2.3412,38.02587],[-2.34362,38.03032],[-2.34218,38.03717],[-2.32877,38.06725],[-2.3122,38.07975],[-2.29479,38.0872],[-2.26628,38.10921],[-2.25319,38.12689],[-2.2495,38.14049],[-2.22999,38.16428],[-2.21329,38.20205],[-2.17044,38.22586],[-2.1138,38.23851],[-2.08417,38.26519],[-2.07583,38.28292],[-2.06478,38.29627],[-2.04896,38.30579],[-2.03265,38.29999],[-2.02176,38.30013],[-2.00027,38.28439],[-1.98266,38.28165],[-1.90827,38.29806],[-1.89312,38.30328],[-1.8677,38.31836],[-1.852,38.33102],[-1.82313,38.33585],[-1.81033,38.35101],[-1.78844,38.35528],[-1.78793,38.35775],[-1.79578,38.36436],[-1.79501,38.36903],[-1.77164,38.36483],[-1.7695,38.37876],[-1.75479,38.37335],[-1.75032,38.37909],[-1.74488,38.38019],[-1.73666,38.37594],[-1.73396,38.37093],[-1.72035,38.36808],[-1.71668,38.36365],[-1.71256,38.37121],[-1.70157,38.37389],[-1.68274,38.35989],[-1.68466,38.35386],[-1.68278,38.34923],[-1.6912,38.3464],[-1.69148,38.33838],[-1.68354,38.32681],[-1.67445,38.32221],[-1.66983,38.31183],[-1.62979,38.30917],[-1.60189,38.31366],[-1.59021,38.31221],[-1.5895,38.31],[-1.55681,38.32624],[-1.53878,38.34466],[-1.5064,38.3596],[-1.48819,38.37283],[-1.47851,38.37639],[-1.47798,38.38551],[-1.47553,38.39838],[-1.47485,38.40899],[-1.47766,38.42128],[-1.47668,38.43637],[-1.47648,38.44717],[-1.47885,38.46391],[-1.47989,38.46679],[-1.47983,38.47984],[-1.48153,38.48935],[-1.48348,38.4934],[-1.48705,38.5051],[-1.48838,38.5148],[-1.4987,38.53206],[-1.49717,38.53808],[-1.49092,38.55587],[-1.48766,38.56332],[-1.46718,38.57559],[-1.45196,38.58147],[-1.44776,38.61559],[-1.44325,38.63693],[-1.44766,38.64953],[-1.42122,38.67708],[-1.40424,38.68931],[-1.36663,38.70401],[-1.34308,38.67741],[-1.32921,38.68219],[-1.32821,38.68479],[-1.31266,38.69489],[-1.2838,38.70771],[-1.26369,38.72896],[-1.25075,38.73751],[-1.18359,38.75509],[-1.17677,38.75262],[-1.13919,38.74329],[-1.11962,38.73772],[-1.11673,38.73241],[-1.11628,38.71486],[-1.11555,38.7114],[-1.11091,38.70775],[-1.10076,38.70131]]]}},{"type":"Feature","properties":{"region_key":"ES630","name_pt":"Ceuta","name_es":"Ceuta","name_en":"Ceuta","kind":"district_province","source_nuts_id":"ES630"},"geometry":{"type":"MultiPolygon","coordinates":[[[[-5.34866,35.90758],[-5.33658,35.89537],[-5.32575,35.89968],[-5.31511,35.89004],[-5.30224,35.89358],[-5.29786,35.90087],[-5.28741,35.90576],[-5.27962,35.9002],[-5.27996,35.89495],[-5.30578,35.88498],[-5.31944,35.88632],[-5.328,35.87934],[-5.339,35.87703],[-5.34418,35.87115],[-5.35017,35.87438],[-5.35566,35.87363],[-5.37166,35.88279],[-5.37756,35.90572],[-5.38203,35.9126],[-5.37808,35.91634],[-5.3662,35.91696],[-5.34866,35.90758]]],[[[-5.41692,35.91178],[-5.41964,35.91082],[-5.42141,35.91262],[-5.42004,35.91592],[-5.41654,35.91696],[-5.41692,35.91178]]]]}},{"type":"Feature","properties":{"region_key":"ES640","name_pt":"Melilla","name_es":"Melilla","name_en":"Melilla","kind":"district_province","source_nuts_id":"ES640"},"geometry":{"type":"MultiPolygon","coordinates":[[[[-2.9297,35.2717],[-2.94944,35.26625],[-2.96759,35.28284],[-2.96632,35.28811],[-2.96982,35.29174],[-2.96689,35.3026],[-2.96013,35.31518],[-2.95248,35.3199],[-2.9461,35.3143],[-2.94548,35.30753],[-2.9323,35.29357],[-2.93582,35.29131],[-2.93709,35.28314],[-2.9297,35.2717]]],[[[-2.42624,35.18355],[-2.42754,35.17965],[-2.43179,35.18069],[-2.43293,35.18415],[-2.42624,35.18355]]],[[[-2.92373,35.29196],[-2.92835,35.28932],[-2.9315,35.29258],[-2.927,35.2944],[-2.92373,35.29196]]],[[[-2.43874,35.17807],[-2.44023,35.17688],[-2.44407,35.17869],[-2.44135,35.18318],[-2.43997,35.18324],[-2.43874,35.17807]]]]}},{"type":"Feature","properties":{"region_key":"ES703","name_pt":"El Hierro","name_es":"El Hierro","name_en":"El Hierro","kind":"island","source_nuts_id":"ES703"},"geometry":{"type":"Polygon","coordinates":[[[-17.98737,27.81259],[-17.98924,27.81544],[-17.98963,27.81845],[-17.99194,27.82129],[-17.99128,27.82207],[-17.97508,27.826],[-17.95261,27.84137],[-17.95021,27.84051],[-17.94594,27.8404],[-17.9346,27.84885],[-17.93012,27.84707],[-17.91724,27.8481],[-17.91678,27.8454],[-17.91461,27.84338],[-17.90175,27.84171],[-17.90386,27.8406],[-17.90317,27.83774],[-17.89399,27.83238],[-17.89247,27.82599],[-17.89581,27.82391],[-17.88683,27.81837],[-17.8832,27.81157],[-17.88454,27.80129],[-17.8887,27.80002],[-17.89674,27.78857],[-17.89577,27.7876],[-17.89984,27.78709],[-17.90102,27.78055],[-17.90169,27.78599],[-17.90912,27.77366],[-17.91439,27.7706],[-17.90955,27.76545],[-17.92642,27.74282],[-17.92738,27.73193],[-17.93168,27.72853],[-17.94246,27.73056],[-17.94915,27.72863],[-17.95727,27.71936],[-17.95822,27.69558],[-17.96441,27.68988],[-17.97212,27.67271],[-17.9713,27.65436],[-17.97948,27.64252],[-17.99413,27.64224],[-17.99825,27.6466],[-18.00994,27.65044],[-18.01047,27.65188],[-18.01931,27.66047],[-18.02064,27.66722],[-18.02874,27.67187],[-18.02775,27.67698],[-18.02863,27.67868],[-18.03841,27.68668],[-18.05027,27.69267],[-18.12478,27.70529],[-18.13563,27.70392],[-18.14664,27.70856],[-18.15977,27.72173],[-18.15904,27.72929],[-18.15349,27.72953],[-18.1518,27.7323],[-18.15167,27.74809],[-18.1554,27.75037],[-18.15354,27.75692],[-18.15041,27.75833],[-18.1516,27.76056],[-18.14715,27.75953],[-18.14098,27.7625],[-18.13962,27.7641],[-18.14051,27.76607],[-18.13654,27.76648],[-18.13568,27.7684],[-18.12148,27.76726],[-18.12137,27.76566],[-18.11874,27.76203],[-18.10563,27.75661],[-18.08244,27.75314],[-18.07013,27.75315],[-18.03638,27.76212],[-18.01807,27.77556],[-18.01087,27.78597],[-17.99771,27.79083],[-17.99168,27.79623],[-17.99268,27.79761],[-17.9915,27.79708],[-17.98974,27.79863],[-17.99016,27.79937],[-17.98924,27.79943],[-17.98619,27.80774],[-17.98737,27.81259]]]}},{"type":"Feature","properties":{"region_key":"ES704","name_pt":"Fuerteventura","name_es":"Fuerteventura","name_en":"Fuerteventura","kind":"island","source_nuts_id":"ES704"},"geometry":{"type":"Polygon","coordinates":[[[-14.22252,28.21924],[-14.21529,28.22534],[-14.20739,28.25438],[-14.20189,28.3039],[-14.16222,28.36871],[-14.16329,28.37518],[-14.14086,28.43488],[-14.12792,28.44359],[-14.1099,28.46912],[-14.10049,28.47521],[-14.08972,28.49427],[-14.08729,28.50569],[-14.0738,28.52393],[-14.06933,28.54091],[-14.06376,28.54321],[-14.0655,28.54919],[-14.03612,28.58739],[-14.02457,28.63711],[-14.01012,28.66747],[-14.00528,28.7036],[-13.99991,28.71674],[-13.98476,28.72868],[-13.98089,28.72703],[-13.98229,28.73015],[-13.97692,28.73096],[-13.97543,28.73442],[-13.97152,28.73092],[-13.96895,28.73512],[-13.96476,28.73339],[-13.95874,28.73762],[-13.95681,28.73516],[-13.94198,28.74612],[-13.9378,28.73902],[-13.93317,28.74829],[-13.92806,28.75038],[-13.90799,28.74711],[-13.90161,28.7532],[-13.89557,28.75301],[-13.87319,28.74665],[-13.87415,28.74281],[-13.86457,28.74421],[-13.86076,28.74043],[-13.86611,28.74085],[-13.86643,28.73359],[-13.84767,28.72749],[-13.84168,28.72157],[-13.83089,28.69391],[-13.83402,28.67505],[-13.83043,28.66389],[-13.82996,28.63568],[-13.82365,28.61136],[-13.8271,28.6037],[-13.82553,28.58727],[-13.82835,28.58609],[-13.83017,28.57563],[-13.82715,28.56897],[-13.82868,28.55158],[-13.83173,28.54518],[-13.83692,28.54337],[-13.83877,28.5389],[-13.83467,28.53244],[-13.84972,28.49962],[-13.85482,28.49919],[-13.85342,28.49185],[-13.85776,28.49859],[-13.85812,28.49255],[-13.86163,28.49432],[-13.86769,28.48092],[-13.85722,28.46162],[-13.85749,28.44324],[-13.86281,28.43666],[-13.85802,28.42526],[-13.85003,28.42139],[-13.84872,28.41014],[-13.85296,28.40291],[-13.84987,28.40069],[-13.85348,28.39839],[-13.85465,28.39184],[-13.85617,28.39455],[-13.85977,28.39294],[-13.85962,28.38891],[-13.86048,28.38927],[-13.86172,28.38819],[-13.86962,28.3769],[-13.87051,28.36546],[-13.87827,28.35522],[-13.87645,28.34746],[-13.89533,28.32396],[-13.91128,28.27725],[-13.9337,28.24421],[-13.96626,28.22823],[-13.98484,28.2285],[-13.99073,28.22455],[-14.07258,28.21284],[-14.11856,28.20051],[-14.15681,28.17889],[-14.17786,28.17403],[-14.19834,28.17392],[-14.21247,28.16448],[-14.21902,28.16512],[-14.25906,28.11132],[-14.26591,28.10853],[-14.28625,28.08433],[-14.30195,28.07359],[-14.30891,28.06475],[-14.34317,28.05069],[-14.36424,28.05075],[-14.40831,28.06696],[-14.42862,28.07119],[-14.44419,28.0704],[-14.47737,28.07779],[-14.50637,28.071],[-14.50215,28.07455],[-14.50146,28.08012],[-14.4924,28.0844],[-14.49229,28.09405],[-14.4969,28.10252],[-14.48973,28.10431],[-14.48268,28.10304],[-14.48102,28.09996],[-14.47646,28.10229],[-14.45556,28.09911],[-14.43603,28.10053],[-14.37912,28.11466],[-14.35856,28.12321],[-14.35783,28.12708],[-14.32798,28.13719],[-14.24717,28.19318],[-14.22289,28.2148],[-14.22252,28.21924]]]}},{"type":"Feature","properties":{"region_key":"ES705","name_pt":"Gran Canaria","name_es":"Gran Canaria","name_en":"Gran Canaria","kind":"island","source_nuts_id":"ES705"},"geometry":{"type":"Polygon","coordinates":[[[-15.56044,27.76271],[-15.56675,27.75538],[-15.57007,27.73781],[-15.58092,27.73567],[-15.60725,27.75031],[-15.64958,27.75306],[-15.68554,27.76327],[-15.68985,27.77113],[-15.69639,27.77146],[-15.73965,27.80435],[-15.75186,27.82136],[-15.77282,27.83198],[-15.786,27.84422],[-15.81505,27.90127],[-15.8212,27.92178],[-15.81607,27.94147],[-15.82177,27.96833],[-15.82063,27.98408],[-15.81607,27.99604],[-15.807,28.00503],[-15.76769,28.02399],[-15.72521,28.05687],[-15.70836,28.08194],[-15.70731,28.09434],[-15.70875,28.10011],[-15.71292,28.10243],[-15.70214,28.11506],[-15.69811,28.13304],[-15.69957,28.1479],[-15.69628,28.15153],[-15.70087,28.1548],[-15.70561,28.16599],[-15.69824,28.16327],[-15.69134,28.168],[-15.6844,28.16763],[-15.68035,28.16667],[-15.68094,28.16229],[-15.67788,28.16],[-15.67395,28.162],[-15.66658,28.15811],[-15.65079,28.16389],[-15.61688,28.15357],[-15.61254,28.14731],[-15.60748,28.14926],[-15.60118,28.1448],[-15.59797,28.14427],[-15.58618,28.14753],[-15.57505,28.14369],[-15.56606,28.14654],[-15.52131,28.14753],[-15.48856,28.14056],[-15.48564,28.13526],[-15.47818,28.13642],[-15.46712,28.12609],[-15.44588,28.13152],[-15.43198,28.14514],[-15.43291,28.15718],[-15.43705,28.15947],[-15.43606,28.17096],[-15.4303,28.17246],[-15.42902,28.17604],[-15.41189,28.17932],[-15.40372,28.17421],[-15.40537,28.16625],[-15.39997,28.1652],[-15.40038,28.1596],[-15.4034,28.16136],[-15.40357,28.1558],[-15.4071,28.15435],[-15.40804,28.15819],[-15.41036,28.15082],[-15.4156,28.14758],[-15.41331,28.14553],[-15.4153,28.12825],[-15.41771,28.12833],[-15.41727,28.14627],[-15.42019,28.14666],[-15.42127,28.14171],[-15.42119,28.14669],[-15.42299,28.14378],[-15.42415,28.14673],[-15.42422,28.14286],[-15.42771,28.14679],[-15.42728,28.14275],[-15.42377,28.14152],[-15.42038,28.13679],[-15.42763,28.14081],[-15.42869,28.13633],[-15.42537,28.13899],[-15.42482,28.13453],[-15.42731,28.13282],[-15.42469,28.1342],[-15.4286,28.12954],[-15.42423,28.12957],[-15.42312,28.12818],[-15.42806,28.12885],[-15.42801,28.12736],[-15.42459,28.12346],[-15.424,28.12819],[-15.42398,28.12167],[-15.41441,28.11059],[-15.41178,28.09485],[-15.41633,28.08425],[-15.41326,28.07552],[-15.41945,28.06001],[-15.41326,28.05354],[-15.41461,28.04524],[-15.40882,28.04419],[-15.40566,28.03739],[-15.38615,28.02628],[-15.38483,28.0164],[-15.37758,28.00967],[-15.37319,28.00943],[-15.37677,28.00656],[-15.37352,28.0026],[-15.37509,27.99755],[-15.37002,27.99681],[-15.36718,27.99141],[-15.37779,27.98386],[-15.37554,27.9775],[-15.38126,27.97592],[-15.38431,27.96742],[-15.37805,27.96289],[-15.38177,27.9577],[-15.37697,27.95395],[-15.38083,27.95148],[-15.37951,27.94808],[-15.36751,27.94456],[-15.36942,27.94016],[-15.36364,27.9385],[-15.36364,27.93464],[-15.36864,27.93247],[-15.3736,27.93573],[-15.38449,27.92648],[-15.38583,27.91255],[-15.39159,27.89985],[-15.38939,27.89628],[-15.39397,27.89033],[-15.39006,27.87989],[-15.38558,27.87574],[-15.38073,27.8759],[-15.38276,27.8711],[-15.38657,27.87033],[-15.38384,27.86386],[-15.38673,27.86061],[-15.38534,27.85746],[-15.38999,27.85501],[-15.39859,27.85628],[-15.40334,27.8493],[-15.39661,27.84553],[-15.39839,27.84361],[-15.4043,27.84862],[-15.4127,27.84781],[-15.41611,27.84439],[-15.41807,27.8349],[-15.42259,27.8304],[-15.42265,27.82098],[-15.44269,27.7998],[-15.4875,27.79277],[-15.50833,27.78058],[-15.51686,27.78184],[-15.53427,27.77],[-15.56044,27.76271]]]}},{"type":"Feature","properties":{"region_key":"ES706","name_pt":"La Gomera","name_es":"La Gomera","name_en":"La Gomera","kind":"island","source_nuts_id":"ES706"},"geometry":{"type":"Polygon","coordinates":[[[-17.21571,28.19968],[-17.21128,28.2022],[-17.20627,28.1969],[-17.2019,28.19922],[-17.18565,28.18801],[-17.18331,28.18],[-17.17597,28.1774],[-17.16887,28.18011],[-17.16618,28.17764],[-17.16506,28.17767],[-17.16651,28.17372],[-17.165,28.17183],[-17.15741,28.17275],[-17.15306,28.16452],[-17.13786,28.1602],[-17.13239,28.155],[-17.11806,28.14747],[-17.11226,28.13867],[-17.11343,28.13428],[-17.10492,28.1243],[-17.10607,28.12261],[-17.10375,28.1142],[-17.10177,28.11351],[-17.10587,28.11106],[-17.10078,28.09776],[-17.10838,28.08815],[-17.11213,28.08844],[-17.11375,28.08121],[-17.1379,28.06725],[-17.13897,28.06532],[-17.14188,28.06432],[-17.14457,28.06056],[-17.1526,28.05501],[-17.15473,28.05208],[-17.16076,28.04795],[-17.16319,28.04501],[-17.18036,28.03779],[-17.18498,28.03162],[-17.20959,28.02596],[-17.22765,28.02666],[-17.24021,28.02073],[-17.25924,28.02532],[-17.27356,28.03325],[-17.27318,28.03601],[-17.29089,28.04285],[-17.29148,28.04691],[-17.31007,28.05347],[-17.31999,28.06669],[-17.31847,28.06954],[-17.32065,28.07621],[-17.33171,28.08232],[-17.34322,28.09766],[-17.34058,28.15649],[-17.33455,28.16288],[-17.3347,28.1643],[-17.33728,28.1661],[-17.33546,28.16985],[-17.33595,28.17245],[-17.33713,28.17314],[-17.33221,28.1779],[-17.31301,28.20298],[-17.3058,28.20351],[-17.30003,28.20914],[-17.29848,28.20732],[-17.29351,28.20718],[-17.28986,28.20943],[-17.28907,28.21144],[-17.28572,28.21035],[-17.28375,28.21111],[-17.28357,28.21232],[-17.28171,28.21116],[-17.26064,28.21741],[-17.26025,28.21316],[-17.2562,28.21052],[-17.25403,28.21091],[-17.25261,28.20908],[-17.25401,28.20755],[-17.25219,28.20336],[-17.25035,28.20321],[-17.24568,28.20469],[-17.24375,28.20073],[-17.23555,28.20393],[-17.23359,28.20061],[-17.22956,28.20287],[-17.21571,28.19968]]]}},{"type":"Feature","properties":{"region_key":"ES707","name_pt":"La Palma","name_es":"La Palma","name_en":"La Palma","kind":"island","source_nuts_id":"ES707"},"geometry":{"type":"Polygon","coordinates":[[[-17.83707,28.45539],[-17.84288,28.46503],[-17.86512,28.47538],[-17.87215,28.49443],[-17.87969,28.54371],[-17.91929,28.5963],[-17.92484,28.61834],[-17.93857,28.64036],[-17.96279,28.67107],[-17.97614,28.72818],[-17.99142,28.73802],[-18.0015,28.75058],[-17.99682,28.7801],[-17.97069,28.81322],[-17.93635,28.84032],[-17.91115,28.85562],[-17.89598,28.8425],[-17.88701,28.83994],[-17.88498,28.8432],[-17.88115,28.83815],[-17.86205,28.83609],[-17.85828,28.83287],[-17.83719,28.83502],[-17.82208,28.84007],[-17.81451,28.83916],[-17.80873,28.84235],[-17.80924,28.84538],[-17.79586,28.84126],[-17.78874,28.84401],[-17.78745,28.84016],[-17.77839,28.83986],[-17.77642,28.8327],[-17.77304,28.83209],[-17.77456,28.82594],[-17.7694,28.82473],[-17.77027,28.8185],[-17.76527,28.81501],[-17.76525,28.81109],[-17.76222,28.81149],[-17.75911,28.80414],[-17.7581,28.78738],[-17.75445,28.78621],[-17.75132,28.77439],[-17.74144,28.75791],[-17.73068,28.75015],[-17.72984,28.7441],[-17.72445,28.74309],[-17.72598,28.73418],[-17.73304,28.72486],[-17.73253,28.72023],[-17.746,28.71201],[-17.75924,28.69715],[-17.75891,28.68761],[-17.76557,28.68025],[-17.7639,28.67119],[-17.76636,28.67934],[-17.76875,28.67733],[-17.7682,28.66796],[-17.76122,28.66189],[-17.76204,28.65492],[-17.75602,28.64949],[-17.7579,28.6393],[-17.75446,28.63751],[-17.74995,28.62064],[-17.7569,28.61174],[-17.75487,28.5979],[-17.76073,28.57577],[-17.78667,28.54376],[-17.80868,28.50204],[-17.81711,28.49475],[-17.83334,28.45674],[-17.83707,28.45539]]]}},{"type":"Feature","properties":{"region_key":"ES513","name_pt":"Lleida","name_es":"Lleida","name_en":"Lleida","kind":"district_province","source_nuts_id":"ES513"},"geometry":{"type":"Polygon","coordinates":[[[0.7355,42.84877],[0.77948,42.83616],[0.80147,42.84046],[0.83185,42.82891],[0.85822,42.82574],[0.86364,42.81973],[0.87739,42.81425],[0.8852,42.81289],[0.90843,42.79723],[0.92717,42.78952],[0.93283,42.79015],[0.94011,42.79684],[0.95982,42.80561],[0.97596,42.79589],[0.98293,42.78737],[0.99415,42.78724],[1.00555,42.79084],[1.01898,42.78696],[1.03904,42.78678],[1.04694,42.78116],[1.0721,42.78294],[1.07875,42.78834],[1.08795,42.77828],[1.10786,42.77111],[1.11047,42.76583],[1.11865,42.76322],[1.12864,42.75461],[1.13165,42.75077],[1.13072,42.74022],[1.13403,42.73576],[1.13406,42.72827],[1.17077,42.70814],[1.18712,42.71567],[1.21639,42.72058],[1.22928,42.72765],[1.24726,42.72214],[1.2543,42.71497],[1.27105,42.71802],[1.27938,42.71472],[1.29458,42.71919],[1.31057,42.71791],[1.32574,42.72402],[1.33524,42.72414],[1.33904,42.719],[1.3573,42.71942],[1.35263,42.70995],[1.35213,42.70189],[1.38705,42.68865],[1.38896,42.68489],[1.38717,42.66877],[1.39765,42.66723],[1.40415,42.65876],[1.41298,42.65508],[1.42053,42.62547],[1.42913,42.61907],[1.43472,42.60567],[1.44257,42.60367],[1.44066,42.5953],[1.42694,42.58362],[1.43142,42.57637],[1.44257,42.57163],[1.44391,42.56756],[1.4238,42.55625],[1.41379,42.53551],[1.43841,42.5429],[1.44868,42.54051],[1.46718,42.51165],[1.44465,42.49607],[1.4261,42.49275],[1.41995,42.48405],[1.43304,42.48153],[1.43984,42.47614],[1.44078,42.46455],[1.44621,42.46003],[1.44161,42.45434],[1.44616,42.44634],[1.4444,42.44225],[1.44965,42.4383],[1.51703,42.42902],[1.55187,42.43354],[1.55397,42.44447],[1.55901,42.44911],[1.55734,42.45483],[1.56156,42.45833],[1.56678,42.45834],[1.58091,42.44995],[1.58653,42.46104],[1.59711,42.46598],[1.62843,42.46437],[1.65708,42.46888],[1.66148,42.47402],[1.66284,42.49325],[1.66949,42.50296],[1.68034,42.49507],[1.70395,42.49028],[1.71173,42.49284],[1.7258,42.5044],[1.73101,42.4924],[1.72511,42.48641],[1.73231,42.47322],[1.72708,42.46356],[1.72741,42.45312],[1.73359,42.43968],[1.74451,42.43381],[1.76884,42.42891],[1.77904,42.43163],[1.79323,42.43083],[1.80723,42.41808],[1.80929,42.41343],[1.80591,42.40715],[1.80768,42.39156],[1.801,42.37714],[1.80758,42.37047],[1.81675,42.37344],[1.82938,42.3802],[1.83215,42.37866],[1.83326,42.37574],[1.84019,42.37365],[1.84471,42.37483],[1.85104,42.37346],[1.85515,42.36962],[1.84787,42.36422],[1.84417,42.35532],[1.83471,42.35515],[1.83834,42.3488],[1.83532,42.32011],[1.84231,42.30644],[1.83073,42.30045],[1.80469,42.30196],[1.79737,42.29478],[1.77946,42.29137],[1.76246,42.29343],[1.74247,42.29036],[1.73442,42.28397],[1.72941,42.28345],[1.72692,42.28403],[1.72321,42.28347],[1.72109,42.28346],[1.71931,42.28399],[1.71392,42.28747],[1.67658,42.28562],[1.6704,42.28167],[1.69023,42.27708],[1.69515,42.26381],[1.68973,42.26232],[1.6855,42.26041],[1.68541,42.25849],[1.6846,42.25644],[1.70404,42.2372],[1.69951,42.23034],[1.68175,42.22431],[1.68438,42.2208],[1.68108,42.20726],[1.68722,42.20553],[1.69126,42.19853],[1.707,42.19045],[1.72189,42.19553],[1.73813,42.18933],[1.73658,42.18345],[1.73747,42.16325],[1.73416,42.15885],[1.7206,42.15182],[1.71464,42.154],[1.71074,42.15224],[1.69938,42.13488],[1.70062,42.12786],[1.71071,42.12009],[1.71194,42.1161],[1.7095,42.10972],[1.70606,42.1077],[1.70445,42.10598],[1.72151,42.10017],[1.72179,42.09179],[1.71653,42.08525],[1.7079,42.08301],[1.69155,42.08598],[1.68837,42.0803],[1.69006,42.07388],[1.67557,42.05901],[1.67472,42.05288],[1.67142,42.04476],[1.67393,42.04038],[1.67911,42.04028],[1.68423,42.04875],[1.6931,42.04459],[1.69737,42.03654],[1.69551,42.03417],[1.6997,42.02887],[1.68587,42.02508],[1.67414,42.01795],[1.66611,42.00472],[1.66344,42.00587],[1.66336,42.0198],[1.65764,42.02002],[1.64919,42.00013],[1.65362,41.9951],[1.65905,42.00111],[1.66393,41.99196],[1.68366,41.99411],[1.69548,41.98697],[1.69733,41.99413],[1.69168,42.00532],[1.69742,42.01241],[1.71582,41.99908],[1.7151,41.98305],[1.68101,41.96866],[1.67006,41.97059],[1.67314,41.98239],[1.6628,41.98334],[1.64637,41.97168],[1.64487,41.9637],[1.6489,41.9565],[1.64851,41.94967],[1.64928,41.94544],[1.6433,41.94075],[1.65114,41.92747],[1.6377,41.92624],[1.6236,41.91618],[1.61418,41.90547],[1.60601,41.90211],[1.59962,41.90306],[1.5865,41.88911],[1.58348,41.88918],[1.58264,41.8928],[1.57603,41.89102],[1.57285,41.88519],[1.56854,41.8798],[1.58306,41.87435],[1.59942,41.88321],[1.60594,41.88333],[1.61818,41.88069],[1.62563,41.86898],[1.62915,41.85863],[1.62926,41.84516],[1.61275,41.8371],[1.61481,41.82877],[1.61067,41.8177],[1.59335,41.81198],[1.58984,41.80483],[1.59883,41.78843],[1.59243,41.77808],[1.58129,41.77542],[1.57467,41.78113],[1.56246,41.77689],[1.56123,41.77073],[1.54904,41.76988],[1.54421,41.75817],[1.53565,41.75695],[1.53072,41.75259],[1.52907,41.75919],[1.53137,41.76341],[1.50964,41.77256],[1.50476,41.78821],[1.48301,41.79114],[1.48746,41.77923],[1.48237,41.77239],[1.46926,41.77131],[1.46087,41.77649],[1.46764,41.77835],[1.47192,41.78293],[1.47133,41.80058],[1.46045,41.79786],[1.42574,41.8011],[1.4179,41.79546],[1.41934,41.78871],[1.41393,41.77652],[1.41076,41.77372],[1.41004,41.76325],[1.40288,41.74556],[1.41865,41.73851],[1.42447,41.73267],[1.41715,41.73028],[1.38742,41.70787],[1.39788,41.70404],[1.39753,41.69704],[1.40295,41.69301],[1.40415,41.68624],[1.42186,41.68446],[1.41926,41.6764],[1.4155,41.67469],[1.42412,41.66938],[1.42584,41.66177],[1.42885,41.65665],[1.44207,41.64717],[1.45072,41.64635],[1.4508,41.63988],[1.44891,41.63667],[1.43288,41.63425],[1.43044,41.62987],[1.41203,41.63535],[1.39416,41.63468],[1.38743,41.63136],[1.38634,41.62594],[1.3798,41.62491],[1.36988,41.62139],[1.36857,41.61732],[1.36115,41.6123],[1.37286,41.61206],[1.37656,41.60703],[1.38527,41.603],[1.39356,41.59971],[1.40733,41.60034],[1.40758,41.59725],[1.40669,41.59334],[1.40777,41.59074],[1.40588,41.58848],[1.40289,41.58637],[1.39569,41.58507],[1.39227,41.5788],[1.39253,41.5752],[1.40276,41.55967],[1.39166,41.5562],[1.38471,41.55634],[1.37956,41.56154],[1.37033,41.56534],[1.34604,41.5679],[1.32693,41.56718],[1.3042,41.57145],[1.2938,41.56685],[1.27123,41.57154],[1.25869,41.56756],[1.25311,41.57106],[1.21968,41.56972],[1.2126,41.55814],[1.21069,41.5487],[1.19769,41.54371],[1.19196,41.54284],[1.18658,41.54366],[1.18088,41.54329],[1.17115,41.54049],[1.168,41.54029],[1.16608,41.53718],[1.17496,41.53478],[1.16894,41.51789],[1.16541,41.51773],[1.16499,41.50861],[1.17486,41.50112],[1.17978,41.48843],[1.15449,41.48104],[1.13353,41.4778],[1.12964,41.47425],[1.10807,41.46717],[1.10525,41.47418],[1.09986,41.47633],[1.08707,41.47801],[1.04298,41.49979],[1.03739,41.49892],[1.04768,41.48759],[1.03745,41.47999],[1.05615,41.46692],[1.0755,41.45997],[1.07113,41.45488],[1.06507,41.4542],[1.05542,41.44195],[1.04641,41.44065],[1.03945,41.42349],[1.03249,41.42046],[1.02719,41.40973],[1.01521,41.40411],[1.00346,41.40458],[0.99384,41.39101],[0.98195,41.39175],[0.97433,41.38167],[0.97191,41.37351],[0.96311,41.36748],[0.963,41.36076],[0.96633,41.35858],[0.95156,41.3519],[0.90493,41.34757],[0.8635,41.33885],[0.84778,41.35458],[0.845,41.36231],[0.83025,41.35758],[0.82011,41.33044],[0.8126,41.32708],[0.768,41.3339],[0.76178,41.33344],[0.75303,41.32762],[0.75152,41.31784],[0.72397,41.31291],[0.7068,41.31202],[0.69587,41.31366],[0.69051,41.31261],[0.68075,41.30907],[0.67047,41.30947],[0.6587,41.3024],[0.61953,41.29118],[0.59737,41.29409],[0.5865,41.30718],[0.58244,41.31087],[0.58085,41.31989],[0.57456,41.3185],[0.56532,41.32197],[0.56239,41.32378],[0.55448,41.32659],[0.54572,41.32205],[0.54132,41.30993],[0.53048,41.2995],[0.52671,41.2913],[0.50314,41.28978],[0.49697,41.30221],[0.48117,41.31767],[0.47901,41.32313],[0.46162,41.33507],[0.43517,41.31983],[0.4327,41.31139],[0.43564,41.29692],[0.43163,41.27557],[0.42303,41.2743],[0.38556,41.27861],[0.36571,41.30397],[0.36961,41.31158],[0.36825,41.31814],[0.35116,41.32526],[0.3492,41.32925],[0.35942,41.34017],[0.36675,41.34262],[0.37382,41.34983],[0.36054,41.37009],[0.3373,41.38354],[0.32129,41.3944],[0.33595,41.40743],[0.3373,41.40917],[0.34778,41.42669],[0.34801,41.44023],[0.35438,41.45101],[0.34318,41.46395],[0.33999,41.48203],[0.34658,41.48811],[0.34873,41.48726],[0.35092,41.487],[0.36696,41.48595],[0.38226,41.48572],[0.39739,41.49057],[0.40816,41.50238],[0.41075,41.50767],[0.41236,41.50876],[0.41462,41.51157],[0.4178,41.51685],[0.42112,41.51858],[0.4269,41.5224],[0.43566,41.53478],[0.44619,41.54337],[0.4314,41.56473],[0.4308,41.57875],[0.43591,41.58491],[0.43559,41.5876],[0.43352,41.59294],[0.42756,41.60162],[0.40182,41.59313],[0.34967,41.59946],[0.34662,41.62135],[0.35804,41.63171],[0.35545,41.63429],[0.35142,41.63488],[0.34947,41.63617],[0.33622,41.65408],[0.33297,41.65959],[0.3263,41.66219],[0.32573,41.67188],[0.326,41.67464],[0.32707,41.67816],[0.32882,41.68202],[0.33441,41.68811],[0.34103,41.69365],[0.34208,41.69653],[0.35134,41.70253],[0.36005,41.70914],[0.36871,41.71418],[0.36927,41.72466],[0.37283,41.7239],[0.38192,41.73584],[0.3848,41.7403],[0.38812,41.73668],[0.39524,41.73182],[0.39861,41.75514],[0.40875,41.7591],[0.44807,41.76466],[0.46448,41.76331],[0.46972,41.76561],[0.47195,41.7736],[0.47387,41.78717],[0.47764,41.79165],[0.48182,41.79769],[0.48329,41.80145],[0.4855,41.80201],[0.48911,41.80514],[0.49523,41.80447],[0.499,41.80695],[0.50029,41.8107],[0.50219,41.81438],[0.50721,41.81781],[0.51059,41.82062],[0.51552,41.82234],[0.51954,41.8209],[0.52516,41.82253],[0.53111,41.82136],[0.53622,41.82116],[0.54226,41.82006],[0.55142,41.83251],[0.55263,41.84903],[0.5575,41.85329],[0.58011,41.85089],[0.58114,41.86328],[0.60374,41.86964],[0.60736,41.87293],[0.60713,41.87854],[0.59316,41.88466],[0.59607,41.89271],[0.60104,41.90853],[0.59552,41.91662],[0.60446,41.91885],[0.60302,41.92183],[0.5625,41.93267],[0.56723,41.94568],[0.59052,41.96864],[0.60486,41.961],[0.61736,41.98345],[0.61697,41.98719],[0.62061,41.98923],[0.62383,41.99175],[0.62946,41.99283],[0.63532,41.99277],[0.6386,41.99459],[0.6424,41.98601],[0.64209,41.98218],[0.64694,41.99559],[0.65717,42.00191],[0.66218,42.01212],[0.65667,42.01609],[0.65281,42.02442],[0.65696,42.03147],[0.65739,42.03937],[0.67052,42.04623],[0.67028,42.06121],[0.68012,42.07547],[0.68463,42.09098],[0.69935,42.10603],[0.7024,42.12024],[0.69844,42.12648],[0.69613,42.1509],[0.71267,42.16285],[0.69879,42.1725],[0.70281,42.189],[0.70883,42.19784],[0.70795,42.20373],[0.70873,42.20553],[0.71312,42.20957],[0.71536,42.22386],[0.72438,42.23524],[0.7258,42.24309],[0.7353,42.25182],[0.73924,42.2702],[0.73866,42.28145],[0.74317,42.2858],[0.74522,42.3006],[0.75523,42.30853],[0.75621,42.31372],[0.76347,42.32231],[0.75923,42.32534],[0.74411,42.32712],[0.74131,42.33623],[0.75611,42.34708],[0.76331,42.34772],[0.76707,42.34882],[0.76792,42.35217],[0.76065,42.35704],[0.74639,42.35704],[0.72419,42.36565],[0.72415,42.36906],[0.73335,42.37176],[0.73536,42.37614],[0.74304,42.37971],[0.74528,42.38512],[0.73773,42.3974],[0.72719,42.40514],[0.73459,42.40922],[0.73457,42.41624],[0.7263,42.42626],[0.71922,42.42897],[0.71105,42.43638],[0.70648,42.44945],[0.70688,42.46173],[0.69467,42.47627],[0.69126,42.48498],[0.69787,42.48813],[0.70126,42.49392],[0.71531,42.48937],[0.73612,42.50555],[0.73057,42.51104],[0.72156,42.51404],[0.72244,42.52462],[0.73371,42.53807],[0.74462,42.53745],[0.74239,42.54574],[0.7575,42.57076],[0.76048,42.59081],[0.76755,42.61122],[0.72841,42.61548],[0.70793,42.62136],[0.69858,42.62947],[0.70217,42.64159],[0.69671,42.64922],[0.69489,42.65786],[0.68052,42.66699],[0.67302,42.67862],[0.66197,42.68631],[0.66013,42.69095],[0.67634,42.69101],[0.67443,42.69945],[0.68168,42.70816],[0.67408,42.71779],[0.68022,42.72324],[0.67012,42.73109],[0.66728,42.73823],[0.66339,42.74972],[0.64249,42.75376],[0.65187,42.76585],[0.66579,42.77461],[0.64496,42.78298],[0.65223,42.78772],[0.66026,42.79826],[0.6702,42.80192],[0.66487,42.81518],[0.66928,42.82162],[0.66753,42.82597],[0.65936,42.83525],[0.66228,42.84095],[0.67775,42.84815],[0.67788,42.85519],[0.6928,42.85557],[0.70842,42.86125],[0.73274,42.85447],[0.7355,42.84877]],[[1.66124,42.10581],[1.66637,42.10486],[1.67086,42.10488],[1.67269,42.10444],[1.69142,42.10474],[1.69325,42.10939],[1.69102,42.11278],[1.67269,42.11469],[1.6483,42.11378],[1.6445,42.11147],[1.65095,42.11028],[1.65266,42.10911],[1.66124,42.10581]]]}},{"type":"Feature","properties":{"region_key":"ES514","name_pt":"Tarragona","name_es":"Tarragona","name_en":"Tarragona","kind":"district_province","source_nuts_id":"ES514"},"geometry":{"type":"Polygon","coordinates":[[[1.43943,41.56254],[1.43179,41.55498],[1.43623,41.55054],[1.44672,41.55239],[1.44929,41.5454],[1.44858,41.53707],[1.43637,41.53872],[1.42477,41.53228],[1.40849,41.53412],[1.40228,41.52895],[1.39772,41.51924],[1.39574,41.51289],[1.4072,41.50557],[1.44454,41.49535],[1.4524,41.48739],[1.46054,41.48784],[1.46662,41.4846],[1.47393,41.48626],[1.47627,41.48258],[1.47477,41.47945],[1.48584,41.47189],[1.48684,41.46622],[1.48391,41.45914],[1.46972,41.44318],[1.47751,41.43593],[1.49595,41.43572],[1.47675,41.43022],[1.47754,41.42444],[1.48277,41.42177],[1.48265,41.41634],[1.4895,41.40198],[1.48232,41.39721],[1.48002,41.38785],[1.47314,41.3803],[1.48488,41.38195],[1.49557,41.3893],[1.50998,41.39372],[1.52019,41.38852],[1.53702,41.38534],[1.55181,41.3689],[1.56297,41.36974],[1.56678,41.36868],[1.56859,41.36768],[1.57127,41.36279],[1.57683,41.36185],[1.57886,41.35636],[1.57226,41.35427],[1.55908,41.34332],[1.56574,41.33844],[1.56678,41.33689],[1.57449,41.31634],[1.59593,41.30878],[1.58956,41.29798],[1.59195,41.29252],[1.61058,41.28666],[1.6209,41.29472],[1.63201,41.29672],[1.62348,41.27732],[1.62596,41.26909],[1.62109,41.25648],[1.60715,41.25105],[1.59216,41.25833],[1.57012,41.26066],[1.57481,41.25549],[1.58029,41.23913],[1.59355,41.23394],[1.60352,41.23413],[1.6215,41.22363],[1.62999,41.22456],[1.64098,41.23537],[1.64542,41.22918],[1.64466,41.22081],[1.64882,41.21005],[1.6414,41.20987],[1.64148,41.20234],[1.64532,41.19562],[1.61692,41.19071],[1.56731,41.1859],[1.52752,41.18082],[1.49564,41.17327],[1.45948,41.1634],[1.40763,41.1409],[1.39782,41.13345],[1.39,41.13264],[1.37351,41.13312],[1.34201,41.12606],[1.31708,41.12959],[1.29925,41.12778],[1.26906,41.11293],[1.26129,41.11379],[1.24995,41.10903],[1.21777,41.10508],[1.19768,41.09282],[1.1833,41.07626],[1.17969,41.06607],[1.1803,41.06289],[1.17209,41.05586],[1.16419,41.05564],[1.1585,41.06335],[1.149,41.06579],[1.14271,41.07218],[1.11779,41.07386],[1.08394,41.06395],[1.07127,41.06594],[1.05011,41.06397],[1.00404,41.04361],[0.98832,41.04099],[0.96538,41.0274],[0.93985,41.0049],[0.93189,40.99147],[0.91436,40.98577],[0.89813,40.97451],[0.87618,40.95333],[0.86358,40.94695],[0.8578,40.93466],[0.82823,40.90887],[0.81728,40.89314],[0.80098,40.88025],[0.79324,40.86775],[0.76986,40.85707],[0.76486,40.85174],[0.76209,40.84735],[0.75199,40.84612],[0.74484,40.83753],[0.74146,40.82479],[0.73659,40.82399],[0.73114,40.81858],[0.70792,40.81045],[0.70061,40.80354],[0.70846,40.78838],[0.72028,40.77854],[0.72922,40.77063],[0.74086,40.76604],[0.76975,40.76362],[0.78117,40.76857],[0.78229,40.7718],[0.7728,40.77852],[0.74031,40.78878],[0.74332,40.79166],[0.75516,40.79284],[0.77041,40.79047],[0.78131,40.78323],[0.8271,40.73677],[0.86369,40.72151],[0.87424,40.73298],[0.88655,40.71942],[0.87707,40.70225],[0.86888,40.69358],[0.83204,40.67154],[0.79099,40.66021],[0.79091,40.65794],[0.76761,40.64747],[0.7501,40.63505],[0.74266,40.62885],[0.74262,40.63234],[0.74604,40.63618],[0.72734,40.63968],[0.70831,40.63636],[0.70267,40.63823],[0.68434,40.63575],[0.66328,40.62653],[0.62824,40.62188],[0.60329,40.62195],[0.58042,40.60387],[0.53865,40.56731],[0.53252,40.55385],[0.52292,40.5426],[0.51524,40.52292],[0.4769,40.53245],[0.43804,40.54706],[0.43423,40.56487],[0.44149,40.57795],[0.42026,40.58546],[0.41767,40.58781],[0.40641,40.59407],[0.40293,40.60123],[0.39242,40.60417],[0.3373,40.60897],[0.31104,40.61691],[0.29786,40.62493],[0.29162,40.62379],[0.284,40.62692],[0.27118,40.63861],[0.26668,40.64475],[0.26844,40.65982],[0.29067,40.68308],[0.29057,40.68822],[0.26229,40.70544],[0.23963,40.7015],[0.22752,40.7161],[0.22457,40.73251],[0.19861,40.72476],[0.19123,40.73021],[0.18274,40.72833],[0.17049,40.73294],[0.16689,40.74213],[0.17499,40.7413],[0.1767,40.75381],[0.19012,40.75131],[0.21271,40.76704],[0.22754,40.76655],[0.23393,40.77654],[0.23281,40.77939],[0.23357,40.78699],[0.24403,40.79183],[0.24983,40.79852],[0.25776,40.80023],[0.26279,40.81011],[0.27309,40.81882],[0.2786,40.82165],[0.27133,40.82806],[0.26069,40.83833],[0.25195,40.85601],[0.254,40.87437],[0.23983,40.88444],[0.24501,40.88762],[0.24943,40.89569],[0.25236,40.90508],[0.2493,40.90953],[0.25388,40.91336],[0.25384,40.91965],[0.26016,40.92749],[0.26767,40.92976],[0.27434,40.93663],[0.27261,40.9446],[0.28148,40.95301],[0.28546,40.96496],[0.29254,40.97077],[0.28115,40.97491],[0.28113,40.9862],[0.26931,40.99883],[0.27363,41.00671],[0.26181,41.01182],[0.25984,41.01543],[0.26303,41.01907],[0.27981,41.0198],[0.2725,41.02509],[0.25969,41.02812],[0.24632,41.04064],[0.24184,41.03492],[0.2343,41.03436],[0.23045,41.03864],[0.23317,41.04636],[0.22789,41.04677],[0.22119,41.04194],[0.21804,41.04475],[0.21875,41.04804],[0.22993,41.05476],[0.22816,41.05829],[0.2193,41.06159],[0.21806,41.06652],[0.22075,41.07133],[0.21828,41.07525],[0.21813,41.0834],[0.20181,41.08517],[0.20055,41.10034],[0.20838,41.11638],[0.20165,41.12631],[0.21975,41.13209],[0.22277,41.13419],[0.23821,41.12999],[0.2492,41.13019],[0.25542,41.14365],[0.25299,41.15015],[0.27421,41.14937],[0.30338,41.16438],[0.30177,41.16674],[0.30643,41.1861],[0.31268,41.19615],[0.3224,41.22524],[0.33091,41.22318],[0.3373,41.22888],[0.34137,41.23037],[0.36078,41.226],[0.36404,41.22863],[0.36516,41.23796],[0.38137,41.23642],[0.37392,41.24727],[0.37791,41.25504],[0.37927,41.26924],[0.38556,41.27861],[0.42303,41.2743],[0.43163,41.27557],[0.43564,41.29692],[0.4327,41.31139],[0.43517,41.31983],[0.46162,41.33507],[0.47901,41.32313],[0.48117,41.31767],[0.49697,41.30221],[0.50314,41.28978],[0.52671,41.2913],[0.53048,41.2995],[0.54132,41.30993],[0.54572,41.32205],[0.55448,41.32659],[0.56239,41.32378],[0.56532,41.32197],[0.57456,41.3185],[0.58085,41.31989],[0.58244,41.31087],[0.5865,41.30718],[0.59737,41.29409],[0.61953,41.29118],[0.6587,41.3024],[0.67047,41.30947],[0.68075,41.30907],[0.69051,41.31261],[0.69587,41.31366],[0.7068,41.31202],[0.72397,41.31291],[0.75152,41.31784],[0.75303,41.32762],[0.76178,41.33344],[0.768,41.3339],[0.8126,41.32708],[0.82011,41.33044],[0.83025,41.35758],[0.845,41.36231],[0.84778,41.35458],[0.8635,41.33885],[0.90493,41.34757],[0.95156,41.3519],[0.96633,41.35858],[0.963,41.36076],[0.96311,41.36748],[0.97191,41.37351],[0.97433,41.38167],[0.98195,41.39175],[0.99384,41.39101],[1.00346,41.40458],[1.01521,41.40411],[1.02719,41.40973],[1.03249,41.42046],[1.03945,41.42349],[1.04641,41.44065],[1.05542,41.44195],[1.06507,41.4542],[1.07113,41.45488],[1.0755,41.45997],[1.05615,41.46692],[1.03745,41.47999],[1.04768,41.48759],[1.03739,41.49892],[1.04298,41.49979],[1.08707,41.47801],[1.09986,41.47633],[1.10525,41.47418],[1.10807,41.46717],[1.12964,41.47425],[1.13353,41.4778],[1.15449,41.48104],[1.17978,41.48843],[1.17486,41.50112],[1.16499,41.50861],[1.16541,41.51773],[1.16894,41.51789],[1.17496,41.53478],[1.16608,41.53718],[1.168,41.54029],[1.17115,41.54049],[1.18088,41.54329],[1.18658,41.54366],[1.19196,41.54284],[1.19769,41.54371],[1.21069,41.5487],[1.2126,41.55814],[1.21968,41.56972],[1.25311,41.57106],[1.25869,41.56756],[1.27123,41.57154],[1.2938,41.56685],[1.3042,41.57145],[1.32693,41.56718],[1.34604,41.5679],[1.37033,41.56534],[1.37956,41.56154],[1.38471,41.55634],[1.39166,41.5562],[1.40276,41.55967],[1.39253,41.5752],[1.4094,41.57595],[1.41873,41.58241],[1.4473,41.57362],[1.45308,41.56884],[1.43943,41.56254]]]}},{"type":"Feature","properties":{"region_key":"ES708","name_pt":"Lanzarote","name_es":"Lanzarote","name_en":"Lanzarote","kind":"island","source_nuts_id":"ES708"},"geometry":{"type":"MultiPolygon","coordinates":[[[[-13.60969,28.93427],[-13.62581,28.92793],[-13.69072,28.91996],[-13.69998,28.91658],[-13.70701,28.91532],[-13.70011,28.9167],[-13.70075,28.91807],[-13.72264,28.91057],[-13.72793,28.90612],[-13.73602,28.90682],[-13.74351,28.89815],[-13.7496,28.87972],[-13.77175,28.85668],[-13.77859,28.84376],[-13.78343,28.84293],[-13.79149,28.85346],[-13.80085,28.85865],[-13.80501,28.85714],[-13.82908,28.86275],[-13.83504,28.85925],[-13.86182,28.86097],[-13.8673,28.8649],[-13.87365,28.87686],[-13.87633,28.88882],[-13.87316,28.89402],[-13.85816,28.89742],[-13.84657,28.91579],[-13.84021,28.91779],[-13.82898,28.93041],[-13.83456,28.94043],[-13.83244,28.94466],[-13.8342,28.95507],[-13.83051,28.96004],[-13.83492,28.9697],[-13.83376,28.96998],[-13.83353,28.97336],[-13.82872,28.97712],[-13.83408,28.98949],[-13.82988,29.00354],[-13.79358,29.05201],[-13.78347,29.05638],[-13.77924,29.06212],[-13.76077,29.06728],[-13.75582,29.07778],[-13.72726,29.08128],[-13.72292,29.08517],[-13.70728,29.07982],[-13.70347,29.08742],[-13.69017,29.09089],[-13.64188,29.12414],[-13.63954,29.11696],[-13.6331,29.11584],[-13.62188,29.12719],[-13.61192,29.12861],[-13.60739,29.13367],[-13.58411,29.13357],[-13.55945,29.11556],[-13.54524,29.1197],[-13.52427,29.1417],[-13.52258,29.15741],[-13.50508,29.20224],[-13.50214,29.20694],[-13.49762,29.20732],[-13.49707,29.21822],[-13.47763,29.22837],[-13.47012,29.241],[-13.46597,29.22657],[-13.45459,29.22612],[-13.4512,29.22172],[-13.44977,29.22456],[-13.45242,29.22683],[-13.4496,29.22478],[-13.45003,29.22257],[-13.44833,29.22263],[-13.44891,29.22067],[-13.4457,29.22064],[-13.44584,29.21806],[-13.43797,29.21723],[-13.43293,29.20957],[-13.42356,29.20853],[-13.42099,29.20234],[-13.43879,29.159],[-13.45873,29.14741],[-13.46177,29.12956],[-13.46468,29.12778],[-13.46396,29.11544],[-13.45394,29.10351],[-13.45189,29.08601],[-13.46657,29.05511],[-13.46558,29.04289],[-13.46919,29.03403],[-13.46557,29.02391],[-13.47144,29.01519],[-13.47625,29.01389],[-13.47623,29.00809],[-13.48168,29.0],[-13.48856,28.99817],[-13.48758,28.99518],[-13.49105,28.9925],[-13.50843,28.98621],[-13.5201,28.97458],[-13.52356,28.97704],[-13.52666,28.96966],[-13.52877,28.97135],[-13.53062,28.96774],[-13.52935,28.97329],[-13.53171,28.9733],[-13.54233,28.96208],[-13.59698,28.94869],[-13.60676,28.94081],[-13.60969,28.93427]]],[[[-13.52212,29.26155],[-13.51793,29.27351],[-13.50817,29.28946],[-13.49462,29.27881],[-13.48405,29.27911],[-13.4779,29.26626],[-13.48885,29.25341],[-13.49267,29.24223],[-13.51708,29.22626],[-13.54125,29.2294],[-13.5382,29.23624],[-13.52615,29.24232],[-13.52783,29.24871],[-13.52047,29.25854],[-13.52212,29.26155]]]]}},{"type":"Feature","properties":{"region_key":"ES709","name_pt":"Tenerife","name_es":"Tenerife","name_en":"Tenerife","kind":"island","source_nuts_id":"ES709"},"geometry":{"type":"Polygon","coordinates":[[[-16.84079,28.26405],[-16.85071,28.26865],[-16.85011,28.2728],[-16.85488,28.27312],[-16.8734,28.30524],[-16.89455,28.32429],[-16.89673,28.33198],[-16.90864,28.33943],[-16.91606,28.35497],[-16.89999,28.36409],[-16.89068,28.36348],[-16.88528,28.36895],[-16.88215,28.36731],[-16.87197,28.37073],[-16.87006,28.37562],[-16.8602,28.37559],[-16.8601,28.37943],[-16.85572,28.38042],[-16.8544,28.3841],[-16.84174,28.38708],[-16.83744,28.39108],[-16.81777,28.38356],[-16.79418,28.36913],[-16.77013,28.36628],[-16.73081,28.37828],[-16.73069,28.37701],[-16.72671,28.37622],[-16.72305,28.38173],[-16.71414,28.38487],[-16.70129,28.38375],[-16.69464,28.3873],[-16.69439,28.39067],[-16.68734,28.39274],[-16.68077,28.3906],[-16.67557,28.39428],[-16.67689,28.39634],[-16.66641,28.39996],[-16.63749,28.39419],[-16.62741,28.39638],[-16.61719,28.39415],[-16.61409,28.3948],[-16.60872,28.3938],[-16.60424,28.39415],[-16.59748,28.40017],[-16.5879,28.39828],[-16.57819,28.40507],[-16.57567,28.40546],[-16.57463,28.40392],[-16.57276,28.40424],[-16.56636,28.4126],[-16.5625,28.41135],[-16.55854,28.41592],[-16.51215,28.41981],[-16.4839,28.44022],[-16.47698,28.44092],[-16.46995,28.4486],[-16.47099,28.4508],[-16.45576,28.46012],[-16.4204,28.49063],[-16.4143,28.49921],[-16.40827,28.51984],[-16.36335,28.54304],[-16.34105,28.54658],[-16.32274,28.55345],[-16.3164,28.57209],[-16.30016,28.56664],[-16.20271,28.56403],[-16.14135,28.58344],[-16.13436,28.58008],[-16.13407,28.57392],[-16.12824,28.57269],[-16.12512,28.56753],[-16.12672,28.56374],[-16.122,28.5592],[-16.12707,28.54382],[-16.1574,28.52448],[-16.23689,28.48561],[-16.24456,28.47484],[-16.24633,28.4695],[-16.24055,28.47339],[-16.24801,28.46112],[-16.25916,28.45151],[-16.26978,28.44723],[-16.30045,28.41461],[-16.32043,28.40001],[-16.33371,28.40063],[-16.34658,28.38771],[-16.36044,28.37941],[-16.36129,28.37062],[-16.36954,28.35439],[-16.3593,28.31943],[-16.36165,28.30448],[-16.38354,28.28485],[-16.3873,28.26456],[-16.39458,28.25811],[-16.40171,28.24109],[-16.42468,28.20455],[-16.42168,28.19912],[-16.42741,28.18852],[-16.4256,28.18257],[-16.43031,28.1737],[-16.42736,28.1707],[-16.42792,28.16443],[-16.43122,28.16474],[-16.43439,28.15683],[-16.42769,28.14967],[-16.43462,28.14088],[-16.43796,28.14274],[-16.44156,28.14055],[-16.44174,28.13505],[-16.4489,28.13462],[-16.44878,28.1294],[-16.45288,28.12552],[-16.46302,28.12056],[-16.46402,28.11147],[-16.47221,28.1083],[-16.47273,28.10426],[-16.48994,28.0902],[-16.48965,28.08608],[-16.50409,28.07575],[-16.52683,28.05003],[-16.53166,28.04962],[-16.53414,28.04271],[-16.54129,28.04216],[-16.54288,28.03616],[-16.53954,28.03309],[-16.54644,28.02487],[-16.55759,28.03131],[-16.59553,28.0292],[-16.61306,28.01895],[-16.61094,28.0221],[-16.62549,28.01858],[-16.63181,28.01255],[-16.64854,28.00675],[-16.65639,28.00517],[-16.66439,28.00859],[-16.66676,28.00334],[-16.67184,28.00474],[-16.67884,27.99808],[-16.69268,27.99985],[-16.70355,28.01368],[-16.70409,28.03498],[-16.70974,28.03701],[-16.71114,28.0469],[-16.71826,28.04998],[-16.7173,28.04583],[-16.72276,28.04906],[-16.7279,28.0786],[-16.78063,28.12787],[-16.7954,28.16527],[-16.83641,28.20803],[-16.84299,28.24664],[-16.84002,28.24784],[-16.83785,28.25667],[-16.84079,28.26405]]]}},{"type":"Feature","properties":{"region_key":"ES521","name_pt":"Alicante/Alacant","name_es":"Alicante/Alacant","name_en":"Alicante/Alacant","kind":"district_province","source_nuts_id":"ES521"},"geometry":{"type":"Polygon","coordinates":[[[-0.15502,38.86047],[-0.148,38.85842],[-0.10344,38.87444],[-0.09321,38.87333],[-0.08642,38.87955],[-0.07097,38.88493],[-0.06247,38.87369],[-0.0462,38.86422],[-0.04207,38.85645],[-0.02897,38.86069],[-0.02596,38.87196],[-0.03628,38.88088],[-0.03762,38.88641],[-0.02971,38.8803],[-0.01512,38.8721],[0.01406,38.86409],[0.02117,38.8649],[0.03602,38.85996],[0.04334,38.86022],[0.05057,38.86319],[0.05412,38.86319],[0.07826,38.8566],[0.09341,38.85449],[0.10205,38.84854],[0.10856,38.84683],[0.11622,38.83794],[0.12287,38.83434],[0.12942,38.83247],[0.13404,38.83459],[0.14735,38.8314],[0.15098,38.82827],[0.15449,38.82756],[0.16125,38.82086],[0.19473,38.80372],[0.18457,38.79613],[0.18576,38.78367],[0.20571,38.76339],[0.22191,38.7608],[0.22503,38.74852],[0.23215,38.73917],[0.22863,38.73268],[0.21717,38.72969],[0.20286,38.73095],[0.17944,38.71679],[0.16773,38.71016],[0.15949,38.69921],[0.15781,38.69796],[0.15578,38.69802],[0.15418,38.68634],[0.14999,38.68047],[0.14604,38.68647],[0.13523,38.68703],[0.1238,38.68407],[0.11517,38.67469],[0.1084,38.67472],[0.09684,38.67128],[0.08496,38.65953],[0.07586,38.64517],[0.07617,38.63497],[0.05609,38.64111],[0.03878,38.6368],[0.02787,38.62818],[0.01019,38.63279],[0.00582,38.62945],[-0.00292,38.63068],[-0.01534,38.62667],[-0.02937,38.61797],[-0.05551,38.59118],[-0.06394,38.57705],[-0.06291,38.57142],[-0.05006,38.56292],[-0.06043,38.55694],[-0.07492,38.5394],[-0.09723,38.52466],[-0.10636,38.52726],[-0.11164,38.53345],[-0.14183,38.53646],[-0.15444,38.53351],[-0.16382,38.52333],[-0.16764,38.52312],[-0.17428,38.51603],[-0.19877,38.51395],[-0.22048,38.50861],[-0.23812,38.49935],[-0.26843,38.49328],[-0.30137,38.48193],[-0.34395,38.45532],[-0.37392,38.44256],[-0.38132,38.43607],[-0.38875,38.42781],[-0.39185,38.41553],[-0.40159,38.4104],[-0.40834,38.38203],[-0.40898,38.35994],[-0.40434,38.35279],[-0.42942,38.35339],[-0.43601,38.36015],[-0.44563,38.36208],[-0.48488,38.34157],[-0.48786,38.33438],[-0.49605,38.33669],[-0.50458,38.33331],[-0.51633,38.31081],[-0.51968,38.29698],[-0.51936,38.27487],[-0.50789,38.20948],[-0.51052,38.20164],[-0.51773,38.19466],[-0.53701,38.18868],[-0.56281,38.19103],[-0.59484,38.18776],[-0.61229,38.17532],[-0.62593,38.15447],[-0.63063,38.14859],[-0.63417,38.14246],[-0.6369,38.13592],[-0.63845,38.12837],[-0.6502,38.05579],[-0.64995,38.02946],[-0.65216,38.01184],[-0.64784,38.0019],[-0.65296,37.99716],[-0.65573,37.98566],[-0.66619,37.97691],[-0.67846,37.97366],[-0.68732,37.97539],[-0.69537,37.97064],[-0.70296,37.95654],[-0.70481,37.94104],[-0.71114,37.94082],[-0.71821,37.93489],[-0.72197,37.92176],[-0.72032,37.91235],[-0.73003,37.91313],[-0.74093,37.90796],[-0.75016,37.89765],[-0.75202,37.8883],[-0.75464,37.87116],[-0.76115,37.86185],[-0.76214,37.84701],[-0.7714,37.84413],[-0.78437,37.84572],[-0.80439,37.85912],[-0.82834,37.86395],[-0.84141,37.87224],[-0.84746,37.87757],[-0.85124,37.88174],[-0.85418,37.88426],[-0.85715,37.88521],[-0.90011,37.92313],[-0.92112,37.94423],[-0.93444,37.96908],[-0.95778,37.99716],[-0.959,37.99901],[-0.96596,38.01268],[-0.99857,38.05142],[-1.01036,38.05954],[-1.02269,38.07662],[-1.03011,38.09792],[-1.03055,38.11584],[-1.0367,38.13772],[-1.00875,38.16692],[-1.00483,38.17211],[-0.98865,38.20015],[-0.97812,38.23691],[-0.96848,38.25795],[-0.9678,38.27527],[-0.97093,38.28802],[-0.98413,38.30706],[-0.98898,38.32055],[-1.02709,38.33802],[-1.05852,38.34556],[-1.08433,38.34622],[-1.0879,38.36807],[-1.08774,38.40369],[-1.0853,38.42741],[-1.08086,38.43167],[-1.09411,38.43793],[-1.08069,38.44198],[-1.05859,38.45629],[-1.0349,38.47459],[-1.01382,38.49706],[-1.02525,38.52295],[-1.01605,38.53726],[-1.00209,38.57369],[-1.01178,38.60569],[-1.01581,38.63346],[-1.0236,38.64065],[-1.02687,38.65551],[-1.01485,38.6573],[-1.01079,38.65657],[-1.00903,38.65828],[-0.99149,38.65507],[-0.97025,38.6558],[-0.96241,38.65693],[-0.9598,38.65899],[-0.93984,38.67216],[-0.93487,38.67609],[-0.93245,38.67752],[-0.93031,38.67954],[-0.91574,38.69597],[-0.92665,38.70644],[-0.92916,38.71519],[-0.94575,38.73751],[-0.96138,38.7748],[-0.94995,38.77607],[-0.92888,38.78384],[-0.91637,38.7814],[-0.91438,38.77156],[-0.90617,38.76755],[-0.88221,38.77156],[-0.86012,38.76937],[-0.83668,38.74154],[-0.8375,38.7365],[-0.83196,38.73259],[-0.81766,38.73776],[-0.801,38.73717],[-0.79359,38.73925],[-0.78507,38.74753],[-0.76278,38.74958],[-0.7433,38.75564],[-0.74347,38.75869],[-0.73193,38.75627],[-0.73394,38.75444],[-0.73597,38.7536],[-0.73323,38.7517],[-0.73114,38.75211],[-0.72644,38.75221],[-0.72215,38.75368],[-0.719,38.75104],[-0.71713,38.75058],[-0.70621,38.7345],[-0.68925,38.74041],[-0.67756,38.72991],[-0.65435,38.73048],[-0.64477,38.72789],[-0.63894,38.69921],[-0.62805,38.68721],[-0.61799,38.68665],[-0.61288,38.69201],[-0.59734,38.69921],[-0.58165,38.7094],[-0.55204,38.71727],[-0.53558,38.73239],[-0.50705,38.74297],[-0.50696,38.75039],[-0.5074,38.75526],[-0.51523,38.75523],[-0.52082,38.7567],[-0.52255,38.75782],[-0.52513,38.76019],[-0.52578,38.76389],[-0.52956,38.7671],[-0.53146,38.76723],[-0.55982,38.75464],[-0.5647,38.75536],[-0.58571,38.77053],[-0.59515,38.7951],[-0.56013,38.80412],[-0.5482,38.80566],[-0.53524,38.81037],[-0.52557,38.81058],[-0.52404,38.8096],[-0.52082,38.80904],[-0.51576,38.80684],[-0.51115,38.80677],[-0.47939,38.80465],[-0.46181,38.80765],[-0.46055,38.81486],[-0.44739,38.81969],[-0.44424,38.8205],[-0.43217,38.82642],[-0.42607,38.82812],[-0.404,38.83313],[-0.40214,38.83979],[-0.38219,38.83513],[-0.3551,38.8498],[-0.35127,38.85633],[-0.35066,38.85961],[-0.34468,38.86177],[-0.32472,38.86373],[-0.31264,38.87499],[-0.31074,38.88151],[-0.29918,38.88169],[-0.29701,38.87915],[-0.28904,38.87262],[-0.28233,38.86981],[-0.27331,38.86402],[-0.2602,38.85992],[-0.24576,38.85865],[-0.24203,38.86057],[-0.23919,38.85755],[-0.23047,38.85348],[-0.22132,38.85487],[-0.19624,38.85943],[-0.19686,38.86609],[-0.19144,38.87117],[-0.17987,38.87851],[-0.16541,38.8811],[-0.16083,38.88739],[-0.15961,38.8835],[-0.15369,38.87188],[-0.15468,38.86729],[-0.15502,38.86047]]]}},{"type":"Feature","properties":{"region_key":"ES522","name_pt":"Castell\u00f3n/Castell\u00f3","name_es":"Castell\u00f3n/Castell\u00f3","name_en":"Castell\u00f3n/Castell\u00f3","kind":"district_province","source_nuts_id":"ES522"},"geometry":{"type":"Polygon","coordinates":[[[-0.10198,40.74271],[-0.06556,40.72787],[-0.05371,40.72788],[-0.0436,40.72621],[-0.03181,40.72317],[-0.01789,40.73104],[0.01647,40.72721],[0.01785,40.72098],[0.02799,40.71375],[0.02449,40.7048],[0.02663,40.6948],[0.03675,40.69345],[0.04224,40.69101],[0.07275,40.71431],[0.11502,40.72774],[0.11659,40.72509],[0.12386,40.7208],[0.14136,40.71821],[0.16226,40.7229],[0.17049,40.73294],[0.18274,40.72833],[0.19123,40.73021],[0.19861,40.72476],[0.22457,40.73251],[0.22752,40.7161],[0.23963,40.7015],[0.26229,40.70544],[0.29057,40.68822],[0.29067,40.68308],[0.26844,40.65982],[0.26668,40.64475],[0.27118,40.63861],[0.284,40.62692],[0.29162,40.62379],[0.29786,40.62493],[0.31104,40.61691],[0.3373,40.60897],[0.39242,40.60417],[0.40293,40.60123],[0.40641,40.59407],[0.41767,40.58781],[0.42026,40.58546],[0.44149,40.57795],[0.43423,40.56487],[0.43804,40.54706],[0.4769,40.53245],[0.51524,40.52292],[0.50465,40.50317],[0.48463,40.47615],[0.46588,40.45905],[0.45348,40.44265],[0.44587,40.43566],[0.43607,40.41735],[0.41733,40.39958],[0.40536,40.37012],[0.40423,40.36263],[0.40721,40.35737],[0.40003,40.35697],[0.3933,40.35177],[0.38581,40.34014],[0.36718,40.32599],[0.35457,40.31207],[0.34907,40.29818],[0.3373,40.29286],[0.33199,40.28213],[0.32236,40.27435],[0.3114,40.26842],[0.30397,40.26015],[0.29159,40.25521],[0.27842,40.24322],[0.26442,40.20985],[0.25574,40.20327],[0.23018,40.19756],[0.20121,40.18075],[0.18591,40.1648],[0.16095,40.12392],[0.14743,40.09455],[0.14715,40.08343],[0.13623,40.08067],[0.1239,40.06461],[0.10559,40.05676],[0.09011,40.05577],[0.08216,40.05567],[0.05182,40.03735],[0.03922,40.01538],[0.02084,39.97589],[0.00856,39.96469],[0.00252,39.94284],[-0.00554,39.91728],[-0.01002,39.91104],[-0.06882,39.86511],[-0.07933,39.8601],[-0.09619,39.84155],[-0.12336,39.80888],[-0.15215,39.77015],[-0.15748,39.7639],[-0.15897,39.76146],[-0.16373,39.75546],[-0.16535,39.75407],[-0.16641,39.7524],[-0.16981,39.74888],[-0.17205,39.746],[-0.18847,39.72195],[-0.19553,39.72434],[-0.23303,39.73923],[-0.25974,39.74353],[-0.27112,39.75046],[-0.27364,39.7551],[-0.27263,39.76072],[-0.27646,39.77055],[-0.2823,39.77505],[-0.29342,39.78194],[-0.29741,39.78519],[-0.3085,39.79699],[-0.31596,39.79984],[-0.32819,39.80149],[-0.33844,39.80016],[-0.34995,39.80096],[-0.35733,39.79975],[-0.37786,39.79988],[-0.38854,39.78973],[-0.39174,39.7799],[-0.3858,39.77644],[-0.3855,39.77296],[-0.38688,39.76918],[-0.38892,39.7687],[-0.40743,39.747],[-0.41976,39.74537],[-0.43774,39.7364],[-0.43933,39.73007],[-0.44503,39.71891],[-0.45914,39.71525],[-0.47066,39.72644],[-0.47489,39.73141],[-0.48243,39.73436],[-0.49811,39.74779],[-0.50589,39.76009],[-0.50937,39.77204],[-0.51431,39.77923],[-0.5309,39.79623],[-0.54835,39.79574],[-0.5585,39.79055],[-0.57699,39.77321],[-0.57709,39.76803],[-0.58126,39.75672],[-0.58817,39.7417],[-0.59785,39.74307],[-0.61921,39.74479],[-0.63095,39.74634],[-0.64231,39.75013],[-0.65229,39.75409],[-0.64903,39.77084],[-0.64766,39.78793],[-0.64465,39.79159],[-0.65098,39.81195],[-0.65221,39.82286],[-0.65413,39.82789],[-0.6561,39.83597],[-0.66232,39.83892],[-0.6685,39.8404],[-0.68136,39.8476],[-0.68748,39.84988],[-0.69106,39.85247],[-0.70705,39.83441],[-0.7125,39.81685],[-0.7226,39.81379],[-0.73447,39.81897],[-0.73828,39.83013],[-0.74447,39.83273],[-0.7573,39.84776],[-0.77325,39.86916],[-0.79215,39.8804],[-0.79764,39.88108],[-0.79753,39.88325],[-0.80731,39.89412],[-0.83125,39.9088],[-0.8392,39.92506],[-0.8368,39.93258],[-0.84549,39.94791],[-0.84413,39.95403],[-0.83653,39.95954],[-0.84034,39.96926],[-0.83534,39.97863],[-0.81545,39.98294],[-0.8025,39.99051],[-0.78915,39.99067],[-0.77742,39.99935],[-0.76798,40.01016],[-0.76227,40.04126],[-0.75354,40.04547],[-0.74699,40.03863],[-0.73155,40.04196],[-0.71622,40.04037],[-0.71351,40.04273],[-0.70279,40.04631],[-0.67968,40.04571],[-0.66419,40.05115],[-0.64585,40.06648],[-0.62934,40.07461],[-0.62444,40.07498],[-0.62144,40.06859],[-0.61347,40.06959],[-0.61896,40.08337],[-0.62128,40.08778],[-0.62245,40.08925],[-0.62463,40.09474],[-0.62865,40.1021],[-0.62772,40.10405],[-0.60924,40.12571],[-0.59431,40.13285],[-0.58562,40.13257],[-0.58008,40.13724],[-0.57905,40.14652],[-0.5697,40.15847],[-0.57348,40.17104],[-0.57211,40.18148],[-0.56369,40.18866],[-0.56117,40.19462],[-0.56091,40.19737],[-0.55784,40.20085],[-0.55902,40.21011],[-0.55756,40.21272],[-0.54785,40.24427],[-0.54306,40.25045],[-0.52771,40.23853],[-0.51053,40.23179],[-0.50151,40.2332],[-0.49455,40.22965],[-0.47098,40.23845],[-0.46246,40.23482],[-0.45183,40.23557],[-0.38823,40.26143],[-0.38419,40.26512],[-0.38322,40.27759],[-0.39905,40.29535],[-0.39091,40.29989],[-0.39007,40.30565],[-0.38072,40.30847],[-0.36998,40.30593],[-0.36334,40.31555],[-0.35449,40.31445],[-0.34931,40.32089],[-0.34892,40.32719],[-0.34243,40.32709],[-0.33933,40.33922],[-0.32321,40.34805],[-0.31445,40.35718],[-0.28028,40.36891],[-0.28342,40.38217],[-0.28877,40.38897],[-0.30068,40.39757],[-0.31423,40.41513],[-0.33139,40.42444],[-0.34698,40.44327],[-0.3431,40.44356],[-0.33386,40.45734],[-0.30797,40.46545],[-0.29496,40.46614],[-0.29059,40.47084],[-0.27326,40.47443],[-0.27151,40.47846],[-0.27978,40.48496],[-0.27599,40.49577],[-0.28162,40.50443],[-0.28758,40.50877],[-0.29847,40.50731],[-0.3018,40.51773],[-0.2974,40.53153],[-0.29123,40.5441],[-0.29117,40.55216],[-0.29619,40.56452],[-0.2954,40.5662],[-0.29933,40.57608],[-0.29425,40.58396],[-0.29323,40.61105],[-0.29908,40.61292],[-0.31308,40.61054],[-0.32267,40.60356],[-0.33437,40.60711],[-0.34324,40.60653],[-0.34617,40.6117],[-0.35941,40.61514],[-0.37043,40.61419],[-0.37774,40.61981],[-0.37898,40.62645],[-0.37145,40.65012],[-0.38147,40.66159],[-0.37901,40.66618],[-0.37167,40.66815],[-0.36893,40.67247],[-0.35588,40.67732],[-0.33002,40.67992],[-0.32305,40.67728],[-0.3171,40.66432],[-0.30695,40.6595],[-0.29357,40.67397],[-0.28806,40.67316],[-0.27697,40.68075],[-0.26094,40.6851],[-0.2504,40.69057],[-0.2372,40.69154],[-0.23748,40.69794],[-0.23351,40.70855],[-0.2392,40.71805],[-0.23188,40.72877],[-0.22472,40.7524],[-0.21279,40.75885],[-0.20937,40.76788],[-0.19539,40.78231],[-0.19712,40.78446],[-0.16286,40.78824],[-0.14448,40.78544],[-0.14605,40.77366],[-0.13203,40.75735],[-0.10198,40.74271]]]}},{"type":"Feature","properties":{"region_key":"ES523","name_pt":"Valencia/Val\u00e8ncia","name_es":"Valencia/Val\u00e8ncia","name_en":"Valencia/Val\u00e8ncia","kind":"district_province","source_nuts_id":"ES523"},"geometry":{"type":"MultiPolygon","coordinates":[[[[-0.97625,39.97575],[-0.94943,39.9668],[-0.93157,39.95693],[-0.92041,39.96442],[-0.90586,39.94184],[-0.90299,39.93119],[-0.90359,39.92758],[-0.90865,39.92642],[-0.91312,39.91907],[-0.90832,39.89883],[-0.90098,39.89235],[-0.9076,39.88545],[-0.91184,39.87278],[-0.90884,39.86725],[-0.89501,39.85679],[-0.88762,39.85248],[-0.86416,39.84748],[-0.82837,39.87096],[-0.79764,39.88108],[-0.79215,39.8804],[-0.77325,39.86916],[-0.7573,39.84776],[-0.74447,39.83273],[-0.73828,39.83013],[-0.73447,39.81897],[-0.7226,39.81379],[-0.7125,39.81685],[-0.70705,39.83441],[-0.69106,39.85247],[-0.68748,39.84988],[-0.68136,39.8476],[-0.6685,39.8404],[-0.66232,39.83892],[-0.6561,39.83597],[-0.65413,39.82789],[-0.65221,39.82286],[-0.65098,39.81195],[-0.64465,39.79159],[-0.64766,39.78793],[-0.64903,39.77084],[-0.65229,39.75409],[-0.64231,39.75013],[-0.63095,39.74634],[-0.61921,39.74479],[-0.59785,39.74307],[-0.58817,39.7417],[-0.58126,39.75672],[-0.57709,39.76803],[-0.57699,39.77321],[-0.5585,39.79055],[-0.54835,39.79574],[-0.5309,39.79623],[-0.51431,39.77923],[-0.50937,39.77204],[-0.50589,39.76009],[-0.49811,39.74779],[-0.48243,39.73436],[-0.47489,39.73141],[-0.47066,39.72644],[-0.45914,39.71525],[-0.44503,39.71891],[-0.43933,39.73007],[-0.43774,39.7364],[-0.41976,39.74537],[-0.40743,39.747],[-0.38892,39.7687],[-0.38688,39.76918],[-0.3855,39.77296],[-0.3858,39.77644],[-0.39174,39.7799],[-0.38854,39.78973],[-0.37786,39.79988],[-0.35733,39.79975],[-0.34995,39.80096],[-0.33844,39.80016],[-0.32819,39.80149],[-0.31596,39.79984],[-0.3085,39.79699],[-0.29741,39.78519],[-0.29342,39.78194],[-0.2823,39.77505],[-0.27646,39.77055],[-0.27263,39.76072],[-0.27364,39.7551],[-0.27112,39.75046],[-0.25974,39.74353],[-0.23303,39.73923],[-0.19553,39.72434],[-0.18847,39.72195],[-0.19179,39.71371],[-0.19454,39.70853],[-0.19667,39.70287],[-0.20133,39.68535],[-0.20355,39.67178],[-0.21055,39.65522],[-0.21663,39.65387],[-0.22053,39.64625],[-0.23905,39.63474],[-0.25882,39.61493],[-0.26799,39.59825],[-0.28037,39.56617],[-0.28938,39.55666],[-0.30802,39.53491],[-0.318,39.51749],[-0.32095,39.50799],[-0.32271,39.49716],[-0.32346,39.48463],[-0.3217,39.46059],[-0.33029,39.46035],[-0.32595,39.45415],[-0.32559,39.44725],[-0.33249,39.44196],[-0.33494,39.43559],[-0.33275,39.43028],[-0.33404,39.42519],[-0.32654,39.39271],[-0.30364,39.33223],[-0.24458,39.22543],[-0.21779,39.18593],[-0.22009,39.18137],[-0.23603,39.17844],[-0.2409,39.16546],[-0.23724,39.14024],[-0.22195,39.10578],[-0.19941,39.0585],[-0.18114,39.03079],[-0.15292,38.99608],[-0.14687,38.9834],[-0.13594,38.97099],[-0.13418,38.96967],[-0.12173,38.95677],[-0.12023,38.95568],[-0.11886,38.95402],[-0.1077,38.94352],[-0.06891,38.90956],[-0.03762,38.88641],[-0.03628,38.88088],[-0.02596,38.87196],[-0.02897,38.86069],[-0.04207,38.85645],[-0.0462,38.86422],[-0.06247,38.87369],[-0.07097,38.88493],[-0.08642,38.87955],[-0.09321,38.87333],[-0.10344,38.87444],[-0.148,38.85842],[-0.15502,38.86047],[-0.15468,38.86729],[-0.15369,38.87188],[-0.15961,38.8835],[-0.16083,38.88739],[-0.16541,38.8811],[-0.17987,38.87851],[-0.19144,38.87117],[-0.19686,38.86609],[-0.19624,38.85943],[-0.22132,38.85487],[-0.23047,38.85348],[-0.23919,38.85755],[-0.24203,38.86057],[-0.24576,38.85865],[-0.2602,38.85992],[-0.27331,38.86402],[-0.28233,38.86981],[-0.28904,38.87262],[-0.29701,38.87915],[-0.29918,38.88169],[-0.31074,38.88151],[-0.31264,38.87499],[-0.32472,38.86373],[-0.34468,38.86177],[-0.35066,38.85961],[-0.35127,38.85633],[-0.3551,38.8498],[-0.38219,38.83513],[-0.40214,38.83979],[-0.404,38.83313],[-0.42607,38.82812],[-0.43217,38.82642],[-0.44424,38.8205],[-0.44739,38.81969],[-0.46055,38.81486],[-0.46181,38.80765],[-0.47939,38.80465],[-0.51115,38.80677],[-0.51576,38.80684],[-0.52082,38.80904],[-0.52404,38.8096],[-0.52557,38.81058],[-0.53524,38.81037],[-0.5482,38.80566],[-0.56013,38.80412],[-0.59515,38.7951],[-0.58571,38.77053],[-0.5647,38.75536],[-0.55982,38.75464],[-0.53146,38.76723],[-0.52956,38.7671],[-0.52578,38.76389],[-0.52513,38.76019],[-0.52255,38.75782],[-0.52082,38.7567],[-0.51523,38.75523],[-0.5074,38.75526],[-0.50696,38.75039],[-0.50705,38.74297],[-0.53558,38.73239],[-0.55204,38.71727],[-0.58165,38.7094],[-0.59734,38.69921],[-0.61288,38.69201],[-0.61799,38.68665],[-0.62805,38.68721],[-0.63894,38.69921],[-0.64477,38.72789],[-0.65435,38.73048],[-0.67756,38.72991],[-0.68925,38.74041],[-0.70621,38.7345],[-0.71713,38.75058],[-0.719,38.75104],[-0.72215,38.75368],[-0.72644,38.75221],[-0.73114,38.75211],[-0.73323,38.7517],[-0.73597,38.7536],[-0.73394,38.75444],[-0.73193,38.75627],[-0.74347,38.75869],[-0.7433,38.75564],[-0.76278,38.74958],[-0.78507,38.74753],[-0.79359,38.73925],[-0.801,38.73717],[-0.81766,38.73776],[-0.83196,38.73259],[-0.8375,38.7365],[-0.83668,38.74154],[-0.86012,38.76937],[-0.88221,38.77156],[-0.90617,38.76755],[-0.91438,38.77156],[-0.91637,38.7814],[-0.92888,38.78384],[-0.92896,38.78682],[-0.9338,38.79398],[-0.93274,38.81127],[-0.92773,38.81572],[-0.92483,38.82337],[-0.93114,38.82979],[-0.93224,38.84166],[-0.93429,38.84908],[-0.93564,38.85594],[-0.9307,38.86362],[-0.93252,38.86789],[-0.93151,38.8713],[-0.93188,38.87968],[-0.92753,38.8849],[-0.92449,38.89176],[-0.93192,38.89511],[-0.9408,38.89963],[-0.94662,38.90835],[-0.95043,38.91148],[-0.95175,38.91624],[-0.95338,38.91948],[-0.95647,38.92013],[-0.95592,38.92328],[-0.95859,38.92821],[-0.9575,38.93311],[-0.95936,38.94459],[-0.97157,38.94281],[-0.97725,38.94278],[-0.98772,38.94773],[-0.99178,38.94729],[-0.99928,38.94946],[-1.00354,38.94824],[-1.00703,38.94614],[-1.00919,38.94299],[-1.01339,38.93919],[-1.01581,38.93823],[-1.02638,38.93572],[-1.03407,38.93453],[-1.03623,38.9343],[-1.04258,38.93681],[-1.05417,38.93455],[-1.05993,38.93468],[-1.06987,38.93398],[-1.07575,38.93282],[-1.09108,38.93141],[-1.09809,38.92984],[-1.10587,38.92854],[-1.12906,38.92946],[-1.13828,38.9276],[-1.14661,38.92936],[-1.16145,38.95518],[-1.20187,38.99369],[-1.2242,39.02227],[-1.26014,39.04225],[-1.26671,39.05103],[-1.2652,39.05248],[-1.26575,39.05476],[-1.26373,39.06835],[-1.26566,39.07548],[-1.25578,39.08404],[-1.25568,39.10618],[-1.24047,39.11375],[-1.2305,39.13829],[-1.22696,39.15172],[-1.21049,39.16224],[-1.2064,39.16679],[-1.20282,39.17015],[-1.19705,39.17674],[-1.18939,39.20083],[-1.18583,39.2042],[-1.18062,39.21231],[-1.17784,39.22499],[-1.17633,39.23026],[-1.17574,39.23847],[-1.17685,39.24668],[-1.17659,39.25802],[-1.17601,39.26554],[-1.17419,39.27999],[-1.1628,39.30476],[-1.16399,39.30883],[-1.17738,39.31423],[-1.19778,39.3151],[-1.20732,39.32551],[-1.21535,39.3191],[-1.2232,39.31648],[-1.24293,39.32197],[-1.24697,39.32675],[-1.2515,39.3236],[-1.27556,39.33306],[-1.2828,39.32896],[-1.29103,39.33353],[-1.29887,39.3307],[-1.30029,39.33694],[-1.3127,39.34239],[-1.32201,39.33911],[-1.33086,39.34037],[-1.33356,39.33876],[-1.33152,39.33605],[-1.33547,39.33456],[-1.34253,39.33962],[-1.35282,39.3407],[-1.3691,39.35605],[-1.38514,39.35429],[-1.38222,39.35948],[-1.38357,39.36628],[-1.40601,39.36598],[-1.4075,39.36894],[-1.39887,39.3703],[-1.39704,39.37482],[-1.40095,39.37596],[-1.40742,39.37252],[-1.41176,39.37924],[-1.42134,39.38154],[-1.42404,39.3799],[-1.42198,39.36856],[-1.42372,39.3648],[-1.43001,39.36491],[-1.42812,39.37323],[-1.43194,39.37653],[-1.43262,39.37257],[-1.43923,39.37134],[-1.4446,39.36259],[-1.45438,39.36126],[-1.44952,39.36778],[-1.44959,39.37691],[-1.46251,39.38022],[-1.46537,39.38345],[-1.45687,39.3859],[-1.45372,39.39822],[-1.46039,39.39947],[-1.46735,39.39132],[-1.47211,39.39134],[-1.47466,39.39659],[-1.46843,39.40293],[-1.47142,39.40629],[-1.4751,39.40738],[-1.48371,39.4018],[-1.48794,39.40406],[-1.48556,39.42124],[-1.49846,39.41621],[-1.50524,39.41764],[-1.49785,39.42872],[-1.50557,39.42969],[-1.51079,39.43428],[-1.5146,39.42946],[-1.51955,39.43125],[-1.52041,39.4344],[-1.51662,39.43799],[-1.52343,39.44307],[-1.5198,39.44872],[-1.52807,39.45222],[-1.52622,39.45701],[-1.51402,39.45855],[-1.51198,39.47271],[-1.5053,39.47853],[-1.51164,39.48349],[-1.50621,39.488],[-1.51039,39.49129],[-1.51045,39.49493],[-1.50375,39.4926],[-1.50125,39.49533],[-1.50026,39.501],[-1.5071,39.50976],[-1.50275,39.51439],[-1.50571,39.52063],[-1.50205,39.53445],[-1.50521,39.54032],[-1.50356,39.5461],[-1.52082,39.54888],[-1.50362,39.55291],[-1.50145,39.55845],[-1.50434,39.56392],[-1.49616,39.56627],[-1.48347,39.56918],[-1.47677,39.56914],[-1.47011,39.57181],[-1.46206,39.57664],[-1.45903,39.58172],[-1.45616,39.58549],[-1.45296,39.59152],[-1.44565,39.61123],[-1.44095,39.61906],[-1.43649,39.62883],[-1.4179,39.65495],[-1.40397,39.666],[-1.39864,39.66898],[-1.38493,39.67879],[-1.3685,39.68963],[-1.3583,39.68579],[-1.34268,39.68161],[-1.32577,39.6731],[-1.3188,39.67195],[-1.31279,39.6705],[-1.29195,39.67255],[-1.27955,39.6779],[-1.27207,39.68605],[-1.26196,39.69892],[-1.27128,39.71419],[-1.27128,39.73007],[-1.27503,39.73734],[-1.26203,39.75645],[-1.24921,39.77222],[-1.23347,39.78392],[-1.2162,39.80797],[-1.21068,39.83327],[-1.21084,39.83819],[-1.20102,39.85648],[-1.20029,39.86989],[-1.19759,39.87302],[-1.19989,39.87551],[-1.2,39.88676],[-1.19665,39.91355],[-1.20112,39.92274],[-1.20796,39.92831],[-1.20695,39.94511],[-1.20203,39.94976],[-1.15447,39.96389],[-1.14236,39.97186],[-1.13146,39.97001],[-1.12552,39.96273],[-1.11423,39.97242],[-1.1094,39.9702],[-1.1037,39.97427],[-1.09291,39.9687],[-1.08757,39.97044],[-1.08388,39.97673],[-1.06035,39.9803],[-1.02568,39.97509],[-1.00459,39.98124],[-0.99086,39.98152],[-0.97625,39.97575]]],[[[-1.27599,40.16213],[-1.25303,40.14402],[-1.2467,40.14662],[-1.24427,40.14598],[-1.24855,40.13522],[-1.24634,40.12761],[-1.25064,40.123],[-1.24497,40.11614],[-1.20138,40.11086],[-1.14985,40.11478],[-1.13564,40.10405],[-1.13263,40.09791],[-1.1112,40.09217],[-1.08265,40.07127],[-1.07259,40.05997],[-1.07185,40.05374],[-1.08454,40.03663],[-1.1336,40.01613],[-1.14565,40.01646],[-1.16515,40.01011],[-1.17392,40.01022],[-1.19172,40.00154],[-1.20712,40.00185],[-1.24831,39.99544],[-1.26181,39.99777],[-1.27578,40.00406],[-1.28636,40.00819],[-1.30797,40.01048],[-1.33794,40.01662],[-1.35893,40.01235],[-1.36432,40.0122],[-1.37683,40.01651],[-1.37926,40.02171],[-1.38126,40.02718],[-1.38311,40.03898],[-1.38576,40.04199],[-1.39054,40.04958],[-1.39371,40.05313],[-1.39421,40.05509],[-1.39619,40.05753],[-1.39751,40.05978],[-1.39837,40.06326],[-1.4007,40.06709],[-1.41202,40.0802],[-1.41352,40.08609],[-1.41904,40.09374],[-1.40757,40.10142],[-1.40978,40.10405],[-1.44261,40.11827],[-1.45321,40.12785],[-1.45661,40.1348],[-1.44883,40.14536],[-1.44553,40.14361],[-1.44085,40.14259],[-1.43654,40.14054],[-1.43183,40.13928],[-1.42972,40.13935],[-1.42762,40.14076],[-1.42237,40.14236],[-1.41171,40.14082],[-1.40455,40.13919],[-1.40055,40.13661],[-1.39715,40.13526],[-1.39354,40.13438],[-1.39125,40.13453],[-1.3892,40.13535],[-1.38774,40.13678],[-1.38489,40.13821],[-1.36528,40.13841],[-1.36226,40.1308],[-1.35574,40.12971],[-1.33572,40.14197],[-1.31935,40.14711],[-1.31734,40.16257],[-1.32232,40.17238],[-1.32296,40.18487],[-1.31638,40.1998],[-1.30033,40.20702],[-1.2982,40.2117],[-1.29364,40.20701],[-1.29582,40.19745],[-1.28755,40.18277],[-1.28424,40.1723],[-1.27719,40.16725],[-1.27599,40.16213]]]]}},{"type":"Feature","properties":{"region_key":"ES531-IBIZA","name_pt":"Eivissa","name_es":"Eivissa","name_en":"Eivissa","kind":"island","source_nuts_id":"ES531"},"geometry":{"type":"Polygon","coordinates":[[[1.44233,38.91047],[1.43487,38.90295],[1.42142,38.90371],[1.40564,38.88254],[1.40331,38.87446],[1.40768,38.8681],[1.40218,38.84915],[1.40314,38.83304],[1.40066,38.83552],[1.39295,38.84068],[1.38415,38.84228],[1.38054,38.83439],[1.37177,38.83183],[1.36878,38.83565],[1.3707,38.84398],[1.36117,38.86067],[1.34357,38.87099],[1.33499,38.86867],[1.33514,38.86641],[1.32964,38.86789],[1.32177,38.85799],[1.32107,38.86455],[1.31467,38.86827],[1.30998,38.86826],[1.30534,38.86201],[1.30315,38.86569],[1.30524,38.86794],[1.30098,38.86934],[1.29594,38.87717],[1.28233,38.87475],[1.28212,38.87711],[1.27308,38.87954],[1.26179,38.8727],[1.25348,38.86296],[1.25541,38.86028],[1.22255,38.87974],[1.22561,38.88799],[1.21669,38.89376],[1.21327,38.90196],[1.21942,38.91348],[1.22411,38.9136],[1.21844,38.91528],[1.22187,38.92254],[1.22888,38.92489],[1.22755,38.92825],[1.23277,38.92974],[1.23175,38.93363],[1.23652,38.93888],[1.23002,38.94194],[1.23273,38.94511],[1.22612,38.94517],[1.22758,38.9502],[1.22071,38.95107],[1.21998,38.95522],[1.23683,38.96516],[1.24822,38.96638],[1.25994,38.96092],[1.27687,38.968],[1.30326,38.96965],[1.30761,38.97623],[1.30542,38.9794],[1.30217,38.9767],[1.29881,38.97814],[1.29319,39.00531],[1.29904,39.0096],[1.29236,39.01442],[1.29517,39.01896],[1.29273,39.02956],[1.30554,39.03656],[1.31105,39.04457],[1.32536,39.04755],[1.32636,39.05285],[1.33489,39.05513],[1.34168,39.053],[1.34555,39.06047],[1.34461,39.06682],[1.35005,39.06373],[1.3595,39.07432],[1.3641,39.07355],[1.36605,39.06427],[1.37545,39.06225],[1.38227,39.06777],[1.38099,39.07061],[1.38663,39.07824],[1.39731,39.08036],[1.39825,39.07441],[1.40018,39.07718],[1.40583,39.07497],[1.41047,39.07824],[1.417,39.07745],[1.42043,39.08876],[1.42698,39.09211],[1.43042,39.08862],[1.43987,39.08743],[1.43631,39.08425],[1.44045,39.08046],[1.44361,39.08783],[1.45337,39.08873],[1.44889,39.09211],[1.45271,39.09696],[1.4646,39.09924],[1.46404,39.10165],[1.47,39.09951],[1.47491,39.10551],[1.48439,39.10096],[1.48516,39.10685],[1.49155,39.10597],[1.49122,39.10553],[1.49258,39.10417],[1.492,39.10221],[1.49504,39.10174],[1.49573,39.0992],[1.49742,39.09846],[1.50924,39.10283],[1.50601,39.1112],[1.50838,39.1141],[1.51558,39.10886],[1.51488,39.1139],[1.52034,39.11377],[1.51866,39.11538],[1.52018,39.1165],[1.52461,39.11468],[1.53274,39.11829],[1.54271,39.1127],[1.53725,39.10663],[1.54525,39.10546],[1.55326,39.09666],[1.55566,39.10018],[1.55742,39.09331],[1.56563,39.09446],[1.56794,39.0983],[1.59067,39.09504],[1.59229,39.09791],[1.60041,39.09257],[1.60022,39.08874],[1.60433,39.09105],[1.59816,39.08408],[1.60297,39.07539],[1.59175,39.07522],[1.588,39.0633],[1.59553,39.05133],[1.61006,39.04377],[1.607,39.03999],[1.60874,39.0347],[1.61938,39.03678],[1.62066,39.03304],[1.61648,39.02888],[1.6059,39.02952],[1.5979,39.0231],[1.59542,39.02466],[1.58982,39.01512],[1.58509,39.0158],[1.58706,39.01101],[1.58221,39.00957],[1.58112,39.00477],[1.58212,39.00232],[1.57791,39.00118],[1.58154,38.99652],[1.57909,38.98923],[1.55261,38.99258],[1.54597,38.98756],[1.5461,38.98297],[1.54331,38.98441],[1.53796,38.98093],[1.54137,38.98399],[1.53912,38.98573],[1.53837,38.98225],[1.53389,38.98272],[1.53044,38.97764],[1.53277,38.96176],[1.52829,38.95926],[1.53103,38.95613],[1.52004,38.95302],[1.52743,38.95129],[1.52132,38.94398],[1.5101,38.94674],[1.50539,38.93318],[1.50278,38.93392],[1.4999,38.93324],[1.50112,38.93046],[1.48885,38.92799],[1.48928,38.92412],[1.48669,38.92552],[1.47882,38.91558],[1.4748,38.91562],[1.47605,38.913],[1.46413,38.91334],[1.45946,38.91835],[1.45473,38.91682],[1.45189,38.91335],[1.45547,38.91129],[1.45483,38.90695],[1.45821,38.90664],[1.45716,38.90373],[1.44967,38.90788],[1.45308,38.90874],[1.44947,38.91191],[1.4406,38.91636],[1.4386,38.91331],[1.43849,38.9158],[1.43508,38.9106],[1.44233,38.91047]]]}},{"type":"Feature","properties":{"region_key":"ES531-FORMENTERA","name_pt":"Formentera","name_es":"Formentera","name_en":"Formentera","kind":"island","source_nuts_id":"ES531"},"geometry":{"type":"Polygon","coordinates":[[[1.39332,38.69627],[1.39373,38.70421],[1.38846,38.70672],[1.38463,38.71393],[1.39981,38.72925],[1.40527,38.72678],[1.40708,38.72202],[1.41921,38.72241],[1.41669,38.7274],[1.4284,38.73805],[1.43364,38.75515],[1.44686,38.7326],[1.45286,38.72898],[1.45489,38.72969],[1.45609,38.72506],[1.45979,38.72418],[1.47777,38.70247],[1.51207,38.67956],[1.53017,38.67248],[1.56568,38.69149],[1.58207,38.67495],[1.58177,38.66152],[1.57591,38.65865],[1.57306,38.65159],[1.5372,38.65149],[1.5242,38.65305],[1.51038,38.66582],[1.48245,38.67975],[1.46458,38.6849],[1.4468,38.68491],[1.43559,38.67919],[1.43021,38.66558],[1.42078,38.66388],[1.40727,38.64916],[1.39444,38.64127],[1.38544,38.64145],[1.38777,38.6661],[1.38359,38.68056],[1.39332,38.69627]]]}},{"type":"Feature","properties":{"region_key":"PT300-MADEIRA","name_pt":"Madeira","name_es":"Madeira","name_en":"Madeira","kind":"island","source_nuts_id":"PT300"},"geometry":{"type":"Polygon","coordinates":[[[-17.25211,32.81452],[-17.247,32.82722],[-17.22497,32.8393],[-17.20042,32.86818],[-17.19493,32.87062],[-17.1779,32.8666],[-17.166,32.86839],[-17.16399,32.86224],[-17.15163,32.85514],[-17.14996,32.84794],[-17.12503,32.82755],[-17.11647,32.82577],[-17.11133,32.82812],[-17.10872,32.82591],[-17.10592,32.82681],[-17.10296,32.82288],[-17.10207,32.82433],[-17.10291,32.82058],[-17.09326,32.81544],[-17.08248,32.81618],[-17.05123,32.80849],[-17.04379,32.81207],[-17.01603,32.81551],[-16.98841,32.82999],[-16.98251,32.82651],[-16.96366,32.82665],[-16.90455,32.83677],[-16.89756,32.83004],[-16.87978,32.82177],[-16.86346,32.80724],[-16.85449,32.8078],[-16.85948,32.80373],[-16.85888,32.79854],[-16.8544,32.79403],[-16.84879,32.79473],[-16.84503,32.78825],[-16.83571,32.78702],[-16.83083,32.77648],[-16.82593,32.77641],[-16.82743,32.77287],[-16.82209,32.76799],[-16.81615,32.76914],[-16.79804,32.76246],[-16.78923,32.76619],[-16.78293,32.75939],[-16.77806,32.75771],[-16.76582,32.75922],[-16.74493,32.75566],[-16.74041,32.75132],[-16.73734,32.75176],[-16.73617,32.74807],[-16.72764,32.75159],[-16.72497,32.74749],[-16.71566,32.74741],[-16.71016,32.74927],[-16.70844,32.752],[-16.70434,32.74921],[-16.74591,32.73464],[-16.79227,32.68607],[-16.80154,32.67384],[-16.80344,32.6629],[-16.81253,32.65491],[-16.84781,32.64403],[-16.86864,32.64297],[-16.88477,32.64616],[-16.89583,32.64708],[-16.91111,32.64595],[-16.91483,32.6429],[-16.97451,32.64783],[-17.14297,32.70555],[-17.18065,32.72598],[-17.21447,32.75064],[-17.2412,32.77912],[-17.25031,32.79986],[-17.25211,32.81452]]]}},{"type":"Feature","properties":{"region_key":"PT300-PORTO_SANTO","name_pt":"Porto Santo","name_es":"Porto Santo","name_en":"Porto Santo","kind":"island","source_nuts_id":"PT300"},"geometry":{"type":"Polygon","coordinates":[[[-16.38951,33.04495],[-16.37413,33.05817],[-16.36461,33.08278],[-16.36015,33.08307],[-16.35807,33.08489],[-16.35392,33.09284],[-16.34952,33.09217],[-16.34414,33.09482],[-16.34242,33.09769],[-16.33869,33.09672],[-16.3394,33.09914],[-16.33484,33.09777],[-16.33464,33.10087],[-16.32943,33.1009],[-16.32387,33.10385],[-16.32235,33.10732],[-16.31866,33.10287],[-16.31685,33.10206],[-16.31208,33.10266],[-16.30888,33.09711],[-16.30069,33.09646],[-16.29449,33.09961],[-16.29395,33.09104],[-16.2994,33.08431],[-16.29429,33.08279],[-16.28928,33.07597],[-16.28993,33.07538],[-16.29198,33.0761],[-16.294,33.07566],[-16.29808,33.06974],[-16.29516,33.0635],[-16.32567,33.06582],[-16.33995,33.0572],[-16.36433,33.03437],[-16.37829,33.03205],[-16.39789,33.03992],[-16.39525,33.04292],[-16.38836,33.04139],[-16.38863,33.0432],[-16.38951,33.04495]]]}},{"type":"Feature","properties":{"region_key":"PT300-DESERTAS","name_pt":"Desertas","name_es":"Desertas","name_en":"Desertas","kind":"island","source_nuts_id":"PT300"},"geometry":{"type":"MultiPolygon","coordinates":[[[[-16.52203,32.55403],[-16.52182,32.55022],[-16.51687,32.54046],[-16.51475,32.53984],[-16.50839,32.52856],[-16.50011,32.52003],[-16.4973,32.50577],[-16.53711,32.5589],[-16.54087,32.57288],[-16.53589,32.57089],[-16.53169,32.56158],[-16.52203,32.55403]]],[[[-16.49364,32.50278],[-16.49379,32.50095],[-16.49687,32.50518],[-16.49364,32.50278]]]]}},{"type":"Feature","properties":{"region_key":"PT300-SELVAGENS","name_pt":"Selvagens","name_es":"Selvagens","name_en":"Selvagens","kind":"island","source_nuts_id":"PT300"},"geometry":{"type":"MultiPolygon","coordinates":[[[[-15.86955,30.14058],[-15.8718,30.14142],[-15.87412,30.14073],[-15.87414,30.14167],[-15.86441,30.15253],[-15.85769,30.14832],[-15.85886,30.14792],[-15.86033,30.14523],[-15.85897,30.14251],[-15.85515,30.14055],[-15.85619,30.138],[-15.86588,30.13974],[-15.86945,30.13785],[-15.86955,30.14058]]],[[[-16.02798,30.0336],[-16.02531,30.03288],[-16.02637,30.03236],[-16.02798,30.0336]]]]}},{"type":"Feature","properties":{"region_key":"PT196","name_pt":"Beiras e Serra da Estrela","name_es":"Beiras e Serra da Estrela","name_en":"Beiras e Serra da Estrela","kind":"district_province","source_nuts_id":"PT196"},"geometry":{"type":"Polygon","coordinates":[[[-7.16854,41.01304],[-7.16812,41.00583],[-7.18111,41.00791],[-7.1851,40.99648],[-7.182,40.98466],[-7.16753,40.97321],[-7.16969,40.96009],[-7.17484,40.95419],[-7.17784,40.94095],[-7.18424,40.93597],[-7.18175,40.93449],[-7.1584,40.93173],[-7.1357,40.92316],[-7.13099,40.94301],[-7.10165,40.97118],[-7.1026,40.97305],[-7.08346,40.97339],[-7.05967,40.96751],[-7.04714,40.96754],[-6.99647,40.98327],[-6.98448,41.00925],[-6.97763,41.01756],[-6.98359,41.02625],[-6.96917,41.03599],[-6.95532,41.03059],[-6.93451,41.02929],[-6.92986,41.02934],[-6.93067,41.01708],[-6.92121,41.00374],[-6.9085,40.99827],[-6.8863,40.97124],[-6.87072,40.95881],[-6.86136,40.95012],[-6.85811,40.94317],[-6.85743,40.94242],[-6.84955,40.92395],[-6.84966,40.90322],[-6.83818,40.88966],[-6.81955,40.88154],[-6.81001,40.88198],[-6.80746,40.87668],[-6.80194,40.86105],[-6.8022,40.84514],[-6.82441,40.84383],[-6.82252,40.8231],[-6.81732,40.80536],[-6.8199,40.79455],[-6.82546,40.78353],[-6.82835,40.75948],[-6.83074,40.75283],[-6.82932,40.7407],[-6.82394,40.73009],[-6.81216,40.71891],[-6.8127,40.70708],[-6.80308,40.68202],[-6.80459,40.673],[-6.80363,40.66727],[-6.79393,40.66174],[-6.79912,40.65456],[-6.80601,40.63343],[-6.80791,40.62958],[-6.81131,40.62569],[-6.81301,40.62237],[-6.82082,40.61065],[-6.836,40.59599],[-6.83771,40.58937],[-6.83676,40.58569],[-6.83699,40.58298],[-6.83781,40.57978],[-6.84103,40.57648],[-6.84144,40.57472],[-6.84361,40.57067],[-6.84464,40.56679],[-6.80584,40.55423],[-6.80173,40.54972],[-6.80492,40.54013],[-6.80302,40.52978],[-6.79761,40.52279],[-6.79599,40.51237],[-6.81404,40.50194],[-6.81996,40.48821],[-6.82176,40.48626],[-6.82277,40.48381],[-6.83346,40.4768],[-6.84811,40.45544],[-6.84505,40.43633],[-6.83532,40.40937],[-6.8234,40.39731],[-6.81127,40.38986],[-6.80888,40.38448],[-6.80059,40.379],[-6.78204,40.36557],[-6.79323,40.35544],[-6.79101,40.33388],[-6.8007,40.32602],[-6.81998,40.32383],[-6.84024,40.31422],[-6.8612,40.29969],[-6.86514,40.27069],[-6.87031,40.26348],[-6.88078,40.25939],[-6.89303,40.25993],[-6.9107,40.25504],[-6.92339,40.2581],[-6.9513,40.25745],[-6.96124,40.26699],[-6.98183,40.27253],[-6.98889,40.27821],[-7.00116,40.28159],[-7.01288,40.28948],[-7.02275,40.29008],[-7.02294,40.28297],[-7.03059,40.27904],[-7.05227,40.27966],[-7.06262,40.27634],[-7.08136,40.27845],[-7.09178,40.28395],[-7.08792,40.29088],[-7.09805,40.30658],[-7.10149,40.31789],[-7.10496,40.3218],[-7.11511,40.32423],[-7.127,40.31411],[-7.13469,40.2968],[-7.13554,40.28443],[-7.15065,40.27654],[-7.16034,40.26961],[-7.16872,40.26782],[-7.17381,40.27463],[-7.18072,40.2743],[-7.19864,40.28397],[-7.21369,40.2854],[-7.22476,40.27788],[-7.24017,40.25846],[-7.25839,40.26739],[-7.27307,40.26571],[-7.26359,40.22814],[-7.2722,40.21302],[-7.2692,40.20936],[-7.25196,40.20562],[-7.25294,40.20071],[-7.25869,40.19567],[-7.27743,40.1865],[-7.28086,40.1723],[-7.29108,40.16186],[-7.29051,40.14614],[-7.28576,40.13855],[-7.28505,40.1253],[-7.28958,40.11623],[-7.3066,40.09805],[-7.31373,40.08308],[-7.31059,40.07235],[-7.31924,40.05329],[-7.32752,40.05081],[-7.34016,40.0375],[-7.34857,40.03262],[-7.35646,40.0204],[-7.3542,40.00755],[-7.35894,39.99911],[-7.35821,39.9916],[-7.36107,39.98608],[-7.35721,39.97886],[-7.37432,39.978],[-7.37993,39.98281],[-7.38378,39.98793],[-7.38679,40.00794],[-7.39848,40.01939],[-7.44555,40.01091],[-7.45177,40.00004],[-7.4608,39.99656],[-7.47082,39.99818],[-7.48048,39.99577],[-7.48495,40.00178],[-7.48987,40.00311],[-7.49257,40.02467],[-7.49645,40.03022],[-7.49403,40.04581],[-7.4976,40.05906],[-7.51209,40.06846],[-7.51649,40.07181],[-7.5175,40.07787],[-7.52509,40.08062],[-7.54944,40.07434],[-7.56614,40.07326],[-7.60041,40.08233],[-7.62218,40.08143],[-7.63898,40.0802],[-7.66685,40.0681],[-7.68136,40.0493],[-7.68793,40.04162],[-7.70923,40.02863],[-7.71907,40.02],[-7.74225,40.02312],[-7.74844,40.01278],[-7.77301,40.02776],[-7.79289,40.02836],[-7.80268,40.02777],[-7.80831,40.03574],[-7.80292,40.04613],[-7.808,40.05098],[-7.8014,40.05922],[-7.80528,40.06938],[-7.80159,40.07458],[-7.8115,40.07442],[-7.81398,40.07678],[-7.79915,40.08634],[-7.79065,40.08577],[-7.78827,40.07767],[-7.77535,40.0657],[-7.77249,40.07289],[-7.74339,40.09419],[-7.74719,40.09936],[-7.73437,40.10667],[-7.73604,40.12178],[-7.74738,40.13004],[-7.76943,40.14176],[-7.77349,40.14575],[-7.77393,40.15513],[-7.79583,40.16087],[-7.80077,40.16741],[-7.80177,40.17629],[-7.809,40.18177],[-7.79595,40.20093],[-7.78434,40.20819],[-7.78239,40.22992],[-7.788,40.23974],[-7.80295,40.25507],[-7.82184,40.25727],[-7.82553,40.2663],[-7.8174,40.27178],[-7.8181,40.28216],[-7.81081,40.28775],[-7.80191,40.30906],[-7.79405,40.30936],[-7.77981,40.3178],[-7.76598,40.31683],[-7.75923,40.33496],[-7.76302,40.33655],[-7.77857,40.33676],[-7.78758,40.3458],[-7.80387,40.34908],[-7.80481,40.35351],[-7.80357,40.3581],[-7.79637,40.36435],[-7.79874,40.36879],[-7.7965,40.37404],[-7.79838,40.38122],[-7.79713,40.40504],[-7.8091,40.40582],[-7.82564,40.40359],[-7.83197,40.40701],[-7.83397,40.40851],[-7.84513,40.41409],[-7.84546,40.42404],[-7.84922,40.42743],[-7.82603,40.44019],[-7.81071,40.43961],[-7.79695,40.45742],[-7.82654,40.48177],[-7.82831,40.49855],[-7.82328,40.50229],[-7.82204,40.50743],[-7.81617,40.50926],[-7.78564,40.50704],[-7.75342,40.52712],[-7.74562,40.52642],[-7.72115,40.53558],[-7.7093,40.54473],[-7.6984,40.54781],[-7.68989,40.54662],[-7.68144,40.55201],[-7.66952,40.55255],[-7.66502,40.55971],[-7.65515,40.55965],[-7.63442,40.56768],[-7.6066,40.56503],[-7.58031,40.57496],[-7.5877,40.57854],[-7.58608,40.5931],[-7.57385,40.61658],[-7.56934,40.62301],[-7.56257,40.63572],[-7.56582,40.64533],[-7.5421,40.65939],[-7.55184,40.66761],[-7.5508,40.67672],[-7.53514,40.6903],[-7.52962,40.69448],[-7.52177,40.69909],[-7.51209,40.69954],[-7.49402,40.69814],[-7.48046,40.70348],[-7.47286,40.71007],[-7.47262,40.71383],[-7.47807,40.72914],[-7.46471,40.74456],[-7.44732,40.7457],[-7.4245,40.75814],[-7.42221,40.76515],[-7.42425,40.77102],[-7.44724,40.78432],[-7.45399,40.7856],[-7.46134,40.79151],[-7.46217,40.79272],[-7.4665,40.80279],[-7.45408,40.80792],[-7.4542,40.81261],[-7.44523,40.8166],[-7.4373,40.8231],[-7.43586,40.82461],[-7.43421,40.82902],[-7.42392,40.84584],[-7.41343,40.85724],[-7.40211,40.8787],[-7.38995,40.87846],[-7.37948,40.87038],[-7.3783,40.8747],[-7.38324,40.88068],[-7.37548,40.88993],[-7.37551,40.90456],[-7.37326,40.91293],[-7.3583,40.92736],[-7.33663,40.93446],[-7.33272,40.93857],[-7.33404,40.94529],[-7.3258,40.97032],[-7.33111,40.97646],[-7.33856,40.98049],[-7.35445,40.98252],[-7.36655,40.99037],[-7.37647,40.99219],[-7.37595,40.99961],[-7.37944,41.00676],[-7.37628,41.01346],[-7.34059,41.01267],[-7.33351,41.02347],[-7.31954,41.01681],[-7.29564,41.01554],[-7.26067,41.01813],[-7.2461,41.00645],[-7.23427,41.01722],[-7.23113,41.02718],[-7.22251,41.03426],[-7.20101,41.03659],[-7.17771,41.02914],[-7.16854,41.01304]]]}},{"type":"Feature","properties":{"region_key":"PT1A0","name_pt":"Grande Lisboa","name_es":"Grande Lisboa","name_en":"Grande Lisboa","kind":"district_province","source_nuts_id":"PT1A0"},"geometry":{"type":"MultiPolygon","coordinates":[[[[-9.39083,39.06316],[-9.37591,39.05474],[-9.36406,39.05603],[-9.351,39.05288],[-9.3525,39.04812],[-9.3489,39.04342],[-9.35443,39.0405],[-9.35072,39.03401],[-9.33359,39.02672],[-9.33412,39.02192],[-9.33921,39.01706],[-9.33002,39.01128],[-9.31774,39.01157],[-9.30885,39.00722],[-9.30085,39.01681],[-9.30199,39.02303],[-9.29927,39.02726],[-9.29111,39.02675],[-9.28974,39.02231],[-9.26415,39.02032],[-9.24391,39.00563],[-9.23488,39.00696],[-9.22555,39.01753],[-9.21623,39.01871],[-9.21243,39.01042],[-9.20554,39.00077],[-9.20404,38.9935],[-9.20236,38.984],[-9.20618,38.96955],[-9.23079,38.96327],[-9.22962,38.95464],[-9.2405,38.94854],[-9.23252,38.94837],[-9.21159,38.95232],[-9.20936,38.95637],[-9.20008,38.95765],[-9.1912,38.95671],[-9.18725,38.95232],[-9.18093,38.95273],[-9.17413,38.95739],[-9.16458,38.95637],[-9.16113,38.94916],[-9.16403,38.93479],[-9.15943,38.92978],[-9.15011,38.93942],[-9.14457,38.93724],[-9.1352,38.9402],[-9.12888,38.93914],[-9.11043,38.9235],[-9.09665,38.92213],[-9.08358,38.92914],[-9.08045,38.92935],[-9.08035,38.93221],[-9.08755,38.9469],[-9.10019,38.95707],[-9.09401,38.96374],[-9.0943,38.96721],[-9.08506,38.96748],[-9.05734,38.954],[-9.05119,38.95509],[-9.04319,38.96252],[-9.02609,38.96099],[-9.02217,38.97834],[-9.02443,38.9858],[-9.03059,38.99192],[-9.03097,38.99797],[-9.03886,39.00882],[-9.02649,39.01635],[-9.01759,39.01344],[-9.01048,39.01478],[-9.00359,39.00259],[-8.9894,39.00312],[-8.98045,39.01402],[-8.97505,39.01527],[-8.94043,39.00072],[-8.93685,39.00614],[-8.93556,39.01046],[-8.93363,39.014],[-8.93028,39.01803],[-8.91262,39.02717],[-8.91081,39.02328],[-8.91758,39.0146],[-8.91363,39.00806],[-8.90683,39.00655],[-8.88364,39.00999],[-8.87969,39.0153],[-8.8933,39.02269],[-8.88971,39.03157],[-8.86069,39.02866],[-8.85896,39.02488],[-8.84259,39.01672],[-8.86056,38.9978],[-8.86418,38.98972],[-8.86382,38.98046],[-8.87746,38.97219],[-8.87573,38.96966],[-8.854,38.96376],[-8.85138,38.96031],[-8.87128,38.95063],[-8.88534,38.94788],[-8.89158,38.94362],[-8.89395,38.93463],[-8.89181,38.92579],[-8.91025,38.90486],[-8.9127,38.88695],[-8.93302,38.86775],[-8.94519,38.84868],[-8.96184,38.83839],[-8.96847,38.82776],[-8.99749,38.80509],[-9.01168,38.82044],[-9.01196,38.83752],[-9.00365,38.84793],[-8.98919,38.85059],[-8.98677,38.86031],[-9.01006,38.84984],[-9.01919,38.83876],[-9.02357,38.84227],[-9.01316,38.87224],[-8.99274,38.8873],[-8.98938,38.9109],[-8.99003,38.9318],[-8.98591,38.94915],[-8.98989,38.94797],[-9.00359,38.93049],[-9.00511,38.92497],[-9.00816,38.92078],[-9.01253,38.91621],[-9.01429,38.91286],[-9.01979,38.8908],[-9.03426,38.87421],[-9.04143,38.86705],[-9.06022,38.858],[-9.07177,38.84363],[-9.08751,38.81502],[-9.08963,38.7962],[-9.09101,38.7592],[-9.09462,38.75326],[-9.09531,38.75076],[-9.10264,38.73367],[-9.10999,38.72424],[-9.12229,38.71282],[-9.14123,38.70555],[-9.15202,38.70519],[-9.17579,38.69861],[-9.21342,38.69223],[-9.22976,38.69523],[-9.26003,38.69964],[-9.28516,38.69685],[-9.30289,38.68657],[-9.31254,38.6839],[-9.31836,38.6759],[-9.32698,38.67601],[-9.34723,38.68174],[-9.3683,38.69277],[-9.39232,38.70163],[-9.40458,38.70318],[-9.41763,38.699],[-9.41896,38.69645],[-9.41608,38.69217],[-9.41974,38.68997],[-9.42859,38.6902],[-9.43983,38.69523],[-9.46097,38.69565],[-9.48551,38.70851],[-9.47366,38.73335],[-9.47411,38.75076],[-9.48378,38.75735],[-9.49418,38.76855],[-9.49452,38.77542],[-9.49968,38.78098],[-9.45853,38.84686],[-9.41975,38.93248],[-9.41575,38.94573],[-9.41663,38.95274],[-9.4222,38.98026],[-9.41992,38.98831],[-9.42474,38.9939],[-9.42664,39.00197],[-9.42187,39.01289],[-9.42451,39.02099],[-9.41677,39.04217],[-9.4164,39.05476],[-9.41243,39.05364],[-9.40457,39.06039],[-9.39083,39.06316]]],[[[-9.04602,38.83311],[-9.08617,38.80379],[-9.08241,38.82002],[-9.06302,38.85091],[-9.02711,38.87372],[-9.02812,38.86699],[-9.04602,38.83311]]]]}},{"type":"Feature","properties":{"region_key":"PT1B0","name_pt":"Pen\u00ednsula de Set\u00fabal","name_es":"Pen\u00ednsula de Set\u00fabal","name_en":"Pen\u00ednsula de Set\u00fabal","kind":"district_province","source_nuts_id":"PT1B0"},"geometry":{"type":"Polygon","coordinates":[[[-8.6595,38.81372],[-8.64762,38.8095],[-8.63986,38.81005],[-8.62796,38.83067],[-8.61037,38.83919],[-8.59698,38.84037],[-8.59972,38.83149],[-8.605,38.82613],[-8.6048,38.79566],[-8.61187,38.78273],[-8.58597,38.76763],[-8.57299,38.7718],[-8.55787,38.76902],[-8.5468,38.76344],[-8.49843,38.76288],[-8.49196,38.76101],[-8.49173,38.7546],[-8.50462,38.74645],[-8.51056,38.73627],[-8.50989,38.72961],[-8.5018,38.72248],[-8.50216,38.71565],[-8.51933,38.70889],[-8.53106,38.6926],[-8.54208,38.68567],[-8.55854,38.67819],[-8.56621,38.67818],[-8.5775,38.67211],[-8.5792,38.66633],[-8.60152,38.64589],[-8.61245,38.64467],[-8.62177,38.634],[-8.65271,38.61109],[-8.65663,38.60467],[-8.64801,38.57759],[-8.6413,38.56719],[-8.63911,38.54949],[-8.64762,38.54842],[-8.68013,38.54268],[-8.69971,38.52324],[-8.71593,38.51421],[-8.73502,38.5157],[-8.74094,38.53377],[-8.73628,38.54665],[-8.74024,38.55281],[-8.7399,38.56528],[-8.7466,38.56314],[-8.74858,38.5509],[-8.76464,38.53648],[-8.7789,38.53309],[-8.78742,38.54113],[-8.80278,38.53259],[-8.80298,38.5282],[-8.78993,38.52039],[-8.7902,38.51468],[-8.78363,38.50874],[-8.76783,38.50498],[-8.76562,38.49994],[-8.77102,38.49329],[-8.77919,38.49225],[-8.78438,38.48844],[-8.8116,38.48888],[-8.83157,38.49368],[-8.84999,38.50783],[-8.88786,38.52048],[-8.90407,38.51737],[-8.92271,38.50864],[-8.93622,38.48756],[-8.94421,38.48439],[-8.96385,38.48434],[-8.98144,38.47885],[-8.9843,38.47206],[-8.99448,38.46249],[-9.01765,38.45408],[-9.02842,38.44694],[-9.03908,38.44751],[-9.05229,38.44076],[-9.06025,38.44042],[-9.0653,38.43528],[-9.085,38.43743],[-9.10016,38.44213],[-9.10999,38.44117],[-9.11528,38.43442],[-9.14123,38.43001],[-9.16773,38.42963],[-9.19615,38.40985],[-9.21959,38.41373],[-9.21694,38.42851],[-9.19358,38.46318],[-9.18439,38.48968],[-9.18276,38.52073],[-9.18781,38.55026],[-9.19091,38.56075],[-9.21874,38.61637],[-9.25259,38.65749],[-9.25886,38.66337],[-9.24703,38.66705],[-9.23995,38.67416],[-9.18688,38.67884],[-9.14762,38.68786],[-9.14383,38.67881],[-9.14973,38.67264],[-9.14646,38.66666],[-9.14123,38.66692],[-9.13768,38.65964],[-9.11313,38.64873],[-9.1164,38.6469],[-9.12648,38.65041],[-9.12473,38.64405],[-9.1333,38.64275],[-9.11553,38.63735],[-9.10735,38.62128],[-9.10586,38.64353],[-9.09531,38.64684],[-9.08368,38.64441],[-9.0846,38.63944],[-9.07591,38.63937],[-9.04957,38.60022],[-9.04999,38.61225],[-9.05525,38.61919],[-9.05367,38.62905],[-9.0653,38.63576],[-9.06712,38.64959],[-9.07991,38.65188],[-9.08065,38.65761],[-9.08807,38.65723],[-9.08849,38.66171],[-9.07195,38.66723],[-9.07047,38.67128],[-9.06123,38.67535],[-9.05959,38.68253],[-9.05422,38.67842],[-9.04529,38.6778],[-9.04028,38.66166],[-9.03358,38.66213],[-9.0315,38.66872],[-9.0205,38.66896],[-8.99566,38.6539],[-9.00228,38.66781],[-9.0123,38.67224],[-9.00878,38.68426],[-9.00456,38.68797],[-9.00225,38.68836],[-8.98206,38.68582],[-8.97579,38.68126],[-8.97945,38.69244],[-8.97738,38.69597],[-8.96424,38.69613],[-8.95737,38.6926],[-8.96182,38.69826],[-8.98144,38.70192],[-9.00528,38.69973],[-9.00858,38.70309],[-9.03207,38.7006],[-9.04853,38.69124],[-9.04471,38.71544],[-9.02408,38.72573],[-9.00893,38.72955],[-9.01085,38.73262],[-9.00664,38.73705],[-8.97267,38.74892],[-8.96974,38.75076],[-8.94753,38.7616],[-8.93145,38.76159],[-8.92488,38.75867],[-8.924,38.75076],[-8.91349,38.74403],[-8.90935,38.73299],[-8.90269,38.73164],[-8.89992,38.73339],[-8.90783,38.73901],[-8.90471,38.74564],[-8.89101,38.74207],[-8.86332,38.75076],[-8.85005,38.75854],[-8.83798,38.76152],[-8.82142,38.75076],[-8.81404,38.74551],[-8.8103,38.74012],[-8.80162,38.74098],[-8.78892,38.73411],[-8.76654,38.73787],[-8.75443,38.7428],[-8.74922,38.75076],[-8.74301,38.77869],[-8.70878,38.82751],[-8.70421,38.84096],[-8.70808,38.84535],[-8.69656,38.83973],[-8.68601,38.82709],[-8.66921,38.82163],[-8.6595,38.81372]]]}},{"type":"Feature","properties":{"region_key":"PT1C1","name_pt":"Alentejo Litoral","name_es":"Alentejo Litoral","name_en":"Alentejo Litoral","kind":"district_province","source_nuts_id":"PT1C1"},"geometry":{"type":"Polygon","coordinates":[[[-8.61498,38.55263],[-8.5891,38.54258],[-8.57522,38.54792],[-8.57179,38.53214],[-8.53373,38.52799],[-8.52914,38.51341],[-8.52154,38.51232],[-8.50801,38.51902],[-8.50786,38.52765],[-8.51902,38.54261],[-8.49941,38.54838],[-8.49501,38.546],[-8.49136,38.53021],[-8.48009,38.53182],[-8.47592,38.51677],[-8.44604,38.52645],[-8.43984,38.522],[-8.42148,38.52156],[-8.41035,38.52563],[-8.39737,38.53845],[-8.36912,38.54574],[-8.35747,38.52445],[-8.33616,38.50665],[-8.32918,38.48954],[-8.32292,38.48266],[-8.3116,38.46044],[-8.32299,38.4524],[-8.3234,38.43839],[-8.28898,38.43764],[-8.28837,38.42663],[-8.29482,38.42241],[-8.28692,38.41157],[-8.30214,38.39768],[-8.31696,38.37575],[-8.28073,38.3712],[-8.26925,38.35362],[-8.25853,38.35302],[-8.23873,38.3466],[-8.2001,38.34319],[-8.17176,38.32078],[-8.16437,38.31984],[-8.14337,38.29769],[-8.13578,38.27396],[-8.13036,38.26646],[-8.12986,38.22399],[-8.14306,38.21953],[-8.16708,38.21685],[-8.18862,38.20525],[-8.20284,38.2012],[-8.22032,38.20227],[-8.22936,38.19648],[-8.23818,38.18165],[-8.24524,38.17907],[-8.25483,38.182],[-8.26644,38.18072],[-8.27659,38.18651],[-8.28357,38.18628],[-8.28928,38.17111],[-8.28768,38.16152],[-8.2917,38.15328],[-8.2932,38.13845],[-8.30897,38.13792],[-8.31701,38.14569],[-8.33412,38.15386],[-8.33876,38.14165],[-8.35011,38.14162],[-8.35509,38.13808],[-8.35447,38.12055],[-8.3632,38.10459],[-8.36967,38.10388],[-8.38509,38.11522],[-8.38988,38.1135],[-8.40099,38.0793],[-8.40881,38.0724],[-8.40774,38.06639],[-8.39657,38.05421],[-8.37432,38.04252],[-8.37255,38.03227],[-8.36242,38.0239],[-8.35401,38.02569],[-8.34618,38.01783],[-8.32288,38.02402],[-8.30776,38.0073],[-8.30401,37.9989],[-8.29361,37.99332],[-8.29476,37.95919],[-8.29592,37.95099],[-8.30396,37.9352],[-8.30712,37.92995],[-8.3011,37.92627],[-8.3001,37.92413],[-8.30736,37.91426],[-8.30823,37.9078],[-8.30063,37.89896],[-8.31177,37.89151],[-8.3128,37.88096],[-8.33465,37.86722],[-8.33077,37.84703],[-8.35559,37.85374],[-8.36941,37.86073],[-8.40092,37.86265],[-8.39971,37.83773],[-8.39205,37.81262],[-8.39682,37.78551],[-8.39356,37.78096],[-8.38282,37.7839],[-8.37426,37.76887],[-8.39968,37.75637],[-8.40055,37.74663],[-8.40445,37.74288],[-8.41077,37.74363],[-8.41409,37.73703],[-8.42906,37.7365],[-8.43122,37.73194],[-8.44591,37.72247],[-8.44838,37.71741],[-8.46677,37.70745],[-8.46478,37.70474],[-8.44603,37.70766],[-8.42592,37.70648],[-8.39306,37.68953],[-8.39193,37.68383],[-8.38541,37.68051],[-8.37589,37.68338],[-8.35333,37.67844],[-8.34403,37.68143],[-8.33935,37.68023],[-8.33892,37.67549],[-8.3367,37.67239],[-8.33216,37.67061],[-8.33199,37.66265],[-8.33923,37.66413],[-8.3408,37.65479],[-8.3377,37.63599],[-8.34091,37.62606],[-8.33483,37.61486],[-8.33611,37.60804],[-8.32749,37.60384],[-8.31955,37.58167],[-8.31391,37.57681],[-8.31502,37.5673],[-8.31795,37.56687],[-8.31831,37.5702],[-8.32441,37.56471],[-8.33214,37.5675],[-8.3366,37.5635],[-8.34136,37.56378],[-8.35101,37.5511],[-8.36497,37.55262],[-8.36664,37.54214],[-8.3591,37.5372],[-8.36538,37.52849],[-8.37184,37.52585],[-8.39247,37.5148],[-8.37821,37.50324],[-8.3801,37.49806],[-8.3885,37.48315],[-8.39455,37.48129],[-8.40204,37.47128],[-8.39839,37.46515],[-8.38616,37.46384],[-8.37797,37.45597],[-8.37485,37.44748],[-8.37898,37.43541],[-8.37793,37.42726],[-8.39947,37.42574],[-8.40617,37.42368],[-8.40936,37.41948],[-8.4175,37.41874],[-8.41942,37.41056],[-8.42416,37.40894],[-8.42228,37.39452],[-8.42761,37.38635],[-8.43111,37.38402],[-8.44724,37.3851],[-8.45454,37.37372],[-8.46049,37.37507],[-8.48049,37.38323],[-8.49454,37.38566],[-8.50772,37.38496],[-8.51508,37.37872],[-8.56972,37.41042],[-8.57328,37.41103],[-8.58031,37.40622],[-8.591,37.40259],[-8.62162,37.39977],[-8.63428,37.3854],[-8.63783,37.37705],[-8.64479,37.37681],[-8.64744,37.38347],[-8.65372,37.38712],[-8.66244,37.39898],[-8.68272,37.40029],[-8.69042,37.39627],[-8.71942,37.40006],[-8.73297,37.39729],[-8.73753,37.40259],[-8.73855,37.4132],[-8.74835,37.41706],[-8.74536,37.42382],[-8.75114,37.42396],[-8.75058,37.43125],[-8.75885,37.42971],[-8.77031,37.43624],[-8.78977,37.43505],[-8.79627,37.44288],[-8.8015,37.4471],[-8.79802,37.46363],[-8.79925,37.47867],[-8.79502,37.48353],[-8.79575,37.49617],[-8.79169,37.50491],[-8.79328,37.5102],[-8.78987,37.52123],[-8.78756,37.52276],[-8.78659,37.53548],[-8.79463,37.55501],[-8.79375,37.56018],[-8.80548,37.57704],[-8.81162,37.58086],[-8.81349,37.58758],[-8.81864,37.59933],[-8.81201,37.61098],[-8.81004,37.62989],[-8.79569,37.67821],[-8.79291,37.6947],[-8.79448,37.70317],[-8.78808,37.71276],[-8.78891,37.71784],[-8.79785,37.7358],[-8.81152,37.74503],[-8.80502,37.76916],[-8.80629,37.77457],[-8.80223,37.78054],[-8.80144,37.79536],[-8.79297,37.81953],[-8.79081,37.83782],[-8.79543,37.85085],[-8.79293,37.86655],[-8.79765,37.89461],[-8.80056,37.9079],[-8.81051,37.92766],[-8.83264,37.93709],[-8.84031,37.93744],[-8.84888,37.93389],[-8.86468,37.94945],[-8.88327,37.95065],[-8.88782,37.95512],[-8.88481,37.96222],[-8.87191,37.96997],[-8.85972,37.9861],[-8.82562,38.04929],[-8.82367,38.05337],[-8.79672,38.12136],[-8.78056,38.18241],[-8.77582,38.245],[-8.78056,38.30101],[-8.78732,38.33568],[-8.80302,38.37838],[-8.81628,38.40387],[-8.83654,38.43051],[-8.89889,38.47708],[-8.90792,38.48576],[-8.90875,38.49111],[-8.90122,38.49322],[-8.89274,38.49094],[-8.88408,38.47737],[-8.87898,38.48145],[-8.85409,38.4594],[-8.82776,38.44542],[-8.81895,38.421],[-8.79824,38.39021],[-8.78749,38.41052],[-8.7893,38.41517],[-8.79606,38.41912],[-8.79763,38.42476],[-8.80792,38.42844],[-8.80476,38.44064],[-8.79835,38.43957],[-8.78905,38.42324],[-8.77843,38.41902],[-8.77535,38.40983],[-8.76783,38.40701],[-8.76185,38.40775],[-8.74715,38.41682],[-8.73597,38.41863],[-8.69352,38.41569],[-8.69081,38.41605],[-8.68158,38.41323],[-8.66873,38.40874],[-8.65056,38.40371],[-8.65046,38.40739],[-8.65765,38.40874],[-8.70026,38.44272],[-8.71979,38.44107],[-8.7258,38.50122],[-8.72882,38.51216],[-8.73412,38.51259],[-8.73502,38.5157],[-8.71593,38.51421],[-8.69971,38.52324],[-8.68013,38.54268],[-8.64762,38.54842],[-8.61498,38.55263]]]}},{"type":"Feature","properties":{"region_key":"PT1C2","name_pt":"Baixo Alentejo","name_es":"Baixo Alentejo","name_en":"Baixo Alentejo","kind":"district_province","source_nuts_id":"PT1C2"},"geometry":{"type":"Polygon","coordinates":[[[-7.27813,38.32044],[-7.26491,38.30552],[-7.25962,38.28182],[-7.25113,38.27212],[-7.23522,38.25783],[-7.22413,38.25688],[-7.19158,38.24647],[-7.19849,38.2238],[-7.18427,38.20641],[-7.17638,38.19049],[-7.16026,38.16136],[-7.15203,38.15465],[-7.1508,38.15857],[-7.15467,38.16563],[-7.15186,38.173],[-7.13,38.17177],[-7.12361,38.18478],[-7.10795,38.18812],[-7.09778,38.17976],[-7.08951,38.17782],[-7.08481,38.17041],[-7.06818,38.17861],[-7.0651,38.1863],[-7.0569,38.185],[-7.05843,38.17889],[-7.04958,38.1805],[-7.04562,38.18514],[-7.03997,38.18671],[-7.02838,38.18321],[-7.01902,38.19049],[-7.01567,38.19639],[-7.01045,38.19742],[-7.01035,38.20426],[-6.99613,38.20397],[-6.98172,38.21052],[-6.97842,38.20746],[-6.97144,38.20344],[-6.9564,38.21647],[-6.94917,38.2173],[-6.94725,38.2125],[-6.93789,38.2197],[-6.93755,38.20836],[-6.93174,38.20838],[-6.93722,38.19834],[-6.95726,38.18246],[-6.96841,38.16539],[-6.96547,38.15712],[-6.95352,38.1528],[-6.95835,38.14922],[-6.96059,38.14094],[-6.95892,38.13509],[-6.96603,38.13244],[-6.97191,38.11074],[-6.97842,38.10471],[-6.98745,38.10395],[-6.98886,38.09808],[-6.98978,38.09636],[-6.98917,38.09444],[-6.98991,38.09182],[-6.99016,38.05911],[-7.00055,38.04688],[-7.00043,38.03342],[-7.00564,38.02223],[-7.02444,38.02422],[-7.04454,38.0158],[-7.0597,38.0186],[-7.06831,38.03248],[-7.09328,38.04074],[-7.09862,38.04317],[-7.10769,38.04052],[-7.1171,38.03191],[-7.12711,38.02998],[-7.12636,38.02421],[-7.13164,38.02124],[-7.12838,38.0189],[-7.12842,38.01125],[-7.12285,38.00542],[-7.13182,38.0008],[-7.14636,38.00212],[-7.1557,37.9947],[-7.17289,37.99405],[-7.18319,37.99794],[-7.18708,38.00314],[-7.20271,38.00277],[-7.20812,37.99706],[-7.22571,37.98918],[-7.24079,37.99184],[-7.24691,37.99032],[-7.26259,37.97884],[-7.25094,37.96459],[-7.24948,37.95537],[-7.25713,37.93216],[-7.25574,37.92411],[-7.26166,37.92314],[-7.27455,37.89981],[-7.2818,37.89709],[-7.28043,37.87707],[-7.28662,37.86557],[-7.29714,37.85645],[-7.3006,37.84297],[-7.30336,37.83955],[-7.30799,37.83773],[-7.30979,37.83656],[-7.31211,37.83349],[-7.31434,37.82864],[-7.31653,37.82634],[-7.32028,37.82371],[-7.32388,37.8165],[-7.35584,37.79924],[-7.39625,37.76529],[-7.40753,37.7665],[-7.41385,37.76039],[-7.42075,37.7585],[-7.41967,37.74515],[-7.42806,37.74113],[-7.42724,37.73255],[-7.43783,37.71328],[-7.43929,37.70115],[-7.44662,37.69875],[-7.44443,37.6882],[-7.45149,37.67812],[-7.44648,37.66497],[-7.45598,37.66191],[-7.4525,37.65812],[-7.45451,37.64783],[-7.46636,37.64872],[-7.46455,37.64143],[-7.47024,37.63512],[-7.47149,37.62544],[-7.48126,37.62403],[-7.48122,37.61827],[-7.48892,37.60491],[-7.50276,37.60432],[-7.49726,37.59346],[-7.5014,37.58374],[-7.50207,37.58134],[-7.5015,37.57844],[-7.5148,37.56995],[-7.51394,37.56692],[-7.50789,37.56543],[-7.50756,37.55836],[-7.51795,37.5595],[-7.52294,37.55345],[-7.51993,37.5473],[-7.51812,37.54512],[-7.51479,37.54208],[-7.51333,37.53976],[-7.51267,37.5379],[-7.51298,37.52841],[-7.51269,37.52626],[-7.52347,37.52837],[-7.5444,37.5209],[-7.54821,37.52496],[-7.56183,37.52238],[-7.56548,37.52655],[-7.57435,37.52834],[-7.581,37.51606],[-7.59425,37.51414],[-7.59743,37.50361],[-7.61409,37.4995],[-7.61437,37.49505],[-7.61562,37.49337],[-7.61944,37.49096],[-7.63126,37.49505],[-7.63814,37.49999],[-7.64265,37.49897],[-7.64587,37.49505],[-7.64916,37.49505],[-7.6523,37.50152],[-7.65741,37.50107],[-7.66225,37.50494],[-7.66915,37.50318],[-7.67476,37.50503],[-7.68358,37.50194],[-7.71276,37.50019],[-7.72316,37.49347],[-7.7301,37.49635],[-7.73559,37.49113],[-7.74381,37.48929],[-7.75049,37.48173],[-7.76322,37.48451],[-7.76478,37.48028],[-7.77306,37.4787],[-7.78584,37.47011],[-7.7942,37.46944],[-7.81822,37.45424],[-7.8214,37.45504],[-7.82331,37.46047],[-7.83243,37.44967],[-7.85338,37.44777],[-7.85926,37.43723],[-7.86859,37.43855],[-7.87797,37.43314],[-7.89155,37.43469],[-7.8959,37.42633],[-7.89207,37.42515],[-7.88911,37.41771],[-7.89101,37.41541],[-7.90073,37.41582],[-7.90763,37.40579],[-7.91161,37.40948],[-7.91926,37.40877],[-7.92423,37.41199],[-7.93944,37.40416],[-7.94267,37.40939],[-7.95357,37.40489],[-7.96234,37.40954],[-7.97261,37.40329],[-7.98297,37.40613],[-7.98431,37.39819],[-7.9991,37.3959],[-8.00312,37.38913],[-8.00144,37.38274],[-8.0043,37.37761],[-7.99924,37.3704],[-7.99365,37.36924],[-7.99113,37.3637],[-7.99862,37.36337],[-8.00266,37.35867],[-8.01556,37.3598],[-8.02076,37.35332],[-8.02774,37.35367],[-8.03571,37.34774],[-8.03714,37.33864],[-8.04326,37.33685],[-8.06624,37.31984],[-8.08032,37.32784],[-8.08926,37.32745],[-8.11191,37.32829],[-8.12257,37.33133],[-8.14809,37.33226],[-8.18227,37.34204],[-8.18724,37.3411],[-8.19677,37.34722],[-8.20166,37.35408],[-8.23277,37.36924],[-8.24461,37.3775],[-8.25228,37.3854],[-8.2667,37.38518],[-8.27291,37.38824],[-8.27443,37.40259],[-8.26643,37.40918],[-8.27705,37.41338],[-8.27838,37.42457],[-8.28416,37.43006],[-8.29963,37.43383],[-8.30965,37.43193],[-8.31661,37.43813],[-8.32398,37.4273],[-8.32963,37.42478],[-8.33636,37.43236],[-8.34374,37.4263],[-8.3597,37.431],[-8.3665,37.43079],[-8.37184,37.42626],[-8.37793,37.42726],[-8.37898,37.43541],[-8.37485,37.44748],[-8.37797,37.45597],[-8.38616,37.46384],[-8.39839,37.46515],[-8.40204,37.47128],[-8.39455,37.48129],[-8.3885,37.48315],[-8.3801,37.49806],[-8.37821,37.50324],[-8.39247,37.5148],[-8.37184,37.52585],[-8.36538,37.52849],[-8.3591,37.5372],[-8.36664,37.54214],[-8.36497,37.55262],[-8.35101,37.5511],[-8.34136,37.56378],[-8.3366,37.5635],[-8.33214,37.5675],[-8.32441,37.56471],[-8.31831,37.5702],[-8.31795,37.56687],[-8.31502,37.5673],[-8.31391,37.57681],[-8.31955,37.58167],[-8.32749,37.60384],[-8.33611,37.60804],[-8.33483,37.61486],[-8.34091,37.62606],[-8.3377,37.63599],[-8.3408,37.65479],[-8.33923,37.66413],[-8.33199,37.66265],[-8.33216,37.67061],[-8.3367,37.67239],[-8.33892,37.67549],[-8.33935,37.68023],[-8.34403,37.68143],[-8.35333,37.67844],[-8.37589,37.68338],[-8.38541,37.68051],[-8.39193,37.68383],[-8.39306,37.68953],[-8.42592,37.70648],[-8.44603,37.70766],[-8.46478,37.70474],[-8.46677,37.70745],[-8.44838,37.71741],[-8.44591,37.72247],[-8.43122,37.73194],[-8.42906,37.7365],[-8.41409,37.73703],[-8.41077,37.74363],[-8.40445,37.74288],[-8.40055,37.74663],[-8.39968,37.75637],[-8.37426,37.76887],[-8.38282,37.7839],[-8.39356,37.78096],[-8.39682,37.78551],[-8.39205,37.81262],[-8.39971,37.83773],[-8.40092,37.86265],[-8.36941,37.86073],[-8.35559,37.85374],[-8.33077,37.84703],[-8.33465,37.86722],[-8.3128,37.88096],[-8.31177,37.89151],[-8.30063,37.89896],[-8.30823,37.9078],[-8.30736,37.91426],[-8.3001,37.92413],[-8.3011,37.92627],[-8.30712,37.92995],[-8.30396,37.9352],[-8.29592,37.95099],[-8.29476,37.95919],[-8.29361,37.99332],[-8.30401,37.9989],[-8.30776,38.0073],[-8.32288,38.02402],[-8.34618,38.01783],[-8.35401,38.02569],[-8.36242,38.0239],[-8.37255,38.03227],[-8.37432,38.04252],[-8.39657,38.05421],[-8.40774,38.06639],[-8.40881,38.0724],[-8.40099,38.0793],[-8.38988,38.1135],[-8.38509,38.11522],[-8.36967,38.10388],[-8.3632,38.10459],[-8.35447,38.12055],[-8.35509,38.13808],[-8.35011,38.14162],[-8.33876,38.14165],[-8.33412,38.15386],[-8.31701,38.14569],[-8.30897,38.13792],[-8.2932,38.13845],[-8.2917,38.15328],[-8.28768,38.16152],[-8.28928,38.17111],[-8.28357,38.18628],[-8.27659,38.18651],[-8.26644,38.18072],[-8.25483,38.182],[-8.24524,38.17907],[-8.23818,38.18165],[-8.22936,38.19648],[-8.22032,38.20227],[-8.20284,38.2012],[-8.18862,38.20525],[-8.16708,38.21685],[-8.14306,38.21953],[-8.12986,38.22399],[-8.13036,38.26646],[-8.13578,38.27396],[-8.14337,38.29769],[-8.16437,38.31984],[-8.16056,38.32137],[-8.16049,38.32709],[-8.15338,38.32886],[-8.13907,38.3141],[-8.12089,38.31487],[-8.11149,38.31972],[-8.07835,38.32176],[-8.07004,38.31887],[-8.05479,38.32741],[-8.04324,38.32495],[-8.0206,38.30153],[-8.00769,38.30008],[-7.99568,38.30249],[-7.99242,38.30937],[-7.97981,38.31676],[-7.94711,38.30493],[-7.93649,38.30138],[-7.92901,38.29549],[-7.90985,38.28774],[-7.91064,38.28269],[-7.90716,38.28068],[-7.90072,38.28356],[-7.86824,38.26441],[-7.86166,38.2648],[-7.84657,38.25806],[-7.83709,38.25283],[-7.824,38.25343],[-7.81532,38.24483],[-7.80538,38.24601],[-7.79068,38.25399],[-7.78548,38.25212],[-7.77172,38.24828],[-7.75886,38.2462],[-7.73423,38.23058],[-7.71136,38.21438],[-7.6927,38.21087],[-7.67521,38.20351],[-7.66776,38.20076],[-7.63501,38.20953],[-7.60952,38.20315],[-7.59116,38.20345],[-7.57902,38.19415],[-7.56787,38.19018],[-7.54799,38.19443],[-7.50104,38.18893],[-7.49161,38.19011],[-7.49691,38.19931],[-7.49519,38.20635],[-7.48775,38.21099],[-7.46693,38.216],[-7.4572,38.22737],[-7.45708,38.22937],[-7.45229,38.23534],[-7.43842,38.24312],[-7.43167,38.2604],[-7.41012,38.26694],[-7.40826,38.27631],[-7.40127,38.28303],[-7.39799,38.2908],[-7.40549,38.29483],[-7.40584,38.29832],[-7.398,38.29861],[-7.39402,38.29571],[-7.3851,38.30151],[-7.37579,38.2988],[-7.35744,38.29945],[-7.33653,38.3199],[-7.32537,38.31708],[-7.31968,38.31772],[-7.31034,38.32485],[-7.29484,38.32651],[-7.28738,38.3307],[-7.27641,38.32643],[-7.27813,38.32044]]]}},{"type":"Feature","properties":{"region_key":"PT1C3","name_pt":"Alto Alentejo","name_es":"Alto Alentejo","name_en":"Alto Alentejo","kind":"district_province","source_nuts_id":"PT1C3"},"geometry":{"type":"Polygon","coordinates":[[[-7.53607,39.66143],[-7.53057,39.65618],[-7.52617,39.6416],[-7.5272,39.63314],[-7.51209,39.61991],[-7.50712,39.60648],[-7.50048,39.5985],[-7.49832,39.58915],[-7.48537,39.58402],[-7.46595,39.57508],[-7.45265,39.56184],[-7.4443,39.54754],[-7.42934,39.53462],[-7.41629,39.53195],[-7.39988,39.53332],[-7.39119,39.52995],[-7.38859,39.52123],[-7.38926,39.50326],[-7.37978,39.49745],[-7.37994,39.4931],[-7.36176,39.4831],[-7.34817,39.48736],[-7.3435,39.47936],[-7.32323,39.47518],[-7.30522,39.46392],[-7.29566,39.45604],[-7.30533,39.44508],[-7.30849,39.43053],[-7.30212,39.4153],[-7.30821,39.40103],[-7.31286,39.39941],[-7.31463,39.39281],[-7.32291,39.38142],[-7.31182,39.36907],[-7.30679,39.35568],[-7.30879,39.33766],[-7.29206,39.32816],[-7.27177,39.31173],[-7.26626,39.30083],[-7.23147,39.27843],[-7.24129,39.26455],[-7.24743,39.25264],[-7.24218,39.2408],[-7.245,39.22789],[-7.24068,39.21861],[-7.24136,39.20858],[-7.23139,39.20321],[-7.22229,39.19388],[-7.20764,39.18752],[-7.17119,39.18063],[-7.13747,39.17201],[-7.13339,39.16774],[-7.13424,39.15951],[-7.13937,39.15065],[-7.13743,39.14362],[-7.14865,39.12262],[-7.14808,39.11909],[-7.14388,39.10932],[-7.10587,39.09938],[-7.09812,39.10559],[-7.05196,39.11788],[-7.02958,39.11617],[-6.99615,39.09919],[-6.98193,39.08836],[-6.96047,39.05683],[-6.96515,39.0451],[-6.96643,39.03862],[-6.9527,39.02341],[-6.96396,39.01236],[-6.9853,38.97873],[-7.01878,38.94238],[-7.02735,38.92417],[-7.05103,38.90608],[-7.04089,38.89634],[-7.03947,38.88483],[-7.03522,38.8822],[-7.03395,38.87754],[-7.04088,38.86458],[-7.06788,38.85414],[-7.09003,38.81864],[-7.09511,38.816],[-7.11322,38.81713],[-7.12886,38.81349],[-7.15393,38.79433],[-7.15811,38.78463],[-7.16842,38.77692],[-7.19181,38.76801],[-7.20313,38.75102],[-7.21168,38.75563],[-7.21736,38.76325],[-7.22274,38.7628],[-7.224,38.76625],[-7.2276,38.76683],[-7.22779,38.77374],[-7.22279,38.77858],[-7.23047,38.77968],[-7.23173,38.78437],[-7.21211,38.80794],[-7.21808,38.82098],[-7.21211,38.8312],[-7.21162,38.83123],[-7.20888,38.82957],[-7.20738,38.83066],[-7.20911,38.83151],[-7.21197,38.83145],[-7.21815,38.83492],[-7.22661,38.82967],[-7.2427,38.84618],[-7.2575,38.84802],[-7.26033,38.83823],[-7.27246,38.83573],[-7.27868,38.8289],[-7.29595,38.83987],[-7.30278,38.83746],[-7.30836,38.82994],[-7.3223,38.826],[-7.32431,38.82027],[-7.32037,38.81274],[-7.32814,38.80473],[-7.348,38.79824],[-7.35328,38.79879],[-7.35474,38.80489],[-7.36872,38.80044],[-7.37198,38.8045],[-7.37172,38.80968],[-7.39167,38.80162],[-7.39639,38.82032],[-7.40546,38.83676],[-7.42035,38.84678],[-7.4139,38.85084],[-7.4056,38.84981],[-7.40854,38.86061],[-7.41776,38.86806],[-7.42184,38.86632],[-7.42668,38.87669],[-7.42467,38.88078],[-7.42714,38.88873],[-7.42246,38.89933],[-7.42354,38.90338],[-7.44723,38.91815],[-7.46611,38.92604],[-7.456,38.93358],[-7.46498,38.94166],[-7.46197,38.94735],[-7.46267,38.95579],[-7.45277,38.96308],[-7.47307,38.97606],[-7.48637,38.97475],[-7.48431,38.98481],[-7.48617,38.98659],[-7.49213,38.98847],[-7.502,38.98562],[-7.50668,38.98907],[-7.51237,38.987],[-7.52548,38.99844],[-7.53335,39.00844],[-7.54398,39.00238],[-7.54324,38.99461],[-7.55151,38.99528],[-7.55213,38.9915],[-7.54084,38.98142],[-7.54107,38.97056],[-7.55841,38.95951],[-7.56566,38.95886],[-7.56464,38.95245],[-7.59937,38.95508],[-7.61237,38.94794],[-7.62446,38.93484],[-7.63266,38.93065],[-7.62642,38.92717],[-7.62612,38.92391],[-7.63826,38.92123],[-7.63806,38.91258],[-7.65475,38.91497],[-7.68274,38.92857],[-7.69329,38.92019],[-7.69578,38.91446],[-7.70021,38.91342],[-7.71381,38.92074],[-7.73288,38.9392],[-7.7422,38.92021],[-7.75086,38.90951],[-7.75915,38.90497],[-7.77171,38.90172],[-7.78483,38.90628],[-7.78995,38.89579],[-7.82828,38.90169],[-7.85261,38.90169],[-7.86522,38.9089],[-7.87516,38.90912],[-7.877,38.92506],[-7.89088,38.92842],[-7.89958,38.9386],[-7.89764,38.94629],[-7.91451,38.9646],[-7.92471,38.97372],[-7.94392,38.96838],[-7.94828,38.9711],[-7.95739,38.96511],[-7.96919,38.95159],[-7.99245,38.94299],[-8.00813,38.94487],[-8.0222,38.94087],[-8.02266,38.94962],[-8.01508,38.95872],[-8.0194,38.96409],[-8.01491,38.98148],[-8.03671,38.99197],[-8.04801,39.00801],[-8.05717,39.00812],[-8.06933,39.01512],[-8.07679,39.01412],[-8.08406,39.00726],[-8.08935,38.99307],[-8.08832,38.97612],[-8.10316,38.96916],[-8.11338,38.99075],[-8.1186,38.99551],[-8.11942,39.00347],[-8.11341,39.01308],[-8.09987,39.01274],[-8.10336,39.02135],[-8.12896,39.02304],[-8.12958,39.01314],[-8.1382,39.01253],[-8.152,39.02693],[-8.1628,39.01624],[-8.17526,39.01953],[-8.19,39.00931],[-8.2091,38.98604],[-8.219,38.9794],[-8.22791,38.98739],[-8.2201,38.99173],[-8.22755,39.0039],[-8.24545,39.00004],[-8.26086,39.01381],[-8.26471,39.04058],[-8.26925,39.05196],[-8.28168,39.05139],[-8.28957,39.05809],[-8.29187,39.08055],[-8.30686,39.0843],[-8.31003,39.08924],[-8.33294,39.09459],[-8.34339,39.10034],[-8.34274,39.10939],[-8.33416,39.11404],[-8.32232,39.12627],[-8.31533,39.13925],[-8.30338,39.14963],[-8.2989,39.16173],[-8.26933,39.17098],[-8.25178,39.18109],[-8.23446,39.18192],[-8.19629,39.21424],[-8.18363,39.21858],[-8.18123,39.22856],[-8.1726,39.23331],[-8.15188,39.25012],[-8.15556,39.263],[-8.15379,39.27095],[-8.13473,39.28672],[-8.11639,39.28748],[-8.11406,39.27878],[-8.0877,39.27533],[-8.07898,39.27876],[-8.0748,39.2919],[-8.06719,39.30065],[-8.04985,39.31249],[-8.04688,39.32038],[-8.04011,39.33113],[-8.02749,39.34106],[-8.03008,39.36282],[-8.00268,39.36752],[-7.98984,39.38311],[-7.96868,39.38231],[-7.95885,39.39281],[-7.95747,39.39744],[-7.94953,39.40054],[-7.94053,39.4098],[-7.94208,39.41865],[-7.94824,39.42419],[-7.96379,39.42874],[-7.97698,39.44022],[-7.99407,39.44757],[-8.00552,39.46131],[-8.00888,39.47317],[-8.00373,39.47869],[-7.99502,39.47982],[-8.00058,39.48473],[-8.004,39.49479],[-8.00052,39.50175],[-7.98079,39.51812],[-7.97032,39.53697],[-7.96881,39.54941],[-7.95503,39.56486],[-7.94531,39.55774],[-7.91078,39.5477],[-7.90596,39.5417],[-7.87257,39.52718],[-7.8511,39.50987],[-7.83832,39.51587],[-7.8251,39.53737],[-7.81453,39.54247],[-7.79754,39.54511],[-7.78812,39.55311],[-7.78195,39.55948],[-7.76873,39.56572],[-7.75472,39.58791],[-7.73521,39.59309],[-7.72537,39.59213],[-7.72027,39.59655],[-7.71327,39.60927],[-7.71487,39.6254],[-7.70324,39.63662],[-7.67647,39.64694],[-7.66938,39.64741],[-7.66023,39.63435],[-7.64867,39.62504],[-7.63785,39.62296],[-7.62137,39.62821],[-7.59717,39.64028],[-7.59602,39.64661],[-7.59065,39.65329],[-7.5793,39.65854],[-7.55219,39.65803],[-7.54285,39.66279],[-7.53607,39.66143]]]}},{"type":"Feature","properties":{"region_key":"PT1C4","name_pt":"Alentejo Central","name_es":"Alentejo Central","name_en":"Alentejo Central","kind":"district_province","source_nuts_id":"PT1C4"},"geometry":{"type":"Polygon","coordinates":[[[-8.152,39.02693],[-8.1382,39.01253],[-8.12958,39.01314],[-8.12896,39.02304],[-8.10336,39.02135],[-8.09987,39.01274],[-8.11341,39.01308],[-8.11942,39.00347],[-8.1186,38.99551],[-8.11338,38.99075],[-8.10316,38.96916],[-8.08832,38.97612],[-8.08935,38.99307],[-8.08406,39.00726],[-8.07679,39.01412],[-8.06933,39.01512],[-8.05717,39.00812],[-8.04801,39.00801],[-8.03671,38.99197],[-8.01491,38.98148],[-8.0194,38.96409],[-8.01508,38.95872],[-8.02266,38.94962],[-8.0222,38.94087],[-8.00813,38.94487],[-7.99245,38.94299],[-7.96919,38.95159],[-7.95739,38.96511],[-7.94828,38.9711],[-7.94392,38.96838],[-7.92471,38.97372],[-7.91451,38.9646],[-7.89764,38.94629],[-7.89958,38.9386],[-7.89088,38.92842],[-7.877,38.92506],[-7.87516,38.90912],[-7.86522,38.9089],[-7.85261,38.90169],[-7.82828,38.90169],[-7.78995,38.89579],[-7.78483,38.90628],[-7.77171,38.90172],[-7.75915,38.90497],[-7.75086,38.90951],[-7.7422,38.92021],[-7.73288,38.9392],[-7.71381,38.92074],[-7.70021,38.91342],[-7.69578,38.91446],[-7.69329,38.92019],[-7.68274,38.92857],[-7.65475,38.91497],[-7.63806,38.91258],[-7.63826,38.92123],[-7.62612,38.92391],[-7.62642,38.92717],[-7.63266,38.93065],[-7.62446,38.93484],[-7.61237,38.94794],[-7.59937,38.95508],[-7.56464,38.95245],[-7.56566,38.95886],[-7.55841,38.95951],[-7.54107,38.97056],[-7.54084,38.98142],[-7.55213,38.9915],[-7.55151,38.99528],[-7.54324,38.99461],[-7.54398,39.00238],[-7.53335,39.00844],[-7.52548,38.99844],[-7.51237,38.987],[-7.50668,38.98907],[-7.502,38.98562],[-7.49213,38.98847],[-7.48617,38.98659],[-7.48431,38.98481],[-7.48637,38.97475],[-7.47307,38.97606],[-7.45277,38.96308],[-7.46267,38.95579],[-7.46197,38.94735],[-7.46498,38.94166],[-7.456,38.93358],[-7.46611,38.92604],[-7.44723,38.91815],[-7.42354,38.90338],[-7.42246,38.89933],[-7.42714,38.88873],[-7.42467,38.88078],[-7.42668,38.87669],[-7.42184,38.86632],[-7.41776,38.86806],[-7.40854,38.86061],[-7.4056,38.84981],[-7.4139,38.85084],[-7.42035,38.84678],[-7.40546,38.83676],[-7.39639,38.82032],[-7.39167,38.80162],[-7.37172,38.80968],[-7.37198,38.8045],[-7.36872,38.80044],[-7.35474,38.80489],[-7.35328,38.79879],[-7.348,38.79824],[-7.32814,38.80473],[-7.32037,38.81274],[-7.32431,38.82027],[-7.3223,38.826],[-7.30836,38.82994],[-7.30278,38.83746],[-7.29595,38.83987],[-7.27868,38.8289],[-7.27246,38.83573],[-7.26033,38.83823],[-7.2575,38.84802],[-7.2427,38.84618],[-7.22661,38.82967],[-7.21815,38.83492],[-7.21197,38.83145],[-7.20911,38.83151],[-7.20738,38.83066],[-7.20888,38.82957],[-7.21162,38.83123],[-7.21211,38.8312],[-7.21808,38.82098],[-7.21211,38.80794],[-7.23173,38.78437],[-7.23047,38.77968],[-7.22279,38.77858],[-7.22779,38.77374],[-7.2276,38.76683],[-7.224,38.76625],[-7.22274,38.7628],[-7.21736,38.76325],[-7.21168,38.75563],[-7.20313,38.75102],[-7.22568,38.7377],[-7.24024,38.73557],[-7.25249,38.72823],[-7.25374,38.71777],[-7.26475,38.70041],[-7.26918,38.63701],[-7.26424,38.62876],[-7.24974,38.62856],[-7.24489,38.62474],[-7.25949,38.60649],[-7.26041,38.60415],[-7.26063,38.59734],[-7.27397,38.57755],[-7.28537,38.57371],[-7.28949,38.55925],[-7.30319,38.54343],[-7.30257,38.52714],[-7.31119,38.51624],[-7.32181,38.47814],[-7.31463,38.47514],[-7.30683,38.48177],[-7.30005,38.48268],[-7.29631,38.47925],[-7.29777,38.47344],[-7.30253,38.46545],[-7.31326,38.46032],[-7.31598,38.44949],[-7.33064,38.44367],[-7.33569,38.43584],[-7.31797,38.43976],[-7.29903,38.42611],[-7.29354,38.42771],[-7.28648,38.42367],[-7.28098,38.41916],[-7.26831,38.39174],[-7.23032,38.35462],[-7.20317,38.32981],[-7.18301,38.29682],[-7.16837,38.28452],[-7.16856,38.28007],[-7.15905,38.2795],[-7.14554,38.2626],[-7.14176,38.2398],[-7.1185,38.21422],[-7.10795,38.18812],[-7.12361,38.18478],[-7.13,38.17177],[-7.15186,38.173],[-7.15467,38.16563],[-7.1508,38.15857],[-7.15203,38.15465],[-7.16026,38.16136],[-7.17638,38.19049],[-7.18427,38.20641],[-7.19849,38.2238],[-7.19158,38.24647],[-7.22413,38.25688],[-7.23522,38.25783],[-7.25113,38.27212],[-7.25962,38.28182],[-7.26491,38.30552],[-7.27813,38.32044],[-7.27641,38.32643],[-7.28738,38.3307],[-7.29484,38.32651],[-7.31034,38.32485],[-7.31968,38.31772],[-7.32537,38.31708],[-7.33653,38.3199],[-7.35744,38.29945],[-7.37579,38.2988],[-7.3851,38.30151],[-7.39402,38.29571],[-7.398,38.29861],[-7.40584,38.29832],[-7.40549,38.29483],[-7.39799,38.2908],[-7.40127,38.28303],[-7.40826,38.27631],[-7.41012,38.26694],[-7.43167,38.2604],[-7.43842,38.24312],[-7.45229,38.23534],[-7.45708,38.22937],[-7.4572,38.22737],[-7.46693,38.216],[-7.48775,38.21099],[-7.49519,38.20635],[-7.49691,38.19931],[-7.49161,38.19011],[-7.50104,38.18893],[-7.54799,38.19443],[-7.56787,38.19018],[-7.57902,38.19415],[-7.59116,38.20345],[-7.60952,38.20315],[-7.63501,38.20953],[-7.66776,38.20076],[-7.67521,38.20351],[-7.6927,38.21087],[-7.71136,38.21438],[-7.73423,38.23058],[-7.75886,38.2462],[-7.77172,38.24828],[-7.78548,38.25212],[-7.79068,38.25399],[-7.80538,38.24601],[-7.81532,38.24483],[-7.824,38.25343],[-7.83709,38.25283],[-7.84657,38.25806],[-7.86166,38.2648],[-7.86824,38.26441],[-7.90072,38.28356],[-7.90716,38.28068],[-7.91064,38.28269],[-7.90985,38.28774],[-7.92901,38.29549],[-7.93649,38.30138],[-7.94711,38.30493],[-7.97981,38.31676],[-7.99242,38.30937],[-7.99568,38.30249],[-8.00769,38.30008],[-8.0206,38.30153],[-8.04324,38.32495],[-8.05479,38.32741],[-8.07004,38.31887],[-8.07835,38.32176],[-8.11149,38.31972],[-8.12089,38.31487],[-8.13907,38.3141],[-8.15338,38.32886],[-8.16049,38.32709],[-8.16056,38.32137],[-8.16437,38.31984],[-8.17176,38.32078],[-8.2001,38.34319],[-8.23873,38.3466],[-8.25853,38.35302],[-8.26925,38.35362],[-8.28073,38.3712],[-8.31696,38.37575],[-8.30214,38.39768],[-8.28692,38.41157],[-8.29482,38.42241],[-8.28837,38.42663],[-8.28898,38.43764],[-8.3234,38.43839],[-8.32299,38.4524],[-8.3116,38.46044],[-8.32292,38.48266],[-8.32918,38.48954],[-8.33616,38.50665],[-8.35747,38.52445],[-8.36912,38.54574],[-8.39737,38.53845],[-8.41035,38.52563],[-8.42148,38.52156],[-8.43984,38.522],[-8.44604,38.52645],[-8.47592,38.51677],[-8.48009,38.53182],[-8.49136,38.53021],[-8.49501,38.546],[-8.49941,38.54838],[-8.51902,38.54261],[-8.50786,38.52765],[-8.50801,38.51902],[-8.52154,38.51232],[-8.52914,38.51341],[-8.53373,38.52799],[-8.57179,38.53214],[-8.57522,38.54792],[-8.5891,38.54258],[-8.61498,38.55263],[-8.63911,38.54949],[-8.6413,38.56719],[-8.64801,38.57759],[-8.65663,38.60467],[-8.65271,38.61109],[-8.62177,38.634],[-8.61245,38.64467],[-8.60152,38.64589],[-8.5792,38.66633],[-8.5775,38.67211],[-8.56621,38.67818],[-8.55854,38.67819],[-8.54208,38.68567],[-8.53106,38.6926],[-8.51933,38.70889],[-8.50216,38.71565],[-8.5018,38.72248],[-8.50989,38.72961],[-8.51056,38.73627],[-8.50462,38.74645],[-8.49173,38.7546],[-8.49196,38.76101],[-8.49843,38.76288],[-8.5468,38.76344],[-8.54182,38.76756],[-8.52613,38.78304],[-8.52307,38.78892],[-8.51876,38.79024],[-8.49937,38.80693],[-8.48035,38.80273],[-8.47025,38.79516],[-8.44985,38.80721],[-8.4394,38.82609],[-8.4296,38.83377],[-8.41971,38.8367],[-8.41742,38.82765],[-8.40865,38.82407],[-8.38332,38.84047],[-8.3881,38.8467],[-8.38692,38.8488],[-8.37802,38.85519],[-8.37167,38.85385],[-8.34908,38.84002],[-8.34283,38.83911],[-8.3366,38.84204],[-8.32127,38.85926],[-8.3115,38.8493],[-8.30249,38.86365],[-8.28598,38.85044],[-8.27202,38.84361],[-8.26314,38.84258],[-8.26701,38.83097],[-8.24466,38.81658],[-8.22134,38.8284],[-8.19853,38.80885],[-8.20315,38.79887],[-8.19263,38.79482],[-8.18458,38.80211],[-8.17491,38.80095],[-8.17829,38.78672],[-8.165,38.77728],[-8.15263,38.77343],[-8.14269,38.77308],[-8.13973,38.78773],[-8.12431,38.80497],[-8.13564,38.8151],[-8.14843,38.81936],[-8.15331,38.81081],[-8.15919,38.80757],[-8.15903,38.8132],[-8.16769,38.82896],[-8.18644,38.83706],[-8.18466,38.85092],[-8.16094,38.86473],[-8.18174,38.87855],[-8.1937,38.87345],[-8.20207,38.87838],[-8.20822,38.87561],[-8.211,38.88427],[-8.2574,38.9004],[-8.27117,38.908],[-8.26595,38.91646],[-8.2513,38.92758],[-8.24292,38.93888],[-8.23509,38.96797],[-8.24136,38.9742],[-8.22791,38.98739],[-8.219,38.9794],[-8.2091,38.98604],[-8.19,39.00931],[-8.17526,39.01953],[-8.1628,39.01624],[-8.152,39.02693]]]}},{"type":"Feature","properties":{"region_key":"PT1D1","name_pt":"Oeste","name_es":"Oeste","name_en":"Oeste","kind":"district_province","source_nuts_id":"PT1D1"},"geometry":{"type":"Polygon","coordinates":[[[-9.04026,39.74142],[-8.9955,39.7136],[-8.9846,39.71363],[-8.97224,39.72728],[-8.97229,39.72007],[-8.96638,39.70412],[-8.95489,39.69637],[-8.93426,39.68847],[-8.93954,39.68585],[-8.9386,39.67435],[-8.92479,39.667],[-8.91636,39.66616],[-8.91565,39.65481],[-8.9108,39.64864],[-8.91352,39.64092],[-8.91116,39.63687],[-8.93289,39.62494],[-8.92936,39.61017],[-8.9132,39.58328],[-8.902,39.56983],[-8.88123,39.57869],[-8.86543,39.56398],[-8.88917,39.5354],[-8.88623,39.51487],[-8.89604,39.5014],[-8.90152,39.4779],[-8.90342,39.46601],[-8.90923,39.45774],[-8.91735,39.44467],[-8.92302,39.43328],[-8.93241,39.42324],[-8.93457,39.41305],[-8.94001,39.40566],[-8.94571,39.39104],[-8.96937,39.39362],[-8.98362,39.3848],[-8.99731,39.36262],[-9.00117,39.35327],[-8.99873,39.3333],[-8.98721,39.31762],[-8.9945,39.2967],[-8.98449,39.2876],[-8.97577,39.28616],[-8.9791,39.27396],[-8.98389,39.25352],[-8.98131,39.24938],[-8.98797,39.24069],[-8.98857,39.23108],[-9.00475,39.1864],[-8.99929,39.18036],[-8.98935,39.18212],[-8.97191,39.17864],[-8.96889,39.17415],[-8.97084,39.16261],[-8.95919,39.15839],[-8.94792,39.14816],[-8.93868,39.15224],[-8.93653,39.13386],[-8.92579,39.12268],[-8.91955,39.10687],[-8.95447,39.10852],[-8.95424,39.10332],[-8.94694,39.0976],[-8.94039,39.0875],[-8.94301,39.07431],[-8.94752,39.05508],[-8.95171,39.05425],[-8.95121,39.04893],[-8.95433,39.04732],[-8.95601,39.04079],[-8.95958,39.04139],[-8.95897,39.03806],[-8.94851,39.03305],[-8.93605,39.03437],[-8.93028,39.01803],[-8.93363,39.014],[-8.93556,39.01046],[-8.93685,39.00614],[-8.94043,39.00072],[-8.97505,39.01527],[-8.98045,39.01402],[-8.9894,39.00312],[-9.00359,39.00259],[-9.01048,39.01478],[-9.01759,39.01344],[-9.02649,39.01635],[-9.03886,39.00882],[-9.03097,38.99797],[-9.03059,38.99192],[-9.02443,38.9858],[-9.02217,38.97834],[-9.02609,38.96099],[-9.04319,38.96252],[-9.05119,38.95509],[-9.05734,38.954],[-9.08506,38.96748],[-9.0943,38.96721],[-9.09401,38.96374],[-9.10019,38.95707],[-9.08755,38.9469],[-9.08035,38.93221],[-9.08045,38.92935],[-9.08358,38.92914],[-9.09665,38.92213],[-9.11043,38.9235],[-9.12888,38.93914],[-9.1352,38.9402],[-9.14457,38.93724],[-9.15011,38.93942],[-9.15943,38.92978],[-9.16403,38.93479],[-9.16113,38.94916],[-9.16458,38.95637],[-9.17413,38.95739],[-9.18093,38.95273],[-9.18725,38.95232],[-9.1912,38.95671],[-9.20008,38.95765],[-9.20936,38.95637],[-9.21159,38.95232],[-9.23252,38.94837],[-9.2405,38.94854],[-9.22962,38.95464],[-9.23079,38.96327],[-9.20618,38.96955],[-9.20236,38.984],[-9.20404,38.9935],[-9.20554,39.00077],[-9.21243,39.01042],[-9.21623,39.01871],[-9.22555,39.01753],[-9.23488,39.00696],[-9.24391,39.00563],[-9.26415,39.02032],[-9.28974,39.02231],[-9.29111,39.02675],[-9.29927,39.02726],[-9.30199,39.02303],[-9.30085,39.01681],[-9.30885,39.00722],[-9.31774,39.01157],[-9.33002,39.01128],[-9.33921,39.01706],[-9.33412,39.02192],[-9.33359,39.02672],[-9.35072,39.03401],[-9.35443,39.0405],[-9.3489,39.04342],[-9.3525,39.04812],[-9.351,39.05288],[-9.36406,39.05603],[-9.37591,39.05474],[-9.39083,39.06316],[-9.40457,39.06039],[-9.41243,39.05364],[-9.4164,39.05476],[-9.41614,39.06241],[-9.42117,39.07524],[-9.40314,39.10176],[-9.39783,39.10832],[-9.39286,39.1221],[-9.38112,39.13811],[-9.35975,39.17107],[-9.35746,39.18176],[-9.3516,39.19165],[-9.34056,39.22482],[-9.3399,39.23371],[-9.34279,39.24147],[-9.33586,39.27318],[-9.33738,39.2836],[-9.34196,39.28839],[-9.34053,39.29196],[-9.34619,39.30067],[-9.34819,39.31275],[-9.35945,39.32279],[-9.36039,39.33756],[-9.36594,39.34838],[-9.39403,39.35342],[-9.40769,39.36119],[-9.39805,39.36985],[-9.37978,39.36943],[-9.37462,39.37187],[-9.37049,39.36356],[-9.35785,39.36042],[-9.34141,39.36689],[-9.34115,39.37594],[-9.32511,39.37533],[-9.30289,39.38513],[-9.27437,39.40176],[-9.23343,39.43162],[-9.2134,39.45346],[-9.20734,39.46297],[-9.20295,39.47261],[-9.1959,39.47553],[-9.17617,39.49474],[-9.16967,39.5021],[-9.15536,39.50871],[-9.14873,39.50923],[-9.14886,39.50454],[-9.14131,39.50325],[-9.1375,39.50539],[-9.13675,39.51039],[-9.14109,39.51233],[-9.14471,39.52018],[-9.13194,39.52595],[-9.12534,39.53728],[-9.11545,39.54456],[-9.07798,39.58985],[-9.07471,39.59337],[-9.07486,39.59965],[-9.08455,39.60577],[-9.08528,39.61492],[-9.07289,39.64767],[-9.05163,39.69978],[-9.05009,39.72036],[-9.04026,39.74142]]]}},{"type":"Feature","properties":{"region_key":"PT1D2","name_pt":"M\u00e9dio Tejo","name_es":"M\u00e9dio Tejo","name_en":"M\u00e9dio Tejo","kind":"district_province","source_nuts_id":"PT1D2"},"geometry":{"type":"Polygon","coordinates":[[[-8.47398,39.82166],[-8.46361,39.80139],[-8.46523,39.79353],[-8.46208,39.77348],[-8.451,39.75397],[-8.45443,39.74523],[-8.45164,39.7318],[-8.4312,39.74067],[-8.42708,39.74523],[-8.42345,39.75167],[-8.42099,39.75486],[-8.41168,39.75722],[-8.39371,39.76014],[-8.37973,39.75262],[-8.36069,39.76818],[-8.34445,39.77372],[-8.33957,39.77131],[-8.33259,39.76094],[-8.32663,39.76577],[-8.32937,39.77405],[-8.32587,39.78547],[-8.33572,39.80343],[-8.30397,39.79391],[-8.29215,39.79707],[-8.28509,39.79576],[-8.28165,39.78827],[-8.28326,39.77988],[-8.27403,39.77276],[-8.26988,39.77393],[-8.26358,39.76937],[-8.24343,39.77834],[-8.23231,39.76226],[-8.22778,39.74523],[-8.23589,39.73677],[-8.23614,39.72936],[-8.23213,39.72698],[-8.23695,39.71162],[-8.23561,39.70488],[-8.22887,39.70602],[-8.22604,39.70392],[-8.23157,39.68353],[-8.22914,39.66603],[-8.23737,39.64175],[-8.22992,39.64576],[-8.21774,39.63706],[-8.18436,39.63101],[-8.1743,39.62503],[-8.16387,39.62655],[-8.15416,39.62319],[-8.14296,39.61351],[-8.13513,39.61173],[-8.12686,39.61427],[-8.1083,39.61388],[-8.08386,39.61425],[-8.06975,39.62029],[-8.05353,39.61656],[-8.06694,39.63511],[-8.06696,39.64023],[-8.07769,39.65677],[-8.07155,39.66766],[-8.06165,39.66864],[-8.05808,39.67224],[-8.06164,39.69666],[-8.05487,39.70476],[-8.05072,39.71943],[-8.05518,39.73586],[-8.04606,39.73831],[-8.0379,39.74723],[-8.03575,39.74692],[-8.0347,39.74523],[-8.02449,39.74081],[-8.0057,39.74311],[-7.99878,39.73363],[-7.9891,39.72891],[-7.9749,39.73675],[-7.9701,39.74523],[-7.96717,39.74523],[-7.95786,39.73917],[-7.95106,39.68623],[-7.95109,39.67937],[-7.95594,39.67606],[-7.95529,39.67085],[-7.9591,39.66417],[-7.93565,39.65927],[-7.92718,39.66224],[-7.92632,39.66717],[-7.91585,39.6678],[-7.90508,39.66097],[-7.89159,39.65128],[-7.89171,39.64381],[-7.88321,39.64448],[-7.87177,39.63731],[-7.86551,39.63837],[-7.85989,39.6297],[-7.86065,39.62483],[-7.8484,39.62223],[-7.84786,39.60868],[-7.83971,39.6074],[-7.83964,39.60056],[-7.83352,39.59959],[-7.83588,39.59516],[-7.82913,39.59329],[-7.8256,39.58812],[-7.81753,39.58407],[-7.81591,39.5727],[-7.80899,39.56578],[-7.8212,39.5593],[-7.82808,39.54409],[-7.8251,39.53737],[-7.83832,39.51587],[-7.8511,39.50987],[-7.87257,39.52718],[-7.90596,39.5417],[-7.91078,39.5477],[-7.94531,39.55774],[-7.95503,39.56486],[-7.96881,39.54941],[-7.97032,39.53697],[-7.98079,39.51812],[-8.00052,39.50175],[-8.004,39.49479],[-8.00058,39.48473],[-7.99502,39.47982],[-8.00373,39.47869],[-8.00888,39.47317],[-8.00552,39.46131],[-7.99407,39.44757],[-7.97698,39.44022],[-7.96379,39.42874],[-7.94824,39.42419],[-7.94208,39.41865],[-7.94053,39.4098],[-7.94953,39.40054],[-7.95747,39.39744],[-7.95885,39.39281],[-7.96868,39.38231],[-7.98984,39.38311],[-8.00268,39.36752],[-8.03008,39.36282],[-8.02749,39.34106],[-8.04011,39.33113],[-8.04688,39.32038],[-8.04985,39.31249],[-8.06719,39.30065],[-8.0748,39.2919],[-8.07898,39.27876],[-8.0877,39.27533],[-8.11406,39.27878],[-8.11639,39.28748],[-8.13473,39.28672],[-8.15379,39.27095],[-8.15556,39.263],[-8.15188,39.25012],[-8.1726,39.23331],[-8.18706,39.24785],[-8.1964,39.2468],[-8.21194,39.25396],[-8.21824,39.25397],[-8.23266,39.26326],[-8.24244,39.27188],[-8.25018,39.29014],[-8.2615,39.29216],[-8.26687,39.31091],[-8.2815,39.33048],[-8.28231,39.33914],[-8.27878,39.33795],[-8.29094,39.3541],[-8.29798,39.37381],[-8.30048,39.39281],[-8.29948,39.40082],[-8.32442,39.42873],[-8.33852,39.46153],[-8.34452,39.46379],[-8.36106,39.4588],[-8.38215,39.46179],[-8.39698,39.45839],[-8.40748,39.45549],[-8.42729,39.45507],[-8.43749,39.45178],[-8.43561,39.45727],[-8.43771,39.45885],[-8.45866,39.45275],[-8.46775,39.44707],[-8.48495,39.43951],[-8.48906,39.42968],[-8.50362,39.41417],[-8.52225,39.40586],[-8.53719,39.39718],[-8.5444,39.39877],[-8.5569,39.39852],[-8.56816,39.40193],[-8.58209,39.41141],[-8.59331,39.40546],[-8.60816,39.42265],[-8.61796,39.4216],[-8.62264,39.43066],[-8.6277,39.43229],[-8.63261,39.42935],[-8.63708,39.41972],[-8.64762,39.42263],[-8.6524,39.4202],[-8.65936,39.40934],[-8.67524,39.41542],[-8.67956,39.41143],[-8.68892,39.40965],[-8.69662,39.39909],[-8.71886,39.41507],[-8.72375,39.40885],[-8.74556,39.40012],[-8.75928,39.40022],[-8.76392,39.40615],[-8.75644,39.41621],[-8.75653,39.42281],[-8.74872,39.42486],[-8.7422,39.43473],[-8.73222,39.42975],[-8.71975,39.43444],[-8.71547,39.44137],[-8.72154,39.45182],[-8.73099,39.45465],[-8.73627,39.46154],[-8.74899,39.45903],[-8.75219,39.46297],[-8.75941,39.47577],[-8.72893,39.48106],[-8.73544,39.49971],[-8.74252,39.50893],[-8.74674,39.52748],[-8.73605,39.53658],[-8.71449,39.52078],[-8.70625,39.52854],[-8.69522,39.53353],[-8.68738,39.55088],[-8.67142,39.56218],[-8.68483,39.57459],[-8.68936,39.58991],[-8.68814,39.61119],[-8.7023,39.63812],[-8.66989,39.6526],[-8.64923,39.66257],[-8.64293,39.67271],[-8.64506,39.68082],[-8.637,39.68921],[-8.6346,39.69594],[-8.6395,39.70038],[-8.64762,39.70181],[-8.67864,39.70897],[-8.67925,39.71961],[-8.66651,39.72529],[-8.67657,39.7375],[-8.6808,39.74884],[-8.6797,39.76779],[-8.67551,39.77442],[-8.67079,39.77477],[-8.64762,39.78358],[-8.6339,39.78958],[-8.6239,39.78956],[-8.61148,39.78768],[-8.60339,39.77942],[-8.59119,39.77753],[-8.57657,39.78555],[-8.54759,39.79774],[-8.52662,39.81832],[-8.52354,39.8278],[-8.51739,39.82723],[-8.50519,39.81597],[-8.49466,39.82857],[-8.47795,39.83873],[-8.47491,39.83395],[-8.47398,39.82166]]]}},{"type":"Feature","properties":{"region_key":"PT1D3","name_pt":"Lez\u00edria do Tejo","name_es":"Lez\u00edria do Tejo","name_en":"Lez\u00edria do Tejo","kind":"district_province","source_nuts_id":"PT1D3"},"geometry":{"type":"Polygon","coordinates":[[[-8.75941,39.47577],[-8.75219,39.46297],[-8.74899,39.45903],[-8.73627,39.46154],[-8.73099,39.45465],[-8.72154,39.45182],[-8.71547,39.44137],[-8.71975,39.43444],[-8.73222,39.42975],[-8.7422,39.43473],[-8.74872,39.42486],[-8.75653,39.42281],[-8.75644,39.41621],[-8.76392,39.40615],[-8.75928,39.40022],[-8.74556,39.40012],[-8.72375,39.40885],[-8.71886,39.41507],[-8.69662,39.39909],[-8.68892,39.40965],[-8.67956,39.41143],[-8.67524,39.41542],[-8.65936,39.40934],[-8.6524,39.4202],[-8.64762,39.42263],[-8.63708,39.41972],[-8.63261,39.42935],[-8.6277,39.43229],[-8.62264,39.43066],[-8.61796,39.4216],[-8.60816,39.42265],[-8.59331,39.40546],[-8.58209,39.41141],[-8.56816,39.40193],[-8.5569,39.39852],[-8.5444,39.39877],[-8.53719,39.39718],[-8.52225,39.40586],[-8.50362,39.41417],[-8.48906,39.42968],[-8.48495,39.43951],[-8.46775,39.44707],[-8.45866,39.45275],[-8.43771,39.45885],[-8.43561,39.45727],[-8.43749,39.45178],[-8.42729,39.45507],[-8.40748,39.45549],[-8.39698,39.45839],[-8.38215,39.46179],[-8.36106,39.4588],[-8.34452,39.46379],[-8.33852,39.46153],[-8.32442,39.42873],[-8.29948,39.40082],[-8.30048,39.39281],[-8.29798,39.37381],[-8.29094,39.3541],[-8.27878,39.33795],[-8.28231,39.33914],[-8.2815,39.33048],[-8.26687,39.31091],[-8.2615,39.29216],[-8.25018,39.29014],[-8.24244,39.27188],[-8.23266,39.26326],[-8.21824,39.25397],[-8.21194,39.25396],[-8.1964,39.2468],[-8.18706,39.24785],[-8.1726,39.23331],[-8.18123,39.22856],[-8.18363,39.21858],[-8.19629,39.21424],[-8.23446,39.18192],[-8.25178,39.18109],[-8.26933,39.17098],[-8.2989,39.16173],[-8.30338,39.14963],[-8.31533,39.13925],[-8.32232,39.12627],[-8.33416,39.11404],[-8.34274,39.10939],[-8.34339,39.10034],[-8.33294,39.09459],[-8.31003,39.08924],[-8.30686,39.0843],[-8.29187,39.08055],[-8.28957,39.05809],[-8.28168,39.05139],[-8.26925,39.05196],[-8.26471,39.04058],[-8.26086,39.01381],[-8.24545,39.00004],[-8.22755,39.0039],[-8.2201,38.99173],[-8.22791,38.98739],[-8.24136,38.9742],[-8.23509,38.96797],[-8.24292,38.93888],[-8.2513,38.92758],[-8.26595,38.91646],[-8.27117,38.908],[-8.2574,38.9004],[-8.211,38.88427],[-8.20822,38.87561],[-8.20207,38.87838],[-8.1937,38.87345],[-8.18174,38.87855],[-8.16094,38.86473],[-8.18466,38.85092],[-8.18644,38.83706],[-8.16769,38.82896],[-8.15903,38.8132],[-8.15919,38.80757],[-8.15331,38.81081],[-8.14843,38.81936],[-8.13564,38.8151],[-8.12431,38.80497],[-8.13973,38.78773],[-8.14269,38.77308],[-8.15263,38.77343],[-8.165,38.77728],[-8.17829,38.78672],[-8.17491,38.80095],[-8.18458,38.80211],[-8.19263,38.79482],[-8.20315,38.79887],[-8.19853,38.80885],[-8.22134,38.8284],[-8.24466,38.81658],[-8.26701,38.83097],[-8.26314,38.84258],[-8.27202,38.84361],[-8.28598,38.85044],[-8.30249,38.86365],[-8.3115,38.8493],[-8.32127,38.85926],[-8.3366,38.84204],[-8.34283,38.83911],[-8.34908,38.84002],[-8.37167,38.85385],[-8.37802,38.85519],[-8.38692,38.8488],[-8.3881,38.8467],[-8.38332,38.84047],[-8.40865,38.82407],[-8.41742,38.82765],[-8.41971,38.8367],[-8.4296,38.83377],[-8.4394,38.82609],[-8.44985,38.80721],[-8.47025,38.79516],[-8.48035,38.80273],[-8.49937,38.80693],[-8.51876,38.79024],[-8.52307,38.78892],[-8.52613,38.78304],[-8.54182,38.76756],[-8.5468,38.76344],[-8.55787,38.76902],[-8.57299,38.7718],[-8.58597,38.76763],[-8.61187,38.78273],[-8.6048,38.79566],[-8.605,38.82613],[-8.59972,38.83149],[-8.59698,38.84037],[-8.61037,38.83919],[-8.62796,38.83067],[-8.63986,38.81005],[-8.64762,38.8095],[-8.6595,38.81372],[-8.66921,38.82163],[-8.68601,38.82709],[-8.69656,38.83973],[-8.70808,38.84535],[-8.70421,38.84096],[-8.70878,38.82751],[-8.74301,38.77869],[-8.74922,38.75076],[-8.75443,38.7428],[-8.76654,38.73787],[-8.78892,38.73411],[-8.80162,38.74098],[-8.8103,38.74012],[-8.81404,38.74551],[-8.82142,38.75076],[-8.83798,38.76152],[-8.85005,38.75854],[-8.86332,38.75076],[-8.89101,38.74207],[-8.90471,38.74564],[-8.90783,38.73901],[-8.89992,38.73339],[-8.90269,38.73164],[-8.90935,38.73299],[-8.91349,38.74403],[-8.924,38.75076],[-8.92488,38.75867],[-8.93127,38.76887],[-8.94228,38.80093],[-8.9534,38.81499],[-8.96847,38.82776],[-8.96184,38.83839],[-8.94519,38.84868],[-8.93302,38.86775],[-8.9127,38.88695],[-8.91025,38.90486],[-8.89181,38.92579],[-8.89395,38.93463],[-8.89158,38.94362],[-8.88534,38.94788],[-8.87128,38.95063],[-8.85138,38.96031],[-8.854,38.96376],[-8.87573,38.96966],[-8.87746,38.97219],[-8.86382,38.98046],[-8.86418,38.98972],[-8.86056,38.9978],[-8.84259,39.01672],[-8.85896,39.02488],[-8.86069,39.02866],[-8.88971,39.03157],[-8.8933,39.02269],[-8.87969,39.0153],[-8.88364,39.00999],[-8.90683,39.00655],[-8.91363,39.00806],[-8.91758,39.0146],[-8.91081,39.02328],[-8.91262,39.02717],[-8.93028,39.01803],[-8.93605,39.03437],[-8.94851,39.03305],[-8.95897,39.03806],[-8.95958,39.04139],[-8.95601,39.04079],[-8.95433,39.04732],[-8.95121,39.04893],[-8.95171,39.05425],[-8.94752,39.05508],[-8.94301,39.07431],[-8.94039,39.0875],[-8.94694,39.0976],[-8.95424,39.10332],[-8.95447,39.10852],[-8.91955,39.10687],[-8.92579,39.12268],[-8.93653,39.13386],[-8.93868,39.15224],[-8.94792,39.14816],[-8.95919,39.15839],[-8.97084,39.16261],[-8.96889,39.17415],[-8.97191,39.17864],[-8.98935,39.18212],[-8.99929,39.18036],[-9.00475,39.1864],[-8.98857,39.23108],[-8.98797,39.24069],[-8.98131,39.24938],[-8.98389,39.25352],[-8.9791,39.27396],[-8.97577,39.28616],[-8.98449,39.2876],[-8.9945,39.2967],[-8.98721,39.31762],[-8.99873,39.3333],[-9.00117,39.35327],[-8.99731,39.36262],[-8.98362,39.3848],[-8.96937,39.39362],[-8.94571,39.39104],[-8.94001,39.40566],[-8.93457,39.41305],[-8.93241,39.42324],[-8.92302,39.43328],[-8.91735,39.44467],[-8.90923,39.45774],[-8.90342,39.46601],[-8.89571,39.46571],[-8.89257,39.46525],[-8.88127,39.47406],[-8.86718,39.47557],[-8.84473,39.47285],[-8.80234,39.48301],[-8.79526,39.48057],[-8.78894,39.47912],[-8.75941,39.47577]]]}},{"type":"Feature","properties":{"region_key":"PT200-SAO_MIGUEL","name_pt":"S\u00e3o Miguel","name_es":"S\u00e3o Miguel","name_en":"S\u00e3o Miguel","kind":"island","source_nuts_id":"PT200"},"geometry":{"type":"Polygon","coordinates":[[[-25.84223,37.83461],[-25.85318,37.85277],[-25.85226,37.85853],[-25.85608,37.86129],[-25.85564,37.86193],[-25.85429,37.86106],[-25.85249,37.86168],[-25.8521,37.86275],[-25.84826,37.86287],[-25.84398,37.87022],[-25.84513,37.87402],[-25.83876,37.87346],[-25.83966,37.87796],[-25.83259,37.87763],[-25.82752,37.8818],[-25.82397,37.88693],[-25.8258,37.89164],[-25.82112,37.89219],[-25.82332,37.89468],[-25.82122,37.90043],[-25.80336,37.89652],[-25.78977,37.90435],[-25.78676,37.90935],[-25.78015,37.91044],[-25.74948,37.90056],[-25.74872,37.8974],[-25.73395,37.89041],[-25.71879,37.88732],[-25.70893,37.87776],[-25.70436,37.86551],[-25.6987,37.86396],[-25.69298,37.8447],[-25.6887,37.84165],[-25.6869,37.84525],[-25.68038,37.84329],[-25.67947,37.83693],[-25.64038,37.82846],[-25.62919,37.83388],[-25.62766,37.83071],[-25.61873,37.82941],[-25.61183,37.82358],[-25.60475,37.82462],[-25.60468,37.82117],[-25.58606,37.81377],[-25.58179,37.81868],[-25.57477,37.81564],[-25.56527,37.8177],[-25.56095,37.81451],[-25.55771,37.81789],[-25.55321,37.81548],[-25.52498,37.82387],[-25.51965,37.82973],[-25.50194,37.83858],[-25.50196,37.84426],[-25.49443,37.83996],[-25.49024,37.84248],[-25.4893,37.84754],[-25.48225,37.8392],[-25.48478,37.83508],[-25.47885,37.83388],[-25.47861,37.83043],[-25.47066,37.82488],[-25.46436,37.82649],[-25.45409,37.82295],[-25.45337,37.82763],[-25.45005,37.82829],[-25.44721,37.82455],[-25.4407,37.82281],[-25.43303,37.8326],[-25.42756,37.83076],[-25.42914,37.82504],[-25.42681,37.82286],[-25.41855,37.82751],[-25.4045,37.8269],[-25.39201,37.83523],[-25.39376,37.83647],[-25.38471,37.83297],[-25.36038,37.84068],[-25.35247,37.84656],[-25.33735,37.84916],[-25.32699,37.85487],[-25.32445,37.86208],[-25.31509,37.86225],[-25.29689,37.85502],[-25.27756,37.86039],[-25.26946,37.85914],[-25.26256,37.86284],[-25.25789,37.85835],[-25.24038,37.85365],[-25.19785,37.85962],[-25.17686,37.8577],[-25.15917,37.85204],[-25.1359,37.82324],[-25.13771,37.8194],[-25.1342,37.80746],[-25.14169,37.80021],[-25.1437,37.79331],[-25.13897,37.78104],[-25.1407,37.77538],[-25.15685,37.75454],[-25.19485,37.7407],[-25.2199,37.73816],[-25.24263,37.74587],[-25.26741,37.7458],[-25.28784,37.73853],[-25.28911,37.7338],[-25.29157,37.7361],[-25.30362,37.73332],[-25.3067,37.72935],[-25.35152,37.72445],[-25.37243,37.71743],[-25.41052,37.71654],[-25.41761,37.71379],[-25.42529,37.71685],[-25.4284,37.7164],[-25.42824,37.71453],[-25.42888,37.71392],[-25.42958,37.71594],[-25.47103,37.71498],[-25.48236,37.71859],[-25.49551,37.7142],[-25.49837,37.70966],[-25.50355,37.70921],[-25.50403,37.70837],[-25.50491,37.70886],[-25.50643,37.7078],[-25.51495,37.71311],[-25.51657,37.71281],[-25.5162,37.71368],[-25.51748,37.71345],[-25.51592,37.71449],[-25.51668,37.71649],[-25.51973,37.71754],[-25.52542,37.71651],[-25.53436,37.72068],[-25.56219,37.73783],[-25.56616,37.74336],[-25.57269,37.74255],[-25.57477,37.74147],[-25.57423,37.7411],[-25.57491,37.74139],[-25.57498,37.74204],[-25.57556,37.74233],[-25.5767,37.74103],[-25.57953,37.74171],[-25.58005,37.74049],[-25.58354,37.74114],[-25.58453,37.74018],[-25.58428,37.74086],[-25.58644,37.74207],[-25.59229,37.74252],[-25.59639,37.74576],[-25.60781,37.7438],[-25.61777,37.75027],[-25.62631,37.75081],[-25.64893,37.74209],[-25.70425,37.74404],[-25.77853,37.78792],[-25.78819,37.79908],[-25.79782,37.80068],[-25.81755,37.8112],[-25.84223,37.83461]]]}},{"type":"Feature","properties":{"region_key":"PT200-SANTA_MARIA","name_pt":"Santa Maria","name_es":"Santa Maria","name_en":"Santa Maria","kind":"island","source_nuts_id":"PT200"},"geometry":{"type":"Polygon","coordinates":[[[-25.08946,37.01454],[-25.09012,37.01578],[-25.08932,37.01553],[-25.08914,37.0176],[-25.08151,37.01083],[-25.07556,37.00972],[-25.06524,37.01121],[-25.06297,37.01644],[-25.06211,37.01451],[-25.05239,37.01169],[-25.05382,37.00271],[-25.05077,36.9982],[-25.05468,36.99519],[-25.05508,36.98866],[-25.05224,36.98558],[-25.04641,36.98606],[-25.04609,36.984],[-25.03909,36.9815],[-25.03968,36.97791],[-25.02741,36.97237],[-25.03121,36.97051],[-25.02934,36.96565],[-25.02006,36.96563],[-25.0193,36.96109],[-25.01511,36.95951],[-25.02171,36.95444],[-25.01772,36.95277],[-25.01954,36.95012],[-25.01599,36.94541],[-25.02709,36.93431],[-25.06066,36.93724],[-25.10296,36.95195],[-25.11901,36.95262],[-25.15172,36.94587],[-25.16752,36.94598],[-25.17239,36.95144],[-25.17431,36.96862],[-25.18556,36.98495],[-25.18309,36.98892],[-25.18135,36.99741],[-25.17379,36.99803],[-25.17058,37.004],[-25.1665,37.00387],[-25.16418,37.00653],[-25.15881,37.0047],[-25.15708,37.00494],[-25.1485,37.00868],[-25.14554,37.01244],[-25.14597,37.00739],[-25.13549,37.0021],[-25.13212,37.00394],[-25.12883,37.00841],[-25.12769,37.00751],[-25.12582,37.00745],[-25.12559,37.00804],[-25.12463,37.00732],[-25.12373,37.00743],[-25.12252,37.00537],[-25.12062,37.00421],[-25.11853,37.00364],[-25.11245,37.00511],[-25.11007,37.00707],[-25.1091,37.01358],[-25.1026,37.0108],[-25.09785,37.01466],[-25.09634,37.01331],[-25.09516,37.013],[-25.08946,37.01454]]]}},{"type":"Feature","properties":{"region_key":"PT200-TERCEIRA","name_pt":"Terceira","name_es":"Terceira","name_en":"Terceira","kind":"island","source_nuts_id":"PT200"},"geometry":{"type":"Polygon","coordinates":[[[-27.22958,38.6558],[-27.24933,38.65685],[-27.25515,38.65426],[-27.29098,38.6581],[-27.35102,38.68673],[-27.36957,38.70785],[-27.37415,38.72585],[-27.37852,38.7306],[-27.3794,38.74691],[-27.37137,38.75974],[-27.37749,38.76722],[-27.37005,38.76528],[-27.36579,38.77256],[-27.36703,38.77583],[-27.36477,38.77547],[-27.36326,38.77672],[-27.36214,38.78127],[-27.32482,38.79588],[-27.27155,38.80224],[-27.26011,38.79997],[-27.24635,38.80103],[-27.2417,38.79718],[-27.23362,38.79874],[-27.22748,38.79108],[-27.21587,38.79343],[-27.21604,38.79942],[-27.20644,38.7991],[-27.20216,38.79567],[-27.19802,38.79869],[-27.19596,38.79514],[-27.19417,38.79749],[-27.18878,38.79396],[-27.18239,38.79644],[-27.15006,38.78589],[-27.14557,38.7858],[-27.14456,38.78925],[-27.14091,38.78246],[-27.13604,38.7876],[-27.13135,38.78588],[-27.12974,38.78115],[-27.11299,38.78487],[-27.06113,38.75734],[-27.05923,38.74459],[-27.04352,38.73612],[-27.04979,38.73207],[-27.05065,38.72593],[-27.0512,38.73088],[-27.0598,38.72996],[-27.06181,38.71678],[-27.05556,38.71426],[-27.05938,38.71103],[-27.05273,38.71087],[-27.04817,38.71582],[-27.04858,38.72098],[-27.04772,38.71458],[-27.05047,38.70906],[-27.04248,38.70339],[-27.04406,38.69884],[-27.04122,38.69593],[-27.04811,38.68767],[-27.05611,38.68591],[-27.05568,38.67742],[-27.06677,38.6759],[-27.07549,38.67093],[-27.07408,38.66241],[-27.0776,38.65328],[-27.07297,38.64882],[-27.07858,38.64925],[-27.07702,38.6435],[-27.08912,38.64237],[-27.09743,38.64849],[-27.10435,38.6439],[-27.11711,38.64809],[-27.132,38.64351],[-27.1422,38.64419],[-27.17305,38.65492],[-27.19481,38.6513],[-27.20677,38.65481],[-27.21542,38.64982],[-27.21337,38.6522],[-27.21824,38.65359],[-27.21557,38.65206],[-27.21993,38.65359],[-27.22229,38.6504],[-27.21727,38.64257],[-27.22838,38.6411],[-27.23379,38.64364],[-27.22773,38.65026],[-27.22958,38.6558]]]}},{"type":"Feature","properties":{"region_key":"PT200-GRACIOSA","name_pt":"Graciosa","name_es":"Graciosa","name_en":"Graciosa","kind":"island","source_nuts_id":"PT200"},"geometry":{"type":"Polygon","coordinates":[[[-27.9487,39.02368],[-27.96622,39.01732],[-27.99898,39.01574],[-28.00674,39.0194],[-28.00828,39.02431],[-28.03494,39.02311],[-28.04663,39.03352],[-28.0556,39.05247],[-28.06667,39.06132],[-28.06693,39.0661],[-28.07157,39.06714],[-28.05402,39.0825],[-28.055,39.0881],[-28.04996,39.09466],[-28.04423,39.09377],[-28.04449,39.09556],[-28.03867,39.09505],[-28.03568,39.09716],[-28.03515,39.09638],[-28.03055,39.0962],[-28.02878,39.0971],[-28.02821,39.09534],[-28.01964,39.09459],[-28.01828,39.09273],[-28.01581,39.09175],[-28.01287,39.09212],[-28.00517,39.08634],[-28.00246,39.08866],[-27.99374,39.08633],[-27.99791,39.08403],[-27.99031,39.0819],[-27.97595,39.05864],[-27.97062,39.05797],[-27.96558,39.05279],[-27.96931,39.05356],[-27.97076,39.05056],[-27.95639,39.04009],[-27.95356,39.02626],[-27.9487,39.02368]]]}},{"type":"Feature","properties":{"region_key":"PT200-SAO_JORGE","name_pt":"S\u00e3o Jorge","name_es":"S\u00e3o Jorge","name_en":"S\u00e3o Jorge","kind":"island","source_nuts_id":"PT200"},"geometry":{"type":"Polygon","coordinates":[[[-28.07648,38.62662],[-28.07969,38.62871],[-28.09179,38.6313],[-28.10475,38.63175],[-28.11351,38.63752],[-28.12174,38.63796],[-28.12816,38.64458],[-28.14906,38.64961],[-28.15091,38.65157],[-28.16833,38.66003],[-28.19084,38.66695],[-28.20067,38.68033],[-28.2045,38.67985],[-28.20172,38.67678],[-28.20583,38.67933],[-28.20998,38.67677],[-28.22047,38.68481],[-28.21901,38.69034],[-28.22472,38.69178],[-28.22634,38.68974],[-28.2292,38.69139],[-28.22594,38.69533],[-28.23011,38.70119],[-28.2688,38.7159],[-28.29426,38.7345],[-28.31554,38.75507],[-28.29747,38.74925],[-28.26448,38.73151],[-28.23253,38.72557],[-28.03433,38.66633],[-27.89098,38.60423],[-27.85096,38.59271],[-27.82901,38.58212],[-27.82542,38.58297],[-27.82188,38.57852],[-27.7977,38.57492],[-27.79497,38.56993],[-27.77811,38.56513],[-27.76061,38.54902],[-27.79646,38.54157],[-27.83576,38.54279],[-27.90085,38.5649],[-27.9427,38.58947],[-27.95526,38.58999],[-27.97071,38.59682],[-27.98515,38.59411],[-28.0103,38.60126],[-28.02456,38.60139],[-28.04669,38.61696],[-28.06879,38.62766],[-28.07648,38.62662]]]}},{"type":"Feature","properties":{"region_key":"PT200-PICO","name_pt":"Pico","name_es":"Pico","name_en":"Pico","kind":"island","source_nuts_id":"PT200"},"geometry":{"type":"Polygon","coordinates":[[[-28.52129,38.53958],[-28.52065,38.54412],[-28.51368,38.54917],[-28.48526,38.55781],[-28.41454,38.55646],[-28.3745,38.55048],[-28.30191,38.51516],[-28.30231,38.51231],[-28.29425,38.5059],[-28.28426,38.50657],[-28.22623,38.48444],[-28.20629,38.47085],[-28.19414,38.46708],[-28.19123,38.46244],[-28.18164,38.46312],[-28.17109,38.45636],[-28.14482,38.45606],[-28.14091,38.45262],[-28.10949,38.4466],[-28.06383,38.44278],[-28.04711,38.43256],[-28.0406,38.40908],[-28.05333,38.40792],[-28.06672,38.40187],[-28.07739,38.40405],[-28.08147,38.39961],[-28.08859,38.39962],[-28.11805,38.4061],[-28.17748,38.40958],[-28.20531,38.40034],[-28.23174,38.38388],[-28.23988,38.38207],[-28.253,38.38586],[-28.2503,38.39137],[-28.25228,38.38968],[-28.25633,38.3925],[-28.25792,38.39942],[-28.25677,38.39661],[-28.25336,38.39821],[-28.25649,38.40409],[-28.27252,38.41244],[-28.3215,38.41188],[-28.35165,38.41583],[-28.36762,38.41241],[-28.41103,38.42787],[-28.42072,38.42694],[-28.42607,38.42143],[-28.44466,38.42024],[-28.46451,38.43281],[-28.48001,38.4354],[-28.48199,38.43737],[-28.5169,38.45215],[-28.52123,38.46502],[-28.52921,38.47024],[-28.54184,38.49206],[-28.53911,38.49557],[-28.5419,38.50956],[-28.53992,38.51924],[-28.53543,38.53554],[-28.52872,38.53433],[-28.52956,38.53743],[-28.53325,38.53632],[-28.52942,38.53797],[-28.52129,38.53958]]]}},{"type":"Feature","properties":{"region_key":"PT200-FAIAL","name_pt":"Faial","name_es":"Faial","name_en":"Faial","kind":"island","source_nuts_id":"PT200"},"geometry":{"type":"Polygon","coordinates":[[[-28.75285,38.54769],[-28.76073,38.56255],[-28.76761,38.56652],[-28.77378,38.56387],[-28.77707,38.5655],[-28.78082,38.56503],[-28.78149,38.56462],[-28.78469,38.567],[-28.78925,38.56883],[-28.78954,38.56861],[-28.79157,38.57055],[-28.79642,38.57191],[-28.80184,38.576],[-28.81564,38.58145],[-28.81562,38.58201],[-28.82197,38.58631],[-28.82467,38.59088],[-28.82881,38.59076],[-28.82828,38.59705],[-28.83398,38.60064],[-28.7799,38.60489],[-28.75506,38.61077],[-28.74289,38.61768],[-28.72792,38.63659],[-28.71563,38.64379],[-28.65311,38.62135],[-28.64794,38.61697],[-28.63227,38.61373],[-28.60973,38.5974],[-28.60597,38.58511],[-28.60839,38.57926],[-28.6037,38.56918],[-28.61178,38.56114],[-28.60546,38.55067],[-28.64395,38.53535],[-28.63315,38.52434],[-28.69263,38.5214],[-28.71999,38.51732],[-28.74958,38.52351],[-28.75121,38.52545],[-28.74773,38.52775],[-28.75041,38.52945],[-28.75285,38.54769]]]}},{"type":"Feature","properties":{"region_key":"PT200-FLORES","name_pt":"Flores","name_es":"Flores","name_en":"Flores","kind":"island","source_nuts_id":"PT200"},"geometry":{"type":"Polygon","coordinates":[[[-31.16033,39.3855],[-31.16614,39.3839],[-31.17096,39.38025],[-31.16562,39.37917],[-31.16922,39.37688],[-31.17045,39.37748],[-31.19254,39.37281],[-31.22062,39.37579],[-31.23214,39.37117],[-31.23926,39.37501],[-31.24501,39.37634],[-31.24815,39.37527],[-31.25086,39.38105],[-31.25508,39.38421],[-31.25657,39.38378],[-31.25401,39.38574],[-31.25472,39.38691],[-31.25774,39.38816],[-31.25679,39.39125],[-31.25889,39.39331],[-31.25604,39.39516],[-31.2594,39.39911],[-31.25205,39.40298],[-31.2519,39.40578],[-31.25317,39.40731],[-31.2543,39.40754],[-31.25456,39.40829],[-31.25684,39.40847],[-31.2564,39.41261],[-31.26302,39.41887],[-31.26477,39.42812],[-31.26016,39.43743],[-31.26882,39.45167],[-31.26485,39.45549],[-31.26602,39.45901],[-31.26392,39.45826],[-31.26368,39.46026],[-31.26023,39.45914],[-31.25749,39.46381],[-31.25779,39.48903],[-31.23595,39.50784],[-31.23329,39.51173],[-31.23279,39.51462],[-31.2362,39.51831],[-31.20557,39.52226],[-31.20787,39.51835],[-31.20733,39.516],[-31.20463,39.51464],[-31.20792,39.50861],[-31.18627,39.49665],[-31.17272,39.49535],[-31.15954,39.50178],[-31.15359,39.49576],[-31.15488,39.49186],[-31.14881,39.48682],[-31.15056,39.4851],[-31.14838,39.4827],[-31.14867,39.47506],[-31.14689,39.47241],[-31.14433,39.47331],[-31.13621,39.46319],[-31.13261,39.46265],[-31.1322,39.4469],[-31.14449,39.43332],[-31.1368,39.42511],[-31.14878,39.4235],[-31.15069,39.41815],[-31.14823,39.40814],[-31.15946,39.39342],[-31.16033,39.3855]]]}},{"type":"Feature","properties":{"region_key":"PT200-CORVO","name_pt":"Corvo","name_es":"Corvo","name_en":"Corvo","kind":"island","source_nuts_id":"PT200"},"geometry":{"type":"Polygon","coordinates":[[[-31.12136,39.72544],[-31.10445,39.72578],[-31.08801,39.71922],[-31.08227,39.7068],[-31.08734,39.68634],[-31.11408,39.66924],[-31.12239,39.67104],[-31.12193,39.67415],[-31.12375,39.67452],[-31.11743,39.68025],[-31.1191,39.68484],[-31.12667,39.69306],[-31.12851,39.70221],[-31.12646,39.71071],[-31.11933,39.71854],[-31.12136,39.72544]]]}},{"type":"Feature","properties":{"region_key":"PT11E","name_pt":"Terras de Tr\u00e1s-os-Montes","name_es":"Terras de Tr\u00e1s-os-Montes","name_en":"Terras de Tr\u00e1s-os-Montes","kind":"district_province","source_nuts_id":"PT11E"},"geometry":{"type":"Polygon","coordinates":[[[-6.74999,41.94358],[-6.6969,41.93358],[-6.6376,41.94184],[-6.61885,41.94106],[-6.61151,41.94715],[-6.59874,41.94948],[-6.58846,41.96776],[-6.58321,41.96539],[-6.57756,41.96171],[-6.57379,41.96067],[-6.56125,41.95266],[-6.55638,41.94872],[-6.55259,41.94624],[-6.54913,41.94451],[-6.54584,41.93594],[-6.54597,41.93069],[-6.55686,41.91138],[-6.56065,41.89762],[-6.57118,41.88363],[-6.51703,41.8733],[-6.51776,41.86818],[-6.52455,41.86063],[-6.52329,41.85412],[-6.53132,41.83566],[-6.52964,41.82045],[-6.53762,41.81298],[-6.54608,41.79395],[-6.54475,41.78391],[-6.55489,41.76763],[-6.55604,41.75654],[-6.56495,41.75079],[-6.56813,41.7443],[-6.55682,41.73739],[-6.55743,41.73007],[-6.55553,41.72628],[-6.5505,41.72505],[-6.55394,41.72063],[-6.54308,41.70218],[-6.5456,41.69981],[-6.55318,41.70092],[-6.55348,41.6935],[-6.54824,41.68564],[-6.54184,41.68042],[-6.53464,41.67652],[-6.52769,41.67504],[-6.5258,41.67297],[-6.51913,41.66884],[-6.5182,41.66679],[-6.51503,41.66455],[-6.5121,41.66126],[-6.50021,41.65749],[-6.4885,41.65769],[-6.46944,41.66609],[-6.45843,41.66728],[-6.45135,41.68159],[-6.4398,41.6842],[-6.42592,41.6796],[-6.4058,41.68067],[-6.37826,41.67446],[-6.37371,41.67399],[-6.35786,41.67709],[-6.3225,41.66698],[-6.31963,41.6669],[-6.31536,41.66545],[-6.30294,41.6629],[-6.28874,41.65661],[-6.25492,41.63406],[-6.2349,41.60705],[-6.20276,41.59565],[-6.18935,41.57505],[-6.20905,41.56211],[-6.21568,41.55298],[-6.21921,41.5412],[-6.2407,41.52049],[-6.25516,41.51297],[-6.25213,41.49982],[-6.26669,41.49534],[-6.26238,41.4865],[-6.26908,41.48639],[-6.28537,41.478],[-6.28657,41.46677],[-6.30599,41.44802],[-6.29696,41.43858],[-6.29685,41.43304],[-6.31047,41.41909],[-6.32802,41.41519],[-6.3332,41.40943],[-6.33125,41.40516],[-6.31902,41.39875],[-6.3165,41.39073],[-6.31831,41.38614],[-6.32668,41.38682],[-6.35202,41.37849],[-6.3614,41.38309],[-6.36689,41.39277],[-6.39147,41.38375],[-6.39306,41.3702],[-6.38748,41.36429],[-6.37775,41.36137],[-6.3872,41.35332],[-6.41294,41.34868],[-6.41998,41.34362],[-6.42615,41.334],[-6.42037,41.32632],[-6.43512,41.3184],[-6.43959,41.30453],[-6.45576,41.29843],[-6.46972,41.30054],[-6.47971,41.29438],[-6.49099,41.28597],[-6.48027,41.27748],[-6.48044,41.27453],[-6.50111,41.26515],[-6.51137,41.26483],[-6.51915,41.27525],[-6.54599,41.2581],[-6.55308,41.24575],[-6.56741,41.2427],[-6.57127,41.23906],[-6.57643,41.23882],[-6.58135,41.23952],[-6.58558,41.24385],[-6.5871,41.25209],[-6.59119,41.25469],[-6.59926,41.24495],[-6.60893,41.24932],[-6.63012,41.24307],[-6.6479,41.24727],[-6.65304,41.23643],[-6.68012,41.21844],[-6.6906,41.20871],[-6.68979,41.20524],[-6.70584,41.21374],[-6.73698,41.2486],[-6.76375,41.23698],[-6.77441,41.22338],[-6.78187,41.20229],[-6.81169,41.19358],[-6.81485,41.1969],[-6.83419,41.20102],[-6.84507,41.21152],[-6.85241,41.22657],[-6.90189,41.22554],[-6.91262,41.2279],[-6.92101,41.24135],[-6.93009,41.24027],[-6.93514,41.24693],[-6.95039,41.24544],[-6.96033,41.24976],[-6.96674,41.24754],[-6.97569,41.25257],[-6.97769,41.25451],[-6.98676,41.25515],[-6.9998,41.26106],[-7.021,41.27409],[-7.04727,41.3012],[-7.06955,41.30912],[-7.07102,41.30473],[-7.08951,41.27387],[-7.09053,41.26428],[-7.08801,41.26019],[-7.09159,41.24378],[-7.09726,41.23425],[-7.1222,41.24853],[-7.15051,41.25761],[-7.15757,41.25096],[-7.16515,41.25455],[-7.17497,41.2528],[-7.17544,41.24869],[-7.18275,41.24326],[-7.18554,41.23643],[-7.19488,41.23181],[-7.20307,41.23438],[-7.21965,41.22825],[-7.23093,41.23014],[-7.23932,41.25047],[-7.24255,41.25547],[-7.2395,41.26429],[-7.24618,41.26712],[-7.23781,41.29231],[-7.26638,41.2932],[-7.27242,41.29507],[-7.28572,41.2917],[-7.29702,41.29861],[-7.29228,41.30578],[-7.28637,41.31145],[-7.27676,41.31347],[-7.27142,41.33202],[-7.29548,41.3359],[-7.29987,41.33451],[-7.31467,41.33852],[-7.31603,41.34178],[-7.34643,41.35144],[-7.35584,41.35804],[-7.36138,41.36703],[-7.35308,41.37599],[-7.36006,41.38162],[-7.36208,41.39404],[-7.36605,41.39664],[-7.36356,41.40668],[-7.36486,41.41564],[-7.3606,41.42576],[-7.36532,41.44042],[-7.34497,41.45185],[-7.33382,41.45158],[-7.33026,41.45833],[-7.32524,41.46053],[-7.31749,41.4613],[-7.29782,41.46504],[-7.30383,41.46907],[-7.30324,41.47575],[-7.30079,41.4891],[-7.29668,41.49554],[-7.29629,41.49913],[-7.28938,41.50454],[-7.29028,41.51029],[-7.28259,41.51554],[-7.238,41.51931],[-7.22912,41.52279],[-7.23293,41.53077],[-7.23928,41.53512],[-7.2404,41.54283],[-7.24824,41.54639],[-7.25888,41.5667],[-7.25388,41.58238],[-7.25801,41.5925],[-7.25511,41.60107],[-7.25258,41.61064],[-7.24494,41.61826],[-7.24739,41.63017],[-7.24449,41.63769],[-7.24375,41.63919],[-7.23024,41.65664],[-7.22126,41.67271],[-7.21417,41.68179],[-7.20599,41.71609],[-7.19697,41.71986],[-7.19429,41.72927],[-7.18868,41.73523],[-7.18056,41.73568],[-7.17464,41.73989],[-7.1727,41.74519],[-7.17692,41.75737],[-7.17161,41.766],[-7.17356,41.77224],[-7.18225,41.77804],[-7.18787,41.77833],[-7.19005,41.78258],[-7.19367,41.78222],[-7.19436,41.79337],[-7.20202,41.79913],[-7.19989,41.80404],[-7.20486,41.80572],[-7.20967,41.81279],[-7.20552,41.82141],[-7.21247,41.82783],[-7.20736,41.8358],[-7.20608,41.84599],[-7.20177,41.8498],[-7.20065,41.85886],[-7.19494,41.86634],[-7.20266,41.87351],[-7.20046,41.87975],[-7.19552,41.88225],[-7.18604,41.89599],[-7.18262,41.91205],[-7.18203,41.91324],[-7.17605,41.91836],[-7.17572,41.92133],[-7.18578,41.94078],[-7.18277,41.95195],[-7.18568,41.95849],[-7.18473,41.97246],[-7.17624,41.97981],[-7.15759,41.97733],[-7.15092,41.98637],[-7.14183,41.99029],[-7.11536,41.9837],[-7.08813,41.97362],[-7.07531,41.95134],[-7.05422,41.94918],[-7.04409,41.95465],[-7.03433,41.95099],[-7.00872,41.9501],[-6.99886,41.96261],[-6.9858,41.97145],[-6.9773,41.97362],[-6.95833,41.96895],[-6.94359,41.9449],[-6.93374,41.94626],[-6.8854,41.94041],[-6.87192,41.94616],[-6.84533,41.94268],[-6.83101,41.94412],[-6.8211,41.94722],[-6.81021,41.9702],[-6.81147,41.99253],[-6.80558,41.99092],[-6.78084,41.98805],[-6.76869,41.98391],[-6.76598,41.97263],[-6.74999,41.94358]]]}},{"type":"Feature","properties":{"region_key":"PT150","name_pt":"Algarve","name_es":"Algarve","name_en":"Algarve","kind":"district_province","source_nuts_id":"PT150"},"geometry":{"type":"Polygon","coordinates":[[[-7.49437,37.52225],[-7.48486,37.49896],[-7.46593,37.49003],[-7.46864,37.46953],[-7.45745,37.45145],[-7.45734,37.43086],[-7.44739,37.41916],[-7.46123,37.40994],[-7.45012,37.40259],[-7.44123,37.39173],[-7.43747,37.37029],[-7.4382,37.35838],[-7.4437,37.34468],[-7.44036,37.32846],[-7.44203,37.31517],[-7.43386,37.28985],[-7.42262,37.27471],[-7.43157,37.25939],[-7.43294,37.24843],[-7.41847,37.23606],[-7.41328,37.22337],[-7.41341,37.21045],[-7.40953,37.19559],[-7.40796,37.18482],[-7.40692,37.18203],[-7.39634,37.16632],[-7.39805,37.16416],[-7.40713,37.17132],[-7.44202,37.17664],[-7.46921,37.17566],[-7.50681,37.16718],[-7.53141,37.15766],[-7.57036,37.14804],[-7.5734,37.14376],[-7.56927,37.14428],[-7.56862,37.14329],[-7.56961,37.14237],[-7.57346,37.14111],[-7.60744,37.12384],[-7.61601,37.11839],[-7.62805,37.11702],[-7.64084,37.10314],[-7.6387,37.10179],[-7.62931,37.11083],[-7.62678,37.11119],[-7.63673,37.10055],[-7.67502,37.07892],[-7.71017,37.06299],[-7.71287,37.06965],[-7.71813,37.06208],[-7.72802,37.05599],[-7.72452,37.05403],[-7.72664,37.05207],[-7.78579,37.01935],[-7.79844,37.01303],[-7.80632,37.0163],[-7.80842,37.02034],[-7.80785,37.02222],[-7.80632,37.02317],[-7.7988,37.02182],[-7.79131,37.02732],[-7.78665,37.03161],[-7.79568,37.03365],[-7.80632,37.02548],[-7.81657,37.02986],[-7.8312,37.02517],[-7.86341,37.01966],[-7.86025,37.01497],[-7.86383,37.00984],[-7.881,37.0119],[-7.86288,37.00123],[-7.86078,36.99542],[-7.86405,36.99027],[-7.88612,36.98406],[-7.92128,37.00641],[-7.92869,36.99999],[-7.91256,36.99478],[-7.89048,36.97656],[-7.89235,36.96809],[-7.87744,36.96691],[-7.88053,36.96325],[-7.90804,36.96645],[-7.9079,36.97102],[-7.91577,36.97572],[-7.9446,36.98351],[-7.96669,36.99549],[-7.9784,36.99743],[-7.98858,37.00721],[-7.99348,37.00644],[-8.00047,37.01027],[-8.00628,37.01391],[-8.00597,37.01771],[-8.01248,37.01724],[-8.07141,37.0516],[-8.08981,37.06108],[-8.12721,37.07385],[-8.18294,37.09023],[-8.23394,37.08292],[-8.2528,37.08618],[-8.25991,37.08019],[-8.28476,37.07323],[-8.30889,37.0755],[-8.32953,37.0887],[-8.35217,37.09869],[-8.36947,37.10174],[-8.40106,37.09069],[-8.44216,37.08603],[-8.494,37.10127],[-8.50224,37.10043],[-8.51856,37.10594],[-8.52096,37.10935],[-8.52788,37.10842],[-8.53029,37.11535],[-8.53366,37.11708],[-8.56401,37.1196],[-8.57099,37.1159],[-8.59925,37.12276],[-8.64265,37.11803],[-8.64762,37.11648],[-8.66017,37.11009],[-8.66772,37.10267],[-8.66892,37.09014],[-8.66681,37.08403],[-8.66978,37.08022],[-8.68592,37.0852],[-8.71037,37.08413],[-8.7233,37.08649],[-8.75409,37.0739],[-8.77226,37.07123],[-8.7891,37.06309],[-8.80042,37.06576],[-8.82234,37.06477],[-8.85479,37.05476],[-8.85786,37.04773],[-8.86408,37.04271],[-8.87158,37.04575],[-8.89529,37.04182],[-8.8967,37.03505],[-8.90691,37.02422],[-8.92659,37.01842],[-8.92931,37.01193],[-8.9253,37.01024],[-8.9293,37.00347],[-8.94228,37.00403],[-8.94772,36.99463],[-8.95103,36.99719],[-8.94854,37.006],[-8.95396,37.01415],[-8.965,37.02553],[-8.97328,37.02501],[-8.98261,37.02584],[-8.9862,37.02],[-8.99402,37.02381],[-8.98067,37.04223],[-8.98105,37.05017],[-8.97328,37.0613],[-8.96266,37.07124],[-8.96171,37.08379],[-8.95719,37.09334],[-8.93672,37.11043],[-8.91779,37.14545],[-8.90919,37.15556],[-8.9034,37.16848],[-8.90976,37.17498],[-8.91242,37.18306],[-8.91028,37.18865],[-8.91663,37.19685],[-8.90367,37.19903],[-8.89676,37.20543],[-8.86769,37.25232],[-8.86075,37.27063],[-8.866,37.2816],[-8.86576,37.29269],[-8.87505,37.29636],[-8.87573,37.30683],[-8.87307,37.31216],[-8.87705,37.32069],[-8.86366,37.33058],[-8.8461,37.35054],[-8.83963,37.36232],[-8.82044,37.39212],[-8.80721,37.4188],[-8.80833,37.42762],[-8.80548,37.43468],[-8.79627,37.44288],[-8.78977,37.43505],[-8.77031,37.43624],[-8.75885,37.42971],[-8.75058,37.43125],[-8.75114,37.42396],[-8.74536,37.42382],[-8.74835,37.41706],[-8.73855,37.4132],[-8.73753,37.40259],[-8.73297,37.39729],[-8.71942,37.40006],[-8.69042,37.39627],[-8.68272,37.40029],[-8.66244,37.39898],[-8.65372,37.38712],[-8.64744,37.38347],[-8.64479,37.37681],[-8.63783,37.37705],[-8.63428,37.3854],[-8.62162,37.39977],[-8.591,37.40259],[-8.58031,37.40622],[-8.57328,37.41103],[-8.56972,37.41042],[-8.51508,37.37872],[-8.50772,37.38496],[-8.49454,37.38566],[-8.48049,37.38323],[-8.46049,37.37507],[-8.45454,37.37372],[-8.44724,37.3851],[-8.43111,37.38402],[-8.42761,37.38635],[-8.42228,37.39452],[-8.42416,37.40894],[-8.41942,37.41056],[-8.4175,37.41874],[-8.40936,37.41948],[-8.40617,37.42368],[-8.39947,37.42574],[-8.37793,37.42726],[-8.37184,37.42626],[-8.3665,37.43079],[-8.3597,37.431],[-8.34374,37.4263],[-8.33636,37.43236],[-8.32963,37.42478],[-8.32398,37.4273],[-8.31661,37.43813],[-8.30965,37.43193],[-8.29963,37.43383],[-8.28416,37.43006],[-8.27838,37.42457],[-8.27705,37.41338],[-8.26643,37.40918],[-8.27443,37.40259],[-8.27291,37.38824],[-8.2667,37.38518],[-8.25228,37.3854],[-8.24461,37.3775],[-8.23277,37.36924],[-8.20166,37.35408],[-8.19677,37.34722],[-8.18724,37.3411],[-8.18227,37.34204],[-8.14809,37.33226],[-8.12257,37.33133],[-8.11191,37.32829],[-8.08926,37.32745],[-8.08032,37.32784],[-8.06624,37.31984],[-8.04326,37.33685],[-8.03714,37.33864],[-8.03571,37.34774],[-8.02774,37.35367],[-8.02076,37.35332],[-8.01556,37.3598],[-8.00266,37.35867],[-7.99862,37.36337],[-7.99113,37.3637],[-7.99365,37.36924],[-7.99924,37.3704],[-8.0043,37.37761],[-8.00144,37.38274],[-8.00312,37.38913],[-7.9991,37.3959],[-7.98431,37.39819],[-7.98297,37.40613],[-7.97261,37.40329],[-7.96234,37.40954],[-7.95357,37.40489],[-7.94267,37.40939],[-7.93944,37.40416],[-7.92423,37.41199],[-7.91926,37.40877],[-7.91161,37.40948],[-7.90763,37.40579],[-7.90073,37.41582],[-7.89101,37.41541],[-7.88911,37.41771],[-7.89207,37.42515],[-7.8959,37.42633],[-7.89155,37.43469],[-7.87797,37.43314],[-7.86859,37.43855],[-7.85926,37.43723],[-7.85338,37.44777],[-7.83243,37.44967],[-7.82331,37.46047],[-7.8214,37.45504],[-7.81822,37.45424],[-7.7942,37.46944],[-7.78584,37.47011],[-7.77306,37.4787],[-7.76478,37.48028],[-7.76322,37.48451],[-7.75049,37.48173],[-7.74381,37.48929],[-7.73559,37.49113],[-7.7301,37.49635],[-7.72316,37.49347],[-7.71276,37.50019],[-7.68358,37.50194],[-7.67476,37.50503],[-7.66915,37.50318],[-7.66225,37.50494],[-7.65741,37.50107],[-7.6523,37.50152],[-7.64916,37.49505],[-7.64587,37.49505],[-7.64265,37.49897],[-7.63814,37.49999],[-7.63126,37.49505],[-7.61944,37.49096],[-7.61562,37.49337],[-7.61437,37.49505],[-7.61409,37.4995],[-7.59743,37.50361],[-7.59425,37.51414],[-7.581,37.51606],[-7.57435,37.52834],[-7.56548,37.52655],[-7.56183,37.52238],[-7.54821,37.52496],[-7.5444,37.5209],[-7.52347,37.52837],[-7.51269,37.52626],[-7.50678,37.52301],[-7.49437,37.52225]]]}},{"type":"Feature","properties":{"region_key":"PT191","name_pt":"Regi\u00e3o de Aveiro","name_es":"Regi\u00e3o de Aveiro","name_en":"Regi\u00e3o de Aveiro","kind":"district_province","source_nuts_id":"PT191"},"geometry":{"type":"MultiPolygon","coordinates":[[[[-8.57152,40.87547],[-8.55361,40.87268],[-8.54072,40.88072],[-8.5323,40.89048],[-8.52312,40.89048],[-8.5282,40.87374],[-8.52508,40.86874],[-8.52647,40.86189],[-8.54819,40.85155],[-8.54941,40.84647],[-8.54097,40.84044],[-8.5393,40.8337],[-8.52507,40.8317],[-8.53462,40.8231],[-8.53378,40.81886],[-8.54837,40.81427],[-8.54771,40.78816],[-8.51586,40.77607],[-8.51913,40.76931],[-8.52633,40.76536],[-8.5066,40.75933],[-8.49901,40.76187],[-8.4956,40.76973],[-8.46945,40.77662],[-8.46059,40.77503],[-8.45367,40.77984],[-8.43573,40.77905],[-8.42677,40.7711],[-8.41589,40.76809],[-8.4079,40.77647],[-8.40615,40.78803],[-8.39839,40.78918],[-8.39373,40.79822],[-8.38677,40.79659],[-8.37153,40.79935],[-8.36711,40.79845],[-8.35766,40.78792],[-8.34017,40.77756],[-8.33488,40.77739],[-8.32936,40.77917],[-8.32275,40.78629],[-8.314,40.7854],[-8.30419,40.77718],[-8.29515,40.78297],[-8.28626,40.78413],[-8.27337,40.76317],[-8.27576,40.76288],[-8.27271,40.75779],[-8.28049,40.75696],[-8.29078,40.75129],[-8.30965,40.74267],[-8.32226,40.74237],[-8.33359,40.737],[-8.32436,40.72068],[-8.32522,40.71031],[-8.3139,40.70305],[-8.30672,40.69253],[-8.29829,40.69454],[-8.29807,40.67674],[-8.28954,40.66763],[-8.29439,40.65265],[-8.29337,40.63461],[-8.28547,40.6311],[-8.27428,40.63074],[-8.24916,40.61854],[-8.24743,40.61386],[-8.27629,40.60543],[-8.29229,40.60504],[-8.30842,40.59641],[-8.2988,40.57733],[-8.28889,40.56737],[-8.28507,40.54041],[-8.27115,40.53529],[-8.25054,40.51486],[-8.25197,40.51002],[-8.2638,40.50429],[-8.28351,40.50872],[-8.31,40.49625],[-8.33024,40.49173],[-8.33447,40.48605],[-8.33489,40.47546],[-8.31946,40.45777],[-8.31845,40.4418],[-8.32876,40.43838],[-8.3445,40.42489],[-8.33896,40.41881],[-8.34645,40.41037],[-8.35371,40.4084],[-8.35118,40.39775],[-8.35408,40.3956],[-8.36443,40.4016],[-8.37719,40.39733],[-8.40091,40.39922],[-8.43173,40.39538],[-8.43376,40.39554],[-8.44483,40.40094],[-8.45264,40.39835],[-8.47478,40.41122],[-8.5053,40.41614],[-8.50534,40.42108],[-8.51807,40.41985],[-8.54398,40.40583],[-8.56953,40.40064],[-8.57244,40.40029],[-8.57396,40.40172],[-8.57969,40.41892],[-8.57813,40.44154],[-8.57157,40.4515],[-8.57594,40.4655],[-8.58475,40.47872],[-8.60313,40.48002],[-8.6133,40.48499],[-8.61775,40.48384],[-8.62273,40.47833],[-8.6312,40.46557],[-8.63328,40.45586],[-8.63144,40.4337],[-8.63593,40.42627],[-8.64762,40.42413],[-8.68672,40.44034],[-8.68545,40.44311],[-8.70031,40.45769],[-8.72701,40.47739],[-8.75169,40.49831],[-8.7663,40.50954],[-8.77489,40.51449],[-8.78403,40.52037],[-8.76609,40.58293],[-8.75969,40.60075],[-8.75093,40.62919],[-8.74856,40.64333],[-8.73823,40.64393],[-8.74447,40.62893],[-8.74854,40.62187],[-8.74942,40.59883],[-8.75398,40.58024],[-8.75233,40.57607],[-8.74842,40.57884],[-8.74635,40.59105],[-8.73878,40.60016],[-8.73581,40.60646],[-8.73885,40.61633],[-8.736,40.62858],[-8.73054,40.63671],[-8.73347,40.64739],[-8.72352,40.64492],[-8.71623,40.65162],[-8.71954,40.65561],[-8.71149,40.65712],[-8.7003,40.65098],[-8.6876,40.63286],[-8.6839,40.62232],[-8.68426,40.63917],[-8.69264,40.6429],[-8.69772,40.65769],[-8.67574,40.6788],[-8.67182,40.68956],[-8.6655,40.6926],[-8.66696,40.6942],[-8.67021,40.69349],[-8.67207,40.6944],[-8.66995,40.70124],[-8.6762,40.71682],[-8.67089,40.71918],[-8.6665,40.71544],[-8.64762,40.72603],[-8.63191,40.72263],[-8.62332,40.71994],[-8.61005,40.72504],[-8.61691,40.72765],[-8.61056,40.73153],[-8.61737,40.73503],[-8.63482,40.72397],[-8.64762,40.72846],[-8.66907,40.72877],[-8.67496,40.73528],[-8.67792,40.74613],[-8.67608,40.75405],[-8.68207,40.77102],[-8.68178,40.77905],[-8.66956,40.79004],[-8.65581,40.79004],[-8.6605,40.79383],[-8.63513,40.81391],[-8.6215,40.81394],[-8.62984,40.81931],[-8.62931,40.8276],[-8.63913,40.82784],[-8.64542,40.83367],[-8.65612,40.81353],[-8.66283,40.8118],[-8.66436,40.82274],[-8.66834,40.81933],[-8.67411,40.79169],[-8.68892,40.7803],[-8.70092,40.75947],[-8.69689,40.73893],[-8.69904,40.7197],[-8.71654,40.7026],[-8.72024,40.69394],[-8.71834,40.67816],[-8.72334,40.67063],[-8.74013,40.64899],[-8.75426,40.64651],[-8.74699,40.67063],[-8.73485,40.70679],[-8.69598,40.81624],[-8.66845,40.90011],[-8.66225,40.92417],[-8.65747,40.94783],[-8.65313,40.96476],[-8.62012,40.96885],[-8.61256,40.97216],[-8.61093,40.97596],[-8.60673,40.97549],[-8.60086,40.96902],[-8.6009,40.96353],[-8.60389,40.95051],[-8.60279,40.9413],[-8.59875,40.93881],[-8.59379,40.93367],[-8.59487,40.9244],[-8.58176,40.90917],[-8.58071,40.89623],[-8.58675,40.88966],[-8.57856,40.88461],[-8.57152,40.87547]]],[[[-8.67978,40.71123],[-8.6747,40.7001],[-8.67974,40.67902],[-8.70179,40.66289],[-8.7215,40.66138],[-8.70849,40.67634],[-8.71134,40.68538],[-8.7069,40.7066],[-8.70323,40.70861],[-8.69632,40.70508],[-8.67978,40.71123]]]]}},{"type":"Feature","properties":{"region_key":"PT192","name_pt":"Regi\u00e3o de Coimbra","name_es":"Regi\u00e3o de Coimbra","name_en":"Regi\u00e3o de Coimbra","kind":"district_province","source_nuts_id":"PT192"},"geometry":{"type":"Polygon","coordinates":[[[-8.68672,40.44034],[-8.64762,40.42413],[-8.63593,40.42627],[-8.63144,40.4337],[-8.63328,40.45586],[-8.6312,40.46557],[-8.62273,40.47833],[-8.61775,40.48384],[-8.6133,40.48499],[-8.60313,40.48002],[-8.58475,40.47872],[-8.57594,40.4655],[-8.57157,40.4515],[-8.57813,40.44154],[-8.57969,40.41892],[-8.57396,40.40172],[-8.57244,40.40029],[-8.56953,40.40064],[-8.54398,40.40583],[-8.51807,40.41985],[-8.50534,40.42108],[-8.5053,40.41614],[-8.47478,40.41122],[-8.45264,40.39835],[-8.44483,40.40094],[-8.43376,40.39554],[-8.43173,40.39538],[-8.40091,40.39922],[-8.37719,40.39733],[-8.36443,40.4016],[-8.35408,40.3956],[-8.35118,40.39775],[-8.35371,40.4084],[-8.34645,40.41037],[-8.33896,40.41881],[-8.3445,40.42489],[-8.32876,40.43838],[-8.31845,40.4418],[-8.31946,40.45777],[-8.33489,40.47546],[-8.33447,40.48605],[-8.33024,40.49173],[-8.31,40.49625],[-8.28351,40.50872],[-8.2638,40.50429],[-8.25197,40.51002],[-8.25054,40.51486],[-8.2429,40.51385],[-8.23122,40.51666],[-8.22155,40.5146],[-8.21317,40.50819],[-8.20504,40.49667],[-8.19929,40.47887],[-8.1914,40.47302],[-8.17181,40.46954],[-8.16428,40.45081],[-8.1579,40.44916],[-8.16057,40.44343],[-8.1676,40.41709],[-8.16301,40.40928],[-8.16649,40.40396],[-8.16077,40.40169],[-8.16576,40.3893],[-8.17272,40.38596],[-8.178,40.37661],[-8.1652,40.36744],[-8.17367,40.36275],[-8.17574,40.35142],[-8.18098,40.34713],[-8.18126,40.3407],[-8.18682,40.33844],[-8.18436,40.33413],[-8.17718,40.33678],[-8.17053,40.34416],[-8.15441,40.33809],[-8.13841,40.33773],[-8.13549,40.33444],[-8.13225,40.33545],[-8.13154,40.34214],[-8.1166,40.33972],[-8.09009,40.35998],[-8.0756,40.36311],[-8.06696,40.37385],[-8.05717,40.37265],[-8.04619,40.38058],[-8.03993,40.38621],[-8.01749,40.38863],[-8.00633,40.39072],[-7.98779,40.40171],[-7.97744,40.40424],[-7.97159,40.40799],[-7.95595,40.42262],[-7.94751,40.42269],[-7.93084,40.42979],[-7.91878,40.44135],[-7.91664,40.4469],[-7.9036,40.45645],[-7.89574,40.4617],[-7.88817,40.46916],[-7.86718,40.48025],[-7.86294,40.48641],[-7.84693,40.49467],[-7.84022,40.49356],[-7.82831,40.49855],[-7.82654,40.48177],[-7.79695,40.45742],[-7.81071,40.43961],[-7.82603,40.44019],[-7.84922,40.42743],[-7.84546,40.42404],[-7.84513,40.41409],[-7.83397,40.40851],[-7.83197,40.40701],[-7.82564,40.40359],[-7.8091,40.40582],[-7.79713,40.40504],[-7.79838,40.38122],[-7.7965,40.37404],[-7.79874,40.36879],[-7.79637,40.36435],[-7.80357,40.3581],[-7.80481,40.35351],[-7.80387,40.34908],[-7.78758,40.3458],[-7.77857,40.33676],[-7.76302,40.33655],[-7.75923,40.33496],[-7.76598,40.31683],[-7.77981,40.3178],[-7.79405,40.30936],[-7.80191,40.30906],[-7.81081,40.28775],[-7.8181,40.28216],[-7.8174,40.27178],[-7.82553,40.2663],[-7.82184,40.25727],[-7.80295,40.25507],[-7.788,40.23974],[-7.78239,40.22992],[-7.78434,40.20819],[-7.79595,40.20093],[-7.809,40.18177],[-7.80177,40.17629],[-7.80077,40.16741],[-7.79583,40.16087],[-7.77393,40.15513],[-7.77349,40.14575],[-7.76943,40.14176],[-7.74738,40.13004],[-7.73604,40.12178],[-7.73437,40.10667],[-7.74719,40.09936],[-7.74339,40.09419],[-7.77249,40.07289],[-7.77535,40.0657],[-7.78827,40.07767],[-7.79065,40.08577],[-7.79915,40.08634],[-7.81398,40.07678],[-7.8115,40.07442],[-7.80159,40.07458],[-7.80528,40.06938],[-7.8014,40.05922],[-7.808,40.05098],[-7.80292,40.04613],[-7.80831,40.03574],[-7.82495,40.05004],[-7.83959,40.05167],[-7.85923,40.05915],[-7.87776,40.04737],[-7.89154,40.04203],[-7.90235,40.04242],[-7.91466,40.03259],[-7.90196,40.00286],[-7.91426,40.00645],[-7.91538,40.00092],[-7.92031,39.99885],[-7.95137,40.00183],[-7.95349,39.99603],[-7.96252,39.98618],[-7.9637,39.97799],[-7.9743,39.98758],[-7.98472,39.9897],[-7.99143,39.98686],[-7.99354,39.97818],[-8.00868,39.98793],[-8.01424,39.98784],[-8.0053,39.97233],[-8.01915,39.97241],[-8.03202,39.98319],[-8.03583,39.97615],[-8.0309,39.96494],[-8.03554,39.96135],[-8.05583,39.96777],[-8.06214,39.95747],[-8.06791,39.95557],[-8.07703,39.95804],[-8.08502,39.96429],[-8.08759,39.95623],[-8.08343,39.94819],[-8.0869,39.94323],[-8.09897,39.9415],[-8.11445,39.94763],[-8.11998,39.94232],[-8.11868,39.93409],[-8.12494,39.93387],[-8.13201,39.93949],[-8.12466,39.94444],[-8.12083,39.95152],[-8.1129,39.95475],[-8.10805,39.96213],[-8.11194,39.97463],[-8.13682,39.99742],[-8.14299,40.01183],[-8.15454,40.02051],[-8.15611,40.02685],[-8.15411,40.03146],[-8.14366,40.06338],[-8.14424,40.07115],[-8.16105,40.07934],[-8.16454,40.08373],[-8.1791,40.08974],[-8.19277,40.07184],[-8.20558,40.06202],[-8.20975,40.05208],[-8.23134,40.06605],[-8.24316,40.06668],[-8.24967,40.05481],[-8.26523,40.05255],[-8.27405,40.04675],[-8.28684,40.02606],[-8.29644,40.01514],[-8.2975,40.01031],[-8.28845,39.99771],[-8.27184,39.98676],[-8.27162,39.984],[-8.27692,39.98103],[-8.27324,39.97636],[-8.27921,39.96803],[-8.27966,39.95952],[-8.28688,39.96614],[-8.3071,39.97481],[-8.3122,39.98768],[-8.31912,39.98487],[-8.32077,39.97209],[-8.32664,39.97041],[-8.32739,39.9641],[-8.34602,39.94878],[-8.35977,39.93615],[-8.37241,39.93251],[-8.37219,39.92405],[-8.38068,39.92656],[-8.38677,39.92436],[-8.39732,39.92583],[-8.40872,39.93189],[-8.39419,39.93754],[-8.39027,39.95027],[-8.38106,39.95248],[-8.38092,39.95647],[-8.38758,39.96559],[-8.39473,39.97437],[-8.40208,39.9785],[-8.39937,39.98817],[-8.40257,40.00072],[-8.42659,40.02594],[-8.4358,40.01666],[-8.42596,40.00643],[-8.42777,40.00372],[-8.42525,40.00199],[-8.4247,40.00074],[-8.42506,39.99968],[-8.42737,39.99771],[-8.43132,39.99912],[-8.43339,40.00298],[-8.45746,40.01778],[-8.46074,40.00594],[-8.4849,39.99327],[-8.4911,39.98653],[-8.52107,39.98404],[-8.52487,39.96253],[-8.53881,39.94884],[-8.55152,39.96246],[-8.5516,39.97186],[-8.54649,39.98049],[-8.55151,40.01613],[-8.55398,40.02444],[-8.57107,40.02822],[-8.5895,40.02785],[-8.59765,40.02218],[-8.61481,39.99353],[-8.61856,39.99141],[-8.64335,39.99068],[-8.64386,40.00281],[-8.64103,40.00969],[-8.64762,40.01069],[-8.66668,40.01713],[-8.67342,40.02772],[-8.67952,40.02821],[-8.6893,40.02709],[-8.6958,40.02979],[-8.70212,40.02809],[-8.73222,40.03218],[-8.76334,40.04095],[-8.78575,40.03485],[-8.79627,40.02342],[-8.80042,40.01257],[-8.83959,40.02766],[-8.84947,40.0235],[-8.86702,40.0236],[-8.87152,40.03504],[-8.89493,40.0455],[-8.8889,40.06277],[-8.86791,40.1126],[-8.86316,40.13713],[-8.86806,40.14546],[-8.87601,40.16268],[-8.90531,40.17863],[-8.90782,40.18398],[-8.90752,40.1909],[-8.8747,40.2585],[-8.84633,40.32688],[-8.82568,40.38894],[-8.7905,40.49831],[-8.78403,40.52037],[-8.77489,40.51449],[-8.7663,40.50954],[-8.75169,40.49831],[-8.72701,40.47739],[-8.70031,40.45769],[-8.68545,40.44311],[-8.68672,40.44034]]]}},{"type":"Feature","properties":{"region_key":"PT195","name_pt":"Beira Baixa","name_es":"Beira Baixa","name_en":"Beira Baixa","kind":"district_province","source_nuts_id":"PT195"},"geometry":{"type":"Polygon","coordinates":[[[-7.08136,40.27845],[-7.06262,40.27634],[-7.05227,40.27966],[-7.03059,40.27904],[-7.02294,40.28297],[-7.02275,40.29008],[-7.01288,40.28948],[-7.00116,40.28159],[-6.98889,40.27821],[-6.98183,40.27253],[-6.96124,40.26699],[-6.9513,40.25745],[-6.9554,40.24858],[-6.96415,40.23824],[-6.97097,40.23689],[-6.976,40.24023],[-6.98101,40.24007],[-6.99776,40.2355],[-7.01112,40.2268],[-7.01937,40.19785],[-7.02595,40.1923],[-7.02825,40.18589],[-7.01622,40.17783],[-7.01927,40.16803],[-7.01393,40.15938],[-7.01359,40.15143],[-7.01878,40.14529],[-7.01476,40.14188],[-7.0124,40.13345],[-7.00946,40.13093],[-7.01069,40.12676],[-6.9943,40.11843],[-6.99309,40.11338],[-6.98623,40.11869],[-6.96414,40.11431],[-6.96079,40.11034],[-6.95365,40.11338],[-6.94271,40.11262],[-6.94282,40.10479],[-6.9352,40.10277],[-6.93299,40.09943],[-6.92046,40.08364],[-6.91603,40.06597],[-6.89339,40.05964],[-6.89566,40.05183],[-6.88203,40.04165],[-6.87602,40.01809],[-6.86591,40.01392],[-6.86654,40.00891],[-6.87457,40.00649],[-6.87423,39.99599],[-6.8849,39.9803],[-6.88085,39.9719],[-6.88788,39.9622],[-6.88562,39.94214],[-6.89392,39.93336],[-6.9017,39.93003],[-6.90769,39.91933],[-6.90112,39.91041],[-6.90097,39.90024],[-6.90623,39.8915],[-6.90338,39.88554],[-6.90446,39.87212],[-6.91638,39.85847],[-6.92618,39.8568],[-6.93329,39.84947],[-6.93651,39.84286],[-6.93652,39.83778],[-6.94519,39.83385],[-6.94986,39.82779],[-6.95818,39.82482],[-6.96842,39.82582],[-6.98223,39.81811],[-6.98861,39.79514],[-6.97734,39.7738],[-6.98462,39.76626],[-6.98847,39.75329],[-6.99178,39.73493],[-6.98903,39.72677],[-6.99938,39.71254],[-7.00817,39.68521],[-7.01532,39.67285],[-7.06481,39.65797],[-7.09057,39.66352],[-7.12438,39.66398],[-7.1467,39.65303],[-7.15059,39.65299],[-7.15272,39.65331],[-7.16152,39.65566],[-7.16796,39.65602],[-7.17887,39.65841],[-7.18731,39.65954],[-7.18904,39.66037],[-7.19236,39.66078],[-7.21718,39.66079],[-7.24582,39.66699],[-7.25704,39.66606],[-7.26425,39.66594],[-7.27232,39.66359],[-7.27552,39.6636],[-7.28708,39.66148],[-7.29007,39.65977],[-7.29139,39.65786],[-7.33386,39.64155],[-7.37573,39.65136],[-7.40071,39.6471],[-7.42575,39.65192],[-7.45317,39.66314],[-7.52106,39.6671],[-7.52884,39.66733],[-7.53127,39.66788],[-7.53599,39.66775],[-7.53957,39.66695],[-7.54281,39.6655],[-7.54509,39.66355],[-7.54285,39.66279],[-7.55219,39.65803],[-7.5793,39.65854],[-7.59065,39.65329],[-7.59602,39.64661],[-7.59717,39.64028],[-7.62137,39.62821],[-7.63785,39.62296],[-7.64867,39.62504],[-7.66023,39.63435],[-7.66938,39.64741],[-7.67647,39.64694],[-7.70324,39.63662],[-7.71487,39.6254],[-7.71327,39.60927],[-7.72027,39.59655],[-7.72537,39.59213],[-7.73521,39.59309],[-7.75472,39.58791],[-7.76873,39.56572],[-7.78195,39.55948],[-7.78812,39.55311],[-7.79754,39.54511],[-7.81453,39.54247],[-7.8251,39.53737],[-7.82808,39.54409],[-7.8212,39.5593],[-7.80899,39.56578],[-7.81591,39.5727],[-7.81753,39.58407],[-7.8256,39.58812],[-7.82913,39.59329],[-7.83588,39.59516],[-7.83352,39.59959],[-7.83964,39.60056],[-7.83971,39.6074],[-7.84786,39.60868],[-7.8484,39.62223],[-7.86065,39.62483],[-7.85989,39.6297],[-7.86551,39.63837],[-7.87177,39.63731],[-7.88321,39.64448],[-7.89171,39.64381],[-7.89159,39.65128],[-7.90508,39.66097],[-7.91585,39.6678],[-7.92632,39.66717],[-7.92718,39.66224],[-7.93565,39.65927],[-7.9591,39.66417],[-7.95529,39.67085],[-7.95594,39.67606],[-7.95109,39.67937],[-7.95106,39.68623],[-7.95786,39.73917],[-7.96717,39.74523],[-7.9701,39.74523],[-7.9749,39.73675],[-7.9891,39.72891],[-7.99878,39.73363],[-8.0057,39.74311],[-8.02449,39.74081],[-8.0347,39.74523],[-8.03575,39.74692],[-8.0379,39.74723],[-8.04606,39.73831],[-8.05518,39.73586],[-8.05072,39.71943],[-8.05487,39.70476],[-8.06164,39.69666],[-8.05808,39.67224],[-8.06165,39.66864],[-8.07155,39.66766],[-8.07769,39.65677],[-8.06696,39.64023],[-8.06694,39.63511],[-8.05353,39.61656],[-8.06975,39.62029],[-8.08386,39.61425],[-8.1083,39.61388],[-8.12686,39.61427],[-8.13513,39.61173],[-8.14296,39.61351],[-8.15416,39.62319],[-8.16387,39.62655],[-8.1743,39.62503],[-8.18436,39.63101],[-8.21774,39.63706],[-8.22992,39.64576],[-8.23737,39.64175],[-8.22914,39.66603],[-8.23157,39.68353],[-8.22604,39.70392],[-8.22887,39.70602],[-8.23561,39.70488],[-8.23695,39.71162],[-8.23213,39.72698],[-8.23614,39.72936],[-8.23589,39.73677],[-8.22778,39.74523],[-8.23231,39.76226],[-8.24343,39.77834],[-8.26358,39.76937],[-8.26988,39.77393],[-8.27403,39.77276],[-8.28326,39.77988],[-8.28165,39.78827],[-8.28509,39.79576],[-8.2851,39.79929],[-8.29169,39.80419],[-8.29218,39.80903],[-8.28052,39.8195],[-8.27219,39.82065],[-8.27337,39.8286],[-8.277,39.83727],[-8.27407,39.84236],[-8.25779,39.84222],[-8.23556,39.84671],[-8.22543,39.85564],[-8.21315,39.85063],[-8.20078,39.85614],[-8.19822,39.86588],[-8.18651,39.87281],[-8.18854,39.87739],[-8.18399,39.88075],[-8.16962,39.87513],[-8.16373,39.88214],[-8.14705,39.88772],[-8.14081,39.8944],[-8.13907,39.90616],[-8.12914,39.92434],[-8.11868,39.93409],[-8.11998,39.94232],[-8.11445,39.94763],[-8.09897,39.9415],[-8.0869,39.94323],[-8.08343,39.94819],[-8.08759,39.95623],[-8.08502,39.96429],[-8.07703,39.95804],[-8.06791,39.95557],[-8.06214,39.95747],[-8.05583,39.96777],[-8.03554,39.96135],[-8.0309,39.96494],[-8.03583,39.97615],[-8.03202,39.98319],[-8.01915,39.97241],[-8.0053,39.97233],[-8.01424,39.98784],[-8.00868,39.98793],[-7.99354,39.97818],[-7.99143,39.98686],[-7.98472,39.9897],[-7.9743,39.98758],[-7.9637,39.97799],[-7.96252,39.98618],[-7.95349,39.99603],[-7.95137,40.00183],[-7.92031,39.99885],[-7.91538,40.00092],[-7.91426,40.00645],[-7.90196,40.00286],[-7.91466,40.03259],[-7.90235,40.04242],[-7.89154,40.04203],[-7.87776,40.04737],[-7.85923,40.05915],[-7.83959,40.05167],[-7.82495,40.05004],[-7.80831,40.03574],[-7.80268,40.02777],[-7.79289,40.02836],[-7.77301,40.02776],[-7.74844,40.01278],[-7.74225,40.02312],[-7.71907,40.02],[-7.70923,40.02863],[-7.68793,40.04162],[-7.68136,40.0493],[-7.66685,40.0681],[-7.63898,40.0802],[-7.62218,40.08143],[-7.60041,40.08233],[-7.56614,40.07326],[-7.54944,40.07434],[-7.52509,40.08062],[-7.5175,40.07787],[-7.51649,40.07181],[-7.51209,40.06846],[-7.4976,40.05906],[-7.49403,40.04581],[-7.49645,40.03022],[-7.49257,40.02467],[-7.48987,40.00311],[-7.48495,40.00178],[-7.48048,39.99577],[-7.47082,39.99818],[-7.4608,39.99656],[-7.45177,40.00004],[-7.44555,40.01091],[-7.39848,40.01939],[-7.38679,40.00794],[-7.38378,39.98793],[-7.37993,39.98281],[-7.37432,39.978],[-7.35721,39.97886],[-7.36107,39.98608],[-7.35821,39.9916],[-7.35894,39.99911],[-7.3542,40.00755],[-7.35646,40.0204],[-7.34857,40.03262],[-7.34016,40.0375],[-7.32752,40.05081],[-7.31924,40.05329],[-7.31059,40.07235],[-7.31373,40.08308],[-7.3066,40.09805],[-7.28958,40.11623],[-7.28505,40.1253],[-7.28576,40.13855],[-7.29051,40.14614],[-7.29108,40.16186],[-7.28086,40.1723],[-7.27743,40.1865],[-7.25869,40.19567],[-7.25294,40.20071],[-7.25196,40.20562],[-7.2692,40.20936],[-7.2722,40.21302],[-7.26359,40.22814],[-7.27307,40.26571],[-7.25839,40.26739],[-7.24017,40.25846],[-7.22476,40.27788],[-7.21369,40.2854],[-7.19864,40.28397],[-7.18072,40.2743],[-7.17381,40.27463],[-7.16872,40.26782],[-7.16034,40.26961],[-7.15065,40.27654],[-7.13554,40.28443],[-7.13469,40.2968],[-7.127,40.31411],[-7.11511,40.32423],[-7.10496,40.3218],[-7.10149,40.31789],[-7.09805,40.30658],[-7.08792,40.29088],[-7.09178,40.28395],[-7.08136,40.27845]]]}},{"type":"Feature","properties":{"region_key":"PT193","name_pt":"Regi\u00e3o de Leiria","name_es":"Regi\u00e3o de Leiria","name_en":"Regi\u00e3o de Leiria","kind":"district_province","source_nuts_id":"PT193"},"geometry":{"type":"Polygon","coordinates":[[[-8.14366,40.06338],[-8.15411,40.03146],[-8.15611,40.02685],[-8.15454,40.02051],[-8.14299,40.01183],[-8.13682,39.99742],[-8.11194,39.97463],[-8.10805,39.96213],[-8.1129,39.95475],[-8.12083,39.95152],[-8.12466,39.94444],[-8.13201,39.93949],[-8.12494,39.93387],[-8.11868,39.93409],[-8.12914,39.92434],[-8.13907,39.90616],[-8.14081,39.8944],[-8.14705,39.88772],[-8.16373,39.88214],[-8.16962,39.87513],[-8.18399,39.88075],[-8.18854,39.87739],[-8.18651,39.87281],[-8.19822,39.86588],[-8.20078,39.85614],[-8.21315,39.85063],[-8.22543,39.85564],[-8.23556,39.84671],[-8.25779,39.84222],[-8.27407,39.84236],[-8.277,39.83727],[-8.27337,39.8286],[-8.27219,39.82065],[-8.28052,39.8195],[-8.29218,39.80903],[-8.29169,39.80419],[-8.2851,39.79929],[-8.28509,39.79576],[-8.29215,39.79707],[-8.30397,39.79391],[-8.33572,39.80343],[-8.32587,39.78547],[-8.32937,39.77405],[-8.32663,39.76577],[-8.33259,39.76094],[-8.33957,39.77131],[-8.34445,39.77372],[-8.36069,39.76818],[-8.37973,39.75262],[-8.39371,39.76014],[-8.41168,39.75722],[-8.42099,39.75486],[-8.42345,39.75167],[-8.42708,39.74523],[-8.4312,39.74067],[-8.45164,39.7318],[-8.45443,39.74523],[-8.451,39.75397],[-8.46208,39.77348],[-8.46523,39.79353],[-8.46361,39.80139],[-8.47398,39.82166],[-8.47491,39.83395],[-8.47795,39.83873],[-8.49466,39.82857],[-8.50519,39.81597],[-8.51739,39.82723],[-8.52354,39.8278],[-8.52662,39.81832],[-8.54759,39.79774],[-8.57657,39.78555],[-8.59119,39.77753],[-8.60339,39.77942],[-8.61148,39.78768],[-8.6239,39.78956],[-8.6339,39.78958],[-8.64762,39.78358],[-8.67079,39.77477],[-8.67551,39.77442],[-8.6797,39.76779],[-8.6808,39.74884],[-8.67657,39.7375],[-8.66651,39.72529],[-8.67925,39.71961],[-8.67864,39.70897],[-8.64762,39.70181],[-8.6395,39.70038],[-8.6346,39.69594],[-8.637,39.68921],[-8.64506,39.68082],[-8.64293,39.67271],[-8.64923,39.66257],[-8.66989,39.6526],[-8.7023,39.63812],[-8.68814,39.61119],[-8.68936,39.58991],[-8.68483,39.57459],[-8.67142,39.56218],[-8.68738,39.55088],[-8.69522,39.53353],[-8.70625,39.52854],[-8.71449,39.52078],[-8.73605,39.53658],[-8.74674,39.52748],[-8.74252,39.50893],[-8.73544,39.49971],[-8.72893,39.48106],[-8.75941,39.47577],[-8.78894,39.47912],[-8.79526,39.48057],[-8.80234,39.48301],[-8.84473,39.47285],[-8.86718,39.47557],[-8.88127,39.47406],[-8.89257,39.46525],[-8.89571,39.46571],[-8.90342,39.46601],[-8.90152,39.4779],[-8.89604,39.5014],[-8.88623,39.51487],[-8.88917,39.5354],[-8.86543,39.56398],[-8.88123,39.57869],[-8.902,39.56983],[-8.9132,39.58328],[-8.92936,39.61017],[-8.93289,39.62494],[-8.91116,39.63687],[-8.91352,39.64092],[-8.9108,39.64864],[-8.91565,39.65481],[-8.91636,39.66616],[-8.92479,39.667],[-8.9386,39.67435],[-8.93954,39.68585],[-8.93426,39.68847],[-8.95489,39.69637],[-8.96638,39.70412],[-8.97229,39.72007],[-8.97224,39.72728],[-8.9846,39.71363],[-8.9955,39.7136],[-9.04026,39.74142],[-9.0306,39.76706],[-8.99299,39.83678],[-8.96817,39.88651],[-8.93099,39.96843],[-8.92773,39.97476],[-8.89493,40.0455],[-8.87152,40.03504],[-8.86702,40.0236],[-8.84947,40.0235],[-8.83959,40.02766],[-8.80042,40.01257],[-8.79627,40.02342],[-8.78575,40.03485],[-8.76334,40.04095],[-8.73222,40.03218],[-8.70212,40.02809],[-8.6958,40.02979],[-8.6893,40.02709],[-8.67952,40.02821],[-8.67342,40.02772],[-8.66668,40.01713],[-8.64762,40.01069],[-8.64103,40.00969],[-8.64386,40.00281],[-8.64335,39.99068],[-8.61856,39.99141],[-8.61481,39.99353],[-8.59765,40.02218],[-8.5895,40.02785],[-8.57107,40.02822],[-8.55398,40.02444],[-8.55151,40.01613],[-8.54649,39.98049],[-8.5516,39.97186],[-8.55152,39.96246],[-8.53881,39.94884],[-8.52487,39.96253],[-8.52107,39.98404],[-8.4911,39.98653],[-8.4849,39.99327],[-8.46074,40.00594],[-8.45746,40.01778],[-8.43339,40.00298],[-8.43132,39.99912],[-8.42737,39.99771],[-8.42506,39.99968],[-8.4247,40.00074],[-8.42525,40.00199],[-8.42777,40.00372],[-8.42596,40.00643],[-8.4358,40.01666],[-8.42659,40.02594],[-8.40257,40.00072],[-8.39937,39.98817],[-8.40208,39.9785],[-8.39473,39.97437],[-8.38758,39.96559],[-8.38092,39.95647],[-8.38106,39.95248],[-8.39027,39.95027],[-8.39419,39.93754],[-8.40872,39.93189],[-8.39732,39.92583],[-8.38677,39.92436],[-8.38068,39.92656],[-8.37219,39.92405],[-8.37241,39.93251],[-8.35977,39.93615],[-8.34602,39.94878],[-8.32739,39.9641],[-8.32664,39.97041],[-8.32077,39.97209],[-8.31912,39.98487],[-8.3122,39.98768],[-8.3071,39.97481],[-8.28688,39.96614],[-8.27966,39.95952],[-8.27921,39.96803],[-8.27324,39.97636],[-8.27692,39.98103],[-8.27162,39.984],[-8.27184,39.98676],[-8.28845,39.99771],[-8.2975,40.01031],[-8.29644,40.01514],[-8.28684,40.02606],[-8.27405,40.04675],[-8.26523,40.05255],[-8.24967,40.05481],[-8.24316,40.06668],[-8.23134,40.06605],[-8.20975,40.05208],[-8.20558,40.06202],[-8.19277,40.07184],[-8.1791,40.08974],[-8.16454,40.08373],[-8.16105,40.07934],[-8.14424,40.07115],[-8.14366,40.06338]]]}},{"type":"Feature","properties":{"region_key":"PT194","name_pt":"Viseu D\u00e3o Laf\u00f5es","name_es":"Viseu D\u00e3o Laf\u00f5es","name_en":"Viseu D\u00e3o Laf\u00f5es","kind":"district_province","source_nuts_id":"PT194"},"geometry":{"type":"Polygon","coordinates":[[[-7.88223,41.02155],[-7.90151,40.99396],[-7.89486,40.99631],[-7.87707,40.99556],[-7.84822,40.98198],[-7.84302,40.97489],[-7.83346,40.96591],[-7.81867,40.95545],[-7.79226,40.98136],[-7.77977,40.97749],[-7.75587,40.97307],[-7.75429,40.96634],[-7.76184,40.96079],[-7.75733,40.95425],[-7.75008,40.94502],[-7.75251,40.94234],[-7.74368,40.93916],[-7.69911,40.94414],[-7.69178,40.94091],[-7.68802,40.93624],[-7.68891,40.93237],[-7.69809,40.90445],[-7.71609,40.88636],[-7.70313,40.87578],[-7.68792,40.85438],[-7.6798,40.85869],[-7.66233,40.85459],[-7.66256,40.86366],[-7.64466,40.87],[-7.63217,40.87388],[-7.6195,40.86426],[-7.61231,40.85281],[-7.60943,40.84638],[-7.60846,40.84277],[-7.60422,40.83759],[-7.59698,40.83291],[-7.59137,40.82981],[-7.58798,40.84902],[-7.57963,40.85982],[-7.55853,40.87316],[-7.52965,40.87289],[-7.51449,40.86945],[-7.51077,40.85997],[-7.49859,40.85547],[-7.48051,40.83385],[-7.4717,40.82873],[-7.46568,40.82741],[-7.4647,40.8231],[-7.4542,40.81261],[-7.45408,40.80792],[-7.4665,40.80279],[-7.46217,40.79272],[-7.46134,40.79151],[-7.45399,40.7856],[-7.44724,40.78432],[-7.42425,40.77102],[-7.42221,40.76515],[-7.4245,40.75814],[-7.44732,40.7457],[-7.46471,40.74456],[-7.47807,40.72914],[-7.47262,40.71383],[-7.47286,40.71007],[-7.48046,40.70348],[-7.49402,40.69814],[-7.51209,40.69954],[-7.52177,40.69909],[-7.52962,40.69448],[-7.53514,40.6903],[-7.5508,40.67672],[-7.55184,40.66761],[-7.5421,40.65939],[-7.56582,40.64533],[-7.56257,40.63572],[-7.56934,40.62301],[-7.57385,40.61658],[-7.58608,40.5931],[-7.5877,40.57854],[-7.58031,40.57496],[-7.6066,40.56503],[-7.63442,40.56768],[-7.65515,40.55965],[-7.66502,40.55971],[-7.66952,40.55255],[-7.68144,40.55201],[-7.68989,40.54662],[-7.6984,40.54781],[-7.7093,40.54473],[-7.72115,40.53558],[-7.74562,40.52642],[-7.75342,40.52712],[-7.78564,40.50704],[-7.81617,40.50926],[-7.82204,40.50743],[-7.82328,40.50229],[-7.82831,40.49855],[-7.84022,40.49356],[-7.84693,40.49467],[-7.86294,40.48641],[-7.86718,40.48025],[-7.88817,40.46916],[-7.89574,40.4617],[-7.9036,40.45645],[-7.91664,40.4469],[-7.91878,40.44135],[-7.93084,40.42979],[-7.94751,40.42269],[-7.95595,40.42262],[-7.97159,40.40799],[-7.97744,40.40424],[-7.98779,40.40171],[-8.00633,40.39072],[-8.01749,40.38863],[-8.03993,40.38621],[-8.04619,40.38058],[-8.05717,40.37265],[-8.06696,40.37385],[-8.0756,40.36311],[-8.09009,40.35998],[-8.1166,40.33972],[-8.13154,40.34214],[-8.13225,40.33545],[-8.13549,40.33444],[-8.13841,40.33773],[-8.15441,40.33809],[-8.17053,40.34416],[-8.17718,40.33678],[-8.18436,40.33413],[-8.18682,40.33844],[-8.18126,40.3407],[-8.18098,40.34713],[-8.17574,40.35142],[-8.17367,40.36275],[-8.1652,40.36744],[-8.178,40.37661],[-8.17272,40.38596],[-8.16576,40.3893],[-8.16077,40.40169],[-8.16649,40.40396],[-8.16301,40.40928],[-8.1676,40.41709],[-8.16057,40.44343],[-8.1579,40.44916],[-8.16428,40.45081],[-8.17181,40.46954],[-8.1914,40.47302],[-8.19929,40.47887],[-8.20504,40.49667],[-8.21317,40.50819],[-8.22155,40.5146],[-8.23122,40.51666],[-8.2429,40.51385],[-8.25054,40.51486],[-8.27115,40.53529],[-8.28507,40.54041],[-8.28889,40.56737],[-8.2988,40.57733],[-8.30842,40.59641],[-8.29229,40.60504],[-8.27629,40.60543],[-8.24743,40.61386],[-8.24916,40.61854],[-8.27428,40.63074],[-8.28547,40.6311],[-8.29337,40.63461],[-8.29439,40.65265],[-8.28954,40.66763],[-8.29807,40.67674],[-8.29829,40.69454],[-8.30672,40.69253],[-8.3139,40.70305],[-8.32522,40.71031],[-8.32436,40.72068],[-8.33359,40.737],[-8.32226,40.74237],[-8.30965,40.74267],[-8.29078,40.75129],[-8.28049,40.75696],[-8.27271,40.75779],[-8.27576,40.76288],[-8.27337,40.76317],[-8.26636,40.77468],[-8.26681,40.78083],[-8.25599,40.7903],[-8.25636,40.79883],[-8.24861,40.80367],[-8.24441,40.80706],[-8.2374,40.8231],[-8.23782,40.82871],[-8.25509,40.85584],[-8.23163,40.86402],[-8.20582,40.84868],[-8.19314,40.84641],[-8.1691,40.86543],[-8.14917,40.85551],[-8.12792,40.84908],[-8.10779,40.85489],[-8.10366,40.86539],[-8.1164,40.89004],[-8.12707,40.89794],[-8.12146,40.92086],[-8.12708,40.92834],[-8.13159,40.94962],[-8.12225,40.95525],[-8.1124,40.96782],[-8.08917,40.98756],[-8.0625,40.98217],[-8.05108,40.98583],[-8.04126,40.9842],[-8.03936,40.98109],[-8.02065,40.96548],[-8.00197,40.96799],[-7.99632,40.96807],[-7.98182,40.97525],[-7.97422,40.97535],[-7.97025,40.97222],[-7.95139,40.99067],[-7.95119,40.9993],[-7.94354,41.01245],[-7.93555,41.01729],[-7.92664,41.01615],[-7.91568,41.01997],[-7.88223,41.02155]]]}},{"type":"Feature","properties":{"region_key":"PT111","name_pt":"Alto Minho","name_es":"Alto Minho","name_en":"Alto Minho","kind":"district_province","source_nuts_id":"PT111"},"geometry":{"type":"Polygon","coordinates":[[[-8.18961,42.13714],[-8.19285,42.12637],[-8.18987,42.11554],[-8.18619,42.09761],[-8.18636,42.0739],[-8.1839,42.0694],[-8.17484,42.067],[-8.15125,42.07911],[-8.13766,42.07666],[-8.12484,42.08253],[-8.11848,42.08212],[-8.1045,42.07461],[-8.0967,42.07092],[-8.08693,42.05336],[-8.08318,42.03612],[-8.08518,42.01959],[-8.08823,42.01505],[-8.11453,42.00516],[-8.12659,42.00531],[-8.14134,41.98872],[-8.16222,41.98265],[-8.165,41.97207],[-8.16936,41.96436],[-8.17532,41.96057],[-8.17629,41.95537],[-8.19713,41.94027],[-8.21022,41.92369],[-8.21641,41.91276],[-8.21368,41.90064],[-8.20385,41.89122],[-8.19864,41.88053],[-8.19969,41.87566],[-8.19716,41.87529],[-8.17026,41.87724],[-8.16633,41.86371],[-8.16189,41.85837],[-8.16508,41.8183],[-8.16818,41.80821],[-8.17615,41.80834],[-8.18327,41.81204],[-8.19555,41.81181],[-8.21835,41.79815],[-8.22169,41.79456],[-8.23005,41.78817],[-8.24093,41.78825],[-8.24651,41.78285],[-8.27232,41.77139],[-8.28807,41.78038],[-8.29416,41.781],[-8.30061,41.76692],[-8.30832,41.76107],[-8.31294,41.76209],[-8.33002,41.76463],[-8.34907,41.76009],[-8.36431,41.7634],[-8.37088,41.77006],[-8.38852,41.76022],[-8.4031,41.75811],[-8.40668,41.75885],[-8.42435,41.75738],[-8.45262,41.74102],[-8.4553,41.73554],[-8.46148,41.73226],[-8.48593,41.72816],[-8.48986,41.74096],[-8.50173,41.73848],[-8.5193,41.72322],[-8.51426,41.71923],[-8.52115,41.68166],[-8.52462,41.67927],[-8.5302,41.68045],[-8.54247,41.67097],[-8.54727,41.66353],[-8.53776,41.65527],[-8.53708,41.64835],[-8.54231,41.63862],[-8.54075,41.63131],[-8.55777,41.62622],[-8.56936,41.62813],[-8.57647,41.64195],[-8.5868,41.64331],[-8.60399,41.63429],[-8.61367,41.64186],[-8.63021,41.64386],[-8.63072,41.6513],[-8.64328,41.65438],[-8.64713,41.64718],[-8.64633,41.63353],[-8.65201,41.63328],[-8.66643,41.64219],[-8.69734,41.64005],[-8.70786,41.6319],[-8.72251,41.63413],[-8.725,41.6335],[-8.73245,41.62169],[-8.74195,41.61993],[-8.74884,41.62424],[-8.75624,41.62174],[-8.75855,41.61428],[-8.77877,41.61488],[-8.80032,41.60715],[-8.81157,41.61157],[-8.82013,41.6333],[-8.8264,41.64807],[-8.82671,41.67242],[-8.83745,41.68205],[-8.84692,41.68388],[-8.85015,41.69406],[-8.85805,41.70249],[-8.86945,41.72631],[-8.88025,41.752],[-8.87742,41.76506],[-8.87195,41.77939],[-8.87428,41.79598],[-8.86601,41.80795],[-8.86532,41.81247],[-8.86993,41.81448],[-8.87652,41.82935],[-8.87571,41.83996],[-8.86919,41.84582],[-8.86787,41.85075],[-8.87153,41.8639],[-8.86319,41.87207],[-8.84237,41.88453],[-8.83043,41.90071],[-8.82566,41.90348],[-8.81852,41.90652],[-8.80198,41.91203],[-8.78709,41.91759],[-8.77342,41.92593],[-8.7675,41.92919],[-8.75993,41.93198],[-8.75717,41.9335],[-8.75465,41.93557],[-8.74772,41.94387],[-8.74729,41.95983],[-8.74348,41.96567],[-8.73001,41.97349],[-8.6819,41.99012],[-8.66217,42.00354],[-8.65649,42.03151],[-8.64762,42.03584],[-8.64498,42.03753],[-8.63244,42.04883],[-8.60377,42.05411],[-8.59442,42.05517],[-8.59077,42.05485],[-8.57826,42.05256],[-8.55523,42.05293],[-8.54694,42.0545],[-8.52703,42.06354],[-8.52636,42.07746],[-8.4539,42.0829],[-8.44062,42.08202],[-8.43731,42.07909],[-8.43438,42.07744],[-8.43289,42.07559],[-8.43207,42.07359],[-8.43015,42.07257],[-8.42825,42.07225],[-8.42152,42.07288],[-8.40391,42.08025],[-8.39166,42.07817],[-8.38862,42.07606],[-8.38003,42.07812],[-8.36997,42.08902],[-8.35456,42.09026],[-8.33894,42.08459],[-8.33005,42.08596],[-8.32525,42.09584],[-8.31848,42.10356],[-8.30146,42.10528],[-8.29019,42.11217],[-8.27489,42.12263],[-8.2659,42.12119],[-8.25771,42.12299],[-8.25633,42.12721],[-8.25653,42.13416],[-8.2435,42.13912],[-8.22489,42.13325],[-8.2043,42.14464],[-8.199,42.15442],[-8.18961,42.13714]]]}},{"type":"Feature","properties":{"region_key":"PT112","name_pt":"C\u00e1vado","name_es":"C\u00e1vado","name_en":"C\u00e1vado","kind":"district_province","source_nuts_id":"PT112"},"geometry":{"type":"Polygon","coordinates":[[[-8.04568,41.81007],[-8.04604,41.80266],[-8.05687,41.79751],[-8.06151,41.78929],[-8.06359,41.78482],[-8.06171,41.76234],[-8.07675,41.74833],[-8.08667,41.71616],[-8.09552,41.70693],[-8.11018,41.70073],[-8.11946,41.68924],[-8.12911,41.68931],[-8.13621,41.68383],[-8.15126,41.68222],[-8.16732,41.68114],[-8.18133,41.6724],[-8.18364,41.66474],[-8.19025,41.65718],[-8.20033,41.65359],[-8.2085,41.65199],[-8.21827,41.65095],[-8.23075,41.65235],[-8.23904,41.65008],[-8.24633,41.65237],[-8.25943,41.65392],[-8.26339,41.65525],[-8.27617,41.65161],[-8.29976,41.64868],[-8.30869,41.64398],[-8.31464,41.64411],[-8.31907,41.63557],[-8.31812,41.63141],[-8.31835,41.62832],[-8.32523,41.62233],[-8.33841,41.61809],[-8.33977,41.61697],[-8.33541,41.6002],[-8.33637,41.59617],[-8.34328,41.59162],[-8.34275,41.58555],[-8.32906,41.58062],[-8.32594,41.58034],[-8.31473,41.5767],[-8.30923,41.5676],[-8.29661,41.56247],[-8.29563,41.55537],[-8.30319,41.54564],[-8.30551,41.54322],[-8.31741,41.54215],[-8.32206,41.53683],[-8.33342,41.54023],[-8.34218,41.53911],[-8.35845,41.53785],[-8.37144,41.53524],[-8.37438,41.53436],[-8.37727,41.53296],[-8.3918,41.51902],[-8.39171,41.51793],[-8.39385,41.51002],[-8.38995,41.50311],[-8.39348,41.49439],[-8.39403,41.49061],[-8.40603,41.48509],[-8.41628,41.47445],[-8.43533,41.46373],[-8.4495,41.47291],[-8.46298,41.46613],[-8.4796,41.47517],[-8.50146,41.47827],[-8.51367,41.47769],[-8.52581,41.47566],[-8.53041,41.4714],[-8.53927,41.477],[-8.54399,41.47267],[-8.55744,41.4687],[-8.56155,41.46718],[-8.54319,41.45287],[-8.54713,41.44648],[-8.55815,41.43243],[-8.57595,41.42386],[-8.5853,41.43001],[-8.59916,41.43272],[-8.60801,41.42955],[-8.62276,41.41474],[-8.62896,41.41466],[-8.63445,41.41843],[-8.64762,41.41879],[-8.64933,41.4194],[-8.66039,41.43936],[-8.67204,41.44574],[-8.68319,41.44916],[-8.70071,41.44217],[-8.71166,41.45431],[-8.71363,41.45476],[-8.73299,41.45552],[-8.74574,41.46864],[-8.75395,41.46661],[-8.77643,41.47197],[-8.77755,41.47991],[-8.79029,41.50158],[-8.78748,41.51295],[-8.79285,41.52488],[-8.79205,41.54143],[-8.7989,41.5683],[-8.80576,41.58643],[-8.80799,41.60166],[-8.81157,41.61157],[-8.80032,41.60715],[-8.77877,41.61488],[-8.75855,41.61428],[-8.75624,41.62174],[-8.74884,41.62424],[-8.74195,41.61993],[-8.73245,41.62169],[-8.725,41.6335],[-8.72251,41.63413],[-8.70786,41.6319],[-8.69734,41.64005],[-8.66643,41.64219],[-8.65201,41.63328],[-8.64633,41.63353],[-8.64713,41.64718],[-8.64328,41.65438],[-8.63072,41.6513],[-8.63021,41.64386],[-8.61367,41.64186],[-8.60399,41.63429],[-8.5868,41.64331],[-8.57647,41.64195],[-8.56936,41.62813],[-8.55777,41.62622],[-8.54075,41.63131],[-8.54231,41.63862],[-8.53708,41.64835],[-8.53776,41.65527],[-8.54727,41.66353],[-8.54247,41.67097],[-8.5302,41.68045],[-8.52462,41.67927],[-8.52115,41.68166],[-8.51426,41.71923],[-8.5193,41.72322],[-8.50173,41.73848],[-8.48986,41.74096],[-8.48593,41.72816],[-8.46148,41.73226],[-8.4553,41.73554],[-8.45262,41.74102],[-8.42435,41.75738],[-8.40668,41.75885],[-8.4031,41.75811],[-8.38852,41.76022],[-8.37088,41.77006],[-8.36431,41.7634],[-8.34907,41.76009],[-8.33002,41.76463],[-8.31294,41.76209],[-8.30832,41.76107],[-8.30061,41.76692],[-8.29416,41.781],[-8.28807,41.78038],[-8.27232,41.77139],[-8.24651,41.78285],[-8.24093,41.78825],[-8.23005,41.78817],[-8.22169,41.79456],[-8.21835,41.79815],[-8.19555,41.81181],[-8.18327,41.81204],[-8.17615,41.80834],[-8.16818,41.80821],[-8.16508,41.8183],[-8.15258,41.81747],[-8.12901,41.80906],[-8.10677,41.81224],[-8.09551,41.80939],[-8.05817,41.81676],[-8.05186,41.82061],[-8.04568,41.81007]]]}},{"type":"Feature","properties":{"region_key":"PT119","name_pt":"Ave","name_es":"Ave","name_en":"Ave","kind":"district_province","source_nuts_id":"PT119"},"geometry":{"type":"Polygon","coordinates":[[[-8.02341,41.69686],[-8.01807,41.69003],[-7.99694,41.68722],[-7.98178,41.67898],[-7.98584,41.66965],[-7.99457,41.66294],[-7.99784,41.65491],[-7.9951,41.64965],[-8.00107,41.63949],[-8.00298,41.62101],[-8.00088,41.6162],[-7.9967,41.60314],[-7.98602,41.60077],[-7.96627,41.60352],[-7.95483,41.59441],[-7.93259,41.59498],[-7.90522,41.58695],[-7.89132,41.59243],[-7.88283,41.58835],[-7.87669,41.5897],[-7.85763,41.60192],[-7.85091,41.61507],[-7.8401,41.6109],[-7.82931,41.60172],[-7.81647,41.5856],[-7.81837,41.58125],[-7.81383,41.57991],[-7.81215,41.5785],[-7.81264,41.57039],[-7.82288,41.55653],[-7.8375,41.55412],[-7.83775,41.54925],[-7.83281,41.54646],[-7.84041,41.54218],[-7.83818,41.53721],[-7.84999,41.53212],[-7.85283,41.52723],[-7.86303,41.52415],[-7.86275,41.51179],[-7.88858,41.50897],[-7.89302,41.5127],[-7.89553,41.51102],[-7.89722,41.50626],[-7.89527,41.49957],[-7.9042,41.48894],[-7.90373,41.47807],[-7.90913,41.46662],[-7.88566,41.4426],[-7.87865,41.43955],[-7.85567,41.44396],[-7.83253,41.43249],[-7.81997,41.41564],[-7.81729,41.41414],[-7.78869,41.41141],[-7.79539,41.40014],[-7.81482,41.39165],[-7.82164,41.37866],[-7.81929,41.36699],[-7.8196,41.36446],[-7.83094,41.34719],[-7.83428,41.3435],[-7.83987,41.33973],[-7.85303,41.32826],[-7.87029,41.32517],[-7.8885,41.31763],[-7.89804,41.31323],[-7.89971,41.30752],[-7.90774,41.30259],[-7.93173,41.31895],[-7.95559,41.32345],[-7.96396,41.3296],[-7.95878,41.34198],[-7.95009,41.34615],[-7.94816,41.35173],[-7.95617,41.35809],[-7.97147,41.36062],[-7.9705,41.37162],[-7.97417,41.3752],[-7.9731,41.3764],[-7.9676,41.39019],[-7.97914,41.39307],[-7.97465,41.39747],[-7.9757,41.40221],[-7.96511,41.40209],[-7.96526,41.41188],[-7.9623,41.41677],[-7.94112,41.4309],[-7.93869,41.44705],[-7.94843,41.44733],[-7.96996,41.45615],[-7.98206,41.45915],[-7.98425,41.45943],[-7.99098,41.46178],[-7.99335,41.46338],[-8.00445,41.46868],[-8.0051,41.47551],[-8.00957,41.4787],[-8.02268,41.47547],[-8.03073,41.47892],[-8.03871,41.47699],[-8.06631,41.48794],[-8.07273,41.47386],[-8.07004,41.45977],[-8.08609,41.44528],[-8.09842,41.43976],[-8.10042,41.42609],[-8.11019,41.42187],[-8.11053,41.42111],[-8.10641,41.40976],[-8.11633,41.38319],[-8.11794,41.37724],[-8.14028,41.37295],[-8.14023,41.3772],[-8.14485,41.37759],[-8.15471,41.3806],[-8.15886,41.3826],[-8.16583,41.40028],[-8.17944,41.39741],[-8.18317,41.40645],[-8.18788,41.40985],[-8.20492,41.41006],[-8.21544,41.41164],[-8.22338,41.40862],[-8.22149,41.39591],[-8.2263,41.3926],[-8.24569,41.39396],[-8.24706,41.39189],[-8.26058,41.37828],[-8.27651,41.3704],[-8.27496,41.36365],[-8.27762,41.3519],[-8.27838,41.34583],[-8.28592,41.34241],[-8.29632,41.34226],[-8.31645,41.35126],[-8.31797,41.35605],[-8.32175,41.35725],[-8.3272,41.36568],[-8.32609,41.37685],[-8.34201,41.37498],[-8.34971,41.36958],[-8.35504,41.36647],[-8.37411,41.36292],[-8.37849,41.36739],[-8.38329,41.36656],[-8.39042,41.36321],[-8.3937,41.36199],[-8.39508,41.36847],[-8.38678,41.38142],[-8.39991,41.38421],[-8.40074,41.38411],[-8.41142,41.37609],[-8.42067,41.36754],[-8.43187,41.36286],[-8.44093,41.36298],[-8.44064,41.3635],[-8.44839,41.36998],[-8.44934,41.37396],[-8.45627,41.37523],[-8.478,41.37067],[-8.49257,41.36971],[-8.50055,41.36787],[-8.51271,41.35848],[-8.51618,41.35618],[-8.51734,41.35402],[-8.51572,41.35254],[-8.51618,41.34632],[-8.53741,41.34363],[-8.54565,41.34733],[-8.55972,41.34461],[-8.58377,41.34647],[-8.60028,41.34608],[-8.60463,41.3392],[-8.61062,41.34111],[-8.61599,41.36591],[-8.62326,41.3827],[-8.6078,41.39058],[-8.59313,41.39407],[-8.59108,41.39901],[-8.60481,41.41153],[-8.61284,41.40899],[-8.62065,41.41018],[-8.62276,41.41474],[-8.60801,41.42955],[-8.59916,41.43272],[-8.5853,41.43001],[-8.57595,41.42386],[-8.55815,41.43243],[-8.54713,41.44648],[-8.54319,41.45287],[-8.56155,41.46718],[-8.55744,41.4687],[-8.54399,41.47267],[-8.53927,41.477],[-8.53041,41.4714],[-8.52581,41.47566],[-8.51367,41.47769],[-8.50146,41.47827],[-8.4796,41.47517],[-8.46298,41.46613],[-8.4495,41.47291],[-8.43533,41.46373],[-8.41628,41.47445],[-8.40603,41.48509],[-8.39403,41.49061],[-8.39348,41.49439],[-8.38995,41.50311],[-8.39385,41.51002],[-8.39171,41.51793],[-8.3918,41.51902],[-8.37727,41.53296],[-8.37438,41.53436],[-8.37144,41.53524],[-8.35845,41.53785],[-8.34218,41.53911],[-8.33342,41.54023],[-8.32206,41.53683],[-8.31741,41.54215],[-8.30551,41.54322],[-8.30319,41.54564],[-8.29563,41.55537],[-8.29661,41.56247],[-8.30923,41.5676],[-8.31473,41.5767],[-8.32594,41.58034],[-8.32906,41.58062],[-8.34275,41.58555],[-8.34328,41.59162],[-8.33637,41.59617],[-8.33541,41.6002],[-8.33977,41.61697],[-8.33841,41.61809],[-8.32523,41.62233],[-8.31835,41.62832],[-8.31812,41.63141],[-8.31907,41.63557],[-8.31464,41.64411],[-8.30869,41.64398],[-8.29976,41.64868],[-8.27617,41.65161],[-8.26339,41.65525],[-8.25943,41.65392],[-8.24633,41.65237],[-8.23904,41.65008],[-8.23075,41.65235],[-8.21827,41.65095],[-8.2085,41.65199],[-8.20033,41.65359],[-8.19025,41.65718],[-8.18364,41.66474],[-8.18133,41.6724],[-8.16732,41.68114],[-8.15126,41.68222],[-8.13621,41.68383],[-8.12911,41.68931],[-8.10517,41.68902],[-8.0788,41.69525],[-8.06698,41.69224],[-8.04814,41.69322],[-8.0377,41.7003],[-8.02341,41.69686]]]}},{"type":"Feature","properties":{"region_key":"PT11A","name_pt":"\u00c1rea Metropolitana do Porto","name_es":"\u00c1rea Metropolitana do Porto","name_en":"\u00c1rea Metropolitana do Porto","kind":"district_province","source_nuts_id":"PT11A"},"geometry":{"type":"Polygon","coordinates":[[[-8.77643,41.47197],[-8.75395,41.46661],[-8.74574,41.46864],[-8.73299,41.45552],[-8.71363,41.45476],[-8.71166,41.45431],[-8.70071,41.44217],[-8.68319,41.44916],[-8.67204,41.44574],[-8.66039,41.43936],[-8.64933,41.4194],[-8.64762,41.41879],[-8.63445,41.41843],[-8.62896,41.41466],[-8.62276,41.41474],[-8.62065,41.41018],[-8.61284,41.40899],[-8.60481,41.41153],[-8.59108,41.39901],[-8.59313,41.39407],[-8.6078,41.39058],[-8.62326,41.3827],[-8.61599,41.36591],[-8.61062,41.34111],[-8.60463,41.3392],[-8.60028,41.34608],[-8.58377,41.34647],[-8.55972,41.34461],[-8.54565,41.34733],[-8.53741,41.34363],[-8.51618,41.34632],[-8.51572,41.35254],[-8.51734,41.35402],[-8.51618,41.35618],[-8.51271,41.35848],[-8.50055,41.36787],[-8.49257,41.36971],[-8.478,41.37067],[-8.45627,41.37523],[-8.44934,41.37396],[-8.44839,41.36998],[-8.44064,41.3635],[-8.44093,41.36298],[-8.43187,41.36286],[-8.42067,41.36754],[-8.41142,41.37609],[-8.40074,41.38411],[-8.39991,41.38421],[-8.38678,41.38142],[-8.39508,41.36847],[-8.3937,41.36199],[-8.39042,41.36321],[-8.38329,41.36656],[-8.37849,41.36739],[-8.37411,41.36292],[-8.35504,41.36647],[-8.34971,41.36958],[-8.34201,41.37498],[-8.32609,41.37685],[-8.3272,41.36568],[-8.32175,41.35725],[-8.31797,41.35605],[-8.31645,41.35126],[-8.32964,41.34144],[-8.33975,41.33497],[-8.35745,41.33368],[-8.37113,41.33317],[-8.38321,41.33686],[-8.39479,41.33342],[-8.3998,41.32916],[-8.39342,41.32294],[-8.39675,41.31251],[-8.40657,41.30607],[-8.41436,41.30445],[-8.42218,41.30142],[-8.42782,41.29857],[-8.4299,41.29797],[-8.42889,41.28919],[-8.42927,41.28689],[-8.43381,41.27797],[-8.4421,41.27079],[-8.45033,41.26203],[-8.45234,41.24718],[-8.45058,41.24371],[-8.44006,41.24438],[-8.43346,41.25175],[-8.42671,41.25319],[-8.41379,41.25673],[-8.4055,41.24847],[-8.40692,41.24391],[-8.39818,41.24276],[-8.38407,41.24757],[-8.3723,41.25796],[-8.34344,41.25925],[-8.33486,41.25187],[-8.33351,41.25649],[-8.31316,41.25009],[-8.3091,41.24624],[-8.3087,41.24496],[-8.3093,41.23915],[-8.30678,41.2336],[-8.2962,41.23081],[-8.3185,41.20929],[-8.32364,41.19939],[-8.33145,41.1954],[-8.33953,41.19625],[-8.35073,41.18599],[-8.34794,41.18208],[-8.34459,41.17325],[-8.34949,41.17015],[-8.36061,41.16948],[-8.37094,41.15892],[-8.37792,41.15733],[-8.37945,41.15602],[-8.37866,41.14742],[-8.371,41.14026],[-8.3921,41.12593],[-8.37241,41.09488],[-8.36939,41.07492],[-8.36951,41.06954],[-8.37257,41.07093],[-8.37957,41.05456],[-8.37523,41.05012],[-8.39898,41.05143],[-8.39715,41.04671],[-8.40025,41.03298],[-8.39579,41.02705],[-8.3843,41.02323],[-8.38675,41.01346],[-8.38419,41.00365],[-8.35828,41.00265],[-8.35437,40.999],[-8.36038,40.99188],[-8.35476,40.9895],[-8.34657,40.99168],[-8.33786,40.98121],[-8.32666,40.983],[-8.32235,40.97372],[-8.32016,40.9649],[-8.2934,40.96292],[-8.25429,40.96768],[-8.24067,40.96363],[-8.24462,40.991],[-8.24288,40.99937],[-8.23538,41.00178],[-8.23713,41.00621],[-8.2337,41.00844],[-8.23471,41.01179],[-8.2232,41.01567],[-8.20828,41.01295],[-8.20375,41.00943],[-8.21044,41.00388],[-8.209,40.99806],[-8.21296,40.99404],[-8.19391,40.99747],[-8.17911,40.98912],[-8.1654,40.98683],[-8.15956,40.98873],[-8.14313,40.97921],[-8.13395,40.9791],[-8.12265,40.98617],[-8.11753,40.99689],[-8.10351,41.00352],[-8.09907,41.01344],[-8.09777,41.01369],[-8.09131,41.00801],[-8.08917,40.98756],[-8.1124,40.96782],[-8.12225,40.95525],[-8.13159,40.94962],[-8.12708,40.92834],[-8.12146,40.92086],[-8.12707,40.89794],[-8.1164,40.89004],[-8.10366,40.86539],[-8.10779,40.85489],[-8.12792,40.84908],[-8.14917,40.85551],[-8.1691,40.86543],[-8.19314,40.84641],[-8.20582,40.84868],[-8.23163,40.86402],[-8.25509,40.85584],[-8.23782,40.82871],[-8.2374,40.8231],[-8.24441,40.80706],[-8.24861,40.80367],[-8.25636,40.79883],[-8.25599,40.7903],[-8.26681,40.78083],[-8.26636,40.77468],[-8.27337,40.76317],[-8.28626,40.78413],[-8.29515,40.78297],[-8.30419,40.77718],[-8.314,40.7854],[-8.32275,40.78629],[-8.32936,40.77917],[-8.33488,40.77739],[-8.34017,40.77756],[-8.35766,40.78792],[-8.36711,40.79845],[-8.37153,40.79935],[-8.38677,40.79659],[-8.39373,40.79822],[-8.39839,40.78918],[-8.40615,40.78803],[-8.4079,40.77647],[-8.41589,40.76809],[-8.42677,40.7711],[-8.43573,40.77905],[-8.45367,40.77984],[-8.46059,40.77503],[-8.46945,40.77662],[-8.4956,40.76973],[-8.49901,40.76187],[-8.5066,40.75933],[-8.52633,40.76536],[-8.51913,40.76931],[-8.51586,40.77607],[-8.54771,40.78816],[-8.54837,40.81427],[-8.53378,40.81886],[-8.53462,40.8231],[-8.52507,40.8317],[-8.5393,40.8337],[-8.54097,40.84044],[-8.54941,40.84647],[-8.54819,40.85155],[-8.52647,40.86189],[-8.52508,40.86874],[-8.5282,40.87374],[-8.52312,40.89048],[-8.5323,40.89048],[-8.54072,40.88072],[-8.55361,40.87268],[-8.57152,40.87547],[-8.57856,40.88461],[-8.58675,40.88966],[-8.58071,40.89623],[-8.58176,40.90917],[-8.59487,40.9244],[-8.59379,40.93367],[-8.59875,40.93881],[-8.60279,40.9413],[-8.60389,40.95051],[-8.6009,40.96353],[-8.60086,40.96902],[-8.60673,40.97549],[-8.61093,40.97596],[-8.61256,40.97216],[-8.62012,40.96885],[-8.65313,40.96476],[-8.64844,40.98441],[-8.64762,40.99912],[-8.64492,41.01599],[-8.64472,41.02184],[-8.64762,41.03381],[-8.65085,41.04057],[-8.6564,41.04974],[-8.65907,41.0687],[-8.6596,41.09562],[-8.66525,41.10944],[-8.66401,41.11655],[-8.67068,41.13184],[-8.66799,41.13915],[-8.67075,41.14347],[-8.68529,41.15938],[-8.68998,41.17337],[-8.70709,41.18759],[-8.71646,41.20475],[-8.71642,41.2155],[-8.71731,41.22421],[-8.72806,41.2423],[-8.72477,41.25513],[-8.72874,41.27034],[-8.73253,41.28647],[-8.73952,41.30537],[-8.73944,41.32293],[-8.73984,41.33235],[-8.74807,41.33993],[-8.75431,41.34268],[-8.75468,41.34812],[-8.7562,41.35669],[-8.76675,41.37117],[-8.7634,41.37243],[-8.76842,41.37517],[-8.77508,41.39129],[-8.78901,41.41631],[-8.77952,41.4449],[-8.77643,41.47197]]]}},{"type":"Feature","properties":{"region_key":"PT11B","name_pt":"Alto T\u00e2mega e Barroso","name_es":"Alto T\u00e2mega e Barroso","name_en":"Alto T\u00e2mega e Barroso","kind":"district_province","source_nuts_id":"PT11B"},"geometry":{"type":"Polygon","coordinates":[[[-7.88442,41.88138],[-7.89144,41.859],[-7.87462,41.85078],[-7.86241,41.861],[-7.84558,41.86455],[-7.8427,41.86942],[-7.84372,41.88104],[-7.80258,41.88215],[-7.77504,41.89003],[-7.76336,41.89893],[-7.75458,41.89847],[-7.74425,41.8937],[-7.72596,41.89858],[-7.72233,41.90078],[-7.7137,41.90444],[-7.70408,41.90785],[-7.69378,41.90567],[-7.67869,41.89431],[-7.6691,41.89297],[-7.65491,41.8821],[-7.639,41.88012],[-7.6271,41.88021],[-7.6172,41.8845],[-7.60687,41.87968],[-7.58616,41.88095],[-7.5846,41.87703],[-7.60114,41.86699],[-7.60109,41.86076],[-7.61214,41.8455],[-7.6148,41.83354],[-7.61181,41.82948],[-7.59937,41.83266],[-7.57318,41.8307],[-7.54138,41.83709],[-7.52107,41.84194],[-7.50643,41.85049],[-7.51236,41.86263],[-7.50272,41.86926],[-7.49189,41.87084],[-7.48364,41.86186],[-7.45278,41.86516],[-7.44621,41.85683],[-7.44854,41.85114],[-7.44541,41.84179],[-7.42673,41.83296],[-7.42567,41.82813],[-7.42936,41.82312],[-7.42515,41.81674],[-7.42841,41.81177],[-7.42727,41.8075],[-7.4179,41.81147],[-7.39621,41.82788],[-7.38909,41.8419],[-7.36381,41.85273],[-7.35738,41.84201],[-7.32602,41.84427],[-7.31335,41.8438],[-7.30034,41.85155],[-7.28582,41.85243],[-7.25161,41.86715],[-7.23193,41.86794],[-7.21019,41.87957],[-7.20046,41.87975],[-7.20266,41.87351],[-7.19494,41.86634],[-7.20065,41.85886],[-7.20177,41.8498],[-7.20608,41.84599],[-7.20736,41.8358],[-7.21247,41.82783],[-7.20552,41.82141],[-7.20967,41.81279],[-7.20486,41.80572],[-7.19989,41.80404],[-7.20202,41.79913],[-7.19436,41.79337],[-7.19367,41.78222],[-7.19005,41.78258],[-7.18787,41.77833],[-7.18225,41.77804],[-7.17356,41.77224],[-7.17161,41.766],[-7.17692,41.75737],[-7.1727,41.74519],[-7.17464,41.73989],[-7.18056,41.73568],[-7.18868,41.73523],[-7.19429,41.72927],[-7.19697,41.71986],[-7.20599,41.71609],[-7.21417,41.68179],[-7.22126,41.67271],[-7.23024,41.65664],[-7.24375,41.63919],[-7.24449,41.63769],[-7.24739,41.63017],[-7.24494,41.61826],[-7.25258,41.61064],[-7.25511,41.60107],[-7.25801,41.5925],[-7.25388,41.58238],[-7.25888,41.5667],[-7.24824,41.54639],[-7.2404,41.54283],[-7.23928,41.53512],[-7.23293,41.53077],[-7.22912,41.52279],[-7.238,41.51931],[-7.28259,41.51554],[-7.29028,41.51029],[-7.28938,41.50454],[-7.29629,41.49913],[-7.29668,41.49554],[-7.30079,41.4891],[-7.30324,41.47575],[-7.30383,41.46907],[-7.29782,41.46504],[-7.31749,41.4613],[-7.32524,41.46053],[-7.33026,41.45833],[-7.33382,41.45158],[-7.34497,41.45185],[-7.36532,41.44042],[-7.37485,41.45315],[-7.39057,41.45575],[-7.40549,41.4605],[-7.4025,41.47808],[-7.38974,41.48305],[-7.38402,41.4892],[-7.39989,41.50075],[-7.40193,41.51289],[-7.40696,41.52147],[-7.41786,41.52684],[-7.42099,41.52653],[-7.43026,41.51306],[-7.4463,41.49786],[-7.45405,41.49946],[-7.45995,41.49379],[-7.48119,41.49984],[-7.47196,41.478],[-7.47382,41.46931],[-7.48341,41.46003],[-7.48346,41.45663],[-7.48886,41.45445],[-7.49521,41.44672],[-7.49702,41.43965],[-7.52182,41.45088],[-7.53021,41.44325],[-7.53903,41.43971],[-7.55968,41.43779],[-7.5684,41.42798],[-7.58878,41.40361],[-7.60138,41.39352],[-7.61137,41.39224],[-7.61869,41.40065],[-7.62082,41.40934],[-7.62533,41.41156],[-7.63913,41.40432],[-7.65094,41.39609],[-7.65987,41.39912],[-7.68398,41.4081],[-7.73442,41.42159],[-7.73948,41.41375],[-7.74744,41.40595],[-7.76429,41.40401],[-7.77522,41.411],[-7.78869,41.41141],[-7.81729,41.41414],[-7.81997,41.41564],[-7.83253,41.43249],[-7.85567,41.44396],[-7.87865,41.43955],[-7.88566,41.4426],[-7.90913,41.46662],[-7.90373,41.47807],[-7.9042,41.48894],[-7.89527,41.49957],[-7.89722,41.50626],[-7.89553,41.51102],[-7.89302,41.5127],[-7.88858,41.50897],[-7.86275,41.51179],[-7.86303,41.52415],[-7.85283,41.52723],[-7.84999,41.53212],[-7.83818,41.53721],[-7.84041,41.54218],[-7.83281,41.54646],[-7.83775,41.54925],[-7.8375,41.55412],[-7.82288,41.55653],[-7.81264,41.57039],[-7.81215,41.5785],[-7.81383,41.57991],[-7.81837,41.58125],[-7.81647,41.5856],[-7.82931,41.60172],[-7.8401,41.6109],[-7.85091,41.61507],[-7.85763,41.60192],[-7.87669,41.5897],[-7.88283,41.58835],[-7.89132,41.59243],[-7.90522,41.58695],[-7.93259,41.59498],[-7.95483,41.59441],[-7.96627,41.60352],[-7.98602,41.60077],[-7.9967,41.60314],[-8.00088,41.6162],[-8.00298,41.62101],[-8.00107,41.63949],[-7.9951,41.64965],[-7.99784,41.65491],[-7.99457,41.66294],[-7.98584,41.66965],[-7.98178,41.67898],[-7.99694,41.68722],[-8.01807,41.69003],[-8.02341,41.69686],[-8.0377,41.7003],[-8.04814,41.69322],[-8.06698,41.69224],[-8.0788,41.69525],[-8.10517,41.68902],[-8.11946,41.68924],[-8.11018,41.70073],[-8.09552,41.70693],[-8.08667,41.71616],[-8.07675,41.74833],[-8.06171,41.76234],[-8.06359,41.78482],[-8.06151,41.78929],[-8.05687,41.79751],[-8.04604,41.80266],[-8.04568,41.81007],[-8.05186,41.82061],[-8.04499,41.82408],[-8.03657,41.83012],[-8.01332,41.83007],[-8.00008,41.85031],[-7.99008,41.85995],[-7.98779,41.86785],[-7.98083,41.87239],[-7.97142,41.87534],[-7.94626,41.87129],[-7.92207,41.87948],[-7.91009,41.90582],[-7.90904,41.92119],[-7.90576,41.92738],[-7.88855,41.92681],[-7.88409,41.92229],[-7.887,41.9062],[-7.88442,41.88138]]]}},{"type":"Feature","properties":{"region_key":"PT11C","name_pt":"T\u00e2mega e Sousa","name_es":"T\u00e2mega e Sousa","name_en":"T\u00e2mega e Sousa","kind":"district_province","source_nuts_id":"PT11C"},"geometry":{"type":"Polygon","coordinates":[[[-8.06631,41.48794],[-8.03871,41.47699],[-8.03073,41.47892],[-8.02268,41.47547],[-8.00957,41.4787],[-8.0051,41.47551],[-8.00445,41.46868],[-7.99335,41.46338],[-7.99098,41.46178],[-7.98425,41.45943],[-7.98206,41.45915],[-7.96996,41.45615],[-7.94843,41.44733],[-7.93869,41.44705],[-7.94112,41.4309],[-7.9623,41.41677],[-7.96526,41.41188],[-7.96511,41.40209],[-7.9757,41.40221],[-7.97465,41.39747],[-7.97914,41.39307],[-7.9676,41.39019],[-7.9731,41.3764],[-7.97417,41.3752],[-7.9705,41.37162],[-7.97147,41.36062],[-7.95617,41.35809],[-7.94816,41.35173],[-7.95009,41.34615],[-7.95878,41.34198],[-7.96396,41.3296],[-7.95559,41.32345],[-7.93173,41.31895],[-7.90774,41.30259],[-7.91531,41.29699],[-7.92024,41.29045],[-7.91942,41.28725],[-7.91485,41.28016],[-7.91516,41.27317],[-7.90345,41.27141],[-7.89724,41.26745],[-7.89494,41.24993],[-7.89579,41.24895],[-7.88401,41.24756],[-7.87558,41.24205],[-7.89348,41.20927],[-7.89034,41.20244],[-7.88797,41.18909],[-7.89894,41.17286],[-7.89158,41.16225],[-7.90237,41.15458],[-7.90119,41.14727],[-7.91259,41.13756],[-7.91186,41.11989],[-7.9076,41.11905],[-7.89979,41.1205],[-7.89684,41.1313],[-7.88802,41.13462],[-7.8847,41.14355],[-7.88013,41.15051],[-7.8743,41.1484],[-7.87331,41.14366],[-7.86252,41.13451],[-7.85946,41.12577],[-7.85301,41.11975],[-7.85111,41.11171],[-7.86025,41.10278],[-7.86842,41.09773],[-7.87977,41.07182],[-7.88359,41.06544],[-7.90332,41.04834],[-7.9082,41.04023],[-7.91568,41.01997],[-7.92664,41.01615],[-7.93555,41.01729],[-7.94354,41.01245],[-7.95119,40.9993],[-7.95139,40.99067],[-7.97025,40.97222],[-7.97422,40.97535],[-7.98182,40.97525],[-7.99632,40.96807],[-8.00197,40.96799],[-8.02065,40.96548],[-8.03936,40.98109],[-8.04126,40.9842],[-8.05108,40.98583],[-8.0625,40.98217],[-8.08917,40.98756],[-8.09131,41.00801],[-8.09777,41.01369],[-8.09907,41.01344],[-8.10351,41.00352],[-8.11753,40.99689],[-8.12265,40.98617],[-8.13395,40.9791],[-8.14313,40.97921],[-8.15956,40.98873],[-8.1654,40.98683],[-8.17911,40.98912],[-8.19391,40.99747],[-8.21296,40.99404],[-8.209,40.99806],[-8.21044,41.00388],[-8.20375,41.00943],[-8.20828,41.01295],[-8.2232,41.01567],[-8.23471,41.01179],[-8.2337,41.00844],[-8.23713,41.00621],[-8.23538,41.00178],[-8.24288,40.99937],[-8.24462,40.991],[-8.24067,40.96363],[-8.25429,40.96768],[-8.2934,40.96292],[-8.32016,40.9649],[-8.32235,40.97372],[-8.32666,40.983],[-8.33786,40.98121],[-8.34657,40.99168],[-8.35476,40.9895],[-8.36038,40.99188],[-8.35437,40.999],[-8.35828,41.00265],[-8.38419,41.00365],[-8.38675,41.01346],[-8.3843,41.02323],[-8.39579,41.02705],[-8.40025,41.03298],[-8.39715,41.04671],[-8.39898,41.05143],[-8.37523,41.05012],[-8.37957,41.05456],[-8.37257,41.07093],[-8.36951,41.06954],[-8.36939,41.07492],[-8.37241,41.09488],[-8.3921,41.12593],[-8.371,41.14026],[-8.37866,41.14742],[-8.37945,41.15602],[-8.37792,41.15733],[-8.37094,41.15892],[-8.36061,41.16948],[-8.34949,41.17015],[-8.34459,41.17325],[-8.34794,41.18208],[-8.35073,41.18599],[-8.33953,41.19625],[-8.33145,41.1954],[-8.32364,41.19939],[-8.3185,41.20929],[-8.2962,41.23081],[-8.30678,41.2336],[-8.3093,41.23915],[-8.3087,41.24496],[-8.3091,41.24624],[-8.31316,41.25009],[-8.33351,41.25649],[-8.33486,41.25187],[-8.34344,41.25925],[-8.3723,41.25796],[-8.38407,41.24757],[-8.39818,41.24276],[-8.40692,41.24391],[-8.4055,41.24847],[-8.41379,41.25673],[-8.42671,41.25319],[-8.43346,41.25175],[-8.44006,41.24438],[-8.45058,41.24371],[-8.45234,41.24718],[-8.45033,41.26203],[-8.4421,41.27079],[-8.43381,41.27797],[-8.42927,41.28689],[-8.42889,41.28919],[-8.4299,41.29797],[-8.42782,41.29857],[-8.42218,41.30142],[-8.41436,41.30445],[-8.40657,41.30607],[-8.39675,41.31251],[-8.39342,41.32294],[-8.3998,41.32916],[-8.39479,41.33342],[-8.38321,41.33686],[-8.37113,41.33317],[-8.35745,41.33368],[-8.33975,41.33497],[-8.32964,41.34144],[-8.31645,41.35126],[-8.29632,41.34226],[-8.28592,41.34241],[-8.27838,41.34583],[-8.27762,41.3519],[-8.27496,41.36365],[-8.27651,41.3704],[-8.26058,41.37828],[-8.24706,41.39189],[-8.24569,41.39396],[-8.2263,41.3926],[-8.22149,41.39591],[-8.22338,41.40862],[-8.21544,41.41164],[-8.20492,41.41006],[-8.18788,41.40985],[-8.18317,41.40645],[-8.17944,41.39741],[-8.16583,41.40028],[-8.15886,41.3826],[-8.15471,41.3806],[-8.14485,41.37759],[-8.14023,41.3772],[-8.14028,41.37295],[-8.11794,41.37724],[-8.11633,41.38319],[-8.10641,41.40976],[-8.11053,41.42111],[-8.11019,41.42187],[-8.10042,41.42609],[-8.09842,41.43976],[-8.08609,41.44528],[-8.07004,41.45977],[-8.07273,41.47386],[-8.06631,41.48794]]]}},{"type":"Feature","properties":{"region_key":"PT11D","name_pt":"Douro","name_es":"Douro","name_en":"Douro","kind":"district_province","source_nuts_id":"PT11D"},"geometry":{"type":"Polygon","coordinates":[[[-7.39989,41.50075],[-7.38402,41.4892],[-7.38974,41.48305],[-7.4025,41.47808],[-7.40549,41.4605],[-7.39057,41.45575],[-7.37485,41.45315],[-7.36532,41.44042],[-7.3606,41.42576],[-7.36486,41.41564],[-7.36356,41.40668],[-7.36605,41.39664],[-7.36208,41.39404],[-7.36006,41.38162],[-7.35308,41.37599],[-7.36138,41.36703],[-7.35584,41.35804],[-7.34643,41.35144],[-7.31603,41.34178],[-7.31467,41.33852],[-7.29987,41.33451],[-7.29548,41.3359],[-7.27142,41.33202],[-7.27676,41.31347],[-7.28637,41.31145],[-7.29228,41.30578],[-7.29702,41.29861],[-7.28572,41.2917],[-7.27242,41.29507],[-7.26638,41.2932],[-7.23781,41.29231],[-7.24618,41.26712],[-7.2395,41.26429],[-7.24255,41.25547],[-7.23932,41.25047],[-7.23093,41.23014],[-7.21965,41.22825],[-7.20307,41.23438],[-7.19488,41.23181],[-7.18554,41.23643],[-7.18275,41.24326],[-7.17544,41.24869],[-7.17497,41.2528],[-7.16515,41.25455],[-7.15757,41.25096],[-7.15051,41.25761],[-7.1222,41.24853],[-7.09726,41.23425],[-7.09159,41.24378],[-7.08801,41.26019],[-7.09053,41.26428],[-7.08951,41.27387],[-7.07102,41.30473],[-7.06955,41.30912],[-7.04727,41.3012],[-7.021,41.27409],[-6.9998,41.26106],[-6.98676,41.25515],[-6.97769,41.25451],[-6.97569,41.25257],[-6.96674,41.24754],[-6.96033,41.24976],[-6.95039,41.24544],[-6.93514,41.24693],[-6.93009,41.24027],[-6.92101,41.24135],[-6.91262,41.2279],[-6.90189,41.22554],[-6.85241,41.22657],[-6.84507,41.21152],[-6.83419,41.20102],[-6.81485,41.1969],[-6.81169,41.19358],[-6.78187,41.20229],[-6.77441,41.22338],[-6.76375,41.23698],[-6.73698,41.2486],[-6.70584,41.21374],[-6.68979,41.20524],[-6.68967,41.19862],[-6.69799,41.19271],[-6.69683,41.18926],[-6.69932,41.18308],[-6.71005,41.17308],[-6.72938,41.16278],[-6.74921,41.1429],[-6.76789,41.13351],[-6.76973,41.12442],[-6.75473,41.10262],[-6.77056,41.08555],[-6.77476,41.0739],[-6.79192,41.05572],[-6.80794,41.04459],[-6.80837,41.03653],[-6.81254,41.0359],[-6.82243,41.03185],[-6.82796,41.03109],[-6.83292,41.02911],[-6.85306,41.02702],[-6.87705,41.02824],[-6.91426,41.03854],[-6.92986,41.02934],[-6.93451,41.02929],[-6.95532,41.03059],[-6.96917,41.03599],[-6.98359,41.02625],[-6.97763,41.01756],[-6.98448,41.00925],[-6.99647,40.98327],[-7.04714,40.96754],[-7.05967,40.96751],[-7.08346,40.97339],[-7.1026,40.97305],[-7.10165,40.97118],[-7.13099,40.94301],[-7.1357,40.92316],[-7.1584,40.93173],[-7.18175,40.93449],[-7.18424,40.93597],[-7.17784,40.94095],[-7.17484,40.95419],[-7.16969,40.96009],[-7.16753,40.97321],[-7.182,40.98466],[-7.1851,40.99648],[-7.18111,41.00791],[-7.16812,41.00583],[-7.16854,41.01304],[-7.17771,41.02914],[-7.20101,41.03659],[-7.22251,41.03426],[-7.23113,41.02718],[-7.23427,41.01722],[-7.2461,41.00645],[-7.26067,41.01813],[-7.29564,41.01554],[-7.31954,41.01681],[-7.33351,41.02347],[-7.34059,41.01267],[-7.37628,41.01346],[-7.37944,41.00676],[-7.37595,40.99961],[-7.37647,40.99219],[-7.36655,40.99037],[-7.35445,40.98252],[-7.33856,40.98049],[-7.33111,40.97646],[-7.3258,40.97032],[-7.33404,40.94529],[-7.33272,40.93857],[-7.33663,40.93446],[-7.3583,40.92736],[-7.37326,40.91293],[-7.37551,40.90456],[-7.37548,40.88993],[-7.38324,40.88068],[-7.3783,40.8747],[-7.37948,40.87038],[-7.38995,40.87846],[-7.40211,40.8787],[-7.41343,40.85724],[-7.42392,40.84584],[-7.43421,40.82902],[-7.43586,40.82461],[-7.4373,40.8231],[-7.44523,40.8166],[-7.4542,40.81261],[-7.4647,40.8231],[-7.46568,40.82741],[-7.4717,40.82873],[-7.48051,40.83385],[-7.49859,40.85547],[-7.51077,40.85997],[-7.51449,40.86945],[-7.52965,40.87289],[-7.55853,40.87316],[-7.57963,40.85982],[-7.58798,40.84902],[-7.59137,40.82981],[-7.59698,40.83291],[-7.60422,40.83759],[-7.60846,40.84277],[-7.60943,40.84638],[-7.61231,40.85281],[-7.6195,40.86426],[-7.63217,40.87388],[-7.64466,40.87],[-7.66256,40.86366],[-7.66233,40.85459],[-7.6798,40.85869],[-7.68792,40.85438],[-7.70313,40.87578],[-7.71609,40.88636],[-7.69809,40.90445],[-7.68891,40.93237],[-7.68802,40.93624],[-7.69178,40.94091],[-7.69911,40.94414],[-7.74368,40.93916],[-7.75251,40.94234],[-7.75008,40.94502],[-7.75733,40.95425],[-7.76184,40.96079],[-7.75429,40.96634],[-7.75587,40.97307],[-7.77977,40.97749],[-7.79226,40.98136],[-7.81867,40.95545],[-7.83346,40.96591],[-7.84302,40.97489],[-7.84822,40.98198],[-7.87707,40.99556],[-7.89486,40.99631],[-7.90151,40.99396],[-7.88223,41.02155],[-7.91568,41.01997],[-7.9082,41.04023],[-7.90332,41.04834],[-7.88359,41.06544],[-7.87977,41.07182],[-7.86842,41.09773],[-7.86025,41.10278],[-7.85111,41.11171],[-7.85301,41.11975],[-7.85946,41.12577],[-7.86252,41.13451],[-7.87331,41.14366],[-7.8743,41.1484],[-7.88013,41.15051],[-7.8847,41.14355],[-7.88802,41.13462],[-7.89684,41.1313],[-7.89979,41.1205],[-7.9076,41.11905],[-7.91186,41.11989],[-7.91259,41.13756],[-7.90119,41.14727],[-7.90237,41.15458],[-7.89158,41.16225],[-7.89894,41.17286],[-7.88797,41.18909],[-7.89034,41.20244],[-7.89348,41.20927],[-7.87558,41.24205],[-7.88401,41.24756],[-7.89579,41.24895],[-7.89494,41.24993],[-7.89724,41.26745],[-7.90345,41.27141],[-7.91516,41.27317],[-7.91485,41.28016],[-7.91942,41.28725],[-7.92024,41.29045],[-7.91531,41.29699],[-7.90774,41.30259],[-7.89971,41.30752],[-7.89804,41.31323],[-7.8885,41.31763],[-7.87029,41.32517],[-7.85303,41.32826],[-7.83987,41.33973],[-7.83428,41.3435],[-7.83094,41.34719],[-7.8196,41.36446],[-7.81929,41.36699],[-7.82164,41.37866],[-7.81482,41.39165],[-7.79539,41.40014],[-7.78869,41.41141],[-7.77522,41.411],[-7.76429,41.40401],[-7.74744,41.40595],[-7.73948,41.41375],[-7.73442,41.42159],[-7.68398,41.4081],[-7.65987,41.39912],[-7.65094,41.39609],[-7.63913,41.40432],[-7.62533,41.41156],[-7.62082,41.40934],[-7.61869,41.40065],[-7.61137,41.39224],[-7.60138,41.39352],[-7.58878,41.40361],[-7.5684,41.42798],[-7.55968,41.43779],[-7.53903,41.43971],[-7.53021,41.44325],[-7.52182,41.45088],[-7.49702,41.43965],[-7.49521,41.44672],[-7.48886,41.45445],[-7.48346,41.45663],[-7.48341,41.46003],[-7.47382,41.46931],[-7.47196,41.478],[-7.48119,41.49984],[-7.45995,41.49379],[-7.45405,41.49946],[-7.4463,41.49786],[-7.43026,41.51306],[-7.42099,41.52653],[-7.41786,41.52684],[-7.40696,41.52147],[-7.40193,41.51289],[-7.39989,41.50075]],[[-7.4253,40.887],[-7.39853,40.88057],[-7.38735,40.88674],[-7.37967,40.90195],[-7.38119,40.90724],[-7.39379,40.9099],[-7.39526,40.91155],[-7.39835,40.91413],[-7.40952,40.92182],[-7.41788,40.92181],[-7.42894,40.90559],[-7.43024,40.89533],[-7.4253,40.887]]]}}]}